<?xml version="1.0" encoding="UTF-8"?>
<includes>
	<!-- Movie template -->
	<include name="EmbyHub_MovieMenu">
		<item>
			<label>$LOCALIZE[342]</label>
			<onclick>ActivateWindow(videos,$INFO[Window(home).Property(emby.wnodes.$PARAM[nr].content)],return)</onclick>
		</item>
		<item>
			<label>$LOCALIZE[31209]</label>
			<onclick>ActivateWindow(videos,$INFO[Window(home).Property(emby.wnodes.$PARAM[nr].index),,unwatched.xml],return)</onclick>
		</item>
		<item>
			<label>$LOCALIZE[31169]</label>
			<onclick>ActivateWindow(videos,$INFO[Window(home).Property(emby.wnodes.$PARAM[nr].index),,sets.xml],return)</onclick>
		</item>
		<item>
			<label>$LOCALIZE[135]</label>
			<onclick>SetProperty(ListGenres,$INFO[Window(home).Property(emby.wnodes.$PARAM[nr].index),,genres.xml],home)</onclick>
			<onclick>ActivateWindow(1114)</onclick>
		</item>
		<item>
			<label>$LOCALIZE[137]</label>
			<include>search_action</include>
		</item>
	</include>
	<include name="EmbyHubMovieTemplate">
		<control type="label" id="199">
			<include>HiddenObject</include>
			<label>$INFO[Window(home).Property(emby.wnodes.$PARAM[nr].title)]</label>
		</control>
		<!-- background -->
		<include>Background</include>
		<!-- hub -->
		<control type="grouplist" id="10">
			<include>Window_OpenClose</include>
			<defaultcontrol>10000</defaultcontrol>
			<width>100%</width>
			<height>100%</height>
			<itemgap>-80</itemgap>
			<orientation>vertical</orientation>
			<usecontrolcoords>true</usecontrolcoords>
			<include>ScrollTime</include>
			<pagecontrol>17</pagecontrol>
			<ondown>noop</ondown>
			<include content="WidgetSpacer">
				<param name="id" value="101"/>
			</include>
			<!-- menu -->
			<include content="WidgetSmallMenu">
				<param name="id" value="100"/>
				<param name="onup" value="6666"/>
				<param name="ondown" value="200"/>
				<param name="headline" value="Emby - $INFO[Window(home).Property(emby.wnodes.$PARAM[nr].title)]"/>
				<param name="content" value="EmbyHub_MovieMenu"/>
				<param name="nr" value="$PARAM[nr]"/>
			</include>
			<!-- In progress -->
			<include content="WideWidget">
				<param name="id" value="200"/>
				<param name="onup" value="100"/>
				<param name="ondown" value="201"/>
				<param name="headline" value="$LOCALIZE[31080]"/>
				<param name="mainlabel" value="$INFO[ListItem.Title]"/>
				<param name="sublabel" value="$INFO[ListItem.Year]"/>
				<param name="widget_target" value="videos"/>
				<param name="limit" value="25"/>
				<param name="content" value="$INFO[Window(home).Property(emby.wnodes.$PARAM[nr].index),,inprogress.xml]"/>
			</include>
			<!-- Recently added -->
			<include content="PosterWidget">
				<param name="id" value="201"/>
				<param name="onup" value="200"/>
				<param name="ondown" value="202"/>
				<param name="headline" value="$LOCALIZE[20386]"/>
				<param name="mainlabel" value="$INFO[ListItem.Title]"/>
				<param name="sublabel" value="$INFO[ListItem.Year]"/>
				<param name="widget_target" value="videos"/>
				<param name="limit" value="25"/>
				<param name="content" value="$INFO[Window(home).Property(emby.wnodes.$PARAM[nr].index),,recent.xml]"/>
			</include>
			<!-- Recommended -->
			<include content="PosterWidget">
				<param name="id" value="202"/>
				<param name="onup" value="201"/>
				<param name="ondown" value="203"/>
				<param name="headline" value="$LOCALIZE[31017]"/>
				<param name="mainlabel" value="$INFO[ListItem.Title]"/>
				<param name="sublabel" value="$INFO[ListItem.Year]"/>
				<param name="widget_target" value="videos"/>
				<param name="limit" value="25"/>
				<param name="content" value="$INFO[Window(home).Property(emby.wnodes.$PARAM[nr].index),,recommended.xml]"/>
			</include>
			<!-- Random -->
			<include content="PosterWidget">
				<param name="id" value="203"/>
				<param name="onup" value="202"/>
				<param name="ondown" value="noop"/>
				<param name="headline" value="$LOCALIZE[31184]"/>
				<param name="mainlabel" value="$INFO[ListItem.Title]"/>
				<param name="sublabel" value="$INFO[ListItem.Year]"/>
				<param name="widget_target" value="videos"/>
				<param name="limit" value="25"/>
				<param name="content" value="$INFO[Window(home).Property(emby.wnodes.$PARAM[nr].index),,random.xml]"/>
			</include>
		</control>
		<!-- header bar -->
		<include content="HeaderBar">
			<param name="id">10</param>
		</include>
		<!-- side panel -->
		<include content="SidePanel"/>
	</include>
	<!-- TV show template -->
	<include name="EmbyHub_TVshowMenu">
		<item>
			<label>$LOCALIZE[20343]</label>
			<onclick>ActivateWindow(videos,$INFO[Window(home).Property(emby.wnodes.$PARAM[nr].content)],return)</onclick>
		</item>
		<item>
			<label>$LOCALIZE[135]</label>
			<onclick>SetProperty(ListGenres,$INFO[Window(home).Property(emby.wnodes.$PARAM[nr].index),,genres.xml],home)</onclick>
			<onclick>ActivateWindow(1114)</onclick>
		</item>
		<item>
			<label>$LOCALIZE[137]</label>
			<include>search_action</include>
		</item>
	</include>
	<include name="EmbyHubTVShowTemplate">
		<control type="label" id="199">
			<include>HiddenObject</include>
			<label>$INFO[Window(home).Property(emby.wnodes.$PARAM[nr].title)]</label>
		</control>
		<!-- background -->
		<include>Background</include>
		<!-- hub -->
		<control type="grouplist" id="10">
			<include>Window_OpenClose</include>
			<defaultcontrol>10000</defaultcontrol>
			<width>100%</width>
			<height>100%</height>
			<itemgap>-80</itemgap>
			<orientation>vertical</orientation>
			<usecontrolcoords>true</usecontrolcoords>
			<include>ScrollTime</include>
			<pagecontrol>17</pagecontrol>
			<include content="WidgetSpacer">
				<param name="id" value="101"/>
			</include>
			<!-- menu -->
			<include content="WidgetSmallMenu">
				<param name="id" value="100"/>
				<param name="onup" value="6666"/>
				<param name="ondown" value="200"/>
				<param name="headline" value="Emby - $INFO[Window(home).Property(emby.wnodes.$PARAM[nr].title)]"/>
				<param name="content" value="EmbyHub_TVshowMenu"/>
				<param name="nr" value="$PARAM[nr]"/>
			</include>
			<!-- In progress -->
			<include content="WideWidget">
				<param name="id" value="200"/>
				<param name="onup" value="100"/>
				<param name="ondown" value="201"/>
				<param name="headline" value="$LOCALIZE[31080]"/>
				<param name="widget_target" value="videos"/>
				<param name="limit" value="25"/>
				<param name="content" value="$INFO[Window(home).Property(emby.wnodes.$PARAM[nr].index),,inprogressepisodes.xml]"/>
			</include>
			<!-- Next episodes -->
			<include content="WideWidget">
				<param name="id" value="201"/>
				<param name="onup" value="200"/>
				<param name="ondown" value="202"/>
				<param name="headline" value="$LOCALIZE[31012]"/>
				<param name="mainlabel" value="$INFO[ListItem.Title]"/>
				<param name="sublabel" value="$INFO[ListItem.Year]"/>
				<param name="widget_target" value="videos"/>
				<param name="limit" value="25"/>
				<param name="sortby" value="lastplayed"/>
				<param name="sortorder" value="descending"/>
				<param name="content" value="$INFO[Window(home).Property(emby.wnodes.$PARAM[nr].index),,inprogress.xml]"/>
			</include>
			<!-- Recently added -->
			<include content="WideWidget">
				<param name="id" value="202"/>
				<param name="onup" value="201"/>
				<param name="ondown" value="203"/>
				<param name="headline" value="$LOCALIZE[31081]"/>
				<param name="mainlabel" value="$INFO[ListItem.Title]"/>
				<param name="sublabel" value="$INFO[ListItem.Year]"/>
				<param name="widget_target" value="videos"/>
				<param name="limit" value="25"/>
				<param name="content" value="$INFO[Window(home).Property(emby.wnodes.$PARAM[nr].index),,recent.xml]"/>
			</include>
			<!-- Recommended -->
			<include content="WideWidget">
				<param name="id" value="203"/>
				<param name="onup" value="202"/>
				<param name="ondown" value="204"/>
				<param name="headline" value="$LOCALIZE[31017]"/>
				<param name="mainlabel" value="$INFO[ListItem.Title]"/>
				<param name="sublabel" value="$INFO[ListItem.Year]"/>
				<param name="widget_target" value="videos"/>
				<param name="limit" value="25"/>
				<param name="content" value="$INFO[Window(home).Property(emby.wnodes.$PARAM[nr].index),,recommended.xml]"/>
			</include>
			<!-- Random -->
			<include content="WideWidget">
				<param name="id" value="204"/>
				<param name="onup" value="203"/>
				<param name="ondown" value="noop"/>
				<param name="headline" value="$LOCALIZE[31185]"/>
				<param name="mainlabel" value="$INFO[ListItem.Title]"/>
				<param name="sublabel" value="$INFO[ListItem.Year]"/>
				<param name="widget_target" value="videos"/>
				<param name="limit" value="25"/>
				<param name="content" value="$INFO[Window(home).Property(emby.wnodes.$PARAM[nr].index),,random.xml]"/>
			</include>
		</control>
		<!-- header bar -->
		<include content="HeaderBar">
			<param name="id">10</param>
		</include>
		<!-- side panel -->
		<include content="SidePanel"/>
	</include>
</includes>