<?xml version="1.0" encoding="UTF-8"?>
<window>
	<defaultcontrol always="true">100</defaultcontrol>
	<onload condition="!Integer.IsGreater(Container(50).NumItems,0)">close</onload>
	<include>PropertyIncludes</include>
	<controls>
		<control type="group">
			<visible>Integer.IsGreater(Container(50).NumItems,0)</visible>
			<!-- Content -->
			<include condition="Window.IsVisible(videoplaylist)">VideoPlaylistLayout</include>
			<include condition="Window.IsVisible(musicplaylist)">MusicPlaylistLayout</include>
		</control>
	</controls>
</window>