<?xml version="1.0" encoding="UTF-8"?>
<overrides>	
	<alwaysReset>True</alwaysReset>
	<embuary-groupings>
		<node label="559">
			<node label="32030">
				<content>playlist-video</content>
			</node>
			<node label="32031">
				<content>playlist-audio</content>
			</node>
		</node>
		<node label="32030">
			<content>video</content>
			<node label="32040">
				<content>playlist-video</content>
			</node>
			<node label="32010">
				<content>addon-video</content>
			</node>
			<node label="32075">
				<content>videosources</content>
				<content>upnp-video</content>
			</node>
		</node>
		<node label="32031">
			<content>music</content>
			<node label="32040">
				<content>playlist-audio</content>
			</node>
			<node label="32011">
				<content>addon-audio</content>
			</node>
			<node label="32075">
				<content>musicsources</content>
				<content>upnp-music</content>
			</node>
		</node>
		<node label="32020">
			<content>picturesources</content>
		</node>
		<node label="32007">
			<node label="32009">
				<shortcut label="Programs" icon="DefaultAddonProgram.png" widget="addon" widgetType="program" widgetTarget="programs">addons://sources/executable</shortcut>
				<content>addon-program</content>
			</node>
			<node label="32010">
				<shortcut label="Video add-ons" icon="DefaultAddonVideo.png" widget="addon" widgetType="video" widgetTarget="video">addons://sources/video</shortcut>
				<content>addon-video</content>
			</node>
			<node label="32011">
				<shortcut label="Music add-ons" icon="DefaultAddonMusic.png" widget="addon" widgetType="music" widgetTarget="music">addons://sources/audio</shortcut>
				<content>addon-audio</content>
			</node>
			<node label="32012">
				<shortcut label="Picure add-ons" icon="DefaultAddonPicture.png" widget="addon" widgetType="picture" widgetTarget="pictures">addons://sources/image</shortcut>
				<content>addon-image</content>
			</node>
		</node>
		<shortcut label="Favourites" widget="favourites" widgetType="favourites" icon="defaultfavourites.png">plugin://script.skin.helper.widgets/?mediatype=favourites&amp;reload=$INFO[Window(Home).Property(widgetreload2)]</shortcut>
		<shortcut label="Android apps" icon="DefaultAddonProgram.png" widget="addon" widgetType="program" widgetTarget="programs" condition="System.Platform.Android">androidapp://sources/apps</shortcut>
	</embuary-groupings>
	<emby-groupings>
		<node label="32010">
			<content>addon-video</content>
		</node>
		<node label="32011">
			<content>addon-audio</content>
		</node>
		<node label="32012">
			<content>addon-image</content>
		</node>
		<node label="32009">
			<content>addon-program</content>
		</node>
		<node label="32006">
			<content>favourite</content>
		</node>
		<shortcut label="$LOCALIZE[14224]" icon="defaultfolder.png">||BROWSE||script.skin.helper.service/?action=widgets&amp;path=scriptwidgets</shortcut>		
	</emby-groupings>
</overrides>