<?xml version="1.0" encoding="UTF-8"?>
<window>
	<defaultcontrol always="true">100</defaultcontrol>
	<onload condition="VideoPlayer.Content(musicvideos)">close</onload>
	<controls>
		<!-- Content -->
		<include condition="[VideoPlayer.Content(livetv) | String.StartsWith(Player.Filenameandpath,pvr://)]">VideoPVRInfoLayout</include>
		<include condition="VideoPlayer.Content(movies) | VideoPlayer.Content(episodes)">VideoInfoLayout</include>
		<include condition="!VideoPlayer.Content(movies) + !VideoPlayer.Content(movies) + !VideoPlayer.Content(musicvideos) + ![VideoPlayer.Content(livetv) | String.StartsWith(Player.Filenameandpath,pvr://)]">TinyInfoLayout</include>
		<!-- side panel -->
		<include content="SidePanel">
			<param name="onright">500</param>
		</include>
	</controls>
</window>
