<?xml version="1.0" encoding="UTF-8"?>
<window>
	<defaultcontrol always="true">100</defaultcontrol>
	<include>UnloadSetProperties</include>
	<onunload condition="!String.IsEmpty(Window(home).Property(InfoDialogCloseFocus))">SetFocus(7070)</onunload>
	<controls>
		<!-- Hidden -->
		<control type="list" id="2000">
			<include>HiddenObject</include>
			<content>$VAR[View_Cast_Content]</content>
		</control>
		<control type="list" id="50">
			<include>HiddenObject</include>
		</control>
		<!-- Content -->
		<include condition="String.IsEqual(ListItem.DBType,movie)">MovieInfoLayout</include>
		<include condition="String.IsEqual(ListItem.DBType,tvshow)">TVShowInfoLayout</include>
		<include condition="String.IsEqual(ListItem.DBType,episode)">EpisodeInfoLayout</include>
		<include condition="!String.IsEqual(ListItem.DBType,movie) + !String.IsEqual(ListItem.DBType,tvshow) + !String.IsEqual(ListItem.DBType,episode)">TinyInfoLayout</include>
		<!-- Menu control -->
		<control type="group">
			<include>FullscreenDimensions</include>
			<include content="DiffuseMask">
				<param name="visible">ControlGroup(4000).HasFocus + !Window.IsVisible(selectdialog) + !Window.IsVisible(filebrowser) + !Window.IsVisible(DialogConfirm.xml)</param>
			</include>
			<control type="group">
				<visible>ControlGroup(4000).HasFocus + !Window.IsVisible(selectdialog) + !Window.IsVisible(filebrowser) + !Window.IsVisible(DialogConfirm.xml)</visible>
				<include>Visible_PopupOpenClose</include>
				<centerleft>50%</centerleft>
				<width>384</width>
				<centertop>50%</centertop>
				<height>970</height>
				<control type="grouplist" id="4000">
					<orientation>vertical</orientation>
					<height>auto</height>
					<align>center</align>
					<itemgap>0</itemgap>
					<onright>50</onright>
					<onleft>50</onleft>
					<onback>103</onback>
					<usecontrolcoords>true</usecontrolcoords>
					<control type="image" id="4001">
						<width>100%</width>
						<height>10</height>
						<texture border="5" colordiffuse="panel">common/menu_top.png</texture>
					</control>
					<control type="button" id="6">
						<include content="CommonButton"/>
						<label>$LOCALIZE[184]</label>
					</control>
					<control type="button" id="10">
						<include content="CommonButton"/>
						<label>$LOCALIZE[20413]</label>
					</control>
					<control type="image" id="4002">
						<width>100%</width>
						<height>10</height>
						<texture border="5" colordiffuse="panel">common/menu_bottom.png</texture>
					</control>
				</control>
			</control>
		</control>

	</controls>
</window>
