<?xml version="1.0" encoding="UTF-8"?>
<window>
	<defaultcontrol always="true">53</defaultcontrol>
	<backgroundcolor>background</backgroundcolor>
	<views>53</views>
	<menucontrol>6666</menucontrol>
	<onunload condition="Window.Previous(1124)">SetProperty(pvrhub,1,home)</onunload>
	<controls>
		<control type="label" id="28">
			<include>HiddenObject</include>
		</control>
		<include>Background</include>
		<control type="group">
			<include>Window_OpenClose</include>
			<include content="List_View_53">
				<param name="mainlabel">$INFO[ListItem.Label]</param>
				<param name="sublabel">$INFO[ListItem.Channelname]</param>
				<param name="thumblabel">$INFO[ListItem.Label]</param>
				<param name="rightlabel">$INFO[ListItem.Date]</param>
				<param name="rightlabel2">$INFO[ListItem.Comment]</param>
			</include>
		</control>
		<!-- Menu control -->
		<control type="group">
			<include>FullscreenDimensions</include>
			<include content="DiffuseMask">
				<param name="visible">ControlGroup(4000).HasFocus</param>
			</include>
			<control type="group">
				<visible>ControlGroup(4000).HasFocus</visible>
				<include>Visible_PopupOpenClose</include>
				<centerleft>50%</centerleft>
				<width>384</width>
				<centertop>50%</centertop>
				<height>970</height>
				<control type="grouplist" id="4000">
					<orientation>vertical</orientation>
					<height>auto</height>
					<align>center</align>
					<itemgap>0</itemgap>
					<onright>50</onright>
					<onleft>50</onleft>
					<onback>50</onback>
					<usecontrolcoords>true</usecontrolcoords>
					<control type="image" id="4001">
						<width>100%</width>
						<height>10</height>
						<texture border="5" colordiffuse="panel">common/menu_top.png</texture>
					</control>
					<control type="togglebutton" id="4">
						<include content="CommonButton"/>
						<label>$LOCALIZE[580]: $LOCALIZE[584]</label>
						<altlabel>$LOCALIZE[580]: $LOCALIZE[585]</altlabel>
					</control>
					<control type="button" id="3">
						<include content="CommonButton"/>
					</control>
					<control type="image" id="4002">
						<width>100%</width>
						<height>10</height>
						<texture border="5" colordiffuse="panel">common/menu_bottom.png</texture>
					</control>
				</control>
			</control>
		</control>
		<!-- View select -->
		<include>ViewSelector</include>
		<!-- header bar -->
		<include content="HeaderBar">
			<param name="id">53</param>
			<param name="enabled">false</param>
		</include>
		<!-- side panel -->
		<include content="SidePanel">
			<param name="onright">53</param>
		</include>
	</controls>
</window>
