<?xml version="1.0" encoding="UTF-8" standalone="yes"?>
<addon id="plugin.video.dazn" version="0.7.1" name="DAZN" provider-name="L0RE">
    <requires>
        <import addon="xbmc.python" version="2.25.0"/>
    </requires>
    <extension point="xbmc.python.pluginsource" library="addon.py">
        <provides>video</provides>
    </extension>
    <extension point="xbmc.addon.metadata">
        <summary lang="de_DE">ERLEBE DEINEN SPORT. LIVE UND ON-DEMAND.</summary>
        <summary lang="en_GB">WATCH YOUR SPORT,YOUR WAY. LIVE AND ON-DEMAND.</summary>
        <description lang="de_DE">
Egal ob live zu Hause, unterwegs, zeitversetzt oder im Rückblick – mit DAZN kannst du deinen Lieblingssport endlich so erleben, wie du es möchtest. 
Das Angebot erstreckt sich dabei von europäischem Spitzen-Fußball über die besten US-Sportligen bis hin zu Tennis und vielem mehr.
        </description>
        <description lang="en_GB">
Whether you watch live at home, on the go or on demand, DAZN lets you experience sport the way you always wanted.
Including football from the top European leagues, the best US sport, tennis and much more.
        </description>
        <platform>all</platform>
        <license>GNU GENERAL PUBLIC LICENSE. Version 2, June 1991</license>
        <disclaimer lang="de_DE">Inoffizielles Addon - Benutzung auf eigene Gefahr</disclaimer>
        <disclaimer lang="en_GB">Unofficial Addon - Use at your own risk</disclaimer>
        <news>
V0.6.3
- Erarlier Version Maintained by Jin
- Version Greater 0.6.0 Maintained by L0RE
v0.6.0 (2016-12-02)
- inputstream adaptive
        </news>
        <forum>http://www.kodinerds.net</forum>
        <email>[jin] at [xyz] dot [de]</email>
    </extension>
</addon>
