<?xml version="1.0" encoding="UTF-8"?>
<addon id="plugin.video.servustv_com" name="ServusTV.com" version="1.0.10" provider-name="L0RE">
    <requires>
        <import addon="xbmc.python" version="2.1.0"/>
        <import addon="script.module.pyamf" version="0.6.1"/>
		<import addon="script.module.simple.downloader" version="0.9.5"/> # Add this
    </requires>
    <extension point="xbmc.python.pluginsource" library="default.py">
        <provides>video</provides>
    </extension>
    <extension point="xbmc.addon.metadata">
        <platform>all</platform>
        <summary lang="en">Watch videos from the ServusTV media library</summary>
        <language>de</language>
        <description lang="en">Watch videos from the ServusTV media library</description>
        <disclaimer lang="en">Some parts of this addon may not be legal in your country of residence - please check with your local laws before installing.</disclaimer>
        <license>GNU GENERAL PUBLIC LICENSE. Version 2, June 1991</license>
        <source>https://github.com/AddonScriptorDE/plugin.video.servustv_com</source>
        <forum>http://forum.xbmc.org/showthread.php?tid=</forum>
        <email>AddonScriptorDE at yahoo dot de</email>
        <website>http://www.servustv.com</website>
    </extension>
</addon>
