<?xml version="1.0" encoding="utf-8"?>
<window>
    <defaultcontrol always="true">10</defaultcontrol>
    <include>openclose</include>
    <controls>
        <control type="group">
            <include>BlackBack</include>
            <include>openclosevisible</include>
            <visible>!Window.IsVisible(Custom_4111_Switchtimer.xml)</visible>
            <control type="group" id="576757">
                <include>openclosebox</include>
                <left>352</left>
                <top>90</top>
                <width>1215</width>
                <height>900</height>
                <control type="image">
                    <description>background image</description>
                    <left>0</left>
                    <top>0</top>
                    <width>1215</width>
                    <height>900</height>
                    <colordiffuse>grey1</colordiffuse>
                    <texture border="1">WhiteBack.png</texture>
                </control>
                <control type="image">
                    <description>background image</description>
                    <left>15</left>
                    <top>15</top>
                    <width>1185</width>
                    <height>870</height>
                    <texture border="1">WhiteBack.png</texture>
                </control>
                <control type="label" id="1">
                    <description>header label</description>
                    <left>60</left>
                    <top>22</top>
                    <width>1095</width>
                    <height>45</height>
                    <font>impacted21</font>
                    <label>$ADDON[plugin.service.gto 30100]</label>
                    <align>center</align>
                    <aligny>center</aligny>
                    <textcolor>grey2</textcolor>
                </control>
                <control type="image">
                    <description>background image</description>
                    <left>15</left>
                    <top>72</top>
                    <width>1185</width>
                    <height>90</height>
                    <colordiffuse>grey2</colordiffuse>
                    <texture border="1">WhiteBack.png</texture>
                </control>
                <control type="label">
                    <left>30</left>
                    <top>75</top>
                    <width>1155</width>
                    <height>54</height>
                    <align>center</align>
                    <font>PlotTextBig</font>
                    <label>$INFO[Window(Home).Property(GTO.Info.Title)]</label>
                </control>
                <!-- <control type="label">
					<left>20</left>
					<top>74</top>
					<width>770</width>
					<height>36</height>
					<textcolor>white</textcolor>
					<label>$INFO[Window(Home).Property(GTO.Info.Keywords)]</label>
					<align>center</align>
				</control> -->
                <control type="group">
                    <top>75</top>
                    <control type="group">
                        <animation effect="slide" end="-300" condition="String.IsEmpty(Window(Home).Property(GTO.Info.Cast))">Conditional</animation>
                        <control type="image">
                            <left>675</left>
                            <top>105</top>
                            <width>480</width>
                            <height>270</height>
                            <texture border="2">$INFO[Window(Home).Property(GTO.Info.Picture)]</texture>
                            <aspectratio>scale</aspectratio>
                        </control>
                        <control type="image">
                            <description>Channel Logo</description>
                            <left>1065</left>
                            <top>112</top>
                            <width>75</width>
                            <height>75</height>
                            <texture>$INFO[Window(Home).Property(GTO.Info.Logo)]</texture>
                            <aspectratio align="right" aligny="top">keep</aspectratio>
                        </control>
                        <control type="image">
                            <left>675</left>
                            <top>105</top>
                            <width>480</width>
                            <height>270</height>
                            <colordiffuse>menudiffuse</colordiffuse>
                            <texture border="2">Shadow.png</texture>
                        </control>
                        <control type="label">
                            <left>675</left>
                            <top>345</top>
                            <width>480</width>
                            <height>15</height>
                            <font>font12</font>
                            <label>$INFO[Window(Home).Property(GTO.Info.StartTime)]$INFO[Window(Home).Property(GTO.Info.EndTime), - ,]</label>
                            <align>center</align>
                            <scroll>true</scroll>
                        </control>
                    </control>
                    <control type="label">
                        <left>75</left>
                        <top>105</top>
                        <width>465</width>
                        <height>22</height>
                        <textcolor>grey2</textcolor>
                        <label>Cast:</label>
                        <align>left</align>
                        <aligny>center</aligny>
                        <visible>!String.IsEmpty(Window(Home).Property(GTO.Info.Cast))</visible>
                    </control>
                    <control type="textbox">
                        <left>120</left>
                        <top>150</top>
                        <width>450</width>
                        <height>270</height>
                        <textcolor>grey2</textcolor>
                        <label>$INFO[Window(Home).Property(GTO.Info.Cast)]</label>
                        <align>left</align>
                        <visible>!String.IsEmpty(Window(Home).Property(GTO.Info.Cast))</visible>
                    </control>
                    <control type="label">
                        <left>75</left>
                        <top>398</top>
                        <width>1050</width>
                        <height>22</height>
                        <textcolor>grey2</textcolor>
                        <label>$INFO[Window(Home).Property(GTO.Info.Genre)]</label>
                        <align>left</align>
                        <aligny>center</aligny>
                    </control>
                    <control type="label">
                        <left>75</left>
                        <top>435</top>
                        <width>465</width>
                        <height>22</height>
                        <textcolor>grey2</textcolor>
                        <label>$ADDON[plugin.service.gto 30103]</label>
                        <align>left</align>
                    </control>
                    <control type="textbox">
                        <left>120</left>
                        <top>480</top>
                        <width>1005</width>
                        <height>225</height>
                        <include condition="!Skin.HasSetting(BigPlotText)">PlotText16Var</include>
                        <include condition="Skin.HasSetting(BigPlotText)">PlotTextBigVar</include>
                        <textcolor>grey2</textcolor>
                        <align>left</align>
                        <label>$INFO[Window(Home).Property(GTO.Info.Description)]</label>
                    </control>
                </control>
                <control type="grouplist" id="10">
                    <left>0</left>
                    <top>792</top>
                    <width>1222</width>
                    <height>45</height>
                    <align>center</align>
                    <itemgap>8</itemgap>
                    <orientation>horizontal</orientation>
                    <animation effect="slide" end="0,30" condition="System.HasAddon(service.kn.switchtimer)">Conditional</animation>
                    <control type="button" id="20">
                        <description>Switchtimer button</description>
                        <width min="225" max="300">auto</width>
                        <label>$ADDON[plugin.service.gto 30107]</label>
                        <texturenofocus>-</texturenofocus>
                        <textcolor>black</textcolor>
                        <align>center</align>
                        <!-- <visible>System.HasAddon(service.kn.switchtimer)</visible> -->
                        <enable>!String.IsEmpty(Window(Home).Property(GTO.Info.isInFuture))</enable>
                        <onclick condition="!System.HasAddon(service.kn.switchtimer)">InstallAddon(service.kn.switchtimer)</onclick>
                        <onclick condition="System.HasAddon(service.kn.switchtimer)">RunScript(service.kn.switchtimer,action=add,channel=$INFO[Window(Home).Property(GTO.Info.Channel)],icon=$INFO[Window(Home).Property(GTO.Info.Logo)],date=$INFO[Window(Home).Property(GTO.Info.Date)],title=$INFO[Window(Home).Property(GTO.Info.Title)])</onclick>
                    </control>
                    <control type="button" id="21">
                        <description>Switch button</description>
                        <width min="225" max="300">auto</width>
                        <label>$ADDON[plugin.service.gto 30108]</label>
                        <texturenofocus>-</texturenofocus>
                        <textcolor>black</textcolor>
                        <align>center</align>
                        <enable>!String.IsEmpty(Window(Home).Property(GTO.Info.isRunning))</enable>
                        <onclick>RunScript(plugin.service.gto,"?methode=switch_channel&amp;pvrid=$INFO[Window(Home).Property(GTO.Info.ChannelID)]")</onclick>
                        <onclick>PreviousMenu</onclick>
                    </control>
                    <control type="button" id="22">
                        <description>Cancel button</description>
                        <width min="225" max="300">auto</width>
                        <label>$ADDON[plugin.service.gto 30119]</label>
                        <texturenofocus>-</texturenofocus>
                        <textcolor>black</textcolor>
                        <align>center</align>
                        <onclick>PreviousMenu</onclick>
                    </control>
                </control>
                <control type="label">
                    <left>15</left>
                    <top>849</top>
                    <width>1185</width>
                    <height>22</height>
                    <font>ubuntu-r13</font>
                    <textcolor>grey1</textcolor>
                    <label>51473</label>
                    <align>center</align>
                    <visible>!System.HasAddon(service.kn.switchtimer)</visible>
                </control>
            </control>
        </control>
    </controls>
</window>
