[{
	"name": "Discovery Channel",
	"pvrname": "Discovery HD"
}, {
	"name": "National Geographic Channel",
	"pvrname": "NatGeo HD"
}, {
	"name": "BR",
	"pvrname": "BR Süd HD"
}, {
	"name": "RTL II",
	"pvrname": "RTLII"
}, {
	"name": "RTL 2",
	"pvrname": "RTLII"
}, {
        "name": "RTL Nitro",
        "pvrname": "RTLNITRO"
}, {
	"name": "NDR",
	"pvrname": "NDR FS MV HD"
}, {
        "name": "ZDFkultur",
        "pvrname": "zdf.kultur"
}, {
        "name": "ZDF neo",
        "pvrname": "zdf_neo"
}, {
        "name": "ARD",
        "pvrname": "Das Erste"
}]
