<?xml version="1.0" encoding="UTF-8"?>
<addon id="plugin.video.euronews_com" name="euronews.com" version="2.0.18" provider-name="L0RE">
    <requires>
        <import addon="xbmc.python" version="2.1.0"/>
		<import addon="script.module.pyxbmct" version="1.1.7"/>
    </requires>
    <extension point="xbmc.python.pluginsource" library="default.py">
        <provides>video</provides>
    </extension>
    <extension point="xbmc.addon.metadata">
        <platform>all</platform>
        <summary lang="en">Livestream and latest news videos from euronews.com | Available languages: English, Greek, French, German, Italian, Spanish, Portuguese, Polish, Russian, Ukrainian, Turkish, Arabic and Persian</summary>
        <language></language>
        <description lang="en">Livestream and latest news videos from euronews.com | Available languages: English, Greek, French, German, Italian, Spanish, Portuguese, Polish, Russian, Ukrainian, Turkish, Arabic and Persian</description>
        <disclaimer lang="en">Some parts of this addon may not be legal in your country of residence - please check with your local laws before installing.</disclaimer>
        <license>GNU GENERAL PUBLIC LICENSE. Version 2, June 1991</license>
        <source>https://github.com/AddonScriptorDE/plugin.video.euronews_com</source>
        <forum>http://forum.xbmc.org/showthread.php?tid=157182</forum>
        <email>AddonScriptorDE at yahoo dot de</email>
        <website>http://www.euronews.com</website>
    </extension>
</addon>
