<?xml version="1.0" encoding="utf-8"?>
<window>
	<onload>Dialog.Close(fullscreeninfo)</onload>
	<defaultcontrol always="true">603</defaultcontrol>
	<controls>
		<!-- Menu -->
		<control type="group">
			<visible>ControlGroup(700).HasFocus + !Window.IsVisible(DialogSettings.xml) + !Window.IsVisible(playerprocessinfo)</visible>
			<include>Visible_PopupOpenClose</include>
			<centerleft>50%</centerleft>
			<width>384</width>
			<centertop>50%</centertop>
			<height>970</height>
			<control type="grouplist" id="700">
				<orientation>vertical</orientation>
				<height>auto</height>
				<align>center</align>
				<itemgap>0</itemgap>
				<onright>close</onright>
				<onleft>close</onleft>
				<onback>612</onback>
				<usecontrolcoords>true</usecontrolcoords>
				<control type="image">
					<width>100%</width>
					<height>10</height>
					<texture border="5" colordiffuse="panel">common/menu_top.png</texture>
				</control>
				<control type="button" id="701">
					<include content="CommonButton"/>
					<label>$LOCALIZE[13395]</label>
					<onclick>ActivateWindow(osdvideosettings)</onclick>
				</control>
				<control type="button" id="702">
					<include content="CommonButton"/>
					<label>$LOCALIZE[31039]</label>
					<onclick>ActivateWindow(osdaudiosettings)</onclick>
				</control>
				<control type="button" id="703">
					<include content="CommonButton"/>
					<label>$LOCALIZE[590]</label>
					<label2>[COLOR lightgrey]$VAR[PlaylistShuffleButtonLabel][/COLOR]</label2>
					<onclick>PlayerControl(random)</onclick>
					<visible>!String.IsEqual(Playlist.Length(video),0)</visible>
				</control>
				<control type="button" id="704">
					<include content="CommonButton"/>
					<label>$LOCALIZE[486]</label>
					<label2>[COLOR lightgrey]$VAR[PlaylistRepeatButtonLabel][/COLOR]</label2>
					<onclick>PlayerControl(Repeat)</onclick>
					<visible>!String.IsEqual(Playlist.Length(video),0)</visible>
				</control>
				<control type="button" id="705">
					<include content="CommonButton"/>
					<label>$LOCALIZE[31041]</label>
					<onclick>ActivateWindow(playerprocessinfo)</onclick>
				</control>
				<control type="image">
					<width>100%</width>
					<height>10</height>
					<texture border="5" colordiffuse="panel">common/menu_bottom.png</texture>
				</control>
			</control>
		</control>
		<control type="group">
			<visible>ControlGroup(800).HasFocus + !Window.IsVisible(DialogSettings.xml) + !Window.IsVisible(playerprocessinfo)</visible>
			<include>Visible_PopupOpenClose</include>
			<centerleft>50%</centerleft>
			<width>384</width>
			<centertop>50%</centertop>
			<height>970</height>
			<control type="grouplist" id="800">
				<orientation>vertical</orientation>
				<height>auto</height>
				<align>center</align>
				<itemgap>0</itemgap>
				<onright>close</onright>
				<onleft>close</onleft>
				<onback>609</onback>
				<usecontrolcoords>true</usecontrolcoords>
				<control type="image">
					<width>100%</width>
					<height>10</height>
					<texture border="5" colordiffuse="panel">common/menu_top.png</texture>
				</control>
				<control type="button" id="803">
					<include content="CommonButton"/>
					<label>$LOCALIZE[19023]</label>
					<onclick>Dialog.Close(videoosd)</onclick>
					<onclick>ActivateWindow(pvrosdchannels)</onclick>
				</control>
				<control type="button" id="804">
					<include content="CommonButton"/>
					<label>$LOCALIZE[31071]</label>
					<onclick>Dialog.Close(videoosd)</onclick>
					<onclick>ActivateWindow(pvrosdguide)</onclick>
				</control>
				<control type="button" id="802">
					<include content="CommonButton"/>
					<label>$LOCALIZE[4]</label>
					<onclick>Dialog.Close(videoosd)</onclick>
					<onclick>ActivateWindow(tvguide)</onclick>
				</control>
				<control type="button" id="801">
					<include content="CommonButton"/>
					<label>$LOCALIZE[14233]</label>
					<onclick>Dialog.Close(videoosd)</onclick>
					<onclick>ActivateWindow(Teletext)</onclick>
					<visible>VideoPlayer.HasTeletext</visible>
				</control>
				<control type="image">
					<width>100%</width>
					<height>10</height>
					<texture border="5" colordiffuse="panel">common/menu_bottom.png</texture>
				</control>
			</control>
		</control>
		<control type="group">
			<visible>ControlGroup(900).HasFocus + !Window.IsVisible(DialogSettings.xml) + !Window.IsVisible(playerprocessinfo) + !Window.IsVisible(sliderdialog) + !Window.IsVisible(subtitlesearch)</visible>
			<include>Visible_PopupOpenClose</include>
			<centerleft>50%</centerleft>
			<width>384</width>
			<centertop>50%</centertop>
			<height>970</height>
			<control type="grouplist" id="900">
				<orientation>vertical</orientation>
				<height>auto</height>
				<align>center</align>
				<itemgap>0</itemgap>
				<onright>close</onright>
				<onleft>close</onleft>
				<onback>609</onback>
				<usecontrolcoords>true</usecontrolcoords>
				<control type="image">
					<width>100%</width>
					<height>10</height>
					<texture border="5" colordiffuse="panel">common/menu_top.png</texture>
				</control>
				<control type="radiobutton" id="901">
					<include content="CommonButton"/>
					<label>$LOCALIZE[13397]</label>
					<onclick>ShowSubtitles</onclick>
					<selected>VideoPlayer.SubtitlesEnabled</selected>
				</control>
				<control type="button" id="902">
					<include content="CommonButton"/>
					<label>$LOCALIZE[21448]</label>
					<label2>$INFO[VideoPlayer.SubtitlesLanguage,[COLOR softgrey],[/COLOR]]</label2>
					<onclick>CycleSubtitle</onclick>
					<enable>VideoPlayer.SubtitlesEnabled</enable>
				</control>
				<control type="button" id="903">
					<include content="CommonButton"/>
					<label>$LOCALIZE[22006]</label>
					<onclick>SubtitleDelay</onclick>
					<label2>$INFO[Player.SubtitleDelay,[COLOR softgrey],[/COLOR]]</label2>
					<enable>VideoPlayer.SubtitlesEnabled</enable>
				</control>
				<control type="button" id="904">
					<include content="CommonButton"/>
					<label>$LOCALIZE[33003]</label>
					<onclick>ActivateWindow(subtitlesearch)</onclick>
					<enable>!VideoPlayer.Content(LiveTV)</enable>
				</control>
				<control type="image">
					<width>100%</width>
					<height>10</height>
					<texture border="5" colordiffuse="panel">common/menu_bottom.png</texture>
				</control>
			</control>
		</control>
		<!--Player Controls-->
		<control type="group" id="1">
			<bottom>0</bottom>
			<control type="grouplist" id="600">
				<orientation>horizontal</orientation>
				<height>50</height>
				<bottom>30</bottom>
				<left>298</left>
				<right>20</right>
				<itemgap>5</itemgap>
				<control type="button" id="601">
					<include content="PlayerButtons">
						<param name="type" value="previous"/>
					</include>
					<onclick>PlayerControl(Previous)</onclick>
				</control>
				<control type="button" id="602">
					<include content="PlayerButtons">
						<param name="type" value="rewind"/>
					</include>
					<onclick>PlayerControl(Rewind)</onclick>
				</control>
				<control type="togglebutton" id="603">
					<alttexturenofocus>icons/player/pause_nf.png</alttexturenofocus>
					<alttexturefocus colordiffuse="emby">icons/player/pause_fo.png</alttexturefocus>
					<include content="PlayerButtons">
						<param name="type" value="play"/>
					</include>
					<selected>!Player.Paused + !Player.Forwarding + !Player.Rewinding + !Player.Seeking</selected>
					<onclick>PlayerControl(Play)</onclick>
				</control>
				<control type="button" id="604">
					<include content="PlayerButtons">
						<param name="type" value="stop"/>
					</include>
					<onclick>PlayerControl(Stop)</onclick>
				</control>
				<control type="button" id="605">
					<include content="PlayerButtons">
						<param name="type" value="forward"/>
					</include>
					<onclick>PlayerControl(Forward)</onclick>
				</control>
				<control type="button" id="606">
					<include content="PlayerButtons">
						<param name="type" value="next"/>
					</include>
					<onclick>PlayerControl(Next)</onclick>
				</control>
				<control type="button" id="607">
					<include content="PlayerButtons">
						<param name="type" value="rec"/>
					</include>
					<alttexturenofocus colordiffuse="red">icons/player/play_nf.png</alttexturenofocus>
					<alttexturefocus colordiffuse="emby">icons/player/play_fo.png</alttexturefocus>
					<onclick>PlayerControl(Record)</onclick>
					<selected>Player.Recording</selected>
					<visible>Player.CanRecord</visible>
					<visible>VideoPlayer.Content(livetv)</visible>
				</control>
				<control type="label" id="630">
					<description>Spacer</description>
					<width>10</width>
				</control>
				<control type="button" id="613">
					<include content="PlayerButtons">
						<param name="type" value="cc"/>
					</include>
					<onclick>SetFocus(900)</onclick>
					<visible>!VideoPlayer.Content(livetv)</visible>
				</control>
				<control type="button" id="608">
					<include content="PlayerButtons">
						<param name="type" value="info"/>
					</include>
					<onclick>close</onclick>
					<onclick>Action(info)</onclick>
				</control>
				<control type="button" id="609">
					<include content="PlayerButtons">
						<param name="type" value="menu"/>
					</include>
					<onclick condition="VideoPlayer.HasMenu">PlayerControl(ShowVideoMenu)</onclick>
					<onclick condition="VideoPlayer.Content(livetv)">SetFocus(800)</onclick>
					<visible>VideoPlayer.HasMenu | VideoPlayer.Content(livetv)</visible>
				</control>
				<control type="button" id="610">
					<include content="PlayerButtons">
						<param name="type" value="bookmark"/>
					</include>
					<onclick>close</onclick>
					<onclick>ActivateWindow(videobookmarks)</onclick>
					<visible>!VideoPlayer.Content(livetv)</visible>
				</control>
				<control type="button" id="611">
					<include content="PlayerButtons">
						<param name="type" value="playlist"/>
					</include>
					<onclick>close</onclick>
					<onclick>ActivateWindow(videoplaylist)</onclick>
					<visible>!VideoPlayer.Content(livetv) + !String.IsEqual(Playlist.Length(video),0)</visible>
				</control>
				<control type="button" id="612">
					<include content="PlayerButtons">
						<param name="type" value="config"/>
					</include>
					<onclick>SetFocus(700)</onclick>
				</control>
				<control type="label">
					<description>Spacer</description>
					<width>10</width>
				</control>
				<include>PlayerBottomLabels</include>
			</control>
		</control>
	</controls>
</window>
