<?xml version="1.0" encoding="UTF-8"?>
<window id="1151" type="dialog">
	<onload>Skin.SetString(home_widget_pos_1,W_InProgressMedia)</onload>
	<onload>Skin.SetString(home_widget_pos_2,W_InProgressMedia)</onload>
	<onload>Skin.SetString(home_widget_pos_3,W_PVR)</onload>
	<onload>Skin.SetString(home_widget_pos_4,W_RecentPVR)</onload>
	<onload>Skin.SetString(home_widget_pos_5,W_InProgressMedia)</onload>
	<onload>Skin.SetString(home_widget_pos_6,W_InProgressMedia)</onload>
	<onload>Skin.SetString(home_widget_pos_7,W_InProgressMedia)</onload>
	<onload>Skin.SetString(home_widget_pos_8,W_InProgressMedia)</onload>
	<onload>Skin.SetString(home_widget_pos_9,W_InProgressMedia)</onload>
	<onload>Skin.SetString(home_widget_pos_10,W_InProgressMedia)</onload>
	<onload>Skin.SetString(home_widget_pos_11,W_InProgressMedia)</onload>
	<onload>Skin.SetString(home_widget_pos_12,W_InProgressMedia)</onload>
	<onload>Skin.SetString(home_widget_pos_13,W_InProgressMedia)</onload>
	<onload>Skin.SetString(home_widget_pos_14,W_InProgressMedia)</onload>
	<onload>Skin.SetString(home_widget_pos_15,W_InProgressMedia)</onload>
	<onload>Skin.SetString(home_widget_pos_16,W_InProgressMedia)</onload>
	<onload>Skin.SetString(home_widget_pos_17,W_InProgressMedia)</onload>
	<onload>close</onload>
	<controls/>
</window>