<?xml version="1.0" encoding="UTF-8"?>
<includes>
    <!-- <include name="Arrows">
        <control type="group">
            <include>opencloseslow</include>
            <left>18</left>
            <top>108r</top>
            <visible>!Skin.HasSetting(HideNavArrow)</visible>
            <control type="image">
                <description>up arrow</description>
                <left>0</left>
                <top></top>
                <width>24</width>
                <height>24</height>
                <texture background="true">ArrowBig.png</texture>
                <animation effect="slide" start="0" end="0,-8" time="1000" delay="0" loop="true" condition="true">Conditional</animation>
                <animation effect="rotate" start="0" end="-90" time="0" delay="0" center="auto" condition="true">Conditional</animation>
                <visible>Control.HasFocus(9000)|ControlGroup(600).HasFocus()|Control.HasFocus(200)|Control.HasFocus(199)</visible>
            </control>
            <control type="image">
                <description>down arrow</description>
                <left>0</left>
                <top>30</top>
                <width>24</width>
                <height>24</height>
                <texture flipx="true">ArrowBig.png</texture>
                <animation effect="slide" start="0" end="0,8" time="1000" delay="0" loop="true" condition="true">Conditional</animation>
                <animation effect="rotate" start="0" end="-90" time="0" delay="0" center="auto" condition="true">Conditional</animation>
                <visible>Control.HasFocus(9000)|Control.HasFocus(8002)|Control.HasFocus(8001)|Control.HasFocus(300)|Control.HasFocus(200)|Control.HasFocus(199)|ControlGroup(600).HasFocus()</visible>
            </control>
        </control>
    </include> -->
    <include name="TouchButtons">
        <control type="button">
            <left>0</left>
            <top>0</top>
            <width>300</width>
            <height>60</height>
            <label>touch me</label>
            <textcolor>00FFFFFF</textcolor>
            <focusedcolor>description</focusedcolor>
            <texturenofocus>-</texturenofocus>
            <texturefocus border="2">buttons/ButtonNF.png</texturefocus>
            <onclick>Action(menu)</onclick>
            <visible>!Window.IsVisible(Home)</visible>
        </control>
        <control type="button">
            <left>0</left>
            <top>75</top>
            <width>420</width>
            <height>60</height>
            <label>touch me</label>
            <textcolor>00FFFFFF</textcolor>
            <focusedcolor>description</focusedcolor>
            <texturenofocus>-</texturenofocus>
            <texturefocus border="2">buttons/ButtonNF.png</texturefocus>
            <onclick>SetFocus(9002)</onclick>
            <visible>ControlGroup(9000).HasFocus()</visible>
        </control>
        <control type="button">
            <left>1620</left>
            <top>0</top>
            <width>300</width>
            <height>60</height>
            <label>touch me</label>
            <textcolor>00FFFFFF</textcolor>
            <focusedcolor>description</focusedcolor>
            <texturenofocus>-</texturenofocus>
            <texturefocus border="2">buttons/ButtonNF.png</texturefocus>
            <onclick>Control.SetFocus(732)</onclick>
            <visible>!Window.IsVisible(Home)</visible>
        </control>
        <control type="button">
            <left>660</left>
            <top>60</top>
            <width>600</width>
            <height>90</height>
            <label>touch me</label>
            <textcolor>00FFFFFF</textcolor>
            <focusedcolor>description</focusedcolor>
            <texturenofocus>-</texturenofocus>
            <texturefocus border="2">buttons/ButtonNF.png</texturefocus>
            <onclick>Control.SetFocus(9001)</onclick>
			<onclick>SetProperty(TouchButtonSubmenu,1,home)</onclick>
            <visible>Window.IsVisible(Home)</visible>
        </control>
        <control type="button">
            <left>30</left>
            <top>960</top>
            <width>1860</width>
            <height>90</height>
            <label>touch me</label>
            <textcolor>00FFFFFF</textcolor>
            <focusedcolor>description</focusedcolor>
            <texturenofocus>-</texturenofocus>
            <texturefocus border="2">buttons/ButtonNF.png</texturefocus>
            <onclick>Control.SetFocus(200)</onclick>
            <visible>!Control.HasFocus(200)+Window.IsVisible(Home)</visible>
        </control>
    </include>
</includes>
