[{
	"name": ["Discovery Channel"],
	"pvrname": "Discovery HD"
}, {
	"name": ["National Geographic Channel"],
	"pvrname": "NatGeo HD"
}, {
	"name": ["BR"],
	"pvrname": "BR Süd HD"
}, {
	"name": ["RTL II", "RTL 2", "RTL2"],
	"pvrname": "RTLII"
}, {
	"name": ["RTL Nitro"],
	"pvrname": "RTLNITRO"
}, {
	"name": ["NDR"],
	"pvrname": "NDR FS MV HD"
}, {
	"name": ["SWR/SR", "SWR", "SR"],
	"pvrname": "SWR"
}, {
	"name": ["ZDFkultur"],
	"pvrname": "zdf.kultur"
}, {
	"name": ["ZDF neo", "ZDFneo"],
	"pvrname": "zdf_neo"
}, {
	"name": ["ARD"],
	"pvrname": "Das Erste"
}, {
	"name": ["Zee.One"],
	"pvrname": "Zee One"
}]
