<?xml version="1.0" encoding="UTF-8" standalone="yes"?>
<addon id="plugin.video.doku.cc" name="Doku.cc" version="0.0.2" provider-name="skatulskijean">
	<requires>
		<import addon="xbmc.python" version="2.19.0"/>
		<import addon="script.module.requests" version="2.7.0"/>
	</requires>
	<extension point="xbmc.python.pluginsource" library="addon.py">
		<provides>video</provides>
	</extension>
	<extension point="xbmc.addon.metadata">
		<summary></summary>
		<description></description>
		<summary></summary>
		<platform>all</platform>
		<license></license>
		<forum></forum>
		<website></website>
		<email></email>
		<source></source>
	</extension>
</addon>
