<?xml version="1.0" encoding="UTF-8"?>
<includes>
	<!-- Movie template -->
	<include name="EmbyHubMovieTemplate">
		<!-- background -->
		<include>Background</include>
		<!-- hub -->
		<control type="grouplist" id="10">
			<include>Window_OpenClose</include>
			<defaultcontrol>10000</defaultcontrol>
			<width>2130</width>
			<height>100%</height>
			<itemgap>-160</itemgap>
			<orientation>vertical</orientation>
			<usecontrolcoords>true</usecontrolcoords>
			<scrolltime tween="sine" easing="out">400</scrolltime>
			<pagecontrol>17</pagecontrol>
			<include>Bounce_Up_Down</include>
			<include content="WidgetSpacer">
				<param name="id" value="101"/>
			</include>
			<!-- menu -->
			<control type="group">
				<width>1920</width>
				<height>300</height>
				<control type="group">
					<include content="widget_headline">
						<param name="headline">$INFO[Window(home).Property(emby.nodes.$PARAM[nr].title)]</param>
						<param name="left">65</param>
					</include>
					<control type="grouplist" id="100">
						<top>90</top>
						<left>69</left>
						<height>50</height>
						<orientation>horizontal</orientation>
						<itemgap>5</itemgap>
						<onright>noop</onright>
						<onleft>9999</onleft>
						<onup>6666</onup>
						<ondown>200</ondown>
						<control type="button" id="101">
							<label>$LOCALIZE[342]</label>
							<onclick>ActivateWindow(videos,$INFO[Window(home).Property(emby.nodes.$PARAM[nr].content)],return)</onclick>
							<onup>6666</onup>
							<ondown>200</ondown>
						</control>
						<control type="button" id="102">
							<label>$LOCALIZE[16101]</label>
							<onclick>ActivateWindow(videos,$INFO[Window(home).Property(emby.nodes.$PARAM[nr].index),,unwatched.xml],return)</onclick>
							<onup>6666</onup>
							<ondown>200</ondown>
						</control>
						<control type="button" id="103">
							<label>$LOCALIZE[31169]</label>
							<onclick>ActivateWindow(videos,$INFO[Window(home).Property(emby.nodes.$PARAM[nr].index),,sets.xml],return)</onclick>
							<onup>6666</onup>
							<ondown>200</ondown>
						</control>
						<control type="button" id="198">
							<label>$LOCALIZE[137]</label>
							<include>search_action</include>
							<onup>6666</onup>
							<ondown>200</ondown>
						</control>
					</control>
				</control>
			</control>
			<!-- In progress -->
			<include content="HomeWideWidget">
				<param name="id" value="200"/>
				<param name="onup" value="100"/>
				<param name="ondown" value="201"/>
				<param name="headline" value="$LOCALIZE[31080]"/>
				<param name="mainlabel" value="$INFO[ListItem.Title]"/>
				<param name="sublabel" value="$INFO[ListItem.Year]"/>
				<param name="widget_target" value="videos"/>
				<param name="limit" value="30"/>
				<param name="content" value="$INFO[Window(home).Property(emby.nodes.$PARAM[nr].index),,inprogress.xml]"/>
			</include>
			<!-- Recently added -->
			<include content="HomePosterWidget">
				<param name="id" value="201"/>
				<param name="onup" value="200"/>
				<param name="ondown" value="202"/>
				<param name="headline" value="$LOCALIZE[20386]"/>
				<param name="mainlabel" value="$INFO[ListItem.Title]"/>
				<param name="sublabel" value="$INFO[ListItem.Year]"/>
				<param name="widget_target" value="videos"/>
				<param name="limit" value="30"/>
				<param name="content" value="$INFO[Window(home).Property(emby.nodes.$PARAM[nr].index),,recent.xml]"/>
			</include>
			<!-- Recommended -->
			<include content="HomePosterWidget">
				<param name="id" value="202"/>
				<param name="onup" value="201"/>
				<param name="ondown" value="203"/>
				<param name="headline" value="$LOCALIZE[31183]"/>
				<param name="mainlabel" value="$INFO[ListItem.Title]"/>
				<param name="sublabel" value="$INFO[ListItem.Year]"/>
				<param name="widget_target" value="videos"/>
				<param name="limit" value="30"/>
				<param name="content" value="$INFO[Window(home).Property(emby.nodes.$PARAM[nr].index),,recommended.xml]"/>
			</include>
			<!-- Random -->
			<include content="HomePosterWidget">
				<param name="id" value="203"/>
				<param name="onup" value="202"/>
				<param name="ondown" value="SetProperty(BounceDown,1,home)"/>
				<param name="headline" value="$LOCALIZE[31184]"/>
				<param name="mainlabel" value="$INFO[ListItem.Title]"/>
				<param name="sublabel" value="$INFO[ListItem.Year]"/>
				<param name="widget_target" value="videos"/>
				<param name="limit" value="30"/>
				<param name="content" value="$INFO[Window(home).Property(emby.nodes.$PARAM[nr].index),,random.xml]"/>
			</include>
		</control>
		<!-- scrollbar -->
		<include content="ScrollbarVertical">
			<param name="visible" value="!Skin.HasSetting(HideScrollbars)"/>
		</include>
		<!-- header bar -->
		<include content="HeaderBar">
			<param name="id">10</param>
		</include>
		<!-- side panel -->
		<include content="SidePanel"/>
	</include>
	<!-- TV show template -->
	<include name="EmbyHubTVShowTemplate">
		<!-- background -->
		<include>Background</include>
		<!-- hub -->
		<control type="grouplist" id="10">
			<include>Window_OpenClose</include>
			<defaultcontrol>10000</defaultcontrol>
			<width>2130</width>
			<height>100%</height>
			<itemgap>-160</itemgap>
			<orientation>vertical</orientation>
			<usecontrolcoords>true</usecontrolcoords>
			<scrolltime tween="sine" easing="out">400</scrolltime>
			<pagecontrol>17</pagecontrol>
			<include>Bounce_Up_Down</include>
			<include content="WidgetSpacer">
				<param name="id" value="101"/>
			</include>
			<!-- menu -->
			<control type="group">
				<width>1920</width>
				<height>300</height>
				<control type="group">
					<include content="widget_headline">
						<param name="headline">$INFO[Window(home).Property(emby.nodes.$PARAM[nr].title)]</param>
						<param name="left">65</param>
					</include>
					<control type="grouplist" id="100">
						<top>90</top>
						<left>69</left>
						<height>50</height>
						<orientation>horizontal</orientation>
						<itemgap>5</itemgap>
						<onright>noop</onright>
						<onleft>9999</onleft>
						<onup>6666</onup>
						<ondown>200</ondown>
						<control type="button" id="101">
							<label>$LOCALIZE[20343]</label>
							<onclick>ActivateWindow(videos,$INFO[Window(home).Property(emby.nodes.$PARAM[nr].content)],return)</onclick>
							<onup>6666</onup>
							<ondown>200</ondown>
						</control>
						<control type="button" id="198">
							<label>$LOCALIZE[137]</label>
							<include>search_action</include>
							<onup>6666</onup>
							<ondown>200</ondown>
						</control>
					</control>
				</control>
			</control>
			<!-- In progress -->
			<include content="HomeWideWidget">
				<param name="id" value="200"/>
				<param name="onup" value="100"/>
				<param name="ondown" value="201"/>
				<param name="headline" value="$LOCALIZE[31080]"/>
				<param name="widget_target" value="videos"/>
				<param name="limit" value="30"/>
				<param name="content" value="$INFO[Window(home).Property(emby.nodes.$PARAM[nr].index),,inprogressepisodes.xml]"/>
			</include>
			<!-- Recently added -->
			<include content="HomeWideWidget">
				<param name="id" value="201"/>
				<param name="onup" value="200"/>
				<param name="ondown" value="202"/>
				<param name="headline" value="$LOCALIZE[31081]"/>
				<param name="mainlabel" value="$INFO[ListItem.Title]"/>
				<param name="sublabel" value="$INFO[ListItem.Year]"/>
				<param name="widget_target" value="videos"/>
				<param name="limit" value="30"/>
				<param name="content" value="$INFO[Window(home).Property(emby.nodes.$PARAM[nr].index),,recent.xml]"/>
			</include>
			<!-- Next episodes -->
			<include content="HomeWideWidget">
				<param name="id" value="202"/>
				<param name="onup" value="201"/>
				<param name="ondown" value="203"/>
				<param name="headline" value="$LOCALIZE[626]"/>
				<param name="mainlabel" value="$INFO[ListItem.Title]"/>
				<param name="sublabel" value="$INFO[ListItem.Year]"/>
				<param name="widget_target" value="videos"/>
				<param name="limit" value="30"/>
				<param name="sortby" value="lastplayed"/>
				<param name="sortorder" value="descending"/>
				<param name="content" value="$INFO[Window(home).Property(emby.nodes.$PARAM[nr].index),,inprogress.xml]"/>
			</include>
			<!-- Recommended -->
			<include content="HomeWideWidget">
				<param name="id" value="203"/>
				<param name="onup" value="202"/>
				<param name="ondown" value="204"/>
				<param name="headline" value="$LOCALIZE[31182]"/>
				<param name="mainlabel" value="$INFO[ListItem.Title]"/>
				<param name="sublabel" value="$INFO[ListItem.Year]"/>
				<param name="widget_target" value="videos"/>
				<param name="limit" value="30"/>
				<param name="content" value="$INFO[Window(home).Property(emby.nodes.$PARAM[nr].index),,recommended.xml]"/>
			</include>
			<!-- Random -->
			<include content="HomeWideWidget">
				<param name="id" value="204"/>
				<param name="onup" value="203"/>
				<param name="ondown" value="SetProperty(BounceDown,1,home)"/>
				<param name="headline" value="$LOCALIZE[31185]"/>
				<param name="mainlabel" value="$INFO[ListItem.Title]"/>
				<param name="sublabel" value="$INFO[ListItem.Year]"/>
				<param name="widget_target" value="videos"/>
				<param name="limit" value="30"/>
				<param name="content" value="$INFO[Window(home).Property(emby.nodes.$PARAM[nr].index),,random.xml]"/>
			</include>
		</control>
		<!-- scrollbar -->
		<include content="ScrollbarVertical">
			<param name="visible" value="!Skin.HasSetting(HideScrollbars)"/>
		</include>
		<!-- header bar -->
		<include content="HeaderBar">
			<param name="id">10</param>
		</include>
		<!-- side panel -->
		<include content="SidePanel"/>
	</include>
</includes>