<?xml version="1.0" encoding="utf-8"?>
<window>
	<defaultcontrol></defaultcontrol>
	<onload condition="![String.StartsWith(Player.Filenameandpath,special://skin/extras) | !String.IsEmpty(Window(home).Property(SkinExtraSound))]">SetProperty(showvisinfo,1,home)</onload>
	<onload condition="![String.StartsWith(Player.Filenameandpath,special://skin/extras) | !String.IsEmpty(Window(home).Property(SkinExtraSound))]">AlarmClock(PreloadTimeout,ClearProperty(showvisinfo,home),00:04,silent)</onload>
	<onload condition="String.StartsWith(Player.Filenameandpath,special://skin/extras) | !String.IsEmpty(Window(home).Property(SkinExtraSound))">back</onload>
	<backgroundcolor>background</backgroundcolor>
	<controls>		
		<!-- Visualisation -->
		<include>MusicBackground</include>
		<!-- Busy spinner -->
		<control type="group" id="99">
			<visible>Player.Caching</visible>
			<include content="FullscreenBusySpinner">
				<param name="colordiffuse" value="white"/>
			</include>
		</control>
		<!-- OSD -->
		<control type="group" id="99">
			<visible>Window.IsVisible(musicosd) | Window.IsVisible(seekbar) | Player.Paused | [Window.IsVisible(volumebar) + !Player.Muted] | !String.IsEmpty(Window(home).Property(showvisinfo))</visible>
			<animation effect="fade" start="0" end="100" time="0">Visible</animation>
			<animation effect="fade" start="100" end="0" time="400" delay="2000">Hidden</animation>			
			<!--Top-->
			<include>PlayerTopBar</include>
			<!--Bottom-->
			<control type="group" id="99">
				<!-- mask -->
				<control type="image" id="99">
					<bottom>0</bottom>
					<width>100%</width>
					<height>216</height>
					<texture colordiffuse="black">views/player/mask_bottom.png</texture>
				</control>		
				<!-- Square -->
				<control type="group" id="99">
					<control type="image" id="99">
						<bottom>20</bottom>
						<left>20</left>
						<width>268</width>
						<height>268</height>
						<texture>views/player/shadow_square.png</texture>
					</control>
					<control type="image" id="99">
						<bottom>29</bottom>
						<left>29</left>
						<width>250</width>
						<height>250</height>
						<texture colordiffuse="thumb_background_fallback" diffuse="views/player/mask_square.png">common/white.jpg</texture>
						<aspectratio scalediffuse="false">stretch</aspectratio>
						<visible>String.IsEmpty(MusicPlayer.Cover) | String.StartsWith(MusicPlayer.Cover,Default)</visible>
					</control>
					<control type="textbox" id="99">
						<bottom>39</bottom>
						<left>39</left>
						<width>230</width>
						<height>230</height>
						<font>Light24</font>
						<textcolor>white</textcolor>
						<align>center</align>
						<aligny>center</aligny>
						<label>$INFO[MusicPlayer.Album]</label>
						<visible>String.IsEmpty(MusicPlayer.Cover) | String.StartsWith(MusicPlayer.Cover,Default)</visible>
					</control>
					<control type="image" id="99">
						<bottom>29</bottom>
						<left>29</left>
						<width>250</width>
						<height>250</height>
						<texture colordiffuse="thumb_background" diffuse="views/player/mask_square.png">common/white.jpg</texture>
						<aspectratio scalediffuse="false">stretch</aspectratio>
						<visible>!String.IsEmpty(MusicPlayer.Cover) + !String.StartsWith(MusicPlayer.Cover,Default)</visible>
					</control>
					<control type="image" id="99">
						<bottom>29</bottom>
						<left>29</left>
						<width>250</width>
						<height>250</height>
						<texture diffuse="views/player/mask_square.png">$VAR[PlayerIcon]</texture>
						<aspectratio scalediffuse="false">scale</aspectratio>
						<visible>!String.StartsWith(MusicPlayer.Cover,Default) + !String.StartsWith(Player.Filenameandpath,pvr://)</visible>
					</control>
					<control type="image" id="99">
						<bottom>29</bottom>
						<left>29</left>
						<width>250</width>
						<height>250</height>
						<texture diffuse="views/player/mask_square.png">$VAR[PlayerIcon]</texture>
						<aspectratio scalediffuse="false">keep</aspectratio>
						<bordersize>20</bordersize>
						<visible>!String.StartsWith(MusicPlayer.Cover,Default) + String.StartsWith(Player.Filenameandpath,pvr://)</visible>
					</control>
				</control>
				<!-- Progress bars -->
				<control type="group" id="99">
					<!--  Cache bar -->
					<control type="progress" id="99">
						<include>PlayerProgressDimension</include>
						<info>Player.ProgressCache</info>
						<texturebg colordiffuse="grey">common/ProgressBack.png</texturebg>
						<midtexture colordiffuse="white">common/ProgressBar.png</midtexture>
					</control>
					<!-- Video progress bar -->
					<control type="progress" id="99">
						<include>PlayerProgressDimension</include>
						<info>Player.Progress</info>
						<texturebg colordiffuse="00ffffff">common/ProgressBack.png</texturebg>
						<midtexture colordiffuse="emby">common/ProgressBar.png</midtexture>
					</control>
				</control>
				<!-- Label section -->
				<control type="grouplist" id="99">
					<orientation>horizontal</orientation>
					<height>31</height>
					<bottom>161</bottom>
					<left>309</left>
					<right>30</right>
					<itemgap>0</itemgap>
					<control type="label" id="99">
						<width>auto</width>
						<height>30</height>
						<aligny>center</aligny>
						<font>med24</font>
						<shadowcolor>text_shadow</shadowcolor>
						<label>$VAR[PlayerFullLabel]   </label>
					</control>
					<control type="label" id="99">
						<width>auto</width>
						<height>30</height>
						<aligny>center</aligny>
						<label>$INFO[MusicPlayer.Codec]   </label>
						<font>reg24</font>
						<shadowcolor>text_shadow</shadowcolor>
						<visible>!String.IsEmpty(MusicPlayer.Codec)</visible>
					</control>
					<control type="label" id="99">
						<width>auto</width>
						<height>30</height>
						<aligny>center</aligny>
						<label>$INFO[MusicPlayer.Bitrate,, kbit/s]   </label>
						<font>reg24</font>
						<shadowcolor>text_shadow</shadowcolor>
						<visible>!String.IsEmpty(MusicPlayer.Bitrate)</visible>
					</control>
				</control>
				<control type="grouplist" id="99">
					<orientation>horizontal</orientation>
					<height>31</height>
					<bottom>125</bottom>
					<left>309</left>
					<right>30</right>
					<itemgap>0</itemgap>
					<control type="label" id="99">
						<width>790</width>
						<height>30</height>
						<aligny>center</aligny>
						<font>reg24</font>
						<textcolor>softgrey</textcolor>
						<shadowcolor>text_shadow</shadowcolor>
						<label fallback="19055">$INFO[MusicPlayer.Album,$LOCALIZE[558]: ]$INFO[MusicPlayer.Year, (,)]</label>
					</control>
					<control type="label" id="99">
						<width>790</width>
						<height>30</height>
						<align>right</align>
						<aligny>center</aligny>
						<font>reg24</font>
						<textcolor>softgrey</textcolor>
						<shadowcolor>text_shadow</shadowcolor>
						<label>$INFO[MusicPlayer.PlaylistPosition,$LOCALIZE[554] , / ]$INFO[MusicPlayer.PlaylistLength]</label>
						<visible>Integer.IsGreater(MusicPlayer.PlaylistLength,0)</visible>
					</control>
				</control>
				<!-- Bottom label section -->
				<control type="grouplist" id="99">
					<visible>!Window.IsVisible(musicosd)</visible>
					<orientation>horizontal</orientation>
					<height>50</height>
					<bottom>30</bottom>
					<left>309</left>
					<right>20</right>
					<itemgap>0</itemgap>
					<include>PlayerBottomLabels</include>
				</control>
				<!-- Volume -->
				<include>PlayerOSDVolume</include>
			</control>
		</control>
	</controls>
</window>
