<?xml version="1.0" encoding="UTF-8"?>
<window>
	<!-- mediasource -->
	<defaultcontrol always="true">100</defaultcontrol>
	<include>UnloadSetProperties</include>
	<controls>
		<control id="96" type="scrollbar">
			<left>-1200</left>
			<width>100</width>
			<height>1</height>
			<showonepage>false</showonepage>
			<orientation>vertical</orientation>
		</control>
		<!-- Background -->
		<include>Background</include>
		<!-- Content -->
		<include condition="String.IsEqual(ListItem.DBType,artist)">ArtistInfoLayout</include>
		<include condition="String.IsEqual(ListItem.DBType,album)">AlbumInfoLayout</include>
		<include condition="!String.IsEqual(ListItem.DBType,artist) + !String.IsEqual(ListItem.DBType,album)">TinyInfoLayout</include>
		<!-- Menu control -->
		<control type="group">
			<include>FullscreenDimensions</include>
			<include content="DiffuseMask">
				<param name="visible">ControlGroup(4000).HasFocus + !Window.IsVisible(selectdialog) + !Window.IsVisible(filebrowser) + !Window.IsVisible(DialogConfirm.xml)</param>
			</include>
			<control type="group">
				<visible>ControlGroup(4000).HasFocus + !Window.IsVisible(selectdialog) + !Window.IsVisible(filebrowser) + !Window.IsVisible(DialogConfirm.xml)</visible>
				<include>Visible_PopupOpenClose</include>
				<centerleft>50%</centerleft>
				<width>384</width>
				<centertop>50%</centertop>
				<height>970</height>
				<control type="grouplist" id="4000">
					<orientation>vertical</orientation>
					<height>auto</height>
					<align>center</align>
					<itemgap>0</itemgap>
					<onright>50</onright>
					<onleft>50</onleft>
					<onback>104</onback>
					<usecontrolcoords>true</usecontrolcoords>
					<control type="image" id="4001">
						<width>100%</width>
						<height>10</height>
						<texture border="5" colordiffuse="panel">common/menu_top.png</texture>
					</control>
					<control type="button" id="6">
						<include content="CommonButton"/>
						<label>$LOCALIZE[184]</label>
						<visible>Control.IsEnabled(6)</visible>
					</control>
					<control type="button" id="10">
						<include content="CommonButton"/>
						<label>$LOCALIZE[13405]</label>
					</control>
					<control type="button" id="12">
						<include content="CommonButton"/>
						<label>$LOCALIZE[20413]</label>
						<visible>Control.IsEnabled(12)</visible>
						<visible>String.IsEqual(ListItem.DBType,artist)</visible>
					</control>
					<control type="image" id="4002">
						<width>100%</width>
						<height>10</height>
						<texture border="5" colordiffuse="panel">common/menu_bottom.png</texture>
					</control>
				</control>
			</control>
		</control>
	</controls>
</window>