<?xml version="1.0" encoding="UTF-8"?>
<includes>
	<include file="Defaults.xml" />
	<include file="Embuary_Widgets.xml" />	
	<include file="Embuary_InfoDialog.xml" />
	<include file="Embuary_PlaylistLayouts.xml" />
	<include file="Embuary_VideoInfoDialog.xml" />
	<include file="Embuary_ItemLayouts.xml" />
	<include file="Embuary_Includes.xml" />
	<include file="Embuary_LabelButtonIncludes.xml" />
	<include file="Embuary_MetaIncludes.xml" />
	<include file="Embuary_HeaderBar.xml" />
	<include file="Embuary_Animations.xml" />
	<include file="Embuary_Variables.xml" />
	<include file="Embuary_Wide_View_50.xml" />
	<include file="Embuary_Poster_View_51.xml" />
	<include file="Embuary_Square_View_52.xml" />
	<include file="Embuary_List_View_53.xml" />
	<include file="Embuary_Season_View_54.xml" />
	<include file="Embuary_Episode_View_55.xml" />
	<include file="Embuary_Set_View_56.xml" />
	<include file="Embuary_PVRSet_View_57.xml" />
	<include file="Embuary_Banner_View_58.xml" />
	<include file="Embuary_Favourites_View_450.xml" />
	<include file="Embuary_VideoLyrics.xml" />
	<include file="Embuary_HomeIncludes.xml" />
	<include file="Embuary_EmbyHubIncludes.xml" />
	
	<expression name="EmbyCon_active">[System.HasAddon(plugin.video.embycon) + Skin.HasSetting(EnableEmbyConWidgets)]</expression>
	<expression name="HolidayThemeSound">!String.StartsWith(Player.Filenameandpath,special://skin/extras) + String.IsEmpty(Window(home).Property(SkinExtraSound)) + [[!Window.Previous(Startup) + Integer.IsGreater(Player.Duration,10)] | [Window.Previous(Startup) + Integer.IsGreater(Player.Duration,31)] | String.IsEmpty(Player.Duration)]</expression>
	<expression name="HolidayTheme">System.Date(12-01,01-06) + !Skin.HasSetting(HideHolidayTheme) + [[!Window.IsVisible(visualisation) + !VideoPlayer.IsFullscreen] | Window.IsActive(fullscreeninfo) |Window.IsActive(script-script.extendedinfo-DialogInfo.xml) | Window.IsActive(script-script.extendedinfo-DialogVideoInfo.xml)]</expression>
	<expression name="HolidayTheme2">System.Date(10-31,10-31) + !Skin.HasSetting(HideHolidayTheme) + [[!Window.IsVisible(visualisation) + !VideoPlayer.IsFullscreen] | Window.IsActive(fullscreeninfo) |Window.IsActive(script-script.extendedinfo-DialogInfo.xml) | Window.IsActive(script-script.extendedinfo-DialogVideoInfo.xml)]</expression>
	<expression name="HideBackground">[!Window.IsVisible(eventlog) + !Window.IsVisible(settingscategory.xml) + !Window.IsVisible(systeminfo) + !Window.IsVisible(skinsettings) + !Window.IsVisible(addonsettings) + !Window.IsVisible(filemanager) + !Window.IsVisible(profiles)]</expression>
	<expression name="infodialog_active">[Window.IsVisible(musicinformation) | Window.IsActive(songinformation) | Window.IsVisible(movieinformation) | Window.IsVisible(addoninformation) | Window.IsVisible(addonsettings) | Window.IsVisible(pvrguideinfo) | Window.IsVisible(pvrrecordinginfo) | Window.IsVisible(pictureinfo) | Window.IsVisible(fullscreeninfo) | Window.IsVisible(script-script.extendedinfo-DialogVideoInfo.xml) | Window.IsVisible(script-script.extendedinfo-DialogInfo.xml) | Window.IsVisible(script-script.extendedinfo-VideoList.xml)]</expression>
	<expression name="IsGenre">String.StartsWith(Container.Folderpath,plugin://script.skin.helper.widgets/?action=browsegenres)</expression>

	<expression name="WideViewVisible">[!Container.Content(seasons) + !Container.Content(episodes) + !String.Contains(Container.Folderpath,setid) + !Container.Content(albums) + !Container.Content(songs)]</expression>
	<expression name="PosterViewVisible">[!Container.Content(musicvideos) + !Container.Content(seasons) + !Container.Content(episodes) + !String.Contains(Container.Folderpath,setid) + !String.StartsWith(Container.FolderPath,plugin://script.skin.helper.widgets/?action=browsegenres) + Window.IsVisible(myvideonav.xml)]</expression>
	<expression name="SquareViewVisible">[[!Container.Content(seasons) + !Container.Content(episodes) + !Container.Content(movies) + !Container.Content(sets) + !Container.Content(tvshows) + !String.StartsWith(Container.FolderPath,plugin://script.skin.helper.widgets/?action=browsegenres)]]</expression>
	<expression name="SeasonViewVisible">[Container.Content(seasons)]</expression>
	<expression name="ListViewVisible">[[!Container.Content(seasons) + !Container.Content(episodes) + !String.Contains(Container.FolderPath,setid) + !String.StartsWith(Container.FolderPath,plugin://script.skin.helper.widgets/?action=browsegenres)] | [Container.Content(episodes) + String.StartsWith(Container.FolderPath,plugin://) + !String.StartsWith(Container.FolderPath,plugin://plugin.video.embycon)]]</expression>
	<expression name="EpisodeViewVisible">[Container.Content(episodes) + [!String.StartsWith(Container.FolderPath,plugin://) | String.StartsWith(Container.FolderPath,plugin://plugin.video.emby)]]</expression>
	<expression name="BannerViewVisible">[[Container.Content(movies) | Container.Content(tvshows)] + !String.Contains(Container.FolderPath,setid)]</expression>
	<expression name="SetViewVisible">[[Container.Content(movies) | Container.Content(tvshows) | Container.Content(sets)] + !String.StartsWith(Container.FolderPath,plugin://script.skin.helper.widgets/?action=browsegenres)]</expression>


</includes>


