<?xml version="1.0" encoding="UTF-8"?>
<includes>
	<include name="Wide_View_50">
		<param name="mainlabel">$VAR[MainListLabel]</param>
		<param name="sublabel">$VAR[SubListLabel]</param>
		<param name="layout">LandscapeLayout</param>
		<param name="use_custom_content">false</param>
		<definition>
			<control type="group">
				<include>Visible_OpenClose</include>
				<visible>Control.IsVisible(50)</visible>
				<control id="50" type="panel">
					<visible>[!Container.Content(seasons) + !Container.Content(episodes) + !String.Contains(Container.Folderpath,setid)] | [Container.Content(episodes) + String.StartsWith(Container.FolderPath,plugin://) + !String.StartsWith(Container.FolderPath,plugin://plugin.video.embycon)]</visible>
					<width>1920</width>
					<height>1080</height>
					<onright condition="Control.IsVisible(7000)">SetFocus(7000)</onright>
					<onright>noop</onright>
					<onup>SetFocus(6666)</onup>
					<include>Bounce_Up_Down</include>
					<ondown>SetProperty(BounceDown,1,home)</ondown>
					<onleft>9999</onleft>
					<orientation>vertical</orientation>
					<preloaditems>4</preloaditems>
					<defaultcontrol always="true">0</defaultcontrol>
					<viewtype label="$LOCALIZE[31004]">panel</viewtype>
					<pagecontrol>17</pagecontrol>
					<scrolltime tween="sine" easing="out">400</scrolltime>
					<itemlayout width="444" height="305">
						<control type="group">
							<left>82</left>
							<top>116</top>
							<include content="$PARAM[layout]">
								<param name="mainlabel" value="$PARAM[mainlabel]" />
								<param name="sublabel" value="" />
								<param name="thumblabel" value="$PARAM[thumblabel]" />
								<param name="focused" value="false" />
								<param name="id" value="50" />
							</include>
						</control>
					</itemlayout>
					<focusedlayout width="444" height="305">
						<include>SetPropertyOnFocus</include>
						<control type="group">						
							<left>82</left>
							<top>116</top>
							<include content="$PARAM[layout]">
								<param name="mainlabel" value="$PARAM[mainlabel]" />
								<param name="sublabel" value="" />
								<param name="thumblabel" value="$PARAM[thumblabel]" />
								<param name="focused" value="true" />
								<param name="id" value="50" />
							</include>
						</control>
					</focusedlayout>
					<include condition="$PARAM[use_custom_content]" content="ContainerContentPath">
						<param name="widget_target">$PARAM[widget_target]</param>
						<param name="sortby">$PARAM[sortby]</param>
						<param name="sortorder">$PARAM[sortorder]</param>
						<param name="limit">$PARAM[limit]</param>
						<param name="content">$PARAM[content]</param>
					</include>
				</control>
				<include content="list_mask_vertical_top">
					<param name="height" value="70"/>
					<param name="left" value="0"/>
					<param name="right" value="0"/>
					<param name="id" value="50"/>
					<param name="visible_forced" value="true"/>
				</include>
				<include content="list_mask_vertical">
					<param name="height" value="70"/>
					<param name="left" value="0"/>
					<param name="right" value="0"/>
					<param name="id" value="50"/>
					<param name="visible_forced" value="true"/>
				</include>
				<include content="JumpToLetter_vertical"/>
				<include content="ScrollbarVertical">
					<param name="top" value="0"/>
					<param name="height" value="100%"/>
				</include>
			</control>
		</definition>
	</include>
</includes>