<?xml version="1.0" encoding="UTF-8" standalone="yes"?>
<addon id="plugin.video.wm2018dach" name="Fußball-WM 2018 DACH" version="1.1.2" provider-name="MrKrabat">
    <requires>
        <import addon="xbmc.python" version="2.25.0"/>
        <import addon="script.module.inputstreamhelper" version="0.3.3"/>
    </requires>
    <extension point="xbmc.python.pluginsource" library="default.py">
        <provides>video</provides>
    </extension>
    <extension point="xbmc.addon.metadata">
        <platform>all</platform>
        <language>de ch at en</language>
        <summary lang="en_GB">The FIFA World Cup 2018 free and legal from public service broadcasting</summary>
        <summary lang="de_DE">Die Fußball-WM 2018 kostenlos und legal vom öffentlich-rechtlichen Rundfunk</summary>
        <description lang="en_GB">The FIFA World Cup 2018 free and legal from public service broadcasting</description>
        <description lang="de_DE">Die Fußball-WM 2018 kostenlos und legal vom öffentlich-rechtlichen Rundfunk</description>
        <disclaimer lang="en_GB">This addon is not affiliated with the broadcasters.</disclaimer>
        <disclaimer lang="de_DE">Dieses Addon steht in keiner Verbindung zu den Sendeanstalten.</disclaimer>
        <broken>Fußball-WM 2018 ist zuende</broken>
        <news>v1.1.2 (2018.08.07)[CR]- Fußball-WM 2018 ist zuende</news>
        <license>GNU Affero General Public License, v3</license>
        <forum>https://www.kodinerds.net/index.php/Thread/62160-Fu%C3%9Fball-WM-2018-DACH/</forum>
        <website></website>
        <source>https://github.com/MrKrabat/plugin.video.wm2018dach</source>
        <email></email>
        <assets>
            <icon>icon.png</icon>
            <fanart>fanart.jpg</fanart>
            <screenshot>resources/media/screenshot-01.jpg</screenshot>
            <screenshot>resources/media/screenshot-02.jpg</screenshot>
            <screenshot>resources/media/screenshot-03.jpg</screenshot>
        </assets>
    </extension>
</addon>
