<?xml version="1.0" encoding="UTF-8"?>
<window>
	<zorder>100</zorder>
	<include>PropertyIncludes</include>
	<controls>
		<control type="progress" id="32">
			<include>HiddenObject</include>
		</control>
		<control type="group">
			<include>Animation_ScrollbarIsVisible</include>
			<visible>!Window.IsVisible(fullscreenvideo) + !Window.IsVisible(visualisation)</visible>
			<animation effect="slide" start="0,0" end="0,80" tween="sine" easing="inout" time="500">WindowCLose</animation>
			<animation effect="slide" start="0,80" end="0,0" tween="sine" easing="inout" time="500">WindowOpen</animation>
			<animation effect="slide" start="0,0" end="0,80" tween="sine" easing="inout" time="500">Hidden</animation>
			<animation effect="slide" start="0,80" end="0,0" tween="sine" easing="inout" time="500">Visible</animation>
			<control type="image">
				<right>0</right>
				<bottom>0</bottom>
				<left>0</left>
				<height>58</height>
				<texture colordiffuse="background">common/white.jpg</texture>
				<aspectratio>stretch</aspectratio>
			</control>
			<control type="image">
				<bottom>58</bottom>
				<left>0</left>
				<right>0</right>
				<height>4</height>
				<texture flipy="true">common/shadow.png</texture>
				<aspectratio>stretch</aspectratio>
				<visible>false</visible>
			</control>
			<control type="grouplist">
				<left>10</left>
				<height>58</height>
				<width>1920</width>
				<bottom>0</bottom>
				<orientation>horizontal</orientation>
				<itemgap>10</itemgap>
				<!-- Icon -->
				<control type="group">
					<left>10</left>
					<width>58</width>
					<height>58</height>
					<!-- Icon back -->
					<control type="image">
						<texture>dialogs/progress/bg.png</texture>
					</control>
					<control type="image">
						<texture>dialogs/progress/100.png</texture>
						<colordiffuse>30ffffff</colordiffuse>
					</control>
					<control type="image">
						<texture>dialogs/progress/$VAR[ExtendedProgressCircle].png</texture>
						<colordiffuse>accent</colordiffuse>
					</control>
					<control type="image">
						<texture>dialogs/progress/13.png</texture>
						<colordiffuse>ccffffff</colordiffuse>
						<animation center="auto" condition="true" effect="rotate" end="-360" loop="true" reversible="false" time="1500">Conditional</animation>
					</control>
					<!-- Icon -->
					<control type="textbox">
						<align>center</align>
						<aligny>center</aligny>
						<font>Material24</font>
						<textcolor>text_white</textcolor>
						<label></label>
					</control>
				</control>
				<control type="label" id="30">
					<height>58</height>
					<width>auto</width>
					<aligny>center</aligny>
					<align>right</align>
					<font>med20</font>
					<textcolor>text_header_mainlabel</textcolor>
				</control>
				<control type="label" id="30">
					<height>58</height>
					<width>auto</width>
					<aligny>center</aligny>
					<align>right</align>
					<font>med20</font>
					<textcolor>text_header_mainlabel</textcolor>
					<label>-</label>
				</control>
				<control type="label" id="31">
					<height>58</height>
					<width>auto</width>
					<aligny>center</aligny>
					<align>right</align>
					<font>med20</font>
					<textcolor>text_header_mainlabel</textcolor>
				</control>
			</control>
			<control type="grouplist">
				<bottom>0</bottom>
				<height>58</height>
				<width>400</width>
				<right>19</right>
				<orientation>horizontal</orientation>
				<itemgap>10</itemgap>
				<align>right</align>
				<control type="label">
					<height>58</height>
					<width>auto</width>
					<aligny>center</aligny>
					<font>med20</font>
					<textcolor>text_header</textcolor>
					<label>$INFO[Control.GetLabel(32),,%]</label>
				</control>
			</control>
		</control>
	</controls>
</window>