<?xml version="1.0" encoding="UTF-8"?>
<includes>
	<!-- in progerss media -->
	<include name="W_InProgressMedia">
		<include content="WideWidget">
			<param name="id" value="$PARAM[id]"/>
			<param name="onup" value="$PARAM[onup]"/>
			<param name="ondown" value="$PARAM[ondown]"/>
			<param name="headline" value="$LOCALIZE[31080]"/>
			<param name="widget_target" value="videos"/>
			<param name="sortby" value="lastplayed"/>
			<param name="sortorder" value="descending"/>
			<param name="content" value="plugin://script.skin.helper.widgets/?action=inprogressshowsandmovies&amp;mediatype=media&amp;reload=$INFO[Window(Home).Property(widgetreload)]"/>
		</include>
	</include>
	<include name="W_EmbyCon_InProgressMedia">
		<include content="WideWidget">
			<param name="visible" value="System.HasAddon(plugin.video.embycon)"/>
			<param name="id" value="$PARAM[id]"/>
			<param name="onup" value="$PARAM[onup]"/>
			<param name="ondown" value="$PARAM[ondown]"/>
			<param name="headline" value="$LOCALIZE[31080]$VAR[EmbyConLabel]"/>
			<param name="widget_target" value="videos"/>
			<param name="content" value="$VAR[EmbyCon.InProgressMedia]"/>
		</include>
	</include>
	<!-- PVR -->
	<include name="W_PVR">
		<include content="PVRWidget">
			<param name="id" value="$PARAM[id]"/>
			<param name="onup" value="$PARAM[onup]"/>
			<param name="ondown" value="$PARAM[ondown]"/>
			<param name="headline" value="$LOCALIZE[575]"/>
			<param name="mainlabel" value="$INFO[ListItem.Title]"/>
			<param name="thumblabel" value="$INFO[ListItem.Channelname]"/>
			<param name="sublabel" value="$INFO[ListItem.StartTime]$INFO[ListItem.EndTime, - ]"/>
			<param name="content" value="pvr://channels/tv/*"/>
		</include>
	</include>
	<include name="W_RecentPVR">
		<include content="PVRWidget">
			<param name="id" value="$PARAM[id]"/>
			<param name="onup" value="$PARAM[onup]"/>
			<param name="ondown" value="$PARAM[ondown]"/>
			<param name="headline" value="$LOCALIZE[31030]"/>
			<param name="mainlabel" value="$VAR[PVRWidgetMainListLabel]"/>
			<param name="thumblabel" value="$INFO[ListItem.Channelname]"/>
			<param name="sublabel" value="$INFO[ListItem.StartTime]$INFO[ListItem.EndTime, - ]"/>
			<param name="sortby" value="lastplayed"/>
			<param name="sortorder" value="descending"/>
			<param name="limit" value="20"/>
			<param name="content" value="pvr://channels/tv/*?view=lastplayed"/>
		</include>
	</include>
	<!-- NextUp -->
	<include name="W_NextUp">
		<include content="WideWidget">
			<param name="id" value="$PARAM[id]"/>
			<param name="onup" value="$PARAM[onup]"/>
			<param name="ondown" value="$PARAM[ondown]"/>
			<param name="headline" value="$LOCALIZE[31012]"/>
			<param name="mainlabel" value="$INFO[ListItem.TvShowTitle]"/>
			<param name="sublabel" value="$INFO[ListItem.Year]"/>
			<param name="widget_target" value="videos"/>
			<param name="limit" value="30"/>
			<param name="content" value="special://skin/playlists/video/InProgressTVShows.xsp"/>
		</include>
	</include>
	<include name="W_EmbyCon_NextUp">
		<include content="WideWidget">
			<param name="visible" value="System.HasAddon(plugin.video.embycon)"/>
			<param name="id" value="$PARAM[id]"/>
			<param name="onup" value="$PARAM[onup]"/>
			<param name="ondown" value="$PARAM[ondown]"/>
			<param name="headline" value="$LOCALIZE[31012]$VAR[EmbyConLabel]"/>
			<param name="mainlabel" value="$INFO[ListItem.TvShowTitle]"/>
			<param name="sublabel" value="$INFO[ListItem.Season,S,:]$INFO[ListItem.Episode,E, - ]$INFO[ListItem.Title]"/>
			<param name="widget_target" value="videos"/>
			<param name="limit" value="30"/>
			<param name="content" value="$VAR[EmbyCon.NextUp]"/>
		</include>
	</include>
	<!-- Recently added movies -->
	<include name="W_NewMovies">
		<include content="PosterWidget">
			<param name="id" value="$PARAM[id]"/>
			<param name="onup" value="$PARAM[onup]"/>
			<param name="ondown" value="$PARAM[ondown]"/>
			<param name="headline" value="$LOCALIZE[20386]"/>
			<param name="mainlabel" value="$INFO[ListItem.Label]"/>
			<param name="sublabel" value="$INFO[ListItem.Year]"/>
			<param name="widget_target" value="videos"/>
			<param name="limit" value="30"/>
			<param name="content" value="special://skin/playlists/video/RecentlyAddedMovies.xsp"/>
		</include>
	</include>
	<include name="W_EmbyCon_NewMovies">
		<include content="PosterWidget">
			<param name="visible" value="System.HasAddon(plugin.video.embycon)"/>
			<param name="id" value="$PARAM[id]"/>
			<param name="onup" value="$PARAM[onup]"/>
			<param name="ondown" value="$PARAM[ondown]"/>
			<param name="headline" value="$LOCALIZE[20386]$VAR[EmbyConLabel]"/>
			<param name="mainlabel" value="$INFO[ListItem.Label]"/>
			<param name="sublabel" value="$INFO[ListItem.Year]"/>
			<param name="widget_target" value="videos"/>
			<param name="limit" value="30"/>
			<param name="content" value="$VAR[EmbyCon.NewMovies]"/>
		</include>
	</include>
	<!-- Recently added episodes -->
	<include name="W_NewEpisodes">
		<include content="WideWidget">
			<param name="id" value="$PARAM[id]"/>
			<param name="onup" value="$PARAM[onup]"/>
			<param name="ondown" value="$PARAM[ondown]"/>
			<param name="headline" value="$LOCALIZE[31081]"/>
			<param name="mainlabel" value="$INFO[ListItem.Label]"/>
			<param name="sublabel" value="$INFO[ListItem.Year]"/>
			<param name="widget_target" value="videos"/>
			<param name="limit" value="30"/>
			<param name="content" value="special://skin/playlists/video/RecentlyUpdatedTVShows.xsp"/>
		</include>
	</include>
	<include name="W_EmbyCon_NewEpisodes">
		<include content="WideWidget">
			<param name="visible" value="System.HasAddon(plugin.video.embycon)"/>
			<param name="id" value="$PARAM[id]"/>
			<param name="onup" value="$PARAM[onup]"/>
			<param name="ondown" value="$PARAM[ondown]"/>
			<param name="headline" value="$LOCALIZE[31081]$VAR[EmbyConLabel]"/>
			<param name="mainlabel" value="$VAR[EmbyCon_RecentEpisodes_Mainlabel]"/>
			<param name="sublabel" value="$VAR[EmbyCon_RecentEpisodes_Sublabel]"/>
			<param name="widget_target" value="videos"/>
			<param name="limit" value="30"/>
			<param name="content" value="$VAR[EmbyCon.NewEpisodes]"/>
		</include>
	</include>
	<!-- Recently added albums -->
	<include name="W_NewAlbums">
		<include content="SquareWidget">
			<param name="id" value="$PARAM[id]"/>
			<param name="onup" value="$PARAM[onup]"/>
			<param name="ondown" value="$PARAM[ondown]"/>
			<param name="headline" value="$LOCALIZE[359]"/>
			<param name="mainlabel" value="$INFO[ListItem.Album]"/>
			<param name="sublabel" value="$INFO[ListItem.Artist]"/>
			<param name="widget_target" value="music"/>
			<param name="limit" value="30"/>
			<param name="content" value="musicdb://recentlyaddedalbums/"/>
		</include>
	</include>
	<include name="W_EmbyCon_NewAlbums">
		<include content="SquareWidget">
			<param name="visible" value="System.HasAddon(plugin.video.embycon)"/>
			<param name="id" value="$PARAM[id]"/>
			<param name="onup" value="$PARAM[onup]"/>
			<param name="ondown" value="$PARAM[ondown]"/>
			<param name="headline" value="$LOCALIZE[359]$VAR[EmbyConLabel]"/>
			<param name="mainlabel" value="$INFO[ListItem.Album]"/>
			<param name="sublabel" value="$INFO[ListItem.Artist]"/>
			<param name="sortby" value="dateadded"/>
			<param name="sortorder" value="ascending"/>
			<param name="widget_target" value="music"/>
			<param name="limit" value="30"/>
			<param name="content" value="$VAR[EmbyCon.NewAlbums]"/>
		</include>
	</include>
	<!-- In progress movies -->
	<include name="W_InProgressMovies">
		<include content="WideWidget">
			<param name="id" value="$PARAM[id]"/>
			<param name="onup" value="$PARAM[onup]"/>
			<param name="ondown" value="$PARAM[ondown]"/>
			<param name="headline" value="$LOCALIZE[31080]"/>
			<param name="mainlabel" value="$INFO[ListItem.Title]"/>
			<param name="sublabel" value="$INFO[ListItem.Year]"/>
			<param name="widget_target" value="videos"/>
			<param name="limit" value="30"/>
			<param name="content" value="special://skin/playlists/video/InProgressMovies.xsp"/>
		</include>
	</include>
	<include name="W_EmbyCon_InProgressMovies">
		<include content="WideWidget">
			<param name="visible" value="System.HasAddon(plugin.video.embycon)"/>
			<param name="id" value="$PARAM[id]"/>
			<param name="onup" value="$PARAM[onup]"/>
			<param name="ondown" value="$PARAM[ondown]"/>
			<param name="headline" value="$LOCALIZE[31080]$VAR[EmbyConLabel]"/>
			<param name="mainlabel" value="$INFO[ListItem.Title]"/>
			<param name="sublabel" value="$INFO[ListItem.Year]"/>
			<param name="widget_target" value="videos"/>
			<param name="content" value="$VAR[EmbyCon.InProgressMovies]"/>
		</include>
	</include>
	<!-- Movie genres -->
	<include name="W_MovieGenres">
		<include content="PosterWidget">
			<param name="id" value="$PARAM[id]"/>
			<param name="height" value="551"/>
			<param name="onup" value="$PARAM[onup]"/>
			<param name="ondown" value="$PARAM[ondown]"/>
			<param name="headline" value="$LOCALIZE[135]"/>
			<param name="widget_target" value="videos"/>
			<param name="sortby" value="sorttitle"/>
			<param name="layout" value="GenreLayout"/>
			<param name="content" value="plugin://script.skin.helper.widgets/?action=browsegenres&amp;mediatype=movies&amp;limit=1000&amp;reload=$INFO[Window(Home).Property(widgetreload)]"/>
		</include>
	</include>
	<include name="W_EmbyCon_MovieGenres">
		<include content="PosterWidget">
			<param name="visible" value="System.HasAddon(plugin.video.embycon)"/>
			<param name="id" value="$PARAM[id]"/>
			<param name="height" value="551"/>
			<param name="onup" value="$PARAM[onup]"/>
			<param name="ondown" value="$PARAM[ondown]"/>
			<param name="headline" value="$LOCALIZE[135]$VAR[EmbyConLabel]"/>
			<param name="widget_target" value="videos"/>
			<param name="sortby" value="sorttitle"/>
			<param name="content" value="$VAR[EmbyCon.MovieGenres]"/>
		</include>
	</include>
	<!-- Recommended movies-->
	<include name="W_RecommendedMovies">
		<include content="PosterWidget">
			<param name="id" value="$PARAM[id]"/>
			<param name="onup" value="$PARAM[onup]"/>
			<param name="ondown" value="$PARAM[ondown]"/>
			<param name="headline" value="$LOCALIZE[31017]"/>
			<param name="mainlabel" value="$INFO[ListItem.Title]"/>
			<param name="sublabel" value="$INFO[ListItem.Year]"/>
			<param name="widget_target" value="videos"/>
			<param name="limit" value="30"/>
			<param name="content" value="special://skin/playlists/video/RecommendedMovies.xsp"/>
		</include>
	</include>
	<include name="W_EmbyCon_RecommendedMovies">
		<include content="PosterWidget">
			<param name="visible" value="System.HasAddon(plugin.video.embycon)"/>
			<param name="id" value="$PARAM[id]"/>
			<param name="onup" value="$PARAM[onup]"/>
			<param name="ondown" value="$PARAM[ondown]"/>
			<param name="headline" value="$LOCALIZE[31017]$VAR[EmbyConLabel]"/>
			<param name="mainlabel" value="$INFO[ListItem.Title]"/>
			<param name="sublabel" value="$INFO[ListItem.Year]"/>
			<param name="widget_target" value="videos"/>
			<param name="sortby" value="rating"/>
			<param name="sortorder" value="descending"/>
			<param name="limit" value="30"/>
			<param name="content" value="$VAR[EmbyCon.RecommendedMovies]"/>
		</include>
	</include>
	<!-- Similar movies -->
	<include name="W_SimilarMovies">
		<include content="PosterWidget">
			<param name="id" value="$PARAM[id]"/>
			<param name="onup" value="$PARAM[onup]"/>
			<param name="ondown" value="$PARAM[ondown]"/>
			<param name="headline" value="$LOCALIZE[31018] $INFO[Container($PARAM[id]).ListItem.Property(similartitle)]"/>
			<param name="mainlabel" value="$INFO[ListItem.Title]"/>
			<param name="sublabel" value="$INFO[ListItem.Year]"/>
			<param name="widget_target" value="videos"/>
			<param name="limit" value="30"/>
			<param name="content" value="plugin://script.skin.helper.widgets/?action=similar&amp;mediatype=movies&amp;reload=$INFO[Window(Home).Property(widgetreload2)]"/>
		</include>
	</include>
	<include name="W_EmbyCon_SimilarMovies">
		<include content="PosterWidget">
			<param name="visible" value="System.HasAddon(plugin.video.embycon)"/>
			<param name="id" value="$PARAM[id]"/>
			<param name="onup" value="$PARAM[onup]"/>
			<param name="ondown" value="$PARAM[ondown]"/>
			<param name="headline" value="$LOCALIZE[31018] $INFO[Container($PARAM[id]).ListItem.Property(suggested_from_watching)]$VAR[EmbyConLabel]"/>
			<param name="mainlabel" value="$INFO[ListItem.Title]"/>
			<param name="sublabel" value="$INFO[ListItem.Year]"/>
			<param name="widget_target" value="videos"/>
			<param name="limit" value="30"/>
			<param name="content" value="$VAR[EmbyCon.SimilarMovies]"/>
		</include>
	</include>
	<!-- Top 250 movies -->
	<include name="W_Top250Movies">
		<include content="PosterWidget">
			<param name="id" value="$PARAM[id]"/>
			<param name="onup" value="$PARAM[onup]"/>
			<param name="ondown" value="$PARAM[ondown]"/>
			<param name="headline" value="$LOCALIZE[31097]"/>
			<param name="mainlabel" value="$INFO[ListItem.Label]"/>
			<param name="sublabel" value="$INFO[ListItem.Year]"/>
			<param name="widget_target" value="videos"/>
			<param name="content" value="plugin://script.skin.helper.widgets/?action=top250&amp;mediatype=movies&amp;reload=$INFO[Window(Home).Property(widgetreload2)]"/>
		</include>
	</include>
	<!-- Fav movies -->
	<include name="W_FavMovies">
		<include content="PosterWidget">
			<param name="id" value="$PARAM[id]"/>
			<param name="onup" value="$PARAM[onup]"/>
			<param name="ondown" value="$PARAM[ondown]"/>
			<param name="headline" value="$LOCALIZE[31062]"/>
			<param name="sublabel" value="$INFO[ListItem.Year]"/>
			<param name="widget_target" value="videos"/>
			<param name="content" value="library://video/emby_Favorite movies.xml"/>
		</include>
	</include>
	<include name="W_EmbyCon_FavMovies">
		<include content="PosterWidget">
			<param name="visible" value="System.HasAddon(plugin.video.embycon)"/>
			<param name="id" value="$PARAM[id]"/>
			<param name="onup" value="$PARAM[onup]"/>
			<param name="ondown" value="$PARAM[ondown]"/>
			<param name="headline" value="$LOCALIZE[31062]$VAR[EmbyConLabel]"/>
			<param name="sublabel" value="$INFO[ListItem.Year]"/>
			<param name="widget_target" value="videos"/>
			<param name="sortby" value="label"/>
			<param name="content" value="$VAR[EmbyCon.FavMovies]"/>
		</include>
	</include>
	<!-- In progress episodes -->
	<include name="W_InProgressShows">
		<include content="WideWidget">
			<param name="id" value="$PARAM[id]"/>
			<param name="onup" value="$PARAM[onup]"/>
			<param name="ondown" value="$PARAM[ondown]"/>
			<param name="headline" value="$LOCALIZE[31080]"/>
			<param name="widget_target" value="videos"/>
			<param name="content" value="special://skin/playlists/video/InProgressEpisodes.xsp"/>
		</include>
	</include>
	<include name="W_EmbyCon_InProgressShows">
		<include content="WideWidget">
			<param name="visible" value="System.HasAddon(plugin.video.embycon)"/>
			<param name="id" value="$PARAM[id]"/>
			<param name="onup" value="$PARAM[onup]"/>
			<param name="ondown" value="$PARAM[ondown]"/>
			<param name="headline" value="$LOCALIZE[31080]$VAR[EmbyConLabel]"/>
			<param name="widget_target" value="videos"/>
			<param name="content" value="$VAR[EmbyCon.InProgressShows]"/>
		</include>
	</include>
	<!-- Gernres -->
	<include name="W_TVShowGenres">
		<include content="PosterWidget">
			<param name="id" value="$PARAM[id]"/>
			<param name="height" value="551"/>
			<param name="onup" value="$PARAM[onup]"/>
			<param name="ondown" value="$PARAM[ondown]"/>
			<param name="headline" value="$LOCALIZE[135]"/>
			<param name="layout" value="GenreLayout"/>
			<param name="sortby" value="sorttitle"/>
			<param name="widget_target" value="videos"/>
			<param name="content" value="plugin://script.skin.helper.widgets/?action=browsegenres&amp;mediatype=tvshows&amp;limit=1000&amp;reload=$INFO[Window(Home).Property(widgetreload2)]"/>
		</include>
	</include>
	<include name="W_EmbyCon_TVShowGenres">
		<include content="PosterWidget">
			<param name="visible" value="System.HasAddon(plugin.video.embycon)"/>
			<param name="id" value="$PARAM[id]"/>
			<param name="height" value="551"/>
			<param name="onup" value="$PARAM[onup]"/>
			<param name="ondown" value="$PARAM[ondown]"/>
			<param name="headline" value="$LOCALIZE[135]$VAR[EmbyConLabel]"/>
			<param name="sortby" value="sorttitle"/>
			<param name="widget_target" value="videos"/>
			<param name="content" value="$VAR[EmbyCon.TVShowGenres]"/>
		</include>
	</include>
	<!-- Recommended -->
	<include name="W_RecommendedShows">
		<include content="WideWidget">
			<param name="id" value="$PARAM[id]"/>
			<param name="onup" value="$PARAM[onup]"/>
			<param name="ondown" value="$PARAM[ondown]"/>
			<param name="headline" value="$LOCALIZE[31017]"/>
			<param name="sublabel" value="$INFO[ListItem.Year]"/>
			<param name="widget_target" value="videos"/>
			<param name="limit" value="30"/>
			<param name="content" value="special://skin/playlists/video/RecommendedTVShows.xsp"/>
		</include>
	</include>
	<include name="W_EmbyCon_RecommendedShows">
		<include content="WideWidget">
			<param name="visible" value="System.HasAddon(plugin.video.embycon)"/>
			<param name="id" value="$PARAM[id]"/>
			<param name="onup" value="$PARAM[onup]"/>
			<param name="ondown" value="$PARAM[ondown]"/>
			<param name="headline" value="$LOCALIZE[31017]$VAR[EmbyConLabel]"/>
			<param name="sublabel" value="$INFO[ListItem.Year]"/>
			<param name="widget_target" value="videos"/>
			<param name="limit" value="30"/>
			<param name="sortby" value="rating"/>
			<param name="sortorder" value="descending"/>
			<param name="content" value="$VAR[EmbyCon.RecommendedShows]"/>
		</include>
	</include>
	<!-- top 250 -->
	<include name="W_Top250Shows">
		<include content="WideWidget">
			<param name="id" value="$PARAM[id]"/>
			<param name="onup" value="$PARAM[onup]"/>
			<param name="ondown" value="$PARAM[ondown]"/>
			<param name="headline" value="$LOCALIZE[31098]"/>
			<param name="mainlabel" value="$INFO[ListItem.Label]"/>
			<param name="sublabel" value="$INFO[ListItem.Year]"/>
			<param name="widget_target" value="videos"/>
			<param name="content" value="plugin://script.skin.helper.widgets/?action=top250&amp;mediatype=tvshows&amp;reload=$INFO[Window(Home).Property(widgetreload2)]"/>
		</include>
	</include>
	<!-- Fav shows -->
	<include name="W_FavShows">
		<include content="WideWidget">
			<param name="id" value="$PARAM[id]"/>
			<param name="onup" value="$PARAM[onup]"/>
			<param name="ondown" value="$PARAM[ondown]"/>
			<param name="headline" value="$LOCALIZE[31064]"/>
			<param name="sublabel" value="$INFO[ListItem.Year]"/>
			<param name="widget_target" value="videos"/>
			<param name="content" value="library://video/emby_Favorite tvshows.xml"/>
		</include>
	</include>
	<include name="W_EmbyCon_FavShows">
		<include content="WideWidget">
			<param name="visible" value="System.HasAddon(plugin.video.embycon)"/>
			<param name="id" value="$PARAM[id]"/>
			<param name="onup" value="$PARAM[onup]"/>
			<param name="ondown" value="$PARAM[ondown]"/>
			<param name="headline" value="$LOCALIZE[31064]$VAR[EmbyConLabel]"/>
			<param name="sublabel" value="$INFO[ListItem.Year]"/>
			<param name="widget_target" value="videos"/>
			<param name="content" value="$VAR[EmbyCon.FavTVShows]"/>
		</include>
	</include>
	<!-- Last played albums -->
	<include name="W_PlayedAlbums">
		<include content="SquareWidget">
			<param name="id" value="$PARAM[id]"/>
			<param name="onup" value="$PARAM[onup]"/>
			<param name="ondown" value="$PARAM[ondown]"/>
			<param name="headline" value="$LOCALIZE[517]"/>
			<param name="widget_target" value="music"/>
			<param name="limit" value="30"/>
			<param name="sortby" value="lastplayed"/>
			<param name="sortorder" value="descending"/>
			<param name="content" value="musicdb://recentlyplayedalbums/"/>
		</include>
	</include>
	<!-- Often played songs -->
	<include name="W_OftenPlayedSongs">
		<include content="SquareWidget">
			<param name="id" value="$PARAM[id]"/>
			<param name="onup" value="$PARAM[onup]"/>
			<param name="ondown" value="$PARAM[ondown]"/>
			<param name="headline" value="$LOCALIZE[31215]"/>
			<param name="widget_target" value="music"/>
			<param name="limit" value="30"/>
			<param name="sortby" value="playcount"/>
			<param name="sortorder" value="descending"/>
			<param name="content" value="musicdb://songs/"/>
		</include>
	</include>
	<include name="W_EmbyCon_OftenPlayedSongs">
		<include content="SquareWidget">
			<param name="visible" value="System.HasAddon(plugin.video.embycon)"/>
			<param name="id" value="$PARAM[id]"/>
			<param name="onup" value="$PARAM[onup]"/>
			<param name="ondown" value="$PARAM[ondown]"/>
			<param name="headline" value="$LOCALIZE[31215]$VAR[EmbyConLabel]"/>
			<param name="widget_target" value="music"/>
			<param name="limit" value="30"/>
			<param name="content" value="$VAR[EmbyCon.OftenPlayedSongs]"/>
		</include>
	</include>
	<!-- Fav artist -->
	<include name="W_EmbyCon_FavArtists">
		<include content="SquareWidget">
			<param name="visible" value="System.HasAddon(plugin.video.embycon)"/>
			<param name="id" value="$PARAM[id]"/>
			<param name="onup" value="$PARAM[onup]"/>
			<param name="ondown" value="$PARAM[ondown]"/>
			<param name="headline" value="$LOCALIZE[31212]$VAR[EmbyConLabel]"/>
			<param name="widget_target" value="music"/>
			<param name="content" value="$VAR[EmbyCon.FavArtists]"/>
		</include>
	</include>
	<!-- Fav albumss -->
	<include name="W_EmbyCon_FavAlbums">
		<include content="SquareWidget">
			<param name="visible" value="System.HasAddon(plugin.video.embycon)"/>
			<param name="id" value="$PARAM[id]"/>
			<param name="onup" value="$PARAM[onup]"/>
			<param name="ondown" value="$PARAM[ondown]"/>
			<param name="headline" value="$LOCALIZE[31213]$VAR[EmbyConLabel]"/>
			<param name="widget_target" value="music"/>
			<param name="content" value="$VAR[EmbyCon.FavAlbums]"/>
		</include>
	</include>
	<!-- Fav songs -->
	<include name="W_EmbyCon_FavSongs">
		<include content="SquareWidget">
			<param name="visible" value="System.HasAddon(plugin.video.embycon)"/>
			<param name="id" value="$PARAM[id]"/>
			<param name="onup" value="$PARAM[onup]"/>
			<param name="ondown" value="$PARAM[ondown]"/>
			<param name="headline" value="$LOCALIZE[31214]$VAR[EmbyConLabel]"/>
			<param name="content" value="$VAR[EmbyCon.FavSongs]"/>
		</include>
	</include>
	<!-- Kodi favs -->
	<include name="W_Fav">
		<include content="SquareWidget">
			<param name="id" value="$PARAM[id]"/>
			<param name="onup" value="$PARAM[onup]"/>
			<param name="ondown" value="$PARAM[ondown]"/>
			<param name="height" value="476"/>
			<param name="headline" value="$LOCALIZE[1036]"/>
			<param name="content" value="favourites://"/>
			<param name="layout" value="SquareFavourits"/>
			<param name="use_custom_onclick" value="true"/>
			<param name="onclick" value="$INFO[ListItem.FileNameAndPath]"/>
		</include>
	</include>



	<!-- User Widgets -->
	<include name="W_Custom_Temolate">
		<include condition="!String.IsEqual(Skin.String(UserWidget$PARAM[nr]_path),favourites://) + [String.IsEqual(Skin.String(UserWidget$PARAM[nr]_layout),HomePosterWidget) | String.IsEmpty(Skin.String(UserWidget$PARAM[nr]_layout))]" content="PosterWidget">
			<param name="visible" value="!String.IsEmpty(Skin.String(UserWidget$PARAM[nr]_path))"/>
			<param name="id" value="$PARAM[id]"/>
			<param name="onup" value="$PARAM[onup]"/>
			<param name="ondown" value="$PARAM[ondown]"/>
			<param name="headline" value="$INFO[Skin.String(UserWidget$PARAM[nr]_name)]"/>
			<param name="widget_target" value="$INFO[Skin.String(UserWidget$PARAM[nr]_target)]"/>
			<param name="content" value="$INFO[Skin.String(UserWidget$PARAM[nr]_path)]"/>
		</include>
		<include condition="!String.IsEqual(Skin.String(UserWidget$PARAM[nr]_path),favourites://) + String.IsEqual(Skin.String(UserWidget$PARAM[nr]_layout),HomeWideWidget)" content="WideWidget">
			<param name="visible" value="!String.IsEmpty(Skin.String(UserWidget$PARAM[nr]_path))"/>
			<param name="id" value="$PARAM[id]"/>
			<param name="onup" value="$PARAM[onup]"/>
			<param name="ondown" value="$PARAM[ondown]"/>
			<param name="headline" value="$INFO[Skin.String(UserWidget$PARAM[nr]_name)]"/>
			<param name="widget_target" value="$INFO[Skin.String(UserWidget$PARAM[nr]_target)]"/>
			<param name="content" value="$INFO[Skin.String(UserWidget$PARAM[nr]_path)]"/>
		</include>
		<include condition="!String.IsEqual(Skin.String(UserWidget$PARAM[nr]_path),favourites://) + String.IsEqual(Skin.String(UserWidget$PARAM[nr]_layout),HomeSquareWidget)" content="SquareWidget">
			<param name="visible" value="!String.IsEmpty(Skin.String(UserWidget$PARAM[nr]_path))"/>
			<param name="id" value="$PARAM[id]"/>
			<param name="onup" value="$PARAM[onup]"/>
			<param name="ondown" value="$PARAM[ondown]"/>
			<param name="headline" value="$INFO[Skin.String(UserWidget$PARAM[nr]_name)]"/>
			<param name="widget_target" value="$INFO[Skin.String(UserWidget$PARAM[nr]_target)]"/>
			<param name="content" value="$INFO[Skin.String(UserWidget$PARAM[nr]_path)]"/>
		</include>
		<include condition="String.IsEqual(Skin.String(UserWidget$PARAM[nr]_path),favourites://) + [String.IsEqual(Skin.String(UserWidget$PARAM[nr]_layout),HomePosterWidget) | String.IsEmpty(Skin.String(UserWidget$PARAM[nr]_layout))]" content="PosterWidget">
			<param name="visible" value="!String.IsEmpty(Skin.String(UserWidget$PARAM[nr]_path))"/>
			<param name="id" value="$PARAM[id]"/>
			<param name="onup" value="$PARAM[onup]"/>
			<param name="ondown" value="$PARAM[ondown]"/>
			<param name="headline" value="$INFO[Skin.String(UserWidget$PARAM[nr]_name)]"/>
			<param name="widget_target" value="$INFO[Skin.String(UserWidget$PARAM[nr]_target)]"/>
			<param name="content" value="$INFO[Skin.String(UserWidget$PARAM[nr]_path)]"/>
			<param name="use_custom_onclick" value="true"/>
			<param name="onclick" value="$INFO[ListItem.FileNameAndPath]"/>
		</include>
		<include condition="String.IsEqual(Skin.String(UserWidget$PARAM[nr]_path),favourites://) + String.IsEqual(Skin.String(UserWidget$PARAM[nr]_layout),HomeWideWidget)" content="WideWidget">
			<param name="visible" value="!String.IsEmpty(Skin.String(UserWidget$PARAM[nr]_path))"/>
			<param name="id" value="$PARAM[id]"/>
			<param name="onup" value="$PARAM[onup]"/>
			<param name="ondown" value="$PARAM[ondown]"/>
			<param name="headline" value="$INFO[Skin.String(UserWidget$PARAM[nr]_name)]"/>
			<param name="widget_target" value="$INFO[Skin.String(UserWidget$PARAM[nr]_target)]"/>
			<param name="content" value="$INFO[Skin.String(UserWidget$PARAM[nr]_path)]"/>
			<param name="use_custom_onclick" value="true"/>
			<param name="onclick" value="$INFO[ListItem.FileNameAndPath]"/>
		</include>
		<include condition="String.IsEqual(Skin.String(UserWidget$PARAM[nr]_path),favourites://) + String.IsEqual(Skin.String(UserWidget$PARAM[nr]_layout),HomeSquareWidget)" content="SquareWidget">
			<param name="visible" value="!String.IsEmpty(Skin.String(UserWidget$PARAM[nr]_path))"/>
			<param name="id" value="$PARAM[id]"/>
			<param name="onup" value="$PARAM[onup]"/>
			<param name="ondown" value="$PARAM[ondown]"/>
			<param name="headline" value="$INFO[Skin.String(UserWidget$PARAM[nr]_name)]"/>
			<param name="widget_target" value="$INFO[Skin.String(UserWidget$PARAM[nr]_target)]"/>
			<param name="content" value="$INFO[Skin.String(UserWidget$PARAM[nr]_path)]"/>
			<param name="use_custom_onclick" value="true"/>
			<param name="onclick" value="$INFO[ListItem.FileNameAndPath]"/>
		</include>
	</include>
	<include name="W_Custom1">
		<include content="W_Custom_Temolate">
			<param name="nr" value="1"/>
			<param name="id" value="$PARAM[id]"/>
			<param name="onup" value="$PARAM[onup]"/>
			<param name="ondown" value="$PARAM[ondown]"/>
		</include>
	</include>
	<include name="W_Custom2">
		<include content="W_Custom_Temolate">
			<param name="nr" value="2"/>
			<param name="id" value="$PARAM[id]"/>
			<param name="onup" value="$PARAM[onup]"/>
			<param name="ondown" value="$PARAM[ondown]"/>
		</include>
	</include>
	<include name="W_Custom3">
		<include content="W_Custom_Temolate">
			<param name="nr" value="3"/>
			<param name="id" value="$PARAM[id]"/>
			<param name="onup" value="$PARAM[onup]"/>
			<param name="ondown" value="$PARAM[ondown]"/>
		</include>
	</include>
	<include name="W_Custom4">
		<include content="W_Custom_Temolate">
			<param name="nr" value="4"/>
			<param name="id" value="$PARAM[id]"/>
			<param name="onup" value="$PARAM[onup]"/>
			<param name="ondown" value="$PARAM[ondown]"/>
		</include>
	</include>
	<include name="W_Custom5">
		<include content="W_Custom_Temolate">
			<param name="nr" value="5"/>
			<param name="id" value="$PARAM[id]"/>
			<param name="onup" value="$PARAM[onup]"/>
			<param name="ondown" value="$PARAM[ondown]"/>
		</include>
	</include>
	<include name="W_Custom6">
		<include content="W_Custom_Temolate">
			<param name="nr" value="6"/>
			<param name="id" value="$PARAM[id]"/>
			<param name="onup" value="$PARAM[onup]"/>
			<param name="ondown" value="$PARAM[ondown]"/>
		</include>
	</include>
	<include name="W_Custom7">
		<include content="W_Custom_Temolate">
			<param name="nr" value="7"/>
			<param name="id" value="$PARAM[id]"/>
			<param name="onup" value="$PARAM[onup]"/>
			<param name="ondown" value="$PARAM[ondown]"/>
		</include>
	</include>
	<include name="W_Custom8">
		<include content="W_Custom_Temolate">
			<param name="nr" value="8"/>
			<param name="id" value="$PARAM[id]"/>
			<param name="onup" value="$PARAM[onup]"/>
			<param name="ondown" value="$PARAM[ondown]"/>
		</include>
	</include>
	<include name="W_Custom9">
		<include content="W_Custom_Temolate">
			<param name="nr" value="9"/>
			<param name="id" value="$PARAM[id]"/>
			<param name="onup" value="$PARAM[onup]"/>
			<param name="ondown" value="$PARAM[ondown]"/>
		</include>
	</include>
	<include name="W_Custom10">
		<include content="W_Custom_Temolate">
			<param name="nr" value="10"/>
			<param name="id" value="$PARAM[id]"/>
			<param name="onup" value="$PARAM[onup]"/>
			<param name="ondown" value="$PARAM[ondown]"/>
		</include>
	</include>
	<include name="W_Custom11">
		<include content="W_Custom_Temolate">
			<param name="nr" value="11"/>
			<param name="id" value="$PARAM[id]"/>
			<param name="onup" value="$PARAM[onup]"/>
			<param name="ondown" value="$PARAM[ondown]"/>
		</include>
	</include>
	<include name="W_Custom12">
		<include content="W_Custom_Temolate">
			<param name="nr" value="12"/>
			<param name="id" value="$PARAM[id]"/>
			<param name="onup" value="$PARAM[onup]"/>
			<param name="ondown" value="$PARAM[ondown]"/>
		</include>
	</include>
	<include name="W_Custom13">
		<include content="W_Custom_Temolate">
			<param name="nr" value="13"/>
			<param name="id" value="$PARAM[id]"/>
			<param name="onup" value="$PARAM[onup]"/>
			<param name="ondown" value="$PARAM[ondown]"/>
		</include>
	</include>
	<include name="W_Custom14">
		<include content="W_Custom_Temolate">
			<param name="nr" value="14"/>
			<param name="id" value="$PARAM[id]"/>
			<param name="onup" value="$PARAM[onup]"/>
			<param name="ondown" value="$PARAM[ondown]"/>
		</include>
	</include>
	<include name="W_Custom15">
		<include content="W_Custom_Temolate">
			<param name="nr" value="15"/>
			<param name="id" value="$PARAM[id]"/>
			<param name="onup" value="$PARAM[onup]"/>
			<param name="ondown" value="$PARAM[ondown]"/>
		</include>
	</include>
	<include name="W_Custom16">
		<include content="W_Custom_Temolate">
			<param name="nr" value="16"/>
			<param name="id" value="$PARAM[id]"/>
			<param name="onup" value="$PARAM[onup]"/>
			<param name="ondown" value="$PARAM[ondown]"/>
		</include>
	</include>
	<include name="W_Custom17">
		<include content="W_Custom_Temolate">
			<param name="nr" value="17"/>
			<param name="id" value="$PARAM[id]"/>
			<param name="onup" value="$PARAM[onup]"/>
			<param name="ondown" value="$PARAM[ondown]"/>
		</include>
	</include>
	<include name="W_Custom18">
		<include content="W_Custom_Temolate">
			<param name="nr" value="18"/>
			<param name="id" value="$PARAM[id]"/>
			<param name="onup" value="$PARAM[onup]"/>
			<param name="ondown" value="$PARAM[ondown]"/>
		</include>
	</include>
	<include name="W_Custom19">
		<include content="W_Custom_Temolate">
			<param name="nr" value="19"/>
			<param name="id" value="$PARAM[id]"/>
			<param name="onup" value="$PARAM[onup]"/>
			<param name="ondown" value="$PARAM[ondown]"/>
		</include>
	</include>
	<include name="W_Custom20">
		<include content="W_Custom_Temolate">
			<param name="nr" value="20"/>
			<param name="id" value="$PARAM[id]"/>
			<param name="onup" value="$PARAM[onup]"/>
			<param name="ondown" value="$PARAM[ondown]"/>
		</include>
	</include>
</includes>