<?xml version="1.0" encoding="UTF-8" standalone="yes"?>
<addon id="plugin.video.akibapass" name="Akibapass" version="0.6.1" provider-name="MrKrabat">
    <requires>
        <import addon="xbmc.python" version="2.25.0"/>
        <import addon="script.module.beautifulsoup4" version="4.3.2"/>
    </requires>
    <extension point="xbmc.python.pluginsource" library="default.py">
        <provides>video</provides>
    </extension>
    <extension point="xbmc.addon.metadata">
        <platform>all</platform>
        <language>de</language>
        <summary lang="en_GB">Watch videos from the german platform Akibapass.de!</summary>
        <summary lang="de_DE">Schaue Videos von der deutschen Streaming Plattform Akibapass.de!</summary>
        <description lang="en_GB">All of your favorite series directly from japan here at Akibapass.de. Access new simulcasts and a lot of classics.</description>
        <description lang="de_DE">Alle deine Lieblingsserien direkt aus Japan bei Akibapass.de. Zugang zu aktuellen Simulcasts und jeder Menge Klassikern.</description>
        <disclaimer lang="en_GB">WARNING: You MUST be a PREMIUM member or BUY videos to use this plugin</disclaimer>
        <disclaimer lang="de_DE">HINWEIS: Du MUSST PREMIUM Mitglied sein oder Videos KAUFEN um dieses Plugin zu benutzen</disclaimer>
        <news>v0.6.1 (2018.03.24)[CR]- Added Python3 support[CR]- Refactoring</news>
        <license>GNU Affero General Public License, v3</license>
        <forum>https://www.kodinerds.net/index.php/Thread/58346-Release-Akibapass-de/</forum>
        <website>https://www.akibapass.de/</website>
        <source>https://github.com/MrKrabat/plugin.video.akibapass</source>
        <email></email>
        <assets>
            <icon>icon.png</icon>
            <fanart>fanart.jpg</fanart>
            <screenshot>resources/media/screenshot-01.jpg</screenshot>
            <screenshot>resources/media/screenshot-02.jpg</screenshot>
            <screenshot>resources/media/screenshot-03.jpg</screenshot>
        </assets>
    </extension>
</addon>
