<?xml version="1.0" encoding="UTF-8"?>
<window id="1114">
	<defaultcontrol always="true">102</defaultcontrol>
	<backgroundcolor>background</backgroundcolor>
	<menucontrol>6666</menucontrol>
	<controls>
		<!-- background -->
		<include>Background</include>
		<!-- Genres -->
		<include content="Genre_View">
			<param name="content" value="$INFO[Window(home).Property(ListGenres)]"/>
		</include>
		<!-- scrollbar -->
		<include content="ScrollbarVertical">
			<param name="visible" value="!Skin.HasSetting(HideScrollbars)"/>
		</include>
		<!-- header bar -->
		<include content="HeaderBar">
			<param name="id">10</param>
		</include>
		<!-- side panel -->
		<include content="SidePanel">
			<param name="onright">10</param>
		</include>
	</controls>
</window>
