<?xml version="1.0" encoding="UTF-8" standalone="yes"?>
<addon id="plugin.video.4playersweb" name="4players (Webbased)" version="0.2.0" provider-name="L0RE">
    <requires>
        <import addon="xbmc.python" version="2.20.0" />
        <import addon="script.module.beautifulsoup4" version="4.3.2"/>
        <import addon="script.module.requests" version="2.12.4"/>
    </requires>
    <extension point="xbmc.python.pluginsource" library="addon.py">
        <provides>video</provides>
    </extension>
    <extension point="xbmc.addon.metadata">
        <summary lang="en">Videos from 4players</summary>
        <description lang="en">Videos from 4players</description>
        <platform>all</platform>
        <language>en</language>
        <license>GNU General Public License, v2</license>
        <email></email>
    </extension>
</addon>
