<?xml version="1.0" encoding="UTF-8" standalone="yes"?>
<addon id="plugin.video.hltv" version="0.2.1" name="HLTV" provider-name="Jin">
    <requires>
        <import addon="xbmc.python" version="2.24.0"/>
    </requires>
    <extension point="xbmc.python.pluginsource" library="addon.py">
        <provides>video</provides>
    </extension>
    <extension point="xbmc.addon.metadata">
        <summary lang="de_DE">CS:GO Live und auf Abruf</summary>
        <summary lang="en_GB">CS:GO Live and On Demand</summary>
        <description lang="de_DE">Video Addon für hltv.org</description>
        <description lang="en_GB">Video Addon for hltv.org</description>
        <platform>all</platform>
        <license>GNU GENERAL PUBLIC LICENSE. Version 2, June 1991</license>
        <disclaimer lang="de_DE">Inoffizielles Addon - Benutzung auf eigene Gefahr</disclaimer>
        <disclaimer lang="en_GB">Unofficial Addon - Use at your own risk</disclaimer>
        <news>
v0.2.1
addon update after website changes
        </news>
    </extension>
</addon>
