<?xml version="1.0" encoding="UTF-8"?>
<window id="1500" type="dialog">
    <defaultcontrol always="true">36100</defaultcontrol>
	<backgroundcolor>$VAR[BackgroundOverlayColor]</backgroundcolor>
    <onunload>ClearProperty(HomeButton)</onunload>
    <controls>
        <include>BlackBack</include>
        <control type="group" id="576757">
            <include>openclosebox</include>
            <left>352</left>
            <top>90</top>
            <width>1215</width>
            <height>900</height>
            <control type="image">
                <description>background image</description>
                <left>0</left>
                <top>0</top>
                <width>1215</width>
                <height>900</height>
                <colordiffuse>grey1</colordiffuse>
                <texture border="1">WhiteBack.png</texture>
            </control>
            <control type="image">
                <description>background image</description>
                <left>15</left>
                <top>15</top>
                <width>1185</width>
                <height>870</height>
                <texture border="1">WhiteBack.png</texture>
            </control>
            <control type="label">
                <description>header label</description>
                <left>60</left>
                <top>22</top>
                <width>1095</width>
                <height>45</height>
                <font>impacted21</font>
                <label>$LOCALIZE[22080] dein Widget</label>
                <align>center</align>
                <aligny>center</aligny>
                <textcolor>grey2</textcolor>
            </control>
            <control type="image">
                <description>background image</description>
                <left>15</left>
                <top>72</top>
                <width>1185</width>
                <height>60</height>
                <colordiffuse>grey2</colordiffuse>
                <texture border="1">WhiteBack.png</texture>
            </control>
            <control type="grouplist">
                <left>870</left>
                <top>555</top>
                <width>330</width>
                <height>330</height>
                <control type="image">
                    <description>background image</description>
                    <width>450</width>
                    <height>450</height>
                    <aspectratio align="left">keep</aspectratio>
                    <colordiffuse>grey1</colordiffuse>
                    <texture border="1">Design-Scripticon.png</texture>
                </control>
            </control>
            <control type="label">
                <description>Title label</description>
                <left>38</left>
                <top>78</top>
                <width>1185</width>
                <label>[UPPERCASE]$VAR[WidgetPropertyLabel][/UPPERCASE]</label>
                <align>left</align>
                <scroll>false</scroll>
            </control>
            <control type="grouplist" id="36100"> <!-- music -->
                <!-- Music -->
                <left>45</left>
                <top>188</top>
                <width>1110</width>
                <height>870</height>
                <height>675</height>
                <itemgap>3</itemgap>
                <visible>String.IsEqual(Window(Home).Property(HomeButton),music)</visible>
                <control type="radiobutton" id="10">
                    <width>1110</width>
                    <height>52</height>
                    <align>left</align>
                    <label>$LOCALIZE[590] $LOCALIZE[36919]</label>
                    <textcolor>grey3</textcolor>
                    <texturenofocus>-</texturenofocus>
                    <onclick>Skin.Reset(Widget_RecommendedSongs)</onclick>
                    <onclick>Skin.Reset(Widget_RecentAlbums)</onclick>
                    <onclick>Skin.Reset(Widget_RecommendedAlbums)</onclick>
                    <onclick>Skin.Reset(Widget_RandomSongs)</onclick>
                    <onclick>Skin.ToggleSetting(Widget_RandomAlbums)</onclick>
                    <selected>Skin.HasSetting(Widget_RandomAlbums)</selected>
                </control>
                <control type="radiobutton" id="11">
                    <width>1110</width>
                    <height>52</height>
                    <align>left</align>
                    <label>$LOCALIZE[590] $LOCALIZE[36921]</label>
                    <textcolor>grey3</textcolor>
                    <texturenofocus>-</texturenofocus>
                    <!-- <onclick>Skin.Reset(Widget_RecommendedSongs)</onclick> -->
                    <onclick>Skin.Reset(Widget_RecentAlbums)</onclick>
                    <onclick>Skin.Reset(Widget_RecommendedAlbums)</onclick>
                    <onclick>Skin.Reset(Widget_RandomAlbums)</onclick>
                    <onclick>Skin.ToggleSetting(Widget_RandomSongs)</onclick>
                    <selected>Skin.HasSetting(Widget_RandomSongs)</selected>
                </control>
                <!-- <control type="radiobutton" id="12">
					<width>740</width>
					<height>35</height>
					<align>left</align>
					<label>$LOCALIZE[51421]</label>
					<textcolor>grey3</textcolor>
					<texturenofocus>-</texturenofocus>
					<onclick>Skin.Reset(Widget_RandomAlbums)</onclick>
					<onclick>Skin.Reset(Widget_RecentAlbums)</onclick>
					<onclick>Skin.Reset(Widget_RecommendedAlbums)</onclick>
					<onclick>Skin.Reset(Widget_RandomSongs)</onclick>
					<onclick>Skin.ToggleSetting(Widget_RecommendedSongs)</onclick>
					<selected>Skin.HasSetting(Widget_RecommendedSongs)</selected>
				</control> -->
                <control type="radiobutton" id="13">
                    <width>1110</width>
                    <height>52</height>
                    <align>left</align>
                    <label>$LOCALIZE[517]</label>
                    <textcolor>grey3</textcolor>
                    <texturenofocus>-</texturenofocus>
                    <onclick>Skin.Reset(Widget_RandomAlbums)</onclick>
                    <!-- <onclick>Skin.Reset(Widget_RecommendedSongs)</onclick> -->
                    <onclick>Skin.Reset(Widget_RecentAlbums)</onclick>
                    <onclick>Skin.Reset(Widget_RandomSongs)</onclick>
                    <onclick>Skin.ToggleSetting(Widget_RecommendedAlbums)</onclick>
                    <selected>Skin.HasSetting(Widget_RecommendedAlbums)</selected>
                </control>
                <control type="radiobutton" id="14">
                    <width>1110</width>
                    <height>52</height>
                    <align>left</align>
                    <label>$LOCALIZE[359]</label>
                    <textcolor>grey3</textcolor>
                    <texturenofocus>-</texturenofocus>
                    <onclick>Skin.Reset(Widget_RandomAlbums)</onclick>
                    <!-- <onclick>Skin.Reset(Widget_RecommendedSongs)</onclick> -->
                    <onclick>Skin.Reset(Widget_RecommendedAlbums)</onclick>
                    <onclick>Skin.Reset(Widget_RandomSongs)</onclick>
                    <onclick>Skin.ToggleSetting(Widget_RecentAlbums)</onclick>
                    <selected>Skin.HasSetting(Widget_RecentAlbums)</selected>
                </control>
                <include>WidgetGeneralSettings</include>
            </control>
            <control type="grouplist" id="36100"> <!-- video -->
                <!-- Videos -->
                <left>45</left>
                <top>188</top>
                <width>1110</width>
                <height>870</height>
                <height>675</height>
                <itemgap>3</itemgap>
                <visible>String.IsEqual(Window(Home).Property(HomeButton),videos)</visible>
                <control type="radiobutton" id="10">
                    <width>1110</width>
                    <height>52</height>
                    <align>left</align>
                    <label>$LOCALIZE[20094]</label>
                    <textcolor>grey3</textcolor>
                    <texturenofocus>-</texturenofocus>
                    <onclick>Skin.Reset(Widget_Videoplaylists)</onclick>
                    <onclick>Skin.ToggleSetting(Widget_Sources)</onclick>
                    <selected>Skin.HasSetting(Widget_Sources)</selected>
                </control>
                <control type="radiobutton" id="11">
                    <width>1110</width>
                    <height>52</height>
                    <align>left</align>
                    <label>$LOCALIZE[136]</label>
                    <textcolor>grey3</textcolor>
                    <texturenofocus>-</texturenofocus>
                    <onclick>Skin.Reset(Widget_Sources)</onclick>
                    <onclick>Skin.ToggleSetting(Widget_Videoplaylists)</onclick>
                    <selected>Skin.HasSetting(Widget_Videoplaylists)</selected>
                </control>
                <include>WidgetGeneralSettings</include>
            </control>
            <control type="grouplist" id="36100"> <!-- movies -->
                <!-- Videos -->
                <left>45</left>
                <top>188</top>
                <width>1110</width>
                <height>870</height>
                <height>675</height>
                <itemgap>3</itemgap>
                <visible>String.IsEqual(Window(Home).Property(HomeButton),movies)</visible>
                <control type="radiobutton" id="10">
                    <width>1110</width>
                    <height>52</height>
                    <align>left</align>
                    <label>$LOCALIZE[575]</label>
                    <textcolor>grey3</textcolor>
                    <texturenofocus>-</texturenofocus>
                    <onclick>Skin.Reset(Widget_RecentMovies)</onclick>
                    <onclick>Skin.Reset(Widget_RandomMovies)</onclick>
                    <onclick>Skin.ToggleSetting(Widget_RecommendedMovies)</onclick>
                    <selected>Skin.HasSetting(Widget_RecommendedMovies)</selected>
					<visible>!Skin.HasSetting(HomeMenu_Custom_Movie_Button)</visible>
                </control>
                <control type="radiobutton" id="11">
                    <width>1110</width>
                    <height>52</height>
                    <align>left</align>
                    <label>$LOCALIZE[590]</label>
                    <textcolor>grey3</textcolor>
                    <texturenofocus>-</texturenofocus>
                    <onclick>Skin.Reset(Widget_RecommendedMovies)</onclick>
                    <onclick>Skin.Reset(Widget_RecentMovies)</onclick>
                    <onclick>Skin.ToggleSetting(Widget_RandomMovies)</onclick>
                    <selected>Skin.HasSetting(Widget_RandomMovies)</selected>
					<visible>!Skin.HasSetting(HomeMenu_Custom_Movie_Button)</visible>
                </control>
                <control type="radiobutton" id="12">
                    <width>1110</width>
                    <height>52</height>
                    <align>left</align>
                    <label>$LOCALIZE[20386]</label>
                    <textcolor>grey3</textcolor>
                    <texturenofocus>-</texturenofocus>
                    <onclick>Skin.Reset(Widget_RecommendedMovies)</onclick>
                    <onclick>Skin.Reset(Widget_RandomMovies)</onclick>
                    <onclick>Skin.ToggleSetting(Widget_RecentMovies)</onclick>
                    <selected>Skin.HasSetting(Widget_RecentMovies)</selected>
					<visible>!Skin.HasSetting(HomeMenu_Custom_Movie_Button)</visible>
                </control>
                <include>WidgetGeneralSettings</include>
            </control>
            <control type="grouplist" id="36100"> <!-- dashboard -->
                <left>45</left>
                <top>188</top>
                <width>1110</width>
                <height>870</height>
                <height>675</height>
                <itemgap>3</itemgap>
                <visible>String.IsEqual(Window(Home).Property(HomeButton),dashboard)</visible>
					<!-- 51549|dashboard_newdvdreleases,
					515490|dashboard_currentdvdmovies,
					51550|dashboard_toprentals,
					51551|dashboard_intheaters,
					51552|dashboard_comingsoon,
					51553|dashboard_opening,		
					51554|dashboard_boxoffice, -->
				<control type="button" id="50">
					<description>Blog Settings</description>
					<width>1110</width>
					<height>52</height>
					<align>left</align>
					<textcolor>grey3</textcolor>
					<texturenofocus>-</texturenofocus>
					<label>51541</label>
					<label2>$VAR[DashboardExtendedInfoLabel]</label2>
					<onclick>Skin.SelectBool(51541,
					594|dashboard_eventblog1_off,
					51546|dashboard_youtubeuser,
					51547|dashboard_youtube,
					515470|dashboard_youtubeplaylists,
					51548|dashboard_appletrailer,
					51555|dashboard_incinemas,
					51556|dashboard_upcoming,
					51557|dashboard_popularmovies,
					51558|dashboard_topratedmovies,
					51559|dashboard_populartvshows,
					51560|dashboard_topratedtvshows,
					51561|dashboard_onairtvshows,
					51562|dashboard_airingtodaytvshows,
					51563|dashboard_trendingmovies,
					51564|dashboard_trendingshows,
					51565|dashboard_airingshows,
					51566|dashboard_premiereshows,
					)</onclick>
					<enable>System.HasAddon(script.extendedinfo)</enable>
				</control>
				<control type="button" id="49">
					<description>Blog Settings</description>
					<width>1110</width>
					<height>52</height>
					<align>left</align>
					<textcolor>grey3</textcolor>
					<texturenofocus>-</texturenofocus>
					<label>- YouTube $INFO[Skin.String(YoutubeSearchUser),(,)]</label>
					<onclick>Skin.SetString(YoutubeSearchUser)</onclick>
					<visible>Skin.HasSetting(dashboard_youtubeuser)+System.HasAddon(script.extendedinfo)</visible>
				</control>
				<control type="button" id="48">
					<description>Blog Settings</description>
					<width>1110</width>
					<height>52</height>
					<align>left</align>
					<textcolor>grey3</textcolor>
					<texturenofocus>-</texturenofocus>
					<label>- YouTube $INFO[Skin.String(YoutubeSearchPlaylists),(,)]</label>
					<onclick>Skin.SetString(YoutubeSearchPlaylists)</onclick>
					<visible>Skin.HasSetting(dashboard_youtubeplaylists)+System.HasAddon(script.extendedinfo)</visible>
				</control>
					<!-- 51549|dashboard_newdvdreleases2,
					515490|dashboard_currentdvdmovies2,
					51550|dashboard_toprentals2,
					51551|dashboard_intheaters2,
					51552|dashboard_comingsoon2,
					51553|dashboard_opening2,		
					51554|dashboard_boxoffice2, -->
				<control type="button" id="47">
					<description>Blog Settings</description>
					<width>1110</width>
					<height>52</height>
					<align>left</align>
					<textcolor>grey3</textcolor>
					<texturenofocus>-</texturenofocus>
					<label>51542</label>
					<label2>$VAR[DashboardExtendedInfoLabel2]</label2>
					<onclick>Skin.SelectBool(51542,
					594|dashboard_eventblog1_off2,
					51546|dashboard_youtubeuser2,
					51547|dashboard_youtube2,
					515470|dashboard_youtubeplaylists2,
					51548|dashboard_appletrailer2,
					51555|dashboard_incinemas2,
					51556|dashboard_upcoming2,
					51557|dashboard_popularmovies2,
					51558|dashboard_topratedmovies2,
					51559|dashboard_populartvshows2,
					51560|dashboard_topratedtvshows2,
					51561|dashboard_onairtvshows2,
					51562|dashboard_airingtodaytvshows2,
					51563|dashboard_trendingmovies2,
					51564|dashboard_trendingshows2,
					51565|dashboard_airingshows2,
					51566|dashboard_premiereshows2,
					)</onclick>
					<enable>System.HasAddon(script.extendedinfo)</enable>
				</control>
				<control type="button" id="46">
					<description>Blog Settings</description>
					<width>1110</width>
					<height>52</height>
					<align>left</align>
					<textcolor>grey3</textcolor>
					<texturenofocus>-</texturenofocus>
					<label>- YouTube $INFO[Skin.String(YoutubeSearchUser2),(,)]</label>
					<onclick>Skin.SetString(YoutubeSearchUser2)</onclick>
					<visible>Skin.HasSetting(dashboard_youtubeuser2)+System.HasAddon(script.extendedinfo)</visible>
				</control>
				<control type="button" id="45">
					<description>Blog Settings</description>
					<width>1110</width>
					<height>52</height>
					<align>left</align>
					<textcolor>grey3</textcolor>
					<texturenofocus>-</texturenofocus>
					<label>- YouTube $INFO[Skin.String(YoutubeSearchPlaylists2),(,)]</label>
					<onclick>Skin.SetString(YoutubeSearchPlaylists2)</onclick>
					<visible>Skin.HasSetting(dashboard_youtubeplaylists2)+System.HasAddon(script.extendedinfo)</visible>
				</control>
				<control type="radiobutton" id="44">
					<width>1110</width>
					<height>52</height>
					<align>left</align>
					<textcolor>grey3</textcolor>
					<texturenofocus>-</texturenofocus>
					<label>Fritz Dect</label>
					<onclick>Skin.ToggleSetting(Widget_NEWS_FritzDect)</onclick>
					<selected>Skin.HasSetting(Widget_NEWS_FritzDect)</selected>
					<visible>System.HasAddon(plugin.program.fritzact)</visible>
				</control>
            </control>
            <control type="grouplist" id="36100"> <!-- series -->
                <!-- TVShows -->
                <left>45</left>
                <top>188</top>
                <width>1110</width>
                <height>870</height>
                <height>675</height>
                <itemgap>3</itemgap>
                <visible>String.IsEqual(Window(Home).Property(HomeButton),tvshow)</visible>
                <control type="radiobutton" id="20">
                    <width>1110</width>
                    <height>52</height>
                    <align>left</align>
                    <label>$LOCALIZE[575]</label>
                    <textcolor>grey3</textcolor>
                    <texturenofocus>-</texturenofocus>
                    <onclick>Skin.Reset(Widget_RecentTVShows)</onclick>
                    <onclick>Skin.Reset(Widget_RandomTVShows)</onclick>
                    <onclick>Skin.ToggleSetting(Widget_RecommendedTVShows)</onclick>
                    <selected>Skin.HasSetting(Widget_RecommendedTVShows)</selected>
					<visible>!Skin.HasSetting(HomeMenu_Custom_SeriesButton)</visible>
                </control>
                <control type="radiobutton" id="21">
                    <width>1110</width>
                    <height>52</height>
                    <align>left</align>
                    <label>$LOCALIZE[590]</label>
                    <textcolor>grey3</textcolor>
                    <texturenofocus>-</texturenofocus>
                    <onclick>Skin.Reset(Widget_RecommendedTVShows)</onclick>
                    <onclick>Skin.Reset(Widget_RecentTVShows)</onclick>
                    <onclick>Skin.ToggleSetting(Widget_RandomTVShows)</onclick>
                    <selected>Skin.HasSetting(Widget_RandomTVShows)</selected>
                </control>
                <control type="button" id="22">
                    <width>1110</width>
                    <height>52</height>
                    <align>left</align>
                    <textcolor>grey3</textcolor>
                    <texturenofocus>-</texturenofocus>
					<label>- Widget Label</label>
					<label2>$INFO[Skin.String(Series_Node_WidgetLabel_RandomTVShows)]</label2>
					<onclick>Skin.SetString(Series_Node_WidgetLabel_RandomTVShows)</onclick>
					<visible>Skin.HasSetting(Widget_RandomTVShows)+Skin.HasSetting(HomeMenu_Custom_SeriesButton)</visible>
				</control>
                <control type="radiobutton" id="23">
                    <width>1110</width>
                    <height>52</height>
                    <align>left</align>
                    <label>$LOCALIZE[51425]</label>
                    <textcolor>grey3</textcolor>
                    <texturenofocus>-</texturenofocus>
                    <onclick>Skin.Reset(Widget_RecommendedTVShows)</onclick>
                    <onclick>Skin.Reset(Widget_RandomTVShows)</onclick>
                    <onclick>Skin.ToggleSetting(Widget_RecentTVShows)</onclick>
                    <selected>Skin.HasSetting(Widget_RecentTVShows)</selected>
                </control>
                <control type="button" id="24">
                    <width>1110</width>
                    <height>52</height>
                    <align>left</align>
                    <textcolor>grey3</textcolor>
                    <texturenofocus>-</texturenofocus>
					<label>- Widget Label</label>
					<label2>$INFO[Skin.String(Series_Node_WidgetLabel_RecentTVShows)]</label2>
					<onclick>Skin.SetString(Series_Node_WidgetLabel_RecentTVShows)</onclick>
					<visible>Skin.HasSetting(Widget_RecentTVShows)+Skin.HasSetting(HomeMenu_Custom_SeriesButton)</visible>
				</control>
                <control type="radiobutton" id="25">
                    <description>Widget TV Shows</description>
                    <width>1110</width>
                    <height>52</height>
                    <align>left</align>
                    <label>- $LOCALIZE[14001]</label>
                    <textcolor>grey3</textcolor>
                    <texturenofocus>-</texturenofocus>
                    <onclick>Skin.Reset(Widget_RecommendedTVShows)</onclick>
                    <onclick>Skin.ToggleSetting(Widget_RecentTVShows_Episodes)</onclick>
                    <selected>Skin.HasSetting(Widget_RecentTVShows_Episodes)</selected>
                    <visible>Skin.HasSetting(Widget_RecentTVShows)</visible>
					<visible>!Skin.HasSetting(HomeMenu_Custom_SeriesButton)</visible>
                </control>
                <include>WidgetGeneralSettings</include>
            </control>
            <control type="grouplist" id="36100"> <!-- musicvideos -->
                <!-- MusicVideos -->
                <left>45</left>
                <top>188</top>
                <width>1110</width>
                <height>870</height>
                <height>675</height>
                <itemgap>3</itemgap>
                <visible>String.IsEqual(Window(Home).Property(HomeButton),musicvideos)</visible>
                <control type="radiobutton" id="30">
                    <width>1110</width>
                    <height>52</height>
                    <align>left</align>
                    <label>$LOCALIZE[575]</label>
                    <textcolor>grey3</textcolor>
                    <texturenofocus>-</texturenofocus>
                    <onclick>Skin.Reset(Widget_RecentMusicVideos)</onclick>
                    <onclick>Skin.Reset(Widget_RandomMusicVideos)</onclick>
                    <onclick>Skin.ToggleSetting(Widget_RecommendedMusicVideos)</onclick>
                    <selected>Skin.HasSetting(Widget_RecommendedMusicVideos)</selected>
                </control>
                <control type="radiobutton" id="31">
                    <width>1110</width>
                    <height>52</height>
                    <align>left</align>
                    <label>$LOCALIZE[590]</label>
                    <textcolor>grey3</textcolor>
                    <texturenofocus>-</texturenofocus>
                    <onclick>Skin.Reset(Widget_RecommendedMusicVideos)</onclick>
                    <onclick>Skin.Reset(Widget_RecentMusicVideos)</onclick>
                    <onclick>Skin.ToggleSetting(Widget_RandomMusicVideos)</onclick>
                    <selected>Skin.HasSetting(Widget_RandomMusicVideos)</selected>
                </control>
                <control type="radiobutton" id="32">
                    <width>1110</width>
                    <height>52</height>
                    <align>left</align>
                    <label>$LOCALIZE[20390]</label>
                    <textcolor>grey3</textcolor>
                    <texturenofocus>-</texturenofocus>
                    <onclick>Skin.Reset(Widget_RecommendedMusicVideos)</onclick>
                    <onclick>Skin.Reset(Widget_RandomMusicVideos)</onclick>
                    <onclick>Skin.ToggleSetting(Widget_RecentMusicVideos)</onclick>
                    <selected>Skin.HasSetting(Widget_RecentMusicVideos)</selected>
                </control>
                <include>WidgetGeneralSettings</include>
            </control>
            <control type="grouplist" id="36100"> <!-- livetv -->
                <!-- LiveTV -->
                <left>45</left>
                <top>188</top>
                <width>1110</width>
                <height>870</height>
                <height>675</height>
                <itemgap>3</itemgap>
                <visible>String.IsEqual(Window(Home).Property(HomeButton),livetv)</visible>
                <control type="radiobutton" id="50">
                    <width>1110</width>
                    <height>52</height>
                    <align>left</align>
                    <label>$LOCALIZE[20007]</label>
                    <textcolor>grey3</textcolor>
                    <texturenofocus>-</texturenofocus>
                    <onclick>Skin.Reset(Widget_PVRTimers)</onclick>
                    <onclick>Skin.Reset(Widget_LiveTVWidgetChannels)</onclick>
                    <onclick>Skin.Reset(Widget_SerienPlaner)</onclick>
                    <onclick>Skin.ToggleSetting(Widget_Recordings)</onclick>
                    <selected>Skin.HasSetting(Widget_Recordings)</selected>
                </control>
                <control type="radiobutton" id="51">
                    <width>1110</width>
                    <height>52</height>
                    <align>left</align>
                    <label>$LOCALIZE[19040]</label>
                    <textcolor>grey3</textcolor>
                    <texturenofocus>-</texturenofocus>
                    <onclick>Skin.Reset(Widget_Recordings)</onclick>
                    <onclick>Skin.Reset(Widget_LiveTVWidgetChannels)</onclick>
                    <onclick>Skin.ToggleSetting(Widget_PVRTimers)</onclick>
                    <onclick>Skin.Reset(Widget_SerienPlaner)</onclick>
                    <selected>Skin.HasSetting(Widget_PVRTimers)</selected>
                    <!-- <enable>PVR.HasTimer</enable> -->
                </control>
                <control type="radiobutton" id="52">
                    <width>1110</width>
                    <height>52</height>
                    <align>left</align>
                    <label>51493</label>
                    <textcolor>grey3</textcolor>
                    <texturenofocus>-</texturenofocus>
                    <onclick>Skin.Reset(Widget_Recordings)</onclick>
                    <onclick>Skin.Reset(Widget_PVRTimers)</onclick>
                    <onclick>Skin.Reset(Widget_SerienPlaner)</onclick>
                    <onclick>Skin.ToggleSetting(Widget_LiveTVWidgetChannels)</onclick>
                    <selected>Skin.HasSetting(Widget_LiveTVWidgetChannels)</selected>
                </control>
                <control type="button" id="53">
                    <description>User Channels</description>
                    <width>1110</width>
                    <height>52</height>
                    <align>left</align>
                    <label> $LOCALIZE[19141]</label>
                    <textcolor>grey3</textcolor>
                    <texturenofocus>-</texturenofocus>
                    <label2>$INFO[Skin.String(Widget_PVR_TV_WidgetChannels_Path)]</label2>
                    <onclick>Skin.SetPath(Widget_PVR_TV_WidgetChannels_Path,pvr://channels/tv/)</onclick>
                    <visible>Skin.HasSetting(Widget_LiveTVWidgetChannels)</visible>
                </control>
                <include>WidgetGeneralSettings</include>
            </control>
            <control type="grouplist" id="36100"> <!-- radio -->
                <!-- Radio -->
                <left>45</left>
                <top>188</top>
                <width>1110</width>
                <height>870</height>
                <height>675</height>
                <itemgap>3</itemgap>
                <visible>String.IsEqual(Window(Home).Property(HomeButton),radio)</visible>
                <control type="radiobutton" id="50">
                    <width>1110</width>
                    <height>52</height>
                    <align>left</align>
                    <label>51493</label>
                    <textcolor>grey3</textcolor>
                    <texturenofocus>-</texturenofocus>
                    <onclick>Skin.ToggleSetting(Widget_PVR_Radio_WidgetChannels)</onclick>
                    <selected>Skin.HasSetting(Widget_PVR_Radio_WidgetChannels)</selected>
                </control>
                <control type="button" id="51">
                    <description>User Channels</description>
                    <width>1110</width>
                    <height>52</height>
                    <align>left</align>
                    <label> $LOCALIZE[19141]</label>
                    <textcolor>grey3</textcolor>
                    <texturenofocus>-</texturenofocus>
                    <label2>$INFO[Skin.String(Widget_PVR_Radio_WidgetChannels_Path)]</label2>
                    <onclick>Skin.SetPath(Widget_PVR_Radio_WidgetChannels_Path,pvr://channels/radio)</onclick>
                    <visible>Skin.HasSetting(Widget_PVR_Radio_WidgetChannels)</visible>
                </control>
                <include>WidgetGeneralSettings</include>
            </control>
            <control type="grouplist" id="36100"> <!-- pictures -->
                <left>45</left>
                <top>188</top>
                <width>1110</width>
                <height>870</height>
                <height>675</height>
                <itemgap>3</itemgap>
                <visible>String.IsEqual(Window(Home).Property(HomeButton),picture)</visible>
                <control type="radiobutton" id="50">
                    <width>1110</width>
                    <height>52</height>
                    <align>left</align>
                    <label>108</label>
                    <textcolor>grey3</textcolor>
                    <texturenofocus>-</texturenofocus>
                    <onclick>Skin.ToggleSetting(Widget_Diashow)</onclick>
                    <selected>Skin.HasSetting(Widget_Diashow)</selected>
                </control>
                <control type="button" id="51">
                    <description>User Path</description>
                    <width>1110</width>
                    <height>52</height>
                    <align>left</align>
                    <label>$LOCALIZE[51332]</label>
                    <textcolor>grey3</textcolor>
                    <texturenofocus>-</texturenofocus>
                    <label2>$INFO[Skin.String(widget_diashow_folder)]</label2>
                    <onclick>Skin.SetPath(widget_diashow_folder)</onclick>
                    <visible>Skin.HasSetting(Widget_Diashow)</visible>
                </control>
                <include>WidgetGeneralSettings</include>
            </control>
            <control type="grouplist" id="36100"> <!-- weather -->
                <left>45</left>
                <top>188</top>
                <width>1110</width>
                <height>870</height>
                <height>675</height>
                <itemgap>3</itemgap>
                <visible>String.IsEqual(Window(Home).Property(HomeButton),weather)</visible>
                <control type="radiobutton" id="60">
                    <width>1110</width>
                    <height>52</height>
                    <align>left</align>
                    <label>$LOCALIZE[8] $LOCALIZE[51487]</label>
                    <textcolor>grey3</textcolor>
                    <texturenofocus>-</texturenofocus>
                    <onclick>Skin.Reset(HomeWeatherWidgetFull)</onclick>
                    <onclick>Skin.ToggleSetting(HomeWeatherWidgetToday)</onclick>
                    <selected>Skin.HasSetting(HomeWeatherWidgetToday)</selected>
                </control>
                <control type="radiobutton" id="61">
                    <width>1110</width>
                    <height>52</height>
                    <align>left</align>
                    <label>$LOCALIZE[8] $LOCALIZE[51433]</label>
                    <textcolor>grey3</textcolor>
                    <texturenofocus>-</texturenofocus>
                    <onclick>Skin.Reset(HomeWeatherWidgetToday)</onclick>
                    <onclick>Skin.ToggleSetting(HomeWeatherWidgetFull)</onclick>
                    <selected>Skin.HasSetting(HomeWeatherWidgetFull)</selected>
                </control>
                <control type="button" id="62">
                    <width>1110</width>
                    <height>52</height>
                    <align>left</align>
                    <textcolor>grey3</textcolor>
                    <texturenofocus>-</texturenofocus>
                    <label>51467</label>
                    <onclick>RunScript(script.image.resource.select,property=weathericons&amp;type=resource.images.weathericons)</onclick>
                    <visible>System.HasAddon(script.image.resource.select)</visible>
                    <enable>!String.IsEmpty(Weather.Plugin)</enable>
                </control>
                <control type="button" id="63">
                    <width>1110</width>
                    <height>52</height>
                    <align>left</align>
                    <textcolor>grey3</textcolor>
                    <texturenofocus>-</texturenofocus>
                    <label>$LOCALIZE[8] $LOCALIZE[21417]</label>
                    <onclick>Dialog.Close(all,true)</onclick>
                    <onclick>ActivateWindow(MyWeatherSettings)</onclick>
                </control>
                <include>WidgetGeneralSettings</include>
            </control>
            <control type="grouplist" id="36100"> <!-- playdisc -->
                <left>45</left>
                <top>188</top>
                <width>1110</width>
                <height>870</height>
                <height>675</height>
                <itemgap>3</itemgap>
                <visible>String.IsEqual(Window(Home).Property(HomeButton),playdisc)</visible>
                <control type="radiobutton" id="60">
                    <width>1110</width>
                    <height>52</height>
                    <align>left</align>
                    <label>$LOCALIZE[8] $LOCALIZE[51487]</label>
                    <textcolor>grey3</textcolor>
                    <texturenofocus>-</texturenofocus>
                    <onclick>Skin.Reset(HomeWeatherWidgetFull)</onclick>
                    <onclick>Skin.ToggleSetting(HomeWeatherWidgetToday)</onclick>
                    <selected>Skin.HasSetting(HomeWeatherWidgetToday)</selected>
                </control>
                <control type="radiobutton" id="61">
                    <width>1110</width>
                    <height>52</height>
                    <align>left</align>
                    <label>$LOCALIZE[8] $LOCALIZE[51433]</label>
                    <textcolor>grey3</textcolor>
                    <texturenofocus>-</texturenofocus>
                    <onclick>Skin.Reset(HomeWeatherWidgetToday)</onclick>
                    <onclick>Skin.ToggleSetting(HomeWeatherWidgetFull)</onclick>
                    <selected>Skin.HasSetting(HomeWeatherWidgetFull)</selected>
                </control>
                <control type="button" id="62">
                    <width>1110</width>
                    <height>52</height>
                    <align>left</align>
                    <textcolor>grey3</textcolor>
                    <texturenofocus>-</texturenofocus>
                    <label>51467</label>
                    <onclick>RunScript(script.image.resource.select,property=weathericons&amp;type=resource.images.weathericons)</onclick>
                    <visible>System.HasAddon(script.image.resource.select)</visible>
                    <enable>!String.IsEmpty(Weather.Plugin)</enable>
                </control>
                <control type="button" id="63">
                    <width>1110</width>
                    <height>52</height>
                    <align>left</align>
                    <textcolor>grey3</textcolor>
                    <texturenofocus>-</texturenofocus>
                    <label>$LOCALIZE[8] $LOCALIZE[21417]</label>
                    <onclick>Dialog.Close(all,true)</onclick>
                    <onclick>ActivateWindow(MyWeatherSettings)</onclick>
                </control>
                <include>WidgetGeneralSettings</include>
            </control>
            <control type="grouplist" id="36100"> <!-- 3d -->
                <left>45</left>
                <top>188</top>
                <width>1110</width>
                <height>870</height>
                <height>675</height>
                <itemgap>3</itemgap>
                <visible>String.IsEqual(Window(Home).Property(HomeButton),3d)</visible>
                <control type="radiobutton" id="70">
                    <width>1110</width>
                    <height>52</height>
                    <align>left</align>
                    <textcolor>grey3</textcolor>
                    <texturenofocus>-</texturenofocus>
                    <label>$LOCALIZE[51495]</label>
                    <onclick>Skin.Reset(Widget_RecentMovies_3D)</onclick>
                    <onclick>Skin.Reset(Widget_RandomMovies_3D)</onclick>
                    <onclick>Skin.ToggleSetting(Widget_RecommendedMovies_3D)</onclick>
                    <selected>Skin.HasSetting(Widget_RecommendedMovies_3D)</selected>
                </control>
                <control type="radiobutton" id="71">
                    <width>1110</width>
                    <height>52</height>
                    <align>left</align>
                    <label>$LOCALIZE[590]</label>
                    <textcolor>grey3</textcolor>
                    <texturenofocus>-</texturenofocus>
                    <onclick>Skin.Reset(Widget_RecommendedMovies_3D)</onclick>
                    <onclick>Skin.Reset(Widget_RecentMovies_3D)</onclick>
                    <onclick>Skin.ToggleSetting(Widget_RandomMovies_3D)</onclick>
                    <selected>Skin.HasSetting(Widget_RandomMovies_3D)</selected>
                </control>
                <control type="radiobutton" id="72">
                    <width>1110</width>
                    <height>52</height>
                    <align>left</align>
                    <label>$LOCALIZE[20386]</label>
                    <textcolor>grey3</textcolor>
                    <texturenofocus>-</texturenofocus>
                    <onclick>Skin.Reset(Widget_RecommendedMovies_3D)</onclick>
                    <onclick>Skin.Reset(Widget_RandomMovies_3D)</onclick>
                    <onclick>Skin.ToggleSetting(Widget_RecentMovies_3D)</onclick>
                    <selected>Skin.HasSetting(Widget_RecentMovies_3D)</selected>
                </control>
                <include>WidgetGeneralSettings</include>
            </control>
            <control type="grouplist" id="36100"> <!-- hd -->
                <left>45</left>
                <top>188</top>
                <width>1110</width>
                <height>870</height>
                <height>675</height>
                <itemgap>3</itemgap>
                <visible>String.IsEqual(Window(Home).Property(HomeButton),hd)</visible>
                <control type="radiobutton" id="80">
                    <width>1110</width>
                    <height>52</height>
                    <align>left</align>
                    <textcolor>grey3</textcolor>
                    <texturenofocus>-</texturenofocus>
                    <label>$LOCALIZE[51495]</label>
                    <onclick>Skin.Reset(Widget_RecentMovies_HD)</onclick>
                    <onclick>Skin.Reset(Widget_RandomMovies_HD)</onclick>
                    <onclick>Skin.ToggleSetting(Widget_RecommendedMovies_HD)</onclick>
                    <selected>Skin.HasSetting(Widget_RecommendedMovies_HD)</selected>
                </control>
                <control type="radiobutton" id="81">
                    <width>1110</width>
                    <height>52</height>
                    <align>left</align>
                    <label>$LOCALIZE[590]</label>
                    <textcolor>grey3</textcolor>
                    <texturenofocus>-</texturenofocus>
                    <onclick>Skin.Reset(Widget_RecommendedMovies_HD)</onclick>
                    <onclick>Skin.Reset(Widget_RecentMovies_HD)</onclick>
                    <onclick>Skin.ToggleSetting(Widget_RandomMovies_HD)</onclick>
                    <selected>Skin.HasSetting(Widget_RandomMovies_HD)</selected>
                </control>
                <control type="radiobutton" id="82">
                    <width>1110</width>
                    <height>52</height>
                    <align>left</align>
                    <label>$LOCALIZE[20386]</label>
                    <textcolor>grey3</textcolor>
                    <texturenofocus>-</texturenofocus>
                    <onclick>Skin.Reset(Widget_RecommendedMovies_HD)</onclick>
                    <onclick>Skin.Reset(Widget_RandomMovies_HD)</onclick>
                    <onclick>Skin.ToggleSetting(Widget_RecentMovies_HD)</onclick>
                    <selected>Skin.HasSetting(Widget_RecentMovies_HD)</selected>
                </control>
                <include>WidgetGeneralSettings</include>
            </control>
            <control type="grouplist" id="36100"> <!-- fullhd -->
                <left>45</left>
                <top>188</top>
                <width>1110</width>
                <height>870</height>
                <height>675</height>
                <itemgap>3</itemgap>
                <visible>String.IsEqual(Window(Home).Property(HomeButton),fullhd)</visible>
                <control type="radiobutton" id="90">
                    <width>1110</width>
                    <height>52</height>
                    <align>left</align>
                    <textcolor>grey3</textcolor>
                    <texturenofocus>-</texturenofocus>
                    <label>$LOCALIZE[51495]</label>
                    <onclick>Skin.Reset(Widget_RecentMovies_FullHD)</onclick>
                    <onclick>Skin.Reset(Widget_RandomMovies_FullHD)</onclick>
                    <onclick>Skin.ToggleSetting(Widget_RecommendedMovies_FullHD)</onclick>
                    <selected>Skin.HasSetting(Widget_RecommendedMovies_FullHD)</selected>
                </control>
                <control type="radiobutton" id="91">
                    <width>1110</width>
                    <height>52</height>
                    <align>left</align>
                    <label>$LOCALIZE[590]</label>
                    <textcolor>grey3</textcolor>
                    <texturenofocus>-</texturenofocus>
                    <onclick>Skin.Reset(Widget_RecommendedMovies_FullHD)</onclick>
                    <onclick>Skin.Reset(Widget_RecentMovies_FullHD)</onclick>
                    <onclick>Skin.ToggleSetting(Widget_RandomMovies_FullHD)</onclick>
                    <selected>Skin.HasSetting(Widget_RandomMovies_FullHD)</selected>
                </control>
                <control type="radiobutton" id="92">
                    <width>1110</width>
                    <height>52</height>
                    <align>left</align>
                    <label>$LOCALIZE[20386]</label>
                    <textcolor>grey3</textcolor>
                    <texturenofocus>-</texturenofocus>
                    <onclick>Skin.Reset(Widget_RecommendedMovies_FullHD)</onclick>
                    <onclick>Skin.Reset(Widget_RandomMovies_FullHD)</onclick>
                    <onclick>Skin.ToggleSetting(Widget_RecentMovies_FullHD)</onclick>
                    <selected>Skin.HasSetting(Widget_RecentMovies_FullHD)</selected>
                </control>
                <include>WidgetGeneralSettings</include>
            </control>
            <control type="grouplist" id="36100"> <!-- doku -->
                <left>45</left>
                <top>188</top>
                <width>1110</width>
                <height>870</height>
                <height>675</height>
                <itemgap>3</itemgap>
                <visible>String.IsEqual(Window(Home).Property(HomeButton),doku)</visible>
                <control type="radiobutton" id="100">
                    <width>1110</width>
                    <height>52</height>
                    <align>left</align>
                    <textcolor>grey3</textcolor>
                    <texturenofocus>-</texturenofocus>
                    <label>$LOCALIZE[51495]</label>
                    <onclick>Skin.Reset(Widget_RecentMovies_Doku)</onclick>
                    <onclick>Skin.Reset(Widget_RandomMovies_Doku)</onclick>
                    <onclick>Skin.ToggleSetting(Widget_RecommendedMovies_Doku)</onclick>
                    <selected>Skin.HasSetting(Widget_RecommendedMovies_Doku)</selected>
                </control>
                <control type="radiobutton" id="101">
                    <width>1110</width>
                    <height>52</height>
                    <align>left</align>
                    <label>$LOCALIZE[590]</label>
                    <textcolor>grey3</textcolor>
                    <texturenofocus>-</texturenofocus>
                    <onclick>Skin.Reset(Widget_RecommendedMovies_Doku)</onclick>
                    <onclick>Skin.Reset(Widget_RecentMovies_Doku)</onclick>
                    <onclick>Skin.ToggleSetting(Widget_RandomMovies_Doku)</onclick>
                    <selected>Skin.HasSetting(Widget_RandomMovies_Doku)</selected>
                </control>
                <control type="radiobutton" id="102">
                    <width>1110</width>
                    <height>52</height>
                    <align>left</align>
                    <label>$LOCALIZE[20386]</label>
                    <textcolor>grey3</textcolor>
                    <texturenofocus>-</texturenofocus>
                    <onclick>Skin.Reset(Widget_RecommendedMovies_Doku)</onclick>
                    <onclick>Skin.Reset(Widget_RandomMovies_Doku)</onclick>
                    <onclick>Skin.ToggleSetting(Widget_RecentMovies_Doku)</onclick>
                    <selected>Skin.HasSetting(Widget_RecentMovies_Doku)</selected>
                </control>
                <include>WidgetGeneralSettings</include>
            </control>
            <control type="grouplist" id="36100"> <!-- kids -->
                <left>45</left>
                <top>188</top>
                <width>1110</width>
                <height>870</height>
                <height>675</height>
                <itemgap>3</itemgap>
                <visible>String.IsEqual(Window(Home).Property(HomeButton),kids)</visible>
                <control type="radiobutton" id="110">
                    <width>1110</width>
                    <height>52</height>
                    <align>left</align>
                    <textcolor>grey3</textcolor>
                    <texturenofocus>-</texturenofocus>
                    <label>$LOCALIZE[51495]</label>
                    <onclick>Skin.Reset(Widget_RecentMovies_Kids)</onclick>
                    <onclick>Skin.Reset(Widget_RandomMovies_Kids)</onclick>
                    <onclick>Skin.ToggleSetting(Widget_RecommendedMovies_Kids)</onclick>
                    <selected>Skin.HasSetting(Widget_RecommendedMovies_Kids)</selected>
                </control>
                <control type="radiobutton" id="111">
                    <width>1110</width>
                    <height>52</height>
                    <align>left</align>
                    <label>$LOCALIZE[590]</label>
                    <textcolor>grey3</textcolor>
                    <texturenofocus>-</texturenofocus>
                    <onclick>Skin.Reset(Widget_RecommendedMovies_Kids)</onclick>
                    <onclick>Skin.Reset(Widget_RecentMovies_Kids)</onclick>
                    <onclick>Skin.ToggleSetting(Widget_RandomMovies_Kids)</onclick>
                    <selected>Skin.HasSetting(Widget_RandomMovies_Kids)</selected>
                </control>
                <control type="radiobutton" id="112">
                    <width>1110</width>
                    <height>52</height>
                    <align>left</align>
                    <label>$LOCALIZE[20386]</label>
                    <textcolor>grey3</textcolor>
                    <texturenofocus>-</texturenofocus>
                    <onclick>Skin.Reset(Widget_RecommendedMovies_Kids)</onclick>
                    <onclick>Skin.Reset(Widget_RandomMovies_Kids)</onclick>
                    <onclick>Skin.ToggleSetting(Widget_RecentMovies_Kids)</onclick>
                    <selected>Skin.HasSetting(Widget_RecentMovies_Kids)</selected>
                </control>
                <control type="button" id="113">
                    <width>1110</width>
                    <height>52</height>
                    <align>left</align>
                    <textcolor>grey3</textcolor>
                    <texturenofocus>-</texturenofocus>
                    <label>51226</label>
                    <label2>$VAR[Rating_Age_Kids_Label]</label2>
					<onclick>Skin.SelectBool(51226, 51497|Rating_Age_Kids_0, 51499|Rating_Age_Kids_6, 51501|Rating_Age_Kids_12, 51503|Rating_Age_Kids_16)</onclick>
                </control>
                <include>WidgetGeneralSettings</include>
            </control>
            <control type="grouplist" id="36100"> <!-- fav1 -->
                <left>45</left>
                <top>188</top>
                <width>1110</width>
                <height>870</height>
                <height>675</height>
                <itemgap>3</itemgap>
                <visible>String.IsEqual(Window(Home).Property(HomeButton),fav1)</visible>
                <control type="button" id="121">
                    <width>1110</width>
                    <height>52</height>
                    <align>left</align>
                    <textcolor>grey3</textcolor>
                    <texturenofocus>-</texturenofocus>
                    <label>$LOCALIZE[13350]</label>
                    <label2>$INFO[Skin.String(Favourite1_Playlist_Path)]</label2>
                    <onclick>Skin.SetFile(Favourite1_Playlist_Path,,special://videoplaylists/)</onclick>
                </control>
                <control type="radiobutton" id="122">
                    <width>1110</width>
                    <height>52</height>
                    <align>left</align>
                    <textcolor>grey3</textcolor>
                    <texturenofocus>-</texturenofocus>
                    <label>$LOCALIZE[51495]</label>
                    <onclick>Skin.Reset(Widget_RecentMovies_Fav1)</onclick>
                    <onclick>Skin.Reset(Widget_RandomMovies_Fav1)</onclick>
                    <onclick>Skin.ToggleSetting(Widget_RecommendedMovies_Fav1)</onclick>
                    <selected>Skin.HasSetting(Widget_RecommendedMovies_Fav1)</selected>
                </control>
                <control type="radiobutton" id="123">
                    <width>1110</width>
                    <height>52</height>
                    <align>left</align>
                    <label>$LOCALIZE[590]</label>
                    <textcolor>grey3</textcolor>
                    <texturenofocus>-</texturenofocus>
                    <onclick>Skin.Reset(Widget_RecommendedMovies_Fav1)</onclick>
                    <onclick>Skin.Reset(Widget_RecentMovies_Fav1)</onclick>
                    <onclick>Skin.ToggleSetting(Widget_RandomMovies_Fav1)</onclick>
                    <selected>Skin.HasSetting(Widget_RandomMovies_Fav1)</selected>
                </control>
                <control type="radiobutton" id="124">
                    <width>1110</width>
                    <height>52</height>
                    <align>left</align>
                    <label>$LOCALIZE[31328]</label>
                    <textcolor>grey3</textcolor>
                    <texturenofocus>-</texturenofocus>
                    <onclick>Skin.Reset(Widget_RecommendedMovies_Fav1)</onclick>
                    <onclick>Skin.Reset(Widget_RandomMovies_Fav1)</onclick>
                    <onclick>Skin.ToggleSetting(Widget_RecentMovies_Fav1)</onclick>
                    <selected>Skin.HasSetting(Widget_RecentMovies_Fav1)</selected>
                </control>
                <include>WidgetGeneralSettings</include>
            </control>
            <control type="grouplist" id="36100"> <!-- fav2 -->
                <left>45</left>
                <top>188</top>
                <width>1110</width>
                <height>870</height>
                <height>675</height>
                <itemgap>3</itemgap>
                <visible>String.IsEqual(Window(Home).Property(HomeButton),fav2)</visible>
                <control type="button" id="131">
                    <width>1110</width>
                    <height>52</height>
                    <align>left</align>
                    <textcolor>grey3</textcolor>
                    <texturenofocus>-</texturenofocus>
                    <label>$LOCALIZE[13350]</label>
                    <label2>$INFO[Skin.String(Favourite2_Playlist_Path)]</label2>
                    <onclick>Skin.SetFile(Favourite2_Playlist_Path,,special://videoplaylists/)</onclick>
                </control>
                <control type="radiobutton" id="132">
                    <width>1110</width>
                    <height>52</height>
                    <align>left</align>
                    <textcolor>grey3</textcolor>
                    <texturenofocus>-</texturenofocus>
                    <label>$LOCALIZE[51495]</label>
                    <onclick>Skin.Reset(Widget_RecentMovies_Fav2)</onclick>
                    <onclick>Skin.Reset(Widget_RandomMovies_Fav2)</onclick>
                    <onclick>Skin.ToggleSetting(Widget_RecommendedMovies_Fav2)</onclick>
                    <selected>Skin.HasSetting(Widget_RecommendedMovies_Fav2)</selected>
                </control>
                <control type="radiobutton" id="133">
                    <width>1110</width>
                    <height>52</height>
                    <align>left</align>
                    <label>$LOCALIZE[590]</label>
                    <textcolor>grey3</textcolor>
                    <texturenofocus>-</texturenofocus>
                    <onclick>Skin.Reset(Widget_RecommendedMovies_Fav2)</onclick>
                    <onclick>Skin.Reset(Widget_RecentMovies_Fav2)</onclick>
                    <onclick>Skin.ToggleSetting(Widget_RandomMovies_Fav2)</onclick>
                    <selected>Skin.HasSetting(Widget_RandomMovies_Fav2)</selected>
                </control>
                <control type="radiobutton" id="134">
                    <width>1110</width>
                    <height>52</height>
                    <align>left</align>
                    <label>$LOCALIZE[31328]</label>
                    <textcolor>grey3</textcolor>
                    <texturenofocus>-</texturenofocus>
                    <onclick>Skin.Reset(Widget_RecommendedMovies_Fav2)</onclick>
                    <onclick>Skin.Reset(Widget_RandomMovies_Fav2)</onclick>
                    <onclick>Skin.ToggleSetting(Widget_RecentMovies_Fav2)</onclick>
                    <selected>Skin.HasSetting(Widget_RecentMovies_Fav2)</selected>
                </control>
                <include>WidgetGeneralSettings</include>
            </control>
            <control type="grouplist" id="36100"> <!-- fav3 -->
                <left>45</left>
                <top>188</top>
                <width>1110</width>
                <height>870</height>
                <height>675</height>
                <itemgap>3</itemgap>
                <visible>String.IsEqual(Window(Home).Property(HomeButton),fav3)</visible>
                <control type="radiobutton" id="140">
                    <width>1110</width>
                    <height>52</height>
                    <align>left</align>
                    <textcolor>grey3</textcolor>
                    <texturenofocus>-</texturenofocus>
                    <label>$LOCALIZE[559]</label>
                    <onclick>Skin.Reset(Widget_UserPlaylist_Radio)</onclick>
                    <onclick>Skin.ToggleSetting(Widget_UserPlaylist)</onclick>
                    <selected>Skin.HasSetting(Widget_UserPlaylist)</selected>
                </control>
                <control type="button" id="141">
                    <width>1110</width>
                    <height>52</height>
                    <align>left</align>
                    <textcolor>grey3</textcolor>
                    <texturenofocus>-</texturenofocus>
                    <label>- $LOCALIZE[524]: </label>
                    <label2>$INFO[Skin.String(Favourite3_Playlist_Path)]</label2>
                    <onclick>Skin.SetFile(Favourite3_Playlist_Path,,special://musicplaylists/)</onclick>
                    <visible>Skin.HasSetting(Widget_UserPlaylist)</visible>
                </control>
                <control type="button" id="142">
                    <width>1110</width>
                    <height>52</height>
                    <align>left</align>
                    <textcolor>grey3</textcolor>
                    <texturenofocus>-</texturenofocus>
                    <label>- $LOCALIZE[21899]</label>
                    <label2>$INFO[Skin.String(UserPlaylistLabel)]</label2>
                    <onclick>Skin.SetString(UserPlaylistLabel)</onclick>
                    <visible>Skin.HasSetting(Widget_UserPlaylist)</visible>
                </control>
                <control type="radiobutton" id="143">
                    <width>1110</width>
                    <height>52</height>
                    <align>left</align>
                    <textcolor>grey3</textcolor>
                    <texturenofocus>-</texturenofocus>
                    <label>$LOCALIZE[51429]</label>
                    <onclick>Skin.Reset(Widget_UserPlaylist)</onclick>
                    <onclick>Skin.ToggleSetting(Widget_UserPlaylist_Radio)</onclick>
                    <selected>Skin.HasSetting(Widget_UserPlaylist_Radio)</selected>
                    <!-- <enable>System.HasAddon(plugin.audio.radio_de)</enable> -->
                </control>
                <control type="button" id="144">
                    <width>1110</width>
                    <height>52</height>
                    <align>left</align>
                    <textcolor>grey3</textcolor>
                    <texturenofocus>-</texturenofocus>
                    <label>- $LOCALIZE[22080] $LOCALIZE[51457]</label>
                    <label2>$INFO[Skin.String(RadioPath)]</label2>
                    <onclick>Dialog.Close(all,true)</onclick>
                    <onclick>Skin.SetPath(RadioPath,plugin://plugin.audio.radio_de/)</onclick>
                    <visible>Skin.HasSetting(Widget_UserPlaylist_Radio)</visible>
                    <!-- <visible>System.HasAddon(plugin.audio.radio_de)</visible> -->
                </control>
                <control type="button" id="145">
                    <width>1110</width>
                    <height>52</height>
                    <align>left</align>
                    <textcolor>grey3</textcolor>
                    <texturenofocus>-</texturenofocus>
                    <label>- $LOCALIZE[51431]</label>
                    <onclick>Dialog.Close(1500)</onclick>
                    <onclick>RunAddon(plugin.audio.radio_de)</onclick>
                    <visible>Skin.HasSetting(Widget_UserPlaylist_Radio)</visible>
                    <!-- <visible>System.HasAddon(plugin.audio.radio_de)</visible> -->
                </control>
                <include>WidgetGeneralSettings</include>
            </control>
            <control type="grouplist" id="36100"> <!-- fav4 -->
                <left>45</left>
                <top>188</top>
                <width>1110</width>
                <height>870</height>
                <height>675</height>
                <itemgap>3</itemgap>
                <visible>String.IsEqual(Window(Home).Property(HomeButton),fav4)</visible>
                <control type="radiobutton" id="140">
                    <width>1110</width>
                    <height>52</height>
                    <align>left</align>
                    <textcolor>grey3</textcolor>
                    <texturenofocus>-</texturenofocus>
                    <label>51569</label>
                    <onclick>Skin.ToggleSetting(Widget_Fav4)</onclick>
                    <selected>Skin.HasSetting(Widget_Fav4)</selected>
                </control>
                <include>WidgetGeneralSettings</include>
            </control>
            <control type="grouplist" id="36100"> <!-- news -->
                <left>45</left>
                <top>188</top>
                <width>1110</width>
                <height>675</height>
                <itemgap>3</itemgap>
                <visible>String.IsEqual(Window(Home).Property(HomeButton),news)</visible>
                <control type="radiobutton" id="62">
                    <width>1110</width>
                    <height>52</height>
                    <align>left</align>
                    <label>News</label>
                    <textcolor>grey3</textcolor>
                    <texturenofocus>-</texturenofocus>
                    <onclick>Skin.ToggleSetting(Widget_NEWS_NewsCenter)</onclick>
                    <selected>Skin.HasSetting(Widget_NEWS_NewsCenter)</selected>
                    <visible>System.HasAddon(plugin.program.newscenter)</visible>
                </control>
                <control type="button" id="61">
                    <description>User Channels</description>
                    <width>1110</width>
                    <height>52</height>
                    <align>left</align>
                    <label>- Feed</label>
                    <textcolor>grey3</textcolor>
                    <texturenofocus>-</texturenofocus>
                    <onclick>RunScript(plugin.program.newscenter,&quot;?methode=set_default_feed&quot;)</onclick>
                    <visible>Skin.HasSetting(Widget_NEWS_NewsCenter)</visible>
                    <visible>System.HasAddon(plugin.program.newscenter)</visible>
                </control>
                <control type="button" id="60">
                    <width>1110</width>
                    <height>52</height>
                    <align>left</align>
                    <label>- $LOCALIZE[5]</label>
                    <textcolor>grey3</textcolor>
                    <texturenofocus>-</texturenofocus>
                    <onclick>Addon.OpenSettings(plugin.program.newscenter)</onclick>
                    <visible>Skin.HasSetting(Widget_NEWS_NewsCenter)</visible>
                    <visible>System.HasAddon(plugin.program.newscenter)</visible>
                </control>
                <control type="radiobutton" id="59">
                    <width>1110</width>
                    <height>52</height>
                    <align>left</align>
                    <label>TV Highlights (GTO)</label>
                    <textcolor>grey3</textcolor>
                    <texturenofocus>-</texturenofocus>
                    <onclick>Skin.ToggleSetting(Widget_NEWS_TVHighlights_gto)</onclick>
                    <selected>Skin.HasSetting(Widget_NEWS_TVHighlights_gto)</selected>
                    <visible>System.HasAddon(plugin.service.gto)</visible>
                </control>
                <control type="button" id="58">
                    <width>1110</width>
                    <height>52</height>
                    <align>left</align>
                    <label>- Refresh</label>
                    <textcolor>grey3</textcolor>
                    <texturenofocus>-</texturenofocus>
                    <onclick>RunScript(plugin.service.gto,action=refresh)</onclick>
                    <visible>Skin.HasSetting(Widget_NEWS_TVHighlights_gto)</visible>
                    <visible>System.HasAddon(plugin.service.gto)</visible>
                </control>
                <control type="button" id="57">
                    <width>1110</width>
                    <height>52</height>
                    <align>left</align>
                    <label>- Scrape</label>
                    <textcolor>grey3</textcolor>
                    <texturenofocus>-</texturenofocus>
                    <onclick>RunScript(plugin.service.gto,action=scrape)</onclick>
                    <visible>Skin.HasSetting(Widget_NEWS_TVHighlights_gto)</visible>
                    <visible>System.HasAddon(plugin.service.gto)</visible>
                </control>
                <control type="button" id="56">
                    <width>1110</width>
                    <height>52</height>
                    <align>left</align>
                    <label>- $LOCALIZE[5]</label>
                    <textcolor>grey3</textcolor>
                    <texturenofocus>-</texturenofocus>
                    <onclick>Addon.OpenSettings(plugin.service.gto)</onclick>
                    <visible>Skin.HasSetting(Widget_NEWS_TVHighlights_gto)</visible>
                    <visible>System.HasAddon(plugin.service.gto)</visible>
                </control>
                <control type="radiobutton" id="55">
                    <width>1110</width>
                    <height>52</height>
                    <align>left</align>
                    <label>Serien Planer</label>
                    <textcolor>grey3</textcolor>
                    <texturenofocus>-</texturenofocus>
                    <onclick>Skin.ToggleSetting(Widget_NEWS_SerienPlaner)</onclick>
                    <selected>Skin.HasSetting(Widget_NEWS_SerienPlaner)</selected>
                    <visible>System.HasAddon(plugin.program.serienplaner)</visible>
                </control>
                <!-- <control type="button" id="58">
					<width>740</width>
					<height>35</height>
					<align>left</align>
					<label>- Refresh</label>
					<textcolor>grey3</textcolor>
					<texturenofocus>-</texturenofocus>
					<onclick>RunScript(plugin.program.serienplaner,action=refresh)</onclick>
					<visible>Skin.HasSetting(Widget_NEWS_SerienPlaner)</visible>
				</control> -->
                <control type="button" id="54">
                    <width>1110</width>
                    <height>52</height>
                    <align>left</align>
                    <label>- Scrape</label>
                    <textcolor>grey3</textcolor>
                    <texturenofocus>-</texturenofocus>
                    <onclick>RunScript(plugin.program.serienplaner,?methode=scrape_serien)</onclick>
                    <visible>Skin.HasSetting(Widget_NEWS_SerienPlaner)</visible>
                    <visible>System.HasAddon(plugin.program.serienplaner)</visible>
                </control>
                <control type="button" id="53">
                    <width>1110</width>
                    <height>52</height>
                    <align>left</align>
                    <label>- wahl der Rubrik (temporär)</label>
                    <textcolor>grey3</textcolor>
                    <texturenofocus>-</texturenofocus>
                    <onclick>RunScript(plugin.program.serienplaner,?methode=show_select_dialog)</onclick>
                    <visible>Skin.HasSetting(Widget_NEWS_SerienPlaner)</visible>
                    <visible>System.HasAddon(plugin.program.serienplaner)</visible>
                </control>
                <control type="button" id="52">
                    <width>1110</width>
                    <height>52</height>
                    <align>left</align>
                    <label>- $LOCALIZE[5]</label>
                    <textcolor>grey3</textcolor>
                    <texturenofocus>-</texturenofocus>
                    <onclick>Addon.OpenSettings(plugin.program.serienplaner)</onclick>
                    <visible>Skin.HasSetting(Widget_NEWS_SerienPlaner)</visible>
                    <visible>System.HasAddon(plugin.program.serienplaner)</visible>
                </control>
                <include>WidgetGeneralSettings</include>
            </control>
        </control>
    </controls>
</window>
