<?xml version="1.0" encoding="UTF-8"?>
<includes>
	<!-- Common Layout Includes -->
	<include name="widget_headline">
		<param name="top">25</param>
		<param name="left">67</param>
		<definition>
			<control type="label">
				<top>$PARAM[top]</top>
				<left>$PARAM[left]</left>
				<width>1000</width>
				<height>87</height>
				<font>Med23</font>
				<align>left</align>
				<aligny>center</aligny>
				<textcolor>white</textcolor>
				<shadowcolor>text_shadow</shadowcolor>
				<label>$PARAM[headline]</label>
			</control>
		</definition>
	</include>
	<!-- Widget labels -->
	<include name="widget_labels">
		<param name="visible_labels">true</param>
		<param name="mainlabel">$VAR[MainListLabel]</param>
		<param name="sublabel">$VAR[SubListLabel]</param>
		<param name="textoffsetx">0</param>
		<definition>
			<control type="group">
				<top>$PARAM[top]</top>
				<width>$PARAM[width]</width>
				<visible>$PARAM[visible_labels]</visible>
				<control type="label">
					<width>$PARAM[width]</width>
					<label fallback="$PARAM[fallbacklabel]">$PARAM[mainlabel]</label>
					<font>Reg23</font>
					<shadowcolor>text_shadow</shadowcolor>
					<scroll>$PARAM[focused] + Control.HasFocus($PARAM[id])</scroll>
					<align>center</align>
					<textoffsetx>$PARAM[textoffsetx]</textoffsetx>
					<visible>$PARAM[focused] + Control.HasFocus($PARAM[id])</visible>
				</control>
				<control type="label">
					<width>$PARAM[width]</width>
					<label fallback="$PARAM[fallbacklabel]">$PARAM[mainlabel]</label>
					<font>Reg23</font>
					<shadowcolor>text_shadow</shadowcolor>
					<scroll>false</scroll>
					<align>center</align>
					<textoffsetx>$PARAM[textoffsetx]</textoffsetx>
					<visible>!$PARAM[focused] | !Control.HasFocus($PARAM[id])</visible>
				</control>
				<control type="label">
					<top>30</top>
					<width>$PARAM[width]</width>
					<label>$PARAM[sublabel]</label>
					<font>Reg23</font>
					<textcolor>lightgrey</textcolor>
					<shadowcolor>text_shadow</shadowcolor>
					<scroll>$PARAM[focused] + Control.HasFocus($PARAM[id])</scroll>
					<align>center</align>
					<textoffsetx>$PARAM[textoffsetx]</textoffsetx>
					<visible>$PARAM[focused] + Control.HasFocus($PARAM[id])</visible>
				</control>
				<control type="label">
					<top>30</top>
					<width>$PARAM[width]</width>
					<label>$PARAM[sublabel]</label>
					<font>Reg23</font>
					<textcolor>lightgrey</textcolor>
					<shadowcolor>text_shadow</shadowcolor>
					<scroll>false</scroll>
					<align>center</align>
					<textoffsetx>$PARAM[textoffsetx]</textoffsetx>
					<visible>!$PARAM[focused] | !Control.HasFocus($PARAM[id])</visible>
				</control>
			</control>
		</definition>
	</include>
	<!-- Static labels -->
	<include name="static_labels">
		<param name="visible_labels">true</param>
		<param name="mainlabel">$VAR[MainListLabel]</param>
		<param name="sublabel">$VAR[SubListLabel]</param>
		<param name="textoffsetx">0</param>
		<definition>
			<control type="group">
				<top>$PARAM[top]</top>
				<width>$PARAM[width]</width>
				<visible>$PARAM[visible_labels]</visible>
				<control type="label">
					<width>$PARAM[width]</width>
					<label fallback="$PARAM[fallbacklabel]">$PARAM[mainlabel]</label>
					<font>Reg23</font>
					<shadowcolor>text_shadow</shadowcolor>
					<scroll>true</scroll>
					<align>center</align>
					<textoffsetx>$PARAM[textoffsetx]</textoffsetx>
				</control>
				<control type="label">
					<top>30</top>
					<width>$PARAM[width]</width>
					<label>$PARAM[sublabel]</label>
					<font>Reg23</font>
					<textcolor>lightgrey</textcolor>
					<shadowcolor>text_shadow</shadowcolor>
					<scroll>true</scroll>
					<align>center</align>
					<textoffsetx>$PARAM[textoffsetx]</textoffsetx>
				</control>
			</control>
		</definition>
	</include>
	<!-- Upper overlay -->
	<include name="bubble_overlay">
		<control type="image" id="2">
			<right>10</right>
			<top>10</top>
			<width>32</width>
			<height>28</height>
			<texture colordiffuse="red">$VAR[PVRTimerIcon]</texture>
			<aspectratio align="right">keep</aspectratio>
		</control>
		<control type="group">
			<visible>[String.IsEqual(ListItem.DBtype,tvshow) + !String.IsEmpty(ListItem.Property(UnWatchedEpisodes)) + Integer.IsLess(ListItem.Property(UnWatchedEpisodes),1)] | String.IsEqual(ListItem.Overlay,OverlayWatched.png) | Integer.IsGreater(ListItem.Property(UnWatchedEpisodes),0) | Integer.IsGreaterOrEqual(ListItem.PlayCount,1)</visible>
			<right>8</right>
			<top>9</top>
			<width>44</width>
			<height>44</height>
			<control type="image">
				<width>44</width>
				<height>44</height>
				<texture colordiffuse="emby_secondary">items/bubble_small.png</texture>
				<aspectratio>keep</aspectratio>
			</control>
			<control type="label">
				<top>-2</top>
				<left>1</left>
				<width>44</width>
				<height>44</height>
				<label>$INFO[ListItem.Property(UnWatchedEpisodes)]</label>
				<font>BubbleFont</font>
				<shadowcolor>text_shadow</shadowcolor>
				<selectedcolor>white</selectedcolor>
				<align>center</align>
				<aligny>center</aligny>
				<visible>Integer.IsGreater(ListItem.Property(UnWatchedEpisodes),0)</visible>
			</control>
			<control type="label">
				<top>9</top>
				<left>1</left>
				<width>44</width>
				<height>44</height>
				<label></label>
				<font>FontAwesome20Light</font>
				<shadowcolor>text_shadow</shadowcolor>
				<selectedcolor>white</selectedcolor>
				<align>center</align>
				<visible>String.IsEqual(ListItem.Overlay,OverlayWatched.png) | Integer.IsGreaterOrEqual(ListItem.PlayCount,1) | [String.IsEqual(ListItem.DBtype,tvshow) + !String.IsEmpty(ListItem.Property(UnWatchedEpisodes)) + Integer.IsLess(ListItem.Property(UnWatchedEpisodes),1)]</visible>
			</control>
		</control>
		<control type="group">
			<visible>Window.IsVisible(addonbrowser) + [String.IsEqual(ListItem.Label2,$LOCALIZE[24023]) | String.IsEqual(ListItem.Label2,$LOCALIZE[305])]</visible>
			<right>8</right>
			<top>9</top>
			<width>44</width>
			<height>44</height>
			<control type="image">
				<width>44</width>
				<height>44</height>
				<texture colordiffuse="red">items/bubble_small.png</texture>
				<aspectratio>keep</aspectratio>
				<visible>String.IsEqual(ListItem.Label2,$LOCALIZE[24023])</visible>
			</control>
			<control type="image">
				<width>44</width>
				<height>44</height>
				<texture colordiffuse="emby_secondary">items/bubble_small.png</texture>
				<aspectratio>keep</aspectratio>
				<visible>String.IsEqual(ListItem.Label2,$LOCALIZE[305])</visible>
			</control>
			<control type="label">
				<top>9</top>
				<left>1</left>
				<width>44</width>
				<height>44</height>
				<label></label>
				<font>FontAwesome20Light</font>
				<shadowcolor>text_shadow</shadowcolor>
				<selectedcolor>white</selectedcolor>
				<align>center</align>
				<visible>String.IsEqual(ListItem.Label2,$LOCALIZE[24023])</visible>
			</control>
			<control type="label">
				<top>9</top>
				<left>1</left>
				<width>44</width>
				<height>44</height>
				<label></label>
				<font>FontAwesome20Light</font>
				<shadowcolor>text_shadow</shadowcolor>
				<selectedcolor>white</selectedcolor>
				<align>center</align>
				<visible>String.IsEqual(ListItem.Label2,$LOCALIZE[305])</visible>
			</control>
		</control>
	</include>
	<!-- List overlay -->
	<include name="bubble_mini_overlay">
		<control type="group">
			<visible>String.IsEqual(ListItem.Overlay,OverlayWatched.png)</visible>
			<left>$PARAM[left]</left>
			<top>$PARAM[top]</top>
			<width>36</width>
			<height>36</height>
			<control type="image">
				<width>36</width>
				<height>36</height>
				<texture colordiffuse="emby">items/bubble_mini.png</texture>
				<aspectratio>keep</aspectratio>
			</control>
			<control type="label">
				<top>8</top>
				<left>2</left>
				<width>36</width>
				<height>36</height>
				<label></label>
				<font>FontAwesome16Light</font>
				<shadowcolor>text_shadow</shadowcolor>
				<selectedcolor>white</selectedcolor>
				<align>center</align>
				<visible>String.IsEqual(ListItem.Overlay,OverlayWatched.png)</visible>
			</control>
		</control>
	</include>
	<!-- Play icon -->
	<include name="bubble_play">
		<control type="group">
			<visible>[!String.IsEmpty(ListItem.DBtype) | String.StartsWith(ListItem.Path,pvr://)]</visible>
			<right>10</right>
			<bottom>10</bottom>
			<width>38</width>
			<height>38</height>
			<control type="image">
				<width>38</width>
				<height>38</height>
				<texture colordiffuse="a9000000">items/bubble_mask.png</texture>
				<aspectratio>keep</aspectratio>
			</control>
			<control type="label">
				<top>11</top>
				<left>1</left>
				<width>38</width>
				<height>38</height>
				<label></label>
				<font>FontAwesome14Light</font>
				<shadowcolor>text_shadow</shadowcolor>
				<selectedcolor>white</selectedcolor>
				<align>center</align>
			</control>
		</control>
	</include>
	<!-- HasNext arrow -->
	<include name="list_mask">
		<param name="top" default="94"/>
		<param name="width" default="100"/>
		<param name="visible_forced" default="false"/>
		<definition>
			<control type="group">
				<visible>[Container($PARAM[id]).HasNext + Control.HasFocus($PARAM[id])] | [Container($PARAM[id]).HasNext + $PARAM[visible_forced]]</visible>1
				<animation effect="fade" start="0" end="100" time="200" tween="sine">Visible</animation>
				<animation effect="fade" start="100" end="0" time="0">Hidden</animation>
				<control type="image">
					<top>$PARAM[top]</top>
					<right>0</right>
					<width>$PARAM[width]</width>
					<height>$PARAM[height]</height>
					<texture>items/listmask.png</texture>
					<aspectratio>stretch</aspectratio>
				</control>
				<control type="label">
					<top>$PARAM[top]</top>
					<right>0</right>
					<width>55</width>
					<height>$PARAM[height]</height>
					<label></label>
					<font>Material50</font>
					<shadowcolor>text_shadow</shadowcolor>
					<align>center</align>					
					<aligny>center</aligny>
				</control>
			</control>
			<control type="group">
				<visible>[Container($PARAM[id]).HasPrevious + Control.HasFocus($PARAM[id])] | [Container($PARAM[id]).HasPrevious + $PARAM[visible_forced]]</visible>1
				<animation effect="fade" start="0" end="100" time="200" tween="sine">Visible</animation>
				<animation effect="fade" start="100" end="0" time="0">Hidden</animation>
				<control type="image">
					<top>$PARAM[top]</top>
					<left>0</left>
					<width>$PARAM[width]</width>
					<height>$PARAM[height]</height>
					<texture flipx="true">items/listmask.png</texture>
					<aspectratio>stretch</aspectratio>
				</control>
				<control type="label">
					<top>$PARAM[top]</top>
					<left>0</left>
					<width>55</width>
					<height>$PARAM[height]</height>
					<label></label>
					<font>Material50</font>
					<shadowcolor>text_shadow</shadowcolor>
					<align>center</align>					
					<aligny>center</aligny>
				</control>
			</control>
		</definition>
	</include>
	<include name="list_mask_vertical">
		<param name="left" default="0"/>
		<param name="right" default="0"/>
		<param name="height" default="145"/>
		<param name="width" default="100%"/>
		<param name="icon_width" default="100%"/>
		<param name="visible_forced" default="false"/>
		<definition>
			<control type="group">
				<visible>[Container($PARAM[id]).HasNext + Control.HasFocus($PARAM[id])] | [Container($PARAM[id]).HasNext + $PARAM[visible_forced]]</visible>1
				<animation effect="fade" start="0" end="100" time="200" tween="sine">Visible</animation>
				<animation effect="fade" start="100" end="0" time="0">Hidden</animation>
				<left>$PARAM[left]</left>
				<right>$PARAM[right]</right>
				<control type="image">
					<bottom>0</bottom>
					<width>$PARAM[width]</width>
					<height>$PARAM[height]</height>
					<texture>items/listmask_vertical.png</texture>
					<aspectratio>stretch</aspectratio>
				</control>
				<control type="label">
					<bottom>10</bottom>
					<width>$PARAM[icon_width]</width>
					<height>35</height>
					<label></label>
					<font>Material50</font>
					<shadowcolor>text_shadow</shadowcolor>
					<align>center</align>					
					<aligny>center</aligny>
				</control>
			</control>
		</definition>
	</include>
	<include name="list_mask_vertical_top">
		<param name="left" default="0"/>
		<param name="right" default="0"/>
		<param name="top" default="0"/>
		<param name="height" default="145"/>
		<param name="width" default="100%"/>
		<param name="icon_width" default="100%"/>
		<param name="visible_forced" default="false"/>
		<definition>
			<control type="group">
				<visible>[Container($PARAM[id]).HasPrevious + Control.HasFocus($PARAM[id])] | [Container($PARAM[id]).HasPrevious + $PARAM[visible_forced]]</visible>
				<animation effect="fade" start="0" end="100" time="200" tween="sine">Visible</animation>
				<animation effect="fade" start="100" end="0" time="0">Hidden</animation>
				<left>$PARAM[left]</left>
				<right>$PARAM[right]</right>
				<top>$PARAM[top]</top>
				<control type="image">
					<top>0</top>
					<width>$PARAM[width]</width>
					<height>$PARAM[height]</height>
					<texture flipy="true">items/listmask_vertical.png</texture>
					<aspectratio>stretch</aspectratio>
				</control>
				<control type="label">
					<top>10</top>
					<width>$PARAM[icon_width]</width>
					<height>35</height>
					<label></label>
					<font>Material50</font>
					<shadowcolor>text_shadow</shadowcolor>
					<align>center</align>					
					<aligny>center</aligny>
				</control>
			</control>
		</definition>
	</include>
	<!-- Spacer -->
	<include name="WidgetSpacer">
		<param name="visible">true</param>
		<param name="height">200</param>
		<definition>
			<control type="label" id="$PARAM[id]">
				<width>1</width>
				<height>$PARAM[height]</height>
				<texturefocus />
				<texturenofocus />
				<label/>
				<font/>
				<visible>$PARAM[visible]</visible>
			</control>
		</definition>
	</include>
	<!-- Progress -->
	<include name="progress">
		<param name="width">100</param>
		<param name="height">2</param>
		<param name="top">0</param>
		<param name="left">0</param>
		<definition>
			<control type="progress">
				<top>$PARAM[top]</top>
				<left>$PARAM[left]</left>
				<width>$PARAM[width]</width>
				<height>$PARAM[height]</height>
				<texturebg colordiffuse="black" border="2">common/ProgressBack.png</texturebg>
				<lefttexture>-</lefttexture>
				<midtexture colordiffuse="emby_secondary"  border="2">common/ProgressBar.png</midtexture>
				<righttexture>-</righttexture>
				<info>ListItem.Progress</info>
				<visible>String.StartsWith(ListItem.Path,pvr://channels) + Integer.IsGreater(ListItem.Progress,0)</visible>
			</control>
			<control type="progress">
				<top>$PARAM[top]</top>
				<left>$PARAM[left]</left>
				<width>$PARAM[width]</width>
				<height>$PARAM[height]</height>
				<texturebg colordiffuse="black" border="2">common/ProgressBack.png</texturebg>
				<lefttexture>-</lefttexture>
				<midtexture colordiffuse="emby_secondary"  border="2">common/ProgressBar.png</midtexture>
				<righttexture>-</righttexture>
				<info>ListItem.PercentPlayed</info>
				<visible>!String.StartsWith(ListItem.Path,pvr://channels) + Integer.IsGreater(ListItem.PercentPlayed,0)</visible>
			</control>
		</definition>
	</include>
	<include name="PlayerProgress">
		<param name="visible">true</param>
		<param name="width">100</param>
		<param name="height">2</param>
		<param name="top">0</param>
		<param name="left">0</param>
		<definition>
			<control type="progress">
				<top>$PARAM[top]</top>
				<left>$PARAM[left]</left>
				<width>$PARAM[width]</width>
				<height>$PARAM[height]</height>
				<texturebg colordiffuse="black" border="2">common/ProgressBack.png</texturebg>
				<lefttexture>-</lefttexture>
				<midtexture colordiffuse="emby"  border="2">common/ProgressBar.png</midtexture>
				<righttexture>-</righttexture>
				<info>Player.Progress</info>
			</control>
		</definition>
	</include>
	<!-- Loading spinner -->
	<include name="WidgetLoadingSpinner">
		<control type="image">
			<centerleft>50%</centerleft>
			<centertop>50%</centertop>
			<height>150</height>
			<width>150</width>
			<texture colordiffuse="white">common/spinner-blue.gif</texture>
			<aspectratio align="center" aligny="center">keep</aspectratio>
		</control>
	</include>
	<!-- Poster -->
	<include name="PosterLayout">
		<param name="mainlabel">$VAR[MainListLabel]</param>
		<param name="sublabel">$VAR[SubListLabel]</param>
		<param name="thumblabel">$VAR[MainListLabel]</param>
		<param name="focused">false</param>
		<param name="visible">true</param>
		<definition>
			<control type="group">
				<visible>$PARAM[visible]</visible>
				<control type="image">
					<top>-2</top>
					<left>-2</left>
					<width>282</width>
					<height>420</height>
					<texture>items/shadow_poster.png</texture>
				</control>
				<control type="image">
					<width>276</width>
					<height>414</height>
					<texture colordiffuse="green" diffuse="items/mask_poster.png">common/white.jpg</texture>
					<aspectratio scalediffuse="false">stretch</aspectratio>
					<visible>String.IsEmpty(ListItem.Icon) | String.StartsWith(ListItem.Icon,Default)</visible>
				</control>
				<control type="image">
					<width>276</width>
					<height>414</height>
					<texture colordiffuse="thumb_background" diffuse="items/mask_poster.png">common/white.jpg</texture>
					<aspectratio scalediffuse="false">stretch</aspectratio>
					<visible>!String.IsEmpty(ListItem.Icon) + !String.StartsWith(ListItem.Icon,Default)</visible>
				</control>
				<control type="textbox">
					<top>10</top>
					<left>10</left>
					<width>246</width>
					<height>394</height>
					<font>Light24</font>
					<align>center</align>
					<aligny>center</aligny>
					<label>$PARAM[thumblabel]</label>
					<visible>String.IsEmpty(ListItem.Icon) | String.StartsWith(ListItem.Icon,Default)</visible>
				</control>
				<control type="image">
					<width>276</width>
					<height>414</height>
					<texture diffuse="items/mask_poster.png" background="true">$VAR[IconPoster]</texture>
					<aspectratio scalediffuse="false">scale</aspectratio>
					<visible>!String.StartsWith(ListItem.Icon,Default)</visible>
				</control>
				<control type="group">
					<width>276</width>
					<height>414</height>
					<include>bubble_overlay</include>
					<include>bubble_play</include>
				</control>
				<include content="progress">
					<param name="top" value="410"/>
					<param name="width" value="276"/>
				</include>
				<control type="image">
					<left>-12</left>
					<top>-7</top>
					<width>300</width>
					<height>437</height>
					<texture colordiffuse="focus_widget">items/focus_poster.png</texture>
					<aspectratio>scale</aspectratio>
					<visible>$PARAM[focused] + Control.HasFocus($PARAM[id])</visible>
					<include condition="$PARAM[focused]">Animation_FocusTextureFade</include>
				</control>
				<control type="image">
					<include>Widget_Diffuse</include>
					<width>276</width>
					<height>414</height>
					<texture diffuse="items/mask_wide.png" colordiffuse="diffuse_widget">common/white.jpg</texture>
				</control>
				<include content="widget_labels">
					<param name="top">426</param>
					<param name="width">276</param>
					<param name="id">$PARAM[id]</param>
					<param name="mainlabel">$PARAM[mainlabel]</param>
					<param name="sublabel">$PARAM[sublabel]</param>
					<param name="focused">$PARAM[focused]</param>
					<param name="visible_labels">$PARAM[visible_labels]</param>
				</include>
			</control>
		</definition>
	</include>
	<!-- Poster DB -->
	<include name="PosterLayout_Size2">
		<param name="mainlabel">$VAR[MainListLabel]</param>
		<param name="sublabel">$VAR[SubListLabel]</param>
		<param name="thumblabel">$VAR[MainListLabel]</param>
		<param name="focused">false</param>
		<param name="visible">true</param>
		<definition>
			<control type="group">
				<visible>$PARAM[visible]</visible>
				<control type="image">
					<top>-2</top>
					<left>-2</left>
					<width>243</width>
					<height>361</height>
					<texture>items/shadow_poster_db.png</texture>
				</control>
				<control type="image">
					<width>237</width>
					<height>355</height>
					<texture colordiffuse="green" diffuse="items/mask_poster_db.png">common/white.jpg</texture>
					<aspectratio scalediffuse="false">stretch</aspectratio>
					<visible>String.IsEmpty(ListItem.Icon) | String.StartsWith(ListItem.Icon,Default)</visible>
				</control>
				<control type="image">
					<width>237</width>
					<height>355</height>
					<texture colordiffuse="thumb_background" diffuse="items/mask_poster_db.png">common/white.jpg</texture>
					<aspectratio scalediffuse="false">stretch</aspectratio>
					<visible>!String.IsEmpty(ListItem.Icon) + !String.StartsWith(ListItem.Icon,Default)</visible>
				</control>
				<control type="textbox">
					<top>10</top>
					<left>10</left>
					<width>217</width>
					<height>335</height>
					<font>Light24</font>
					<align>center</align>
					<aligny>center</aligny>
					<label>$PARAM[thumblabel]</label>
					<visible>String.IsEmpty(ListItem.Icon) | String.StartsWith(ListItem.Icon,Default)</visible>
				</control>
				<control type="image">
					<width>237</width>
					<height>355</height>
					<texture diffuse="items/mask_poster_db.png" background="true">$VAR[IconPoster]</texture>
					<aspectratio scalediffuse="false">scale</aspectratio>
					<visible>!String.StartsWith(ListItem.Icon,Default)</visible>
				</control>
				<control type="group">
					<width>237</width>
					<height>355</height>
					<include>bubble_overlay</include>
					<include>bubble_play</include>
				</control>
				<include content="progress">
					<param name="top" value="351"/>
					<param name="width" value="237"/>
				</include>
				<control type="image">
					<left>-12</left>
					<top>-7</top>
					<width>261</width>
					<height>379</height>
					<texture colordiffuse="focus_widget">items/focus_poster_db.png</texture>
					<aspectratio>scale</aspectratio>
					<visible>$PARAM[focused] + Control.HasFocus($PARAM[id])</visible>
					<include condition="$PARAM[focused]">Animation_FocusTextureFade</include>
				</control>
				<control type="image">
					<include>Widget_Diffuse</include>
					<width>237</width>
					<height>355</height>
					<texture diffuse="items/mask_wide.png" colordiffuse="diffuse_widget">common/white.jpg</texture>
				</control>
				<include content="widget_labels">						
					<param name="top">367</param>
					<param name="width">237</param>
					<param name="id">$PARAM[id]</param>
					<param name="mainlabel">$PARAM[mainlabel]</param>
					<param name="sublabel">$PARAM[sublabel]</param>
					<param name="focused">$PARAM[focused]</param>
					<param name="visible_labels">$PARAM[visible_labels]</param>
				</include>
			</control>
		</definition>
	</include>

	<!-- Cast -->
	<include name="CastLayout">
		<param name="mainlabel">$INFO[ListItem.Label]</param>
		<param name="sublabel">$INFO[ListItem.Label2]</param>
		<param name="focused">false</param>
		<param name="visible">true</param>
		<definition>
			<control type="group">
				<visible>$PARAM[visible]</visible>
				<control type="image">
					<top>-2</top>
					<left>-2</left>
					<width>243</width>
					<height>361</height>
					<texture>items/shadow_poster_db.png</texture>
				</control>
				<control type="image">
					<width>237</width>
					<height>435</height>
					<texture colordiffuse="thumb_background">common/white.jpg</texture>
					<aspectratio scalediffuse="false">stretch</aspectratio>
				</control>
				<control type="image">
					<width>237</width>
					<height>355</height>
					<texture colordiffuse="green" diffuse="items/mask_poster_db.png">common/white.jpg</texture>
					<aspectratio scalediffuse="false">stretch</aspectratio>
					<visible>String.IsEmpty(ListItem.Art(thumb))</visible>
				</control>
				<control type="textbox">
					<top>10</top>
					<left>10</left>
					<width>217</width>
					<height>335</height>
					<font>Light24</font>
					<align>center</align>
					<aligny>center</aligny>
					<label>$PARAM[mainlabel]</label>
					<visible>String.IsEmpty(ListItem.Art(thumb))</visible>
				</control>
				<control type="image">
					<width>237</width>
					<height>355</height>
					<texture diffuse="items/mask_poster_db.png">$INFO[ListItem.Art(thumb)]</texture>
					<aspectratio scalediffuse="false">scale</aspectratio>
				</control>
				<control type="image">
					<left>-12</left>
					<top>-7</top>
					<width>261</width>
					<height>379</height>
					<texture colordiffuse="focus_widget">items/focus_poster_db.png</texture>
					<aspectratio>scale</aspectratio>
					<visible>$PARAM[focused] + Control.HasFocus($PARAM[id])</visible>
					<include condition="$PARAM[focused]">Animation_FocusTextureFade</include>
				</control>
				<control type="image">
					<include>Widget_Diffuse</include>
					<width>237</width>
					<height>355</height>
					<texture diffuse="items/mask_wide.png" colordiffuse="diffuse_widget">common/white.jpg</texture>
				</control>
				<include content="widget_labels">						
					<param name="top">367</param>
					<param name="width">237</param>
					<param name="id">$PARAM[id]</param>
					<param name="mainlabel">$PARAM[mainlabel]</param>
					<param name="sublabel">$PARAM[sublabel]</param>
					<param name="focused">$PARAM[focused]</param>
					<param name="visible_labels">$PARAM[visible_labels]</param>
					<param name="textoffsetx">5</param>
				</include>
			</control>
		</definition>
	</include>

	<!-- Landscape -->
	<include name="LandscapeLayout">
		<param name="mainlabel">$VAR[MainListLabel]</param>
		<param name="sublabel">$VAR[SubListLabel]</param>
		<param name="thumblabel">$VAR[MainListLabel]</param>
		<param name="focused">false</param>
		<param name="visible">true</param>
		<definition>
			<control type="group">
				<visible>$PARAM[visible]</visible>
				<control type="image">
					<top>-2</top>
					<left>-2</left>
					<width>430</width>
					<height>245</height>
					<texture>items/shadow_wide.png</texture>
				</control>
				<control type="image">
					<width>424</width>
					<height>239</height>
					<texture colordiffuse="green" diffuse="items/mask_wide.png">common/white.jpg</texture>
					<aspectratio scalediffuse="false">stretch</aspectratio>
					<visible>String.IsEmpty(ListItem.Icon) | String.StartsWith(ListItem.Icon,Default)</visible>
				</control>
				<control type="image">
					<width>424</width>
					<height>239</height>
					<texture colordiffuse="thumb_background" diffuse="items/mask_wide.png">common/white.jpg</texture>
					<aspectratio scalediffuse="false">stretch</aspectratio>
					<visible>!String.IsEmpty(ListItem.Icon) + !String.StartsWith(ListItem.Icon,Default)</visible>
				</control>
				<control type="textbox">
					<top>10</top>
					<left>10</left>
					<width>404</width>
					<height>219</height>
					<font>Light24</font>
					<align>center</align>
					<aligny>center</aligny>
					<label>$PARAM[thumblabel]</label>
					<visible>String.IsEmpty(ListItem.Icon) | String.StartsWith(ListItem.Icon,Default)</visible>
				</control>
				<control type="image">
					<width>424</width>
					<height>239</height>
					<texture diffuse="items/mask_wide.png" background="true">$INFO[ListItem.Icon]</texture>
					<aspectratio scalediffuse="false">keep</aspectratio>
					<bordersize>20</bordersize>
					<visible>String.StartsWith(ListItem.Path,pvr://) + !String.StartsWith(ListItem.Icon,Default)</visible>
				</control>
				<control type="image">
					<width>424</width>
					<height>239</height>
					<texture diffuse="items/mask_wide.png" background="true">$VAR[IconLandscape]</texture>
					<aspectratio scalediffuse="false">scale</aspectratio>
					<visible>!String.StartsWith(ListItem.Path,pvr://) + !String.StartsWith(ListItem.Icon,Default)</visible>
				</control>
				<control type="group">
					<width>424</width>
					<height>239</height>
					<include>bubble_overlay</include>
					<include>bubble_play</include>
				</control>
				<include content="progress">
					<param name="top" value="235"/>
					<param name="width" value="424"/>
				</include>
				<control type="image">
					<left>-12</left>
					<top>-7</top>
					<width>448</width>
					<height>262</height>
					<texture colordiffuse="focus_widget">items/focus_wide.png</texture>
					<aspectratio>scale</aspectratio>
					<visible>$PARAM[focused] + Control.HasFocus($PARAM[id])</visible>
					<include condition="$PARAM[focused]">Animation_FocusTextureFade</include>
				</control>
				<control type="image">
					<include>Widget_Diffuse</include>
					<width>424</width>
					<height>239</height>
					<texture diffuse="items/mask_wide.png" colordiffuse="diffuse_widget">common/white.jpg</texture>
				</control>
				<include content="widget_labels">
					<param name="top">251</param>
					<param name="width">424</param>
					<param name="id">$PARAM[id]</param>
					<param name="mainlabel">$PARAM[mainlabel]</param>
					<param name="sublabel">$PARAM[sublabel]</param>
					<param name="focused">$PARAM[focused]</param>
					<param name="visible_labels">$PARAM[visible_labels]</param>
				</include>
			</control>
		</definition>
	</include>
	<!-- Landscape DB -->
	<include name="LandscapeLayout_Size2">
		<param name="mainlabel">$VAR[MainListLabel]</param>
		<param name="sublabel">$VAR[SubListLabel]</param>
		<param name="thumblabel">$VAR[MainListLabel]</param>
		<param name="focused">false</param>
		<param name="visible">true</param>
		<definition>
			<control type="group">
				<visible>$PARAM[visible]</visible>
				<control type="image">
					<top>-2</top>
					<left>-2</left>
					<width>436</width>
					<height>248</height>
					<texture>items/shadow_wide_db.png</texture>
				</control>
				<control type="image">
					<width>430</width>
					<height>242</height>
					<texture colordiffuse="green" diffuse="items/mask_wide_db.png">common/white.jpg</texture>
					<aspectratio scalediffuse="false">stretch</aspectratio>
					<visible>String.IsEmpty(ListItem.Icon) | String.StartsWith(ListItem.Icon,Default)</visible>
				</control>
				<control type="image">
					<width>430</width>
					<height>242</height>
					<texture colordiffuse="thumb_background" diffuse="items/mask_wide_db.png">common/white.jpg</texture>
					<aspectratio scalediffuse="false">stretch</aspectratio>
					<visible>!String.IsEmpty(ListItem.Icon) + !String.StartsWith(ListItem.Icon,Default)</visible>
				</control>
				<control type="textbox">
					<top>10</top>
					<left>10</left>
					<width>410</width>
					<height>222</height>
					<font>Light24</font>
					<align>center</align>
					<aligny>center</aligny>
					<label>$PARAM[thumblabel]</label>
					<visible>String.IsEmpty(ListItem.Icon) | String.StartsWith(ListItem.Icon,Default)</visible>
				</control>
				<control type="image">
					<width>430</width>
					<height>242</height>
					<texture diffuse="items/mask_wide_db.png" background="true">$INFO[ListItem.Icon]</texture>
					<aspectratio scalediffuse="false">keep</aspectratio>
					<bordersize>20</bordersize>
					<visible>String.StartsWith(ListItem.Path,pvr://) + !String.StartsWith(ListItem.Icon,Default)</visible>
				</control>
				<control type="image">
					<width>430</width>
					<height>242</height>
					<texture diffuse="items/mask_wide_db.png" background="true">$VAR[IconLandscape]</texture>
					<aspectratio scalediffuse="false">scale</aspectratio>
					<visible>!String.StartsWith(ListItem.Path,pvr://) + !String.StartsWith(ListItem.Icon,Default)</visible>
				</control>
				<control type="group">
					<width>430</width>
					<height>242</height>
					<include>bubble_overlay</include>
					<include>bubble_play</include>
				</control>
				<include content="progress">
					<param name="top" value="238"/>
					<param name="width" value="430"/>
				</include>
				<control type="image">
					<left>-12</left>
					<top>-7</top>
					<width>454</width>
					<height>266</height>
					<texture colordiffuse="focus_widget">items/focus_wide_db.png</texture>
					<aspectratio>scale</aspectratio>
					<visible>$PARAM[focused] + Control.HasFocus($PARAM[id])</visible>
					<include condition="$PARAM[focused]">Animation_FocusTextureFade</include>
				</control>
				<control type="image">
					<include>Widget_Diffuse</include>
					<width>430</width>
					<height>242</height>
					<texture diffuse="items/mask_wide.png" colordiffuse="diffuse_widget">common/white.jpg</texture>
				</control>
				<include content="widget_labels">
					<param name="top">254</param>
					<param name="width">430</param>
					<param name="id">$PARAM[id]</param>
					<param name="mainlabel">$PARAM[mainlabel]</param>
					<param name="sublabel">$PARAM[sublabel]</param>
					<param name="focused">$PARAM[focused]</param>
					<param name="visible_labels">$PARAM[visible_labels]</param>
				</include>
			</control>
		</definition>
	</include>
	<!-- Landscape Settings-->
	<include name="LandscapeLayoutSettings">
		<param name="mainlabel">$VAR[MainListLabel]</param>
		<param name="sublabel">$VAR[SubListLabel]</param>
		<param name="thumblabel">$VAR[MainListLabel]</param>
		<param name="focused">false</param>
		<param name="visible">true</param>
		<definition>
			<control type="group">
				<visible>$PARAM[visible]</visible>
				<control type="image">
					<top>-2</top>
					<left>-2</left>
					<width>430</width>
					<height>245</height>
					<texture>items/shadow_wide.png</texture>
				</control>
				<control type="image">
					<width>424</width>
					<height>239</height>
					<texture colordiffuse="green" diffuse="items/mask_wide.png">common/white.jpg</texture>
					<aspectratio scalediffuse="false">stretch</aspectratio>
				</control>
				<control type="textbox">
					<top>10</top>
					<left>10</left>
					<width>404</width>
					<height>219</height>
					<font>Material70</font>
					<align>center</align>
					<aligny>center</aligny>
					<label>$PARAM[thumblabel]</label>
					<visible>String.IsEmpty(ListItem.Icon) | String.StartsWith(ListItem.Icon,Default)</visible>
				</control>
				<control type="image">
					<left>-12</left>
					<top>-7</top>
					<width>448</width>
					<height>262</height>
					<texture colordiffuse="focus_widget">items/focus_wide.png</texture>
					<aspectratio>scale</aspectratio>
					<visible>$PARAM[focused] + Control.HasFocus($PARAM[id])</visible>
					<include condition="$PARAM[focused]">Animation_FocusTextureFade</include>
				</control>
				<control type="image">
					<include>Widget_Diffuse</include>
					<width>424</width>
					<height>239</height>
					<texture diffuse="items/mask_wide.png" colordiffuse="diffuse_widget">common/white.jpg</texture>
				</control>
				<include content="widget_labels">
					<param name="top">251</param>
					<param name="width">424</param>
					<param name="id">$PARAM[id]</param>
					<param name="mainlabel">$PARAM[mainlabel]</param>
					<param name="sublabel">$PARAM[sublabel]</param>
					<param name="focused">$PARAM[focused]</param>
					<param name="visible_labels">$PARAM[visible_labels]</param>
				</include>
			</control>
		</definition>
	</include>

	<!-- Square -->
	<include name="SquareLayout">
		<param name="mainlabel">$VAR[MainListLabel]</param>
		<param name="sublabel">$VAR[SubListLabel]</param>
		<param name="thumblabel">$VAR[MainListLabel]</param>
		<param name="focused">false</param>
		<param name="visible">true</param>
		<definition>
			<control type="group">
				<visible>$PARAM[visible]</visible>
				<control type="image">
					<top>-2</top>
					<left>-2</left>
					<width>282</width>
					<height>282</height>
					<texture>items/shadow_square.png</texture>
				</control>
				<control type="image">
					<width>276</width>
					<height>276</height>
					<texture colordiffuse="green" diffuse="items/mask_square.png">common/white.jpg</texture>
					<aspectratio>stretch</aspectratio>
					<visible>String.IsEmpty(ListItem.Icon) | String.StartsWith(ListItem.Icon,Default)</visible>
				</control>
				<control type="image">
					<width>276</width>
					<height>276</height>
					<texture colordiffuse="thumb_background" diffuse="items/mask_square.png">common/white.jpg</texture>
					<aspectratio scalediffuse="false">stretch</aspectratio>
					<visible>!String.IsEmpty(ListItem.Icon) + !String.StartsWith(ListItem.Icon,Default)</visible>
				</control>
				<control type="textbox">
					<top>10</top>
					<left>10</left>
					<width>256</width>
					<height>256</height>
					<font>Light24</font>
					<align>center</align>
					<aligny>center</aligny>
					<label>$PARAM[thumblabel]</label>
					<visible>String.IsEmpty(ListItem.Icon) | String.StartsWith(ListItem.Icon,Default)</visible>
				</control>
				<control type="image">
					<width>276</width>
					<height>276</height>
					<texture diffuse="items/mask_square.png" background="true">$INFO[ListItem.Icon]</texture>
					<aspectratio scalediffuse="false">stretch</aspectratio>
					<visible>!String.StartsWith(ListItem.Path,pvr://) + !String.StartsWith(ListItem.Icon,Default)</visible>
				</control>
				<control type="image">
					<width>276</width>
					<height>276</height>
					<texture diffuse="items/mask_square.png" background="true">$INFO[ListItem.Icon]</texture>
					<aspectratio scalediffuse="false">keep</aspectratio>
					<bordersize>20</bordersize>
					<visible>String.StartsWith(ListItem.Path,pvr://) + !String.StartsWith(ListItem.Icon,Default)</visible>
				</control>
				<control type="group">
					<width>276</width>
					<height>276</height>
					<include>bubble_overlay</include>
					<include>bubble_play</include>
				</control>
				<include content="progress">
					<param name="top" value="273"/>
					<param name="width" value="276"/>
				</include>
				<control type="image">
					<left>-12</left>
					<top>-7</top>
					<width>300</width>
					<height>300</height>
					<texture colordiffuse="focus_widget">items/focus_square.png</texture>
					<aspectratio>scale</aspectratio>
					<visible>$PARAM[focused] + Control.HasFocus($PARAM[id])</visible>
					<include condition="$PARAM[focused]">Animation_FocusTextureFade</include>
				</control>
				<control type="image">
					<include>Widget_Diffuse</include>
					<width>276</width>
					<height>276</height>
					<texture diffuse="items/mask_wide.png" colordiffuse="diffuse_widget">common/white.jpg</texture>
				</control>
				<include content="widget_labels">
					<param name="top">288</param>
					<param name="width">276</param>
					<param name="id">$PARAM[id]</param>
					<param name="mainlabel">$PARAM[mainlabel]</param>
					<param name="sublabel">$PARAM[sublabel]</param>
					<param name="focused">$PARAM[focused]</param>
					<param name="visible_labels">$PARAM[visible_labels]</param>
				</include>
			</control>
		</definition>
	</include>
	<!-- Square DB -->
	<include name="SquareLayout_Size2">
		<param name="mainlabel">$VAR[MainListLabel]</param>
		<param name="sublabel">$VAR[SubListLabel]</param>
		<param name="thumblabel">$VAR[MainListLabel]</param>
		<param name="focused">false</param>
		<param name="visible">true</param>
		<definition>
			<control type="group">
				<visible>$PARAM[visible]</visible>
				<control type="image">
					<top>-2</top>
					<left>-2</left>
					<width>346</width>
					<height>346</height>
					<texture>items/shadow_square_db.png</texture>
				</control>
				<control type="image">
					<width>340</width>
					<height>340</height>
					<texture colordiffuse="green" diffuse="items/mask_square_db.png">common/white.jpg</texture>
					<aspectratio scalediffuse="false">stretch</aspectratio>
					<visible>String.IsEmpty(ListItem.Icon) | String.StartsWith(ListItem.Icon,Default)</visible>
				</control>
				<control type="image">
					<width>340</width>
					<height>340</height>
					<texture colordiffuse="thumb_background" diffuse="items/mask_square_db.png">common/white.jpg</texture>
					<aspectratio scalediffuse="false">stretch</aspectratio>
					<visible>!String.IsEmpty(ListItem.Icon) + !String.StartsWith(ListItem.Icon,Default)</visible>
				</control>
				<control type="textbox">
					<top>10</top>
					<left>10</left>
					<width>320</width>
					<height>320</height>
					<font>Light24</font>
					<align>center</align>
					<aligny>center</aligny>
					<label>$PARAM[thumblabel]</label>
					<visible>String.IsEmpty(ListItem.Icon) | String.StartsWith(ListItem.Icon,Default)</visible>
				</control>
				<control type="image">
					<width>340</width>
					<height>340</height>
					<texture diffuse="items/mask_square_db.png" background="true">$INFO[ListItem.Icon]</texture>
					<aspectratio scalediffuse="false">stretch</aspectratio>
					<visible>!String.StartsWith(ListItem.Path,pvr://) + !String.StartsWith(ListItem.Icon,Default)</visible>
				</control>
				<control type="image">
					<width>340</width>
					<height>340</height>
					<texture diffuse="items/mask_square_db.png" background="true">$INFO[ListItem.Icon]</texture>
					<aspectratio scalediffuse="false">keep</aspectratio>
					<bordersize>20</bordersize>
					<visible>String.StartsWith(ListItem.Path,pvr://) + !String.StartsWith(ListItem.Icon,Default)</visible>
				</control>
				<control type="group">
					<width>340</width>
					<height>340</height>
					<include>bubble_overlay</include>
					<include>bubble_play</include>
				</control>
				<include content="progress">
					<param name="top" value="336"/>
					<param name="width" value="340"/>
				</include>
				<control type="image">
					<left>-12</left>
					<top>-7</top>
					<width>364</width>
					<height>364</height>
					<texture colordiffuse="focus_widget">items/focus_square_db.png</texture>
					<aspectratio>scale</aspectratio>
					<visible>$PARAM[focused] + Control.HasFocus($PARAM[id])</visible>
					<include condition="$PARAM[focused]">Animation_FocusTextureFade</include>
				</control>
				<control type="image">
					<include>Widget_Diffuse</include>
					<width>340</width>
					<height>340</height>
					<texture diffuse="items/mask_wide.png" colordiffuse="diffuse_widget">common/white.jpg</texture>
				</control>
				<include content="widget_labels">
					<param name="top">352</param>
					<param name="width">340</param>
					<param name="id">$PARAM[id]</param>
					<param name="mainlabel">$PARAM[mainlabel]</param>
					<param name="sublabel">$PARAM[sublabel]</param>
					<param name="focused">$PARAM[focused]</param>
					<param name="visible_labels">$PARAM[visible_labels]</param>
				</include>
			</control>
		</definition>
	</include>

	<!-- Profiles -->
	<include name="ProfileLayout">
		<param name="mainlabel">$VAR[MainListLabel]</param>
		<param name="sublabel">$VAR[SubListLabel]</param>
		<param name="thumblabel">$VAR[MainListLabel]</param>
		<param name="focused">false</param>
		<param name="visible">true</param>
		<definition>
			<control type="group">
				<visible>$PARAM[visible]</visible>
				<control type="image">
					<top>-2</top>
					<left>-2</left>
					<width>282</width>
					<height>282</height>
					<texture>items/shadow_square.png</texture>
				</control>
				<control type="image">
					<width>276</width>
					<height>322</height>
					<texture colordiffuse="panel">common/white.jpg</texture>
					<aspectratio scalediffuse="false">stretch</aspectratio>
				</control>
				<control type="image">
					<width>276</width>
					<height>276</height>
					<texture colordiffuse="blue" diffuse="items/mask_square.png">common/white.jpg</texture>
					<aspectratio>stretch</aspectratio>
					<visible>String.IsEmpty(ListItem.Icon) | String.StartsWith(ListItem.Icon,Default)</visible>
				</control>
				<control type="image">
					<width>276</width>
					<height>276</height>
					<texture diffuse="items/mask_square.png" background="true">views/profile/logindefault.png</texture>
					<aspectratio scalediffuse="false">stretch</aspectratio>
					<visible>String.IsEmpty(ListItem.Icon) | String.StartsWith(ListItem.Icon,Default)</visible>
				</control>
				<control type="image">
					<width>276</width>
					<height>276</height>
					<texture diffuse="items/mask_square.png" background="true">$INFO[ListItem.Icon]</texture>
					<aspectratio scalediffuse="false">stretch</aspectratio>
					<visible>!String.StartsWith(ListItem.Icon,Default)</visible>
				</control>
				<control type="group">
					<width>276</width>
					<height>276</height>
					<include>bubble_overlay</include>
					<include>bubble_play</include>
				</control>
				<include content="progress">
					<param name="top" value="273"/>
					<param name="width" value="276"/>
				</include>
				<control type="image">
					<left>-12</left>
					<top>-7</top>
					<width>300</width>
					<height>300</height>
					<texture colordiffuse="focus_widget">items/focus_square.png</texture>
					<aspectratio>scale</aspectratio>
					<visible>$PARAM[focused] + Control.HasFocus($PARAM[id])</visible>
					<include condition="$PARAM[focused]">Animation_FocusTextureFade</include>
				</control>
				<control type="image">
					<include>Widget_Diffuse</include>
					<width>276</width>
					<height>276</height>
					<texture diffuse="items/mask_wide.png" colordiffuse="diffuse_widget">common/white.jpg</texture>
				</control>
				<include content="widget_labels">
					<param name="top">288</param>
					<param name="width">276</param>
					<param name="id">$PARAM[id]</param>
					<param name="mainlabel">$PARAM[mainlabel]</param>
					<param name="sublabel">$PARAM[sublabel]</param>
					<param name="focused">$PARAM[focused]</param>
					<param name="visible_labels">$PARAM[visible_labels]</param>
				</include>
			</control>
		</definition>
	</include>

	<!-- Genre -->
	<include name="GenreLayout">
		<param name="mainlabel">$VAR[MainListLabel]</param>
		<param name="sublabel">$VAR[SubListLabel]</param>
		<param name="thumblabel">$VAR[MainListLabel]</param>
		<param name="focused">false</param>
		<param name="visible">true</param>
		<definition>
			<control type="group">
				<visible>$PARAM[visible]</visible>
				<control type="image">
					<top>-2</top>
					<left>-2</left>
					<width>430</width>
					<height>245</height>
					<texture>items/shadow_wide.png</texture>
				</control>
				<control type="image">
					<width>424</width>
					<height>239</height>
					<texture colordiffuse="ff010202" diffuse="items/mask_wide.png">common/white.jpg</texture>
					<aspectratio  scalediffuse="false">stretch</aspectratio>
					<visible>!String.IsEmpty(ListItem.Art(poster.0))</visible>
				</control>
				<control type="image">
					<width>424</width>
					<height>239</height>
					<texture colordiffuse="green" diffuse="items/mask_wide.png">common/white.jpg</texture>
					<aspectratio  scalediffuse="false">stretch</aspectratio>
					<visible>String.IsEmpty(ListItem.Art(poster.0))</visible>
				</control>
				<control type="textbox">
					<top>10</top>
					<left>10</left>
					<width>404</width>
					<height>219</height>
					<font>Light24</font>
					<align>center</align>
					<aligny>center</aligny>
					<label>$PARAM[thumblabel]</label>
					<visible>String.IsEmpty(ListItem.Art(poster.0))</visible>
				</control>

				<control type="group">
					<left>7</left>
					<top>7</top>
					<control type="image">
						<width>98</width>
						<height>169</height>
						<texture background="true">$INFO[ListItem.Art(poster.0)]</texture>
						<aspectratio>scale</aspectratio>
					</control>
					<control type="image">
						<left>104</left>
						<width>98</width>
						<height>169</height>
						<texture background="true">$INFO[ListItem.Art(poster.1)]</texture>
						<aspectratio>scale</aspectratio>
					</control>
					<control type="image">
						<left>208</left>
						<width>98</width>
						<height>169</height>
						<texture background="true">$INFO[ListItem.Art(poster.2)]</texture>
						<aspectratio>scale</aspectratio>
					</control>
					<control type="image">
						<left>312</left>
						<width>98</width>
						<height>169</height>
						<texture background="true">$INFO[ListItem.Art(poster.3)]</texture>
						<aspectratio>scale</aspectratio>
					</control>
				</control>

				<control type="group">
					<left>7</left>
					<top>177</top>
					<control type="image">
						<width>98</width>
						<height>169</height>
						<texture flipy="true" diffuse="items/mirror_mask.png" background="true">$INFO[ListItem.Art(poster.0)]</texture>
						<aspectratio scalediffuse="false">scale</aspectratio>
					</control>
					<control type="image">
						<left>104</left>
						<left>67</left>
						<width>98</width>
						<height>169</height>
						<texture flipy="true" diffuse="items/mirror_mask.png" background="true">$INFO[ListItem.Art(poster.1)]</texture>
						<aspectratio scalediffuse="false">scale</aspectratio>
					</control>
					<control type="image">
						<left>208</left>
						<width>98</width>
						<height>169</height>
						<texture flipy="true" diffuse="items/mirror_mask.png" background="true">$INFO[ListItem.Art(poster.2)]</texture>
						<aspectratio scalediffuse="false">scale</aspectratio>
					</control>
					<control type="image">
						<left>312</left>
						<left>203</left>
						<width>98</width>
						<height>169</height>
						<texture flipy="true" diffuse="items/mirror_mask.png" background="true">$INFO[ListItem.Art(poster.3)]</texture>
						<aspectratio scalediffuse="false">scale</aspectratio>
					</control>
				</control>

				<control type="group">
					<width>424</width>
					<height>239</height>
					<include>bubble_overlay</include>
					<include>bubble_play</include>
				</control>
				<include content="progress">
					<param name="top" value="235"/>
					<param name="width" value="424"/>
				</include>
				<control type="image">
					<left>-12</left>
					<top>-7</top>
					<width>448</width>
					<height>262</height>
					<texture colordiffuse="focus_widget">items/focus_wide.png</texture>
					<aspectratio>scale</aspectratio>
					<visible>$PARAM[focused] + Control.HasFocus($PARAM[id])</visible>
					<include condition="$PARAM[focused]">Animation_FocusTextureFade</include>
				</control>
				<control type="image">
					<include>Widget_Diffuse</include>
					<width>424</width>
					<height>239</height>
					<texture diffuse="items/mask_wide.png" colordiffuse="diffuse_widget">common/white.jpg</texture>
				</control>
				<include content="widget_labels">
					<param name="top">251</param>
					<param name="width">424</param>
					<param name="id">$PARAM[id]</param>
					<param name="mainlabel">$PARAM[mainlabel]</param>
					<param name="sublabel">$PARAM[sublabel]</param>
					<param name="focused">$PARAM[focused]</param>
					<param name="visible_labels">$PARAM[visible_labels]</param>
				</include>
			</control>
		</definition>
	</include>

	<!-- Button -->
	<include name="ButtonLayout">
		<param name="focused">false</param>
		<definition>
			<control type="image">
				<top>-2</top>
				<left>-2</left>
				<width>284</width>
				<height>162</height>
				<texture>items/shadow_button.png</texture>
			</control>
			<control type="group">
				<visible>String.IsEmpty(ListItem.Property(Art1)) | String.IsEmpty(ListItem.Property(Art2)) | String.IsEmpty(ListItem.Property(Art3)) | String.IsEmpty(ListItem.Property(Art4))</visible>
				<control type="image">
					<width>278</width>
					<height>156</height>
					<texture colordiffuse="blue">items/mask_button.png</texture>
					<aspectratio>stretch</aspectratio>
				</control>
				<control type="label">
					<width>278</width>
					<height>156</height>
					<font>Light24</font>
					<textoffsetx>10</textoffsetx>
					<align>center</align>
					<aligny>center</aligny>
					<label>$INFO[ListItem.Label]</label>
				</control>
			</control>
			<control type="group">
				<visible>!String.IsEmpty(ListItem.Property(Art1)) + !String.IsEmpty(ListItem.Property(Art2)) + !String.IsEmpty(ListItem.Property(Art3)) + !String.IsEmpty(ListItem.Property(Art4))</visible>
				<control type="image">
					<width>278</width>
					<height>156</height>
					<texture colordiffuse="ff010202">items/mask_button.png</texture>
				</control>
			</control>
			<control type="group">
				<visible>!String.IsEmpty(ListItem.Property(Art1)) + !String.IsEmpty(ListItem.Property(Art2)) + !String.IsEmpty(ListItem.Property(Art3)) + !String.IsEmpty(ListItem.Property(Art4))</visible>
				<left>6</left>
				<top>6</top>
				<control type="image">
					<width>62</width>
					<height>107</height>
					<texture colordiffuse="thumb_background">common/white.jpg</texture>
					<aspectratio>scale</aspectratio>
				</control>
				<control type="image">
					<left>68</left>
					<width>62</width>
					<height>107</height>
					<texture colordiffuse="thumb_background">common/white.jpg</texture>
					<aspectratio>scale</aspectratio>
				</control>
				<control type="image">
					<left>136</left>
					<width>62</width>
					<height>107</height>
					<texture colordiffuse="thumb_background">common/white.jpg</texture>
					<aspectratio>scale</aspectratio>
				</control>
				<control type="image">
					<left>204</left>
					<width>62</width>
					<height>107</height>
					<texture colordiffuse="thumb_background">common/white.jpg</texture>
					<aspectratio>scale</aspectratio>
				</control>
				<control type="image">
					<width>62</width>
					<height>107</height>
					<texture fallback="$PARAM[fallback]" background="true">$INFO[ListItem.Property(Art1)]</texture>
					<aspectratio>scale</aspectratio>
				</control>
				<control type="image">
					<left>68</left>
					<width>62</width>
					<height>107</height>
					<texture background="true">$INFO[ListItem.Property(Art2)]</texture>
					<aspectratio>scale</aspectratio>
				</control>
				<control type="image">
					<left>136</left>
					<width>62</width>
					<height>107</height>
					<texture background="true">$INFO[ListItem.Property(Art3)]</texture>
					<aspectratio>scale</aspectratio>
				</control>
				<control type="image">
					<left>204</left>
					<width>62</width>
					<height>107</height>
					<texture background="true">$INFO[ListItem.Property(Art4)]</texture>
					<aspectratio>scale</aspectratio>
				</control>
			</control>
			<control type="group">
				<visible>!String.IsEmpty(ListItem.Property(Art1)) + !String.IsEmpty(ListItem.Property(Art2)) + !String.IsEmpty(ListItem.Property(Art3)) + !String.IsEmpty(ListItem.Property(Art4))</visible>
				<left>6</left>
				<top>114</top>
				<control type="image">
					<width>62</width>
					<height>107</height>
					<texture flipy="true" diffuse="items/mirror_mask.png" colordiffuse="thumb_background">common/white.jpg</texture>
					<aspectratio scalediffuse="false">scale</aspectratio>
				</control>
				<control type="image">
					<left>68</left>
					<width>62</width>
					<height>107</height>
					<texture flipy="true" diffuse="items/mirror_mask.png" colordiffuse="thumb_background">common/white.jpg</texture>
					<aspectratio scalediffuse="false">scale</aspectratio>
				</control>
				<control type="image">
					<left>136</left>
					<width>62</width>
					<height>107</height>
					<texture flipy="true" diffuse="items/mirror_mask.png" colordiffuse="thumb_background">common/white.jpg</texture>
					<aspectratio scalediffuse="false">scale</aspectratio>
				</control>
				<control type="image">
					<left>204</left>
					<width>62</width>
					<height>107</height>
					<texture flipy="true" diffuse="items/mirror_mask.png" colordiffuse="thumb_background">common/white.jpg</texture>
					<aspectratio scalediffuse="false">scale</aspectratio>
				</control>
				<control type="image">
					<width>62</width>
					<height>107</height>
					<texture flipy="true" diffuse="items/mirror_mask.png" background="true">$INFO[ListItem.Property(Art1)]</texture>
					<aspectratio scalediffuse="false">scale</aspectratio>
				</control>
				<control type="image">
					<left>68</left>
					<width>62</width>
					<height>107</height>
					<texture flipy="true" diffuse="items/mirror_mask.png" background="true">$INFO[ListItem.Property(Art2)]</texture>
					<aspectratio scalediffuse="false">scale</aspectratio>
				</control>
				<control type="image">
					<left>136</left>
					<width>62</width>
					<height>107</height>
					<texture flipy="true" diffuse="items/mirror_mask.png" background="true">$INFO[ListItem.Property(Art3)]</texture>
					<aspectratio scalediffuse="false">scale</aspectratio>
				</control>
				<control type="image">
					<left>204</left>
					<width>62</width>
					<height>107</height>
					<texture flipy="true" diffuse="items/mirror_mask.png" background="true">$INFO[ListItem.Property(Art4)]</texture>
					<aspectratio scalediffuse="false">scale</aspectratio>
				</control>
			</control>
			<control type="image">
				<left>-12</left>
				<top>-7</top>
				<width>302</width>
				<height>180</height>
				<texture colordiffuse="focus_widget">items/focus_button.png</texture>
				<aspectratio>stretch</aspectratio>
				<visible>$PARAM[focused] + Control.HasFocus($PARAM[id])</visible>
				<include condition="$PARAM[focused]">Animation_FocusTextureFade</include>
			</control>
			<control type="image">
				<include>Widget_Diffuse</include>
				<width>278</width>
				<height>156</height>
				<texture diffuse="items/mask_wide.png" colordiffuse="diffuse_widget">common/white.jpg</texture>
			</control>
			<include content="widget_labels">
				<param name="top">166</param>
				<param name="width">278</param>
				<param name="id">$PARAM[id]</param>
				<param name="mainlabel">$PARAM[mainlabel]</param>
				<param name="sublabel">$PARAM[sublabel]</param>
				<param name="focused">$PARAM[focused]</param>
				<param name="visible_labels">$PARAM[visible_labels]</param>
			</include>
		</definition>
	</include>

	<!-- List -->
	<include name="ListLayout">
		<param name="focused">false</param>
		<param name="mainlabel">$VAR[MainListLabel]</param>
		<param name="sublabel">$VAR[SubListLabel]</param>
		<param name="rightlabel">$VAR[DurationMinutes]</param>
		<definition>
			<control type="image">
				<left>-70</left>
				<top>-5</top>
				<height>1</height>
				<width>1190</width>
				<texture colordiffuse="list_hover">common/white.jpg</texture>
				<aspectratio>stretch</aspectratio>
				<visible>!$PARAM[focused] | !Control.HasFocus($PARAM[id])</visible>
			</control>
			<control type="image">
				<left>-70</left>
				<top>-5</top>
				<height>120</height>
				<width>1190</width>
				<texture colordiffuse="list_hover">common/white.jpg</texture>
				<aspectratio>stretch</aspectratio>
				<visible>$PARAM[focused] + Control.HasFocus($PARAM[id])</visible>
			</control>
			<control type="group">
				<visible>![Container.Content(tvshows) | Container.Content(movies)]</visible>
				<top>22</top>
				<control type="image">
					<width>67</width>
					<height>67</height>
					<texture diffuse="items/mask_square_mini.png" background="true">$INFO[ListItem.Icon]</texture>
					<aspectratio scalediffuse="false">keep</aspectratio>
					<bordersize>0</bordersize>
				</control>
			</control>
			<control type="group">
				<visible>Container.Content(tvshows) | Container.Content(movies)</visible>
				<top>5</top>
				<control type="image">
					<top>-2</top>
					<left>-2</left>
					<width>73</width>
					<height>106</height>
					<texture>items/shadow_poster_mini.png</texture>
					<visible>String.IsEmpty(ListItem.Art(poster)) + String.IsEmpty(ListItem.Art(tvshow.poster))</visible>
				</control>
				<control type="image">
					<width>67</width>
					<height>100</height>
					<texture colordiffuse="green" diffuse="items/mask_poster_mini.png" background="true">common/white.jpg</texture>
					<aspectratio scalediffuse="false">scale</aspectratio>
					<visible>String.IsEmpty(ListItem.Art(poster)) + String.IsEmpty(ListItem.Art(tvshow.poster))</visible>
				</control>
				<control type="textbox">
					<top>10</top>
					<left>10</left>
					<width>47</width>
					<height>80</height>
					<font>Material24</font>
					<align>center</align>
					<aligny>center</aligny>
					<label>$INFO[ListItem.Icon]</label>
				</control>
				<control type="image">
					<width>67</width>
					<height>100</height>
					<texture diffuse="items/mask_poster_mini.png" background="true">$VAR[IconPoster]</texture>
					<aspectratio scalediffuse="false">scale</aspectratio>
				</control>
				<include content="bubble_mini_overlay">
					<param name="left" value="45"/>
					<param name="top" value="5"/>
				</include>
			</control>
			<control type="label">
				<top>26</top>
				<left>100</left>
				<right>250</right>
				<height>31</height>
				<font>Reg24</font>
				<textcolor>white</textcolor>
				<shadowcolor>text_shadow</shadowcolor>
				<label fallback="$PARAM[fallbacklabel]">$PARAM[mainlabel]</label>
			</control>
			<control type="label">
				<left>100</left>
				<top>57</top>
				<right>250</right>
				<height>31</height>
				<font>reg24</font>
				<textcolor>lightgrey</textcolor>
				<shadowcolor>text_shadow</shadowcolor>
				<label>$PARAM[sublabel]</label>
			</control>
			<control type="label">
				<top>26</top>
				<right>0</right>
				<width>300</width>
				<height>31</height>
				<align>right</align>
				<font>reg24</font>
				<textcolor>white</textcolor>
				<shadowcolor>text_shadow</shadowcolor>
				<label>$PARAM[rightlabel]</label>
			</control>
			<control type="label">
				<top>57</top>
				<right>0</right>
				<width>300</width>
				<height>31</height>
				<align>right</align>
				<font>reg24</font>
				<textcolor>lightgrey</textcolor>
				<shadowcolor>text_shadow</shadowcolor>
				<label>$PARAM[rightlabel2]</label>
			</control>
		</definition>
	</include>

	<!-- Square Favourites -->
	<include name="SquareFavourits">
		<param name="mainlabel">$VAR[MainListLabel]</param>
		<param name="sublabel">$VAR[SubListLabel]</param>
		<param name="thumblabel">$VAR[MainListLabel]</param>
		<param name="focused">false</param>
		<param name="visible">true</param>
		<definition>
			<control type="group">
				<visible>$PARAM[visible]</visible>
				<control type="image">
					<top>-2</top>
					<left>-2</left>
					<width>282</width>
					<height>282</height>
					<texture>items/shadow_square_db.png</texture>
				</control>
				<control type="image">
					<width>276</width>
					<height>276</height>
					<texture colordiffuse="green" diffuse="items/mask_square_db.png">common/white.jpg</texture>
					<aspectratio scalediffuse="false">stretch</aspectratio>
					<visible>String.IsEmpty(ListItem.Icon) | String.StartsWith(ListItem.Icon,Default)</visible>
				</control>
				<control type="image">
					<width>276</width>
					<height>276</height>
					<texture colordiffuse="thumb_background" diffuse="items/mask_square_db.png">common/white.jpg</texture>
					<aspectratio scalediffuse="false">stretch</aspectratio>
					<visible>!String.IsEmpty(ListItem.Icon) + !String.StartsWith(ListItem.Icon,Default)</visible>
				</control>
				<control type="textbox">
					<top>10</top>
					<left>10</left>
					<width>256</width>
					<height>256</height>
					<font>Light24</font>
					<align>center</align>
					<aligny>center</aligny>
					<label>$PARAM[thumblabel]</label>
					<visible>String.IsEmpty(ListItem.Icon) | String.StartsWith(ListItem.Icon,Default)</visible>
				</control>
				<control type="image">
					<width>276</width>
					<height>276</height>
					<texture diffuse="items/mask_square_db.png" background="true">$INFO[ListItem.Icon]</texture>
					<aspectratio scalediffuse="true">keep</aspectratio>
					<bordersize>20</bordersize>
					<visible>!String.StartsWith(ListItem.Icon,Default)</visible>
				</control>
				<control type="image">
					<left>-12</left>
					<top>-7</top>
					<width>300</width>
					<height>300</height>
					<texture colordiffuse="focus_widget">items/focus_square_db.png</texture>
					<aspectratio>scale</aspectratio>
					<visible>$PARAM[focused] + Control.HasFocus($PARAM[id])</visible>
					<include condition="$PARAM[focused]">Animation_FocusTextureFade</include>
				</control>
				<control type="image">
					<include>Widget_Diffuse</include>
					<width>276</width>
					<height>276</height>
					<texture diffuse="items/mask_wide.png" colordiffuse="diffuse_widget">common/white.jpg</texture>
				</control>
				<include content="widget_labels">
					<param name="top">288</param>
					<param name="width">276</param>
					<param name="id">$PARAM[id]</param>
					<param name="mainlabel">$PARAM[mainlabel]</param>
					<param name="sublabel">$PARAM[sublabel]</param>
					<param name="focused">$PARAM[focused]</param>
					<param name="visible_labels">$PARAM[visible_labels]</param>
				</include>
			</control>
		</definition>
	</include>

	<!-- List -->
	<include name="PVROSDLayout">
		<param name="focused">false</param>
		<definition>
			<control type="group">
				<left>25</left>
				<right>25</right>
				<control type="image">
					<top>-5</top>
					<left>-25</left>
					<right>-25</right>
					<height>1</height>
					<texture colordiffuse="list_hover">common/white.jpg</texture>
					<aspectratio>stretch</aspectratio>
					<visible>!$PARAM[focused]</visible>
				</control>
				<control type="image">
					<left>-25</left>
					<right>-25</right>
					<top>-5</top>
					<height>110</height>
					<texture colordiffuse="list_hover">common/white.jpg</texture>
					<aspectratio>stretch</aspectratio>
					<visible>$PARAM[focused]</visible>
				</control>
				<control type="image">
					<top>15</top>
					<width>67</width>
					<height>67</height>
					<texture background="true">$INFO[ListItem.Icon]</texture>
					<aspectratio scalediffuse="false">keep</aspectratio>
				</control> 
				<control type="label">
					<top>20</top>
					<left>100</left>
					<width>990</width>
					<height>31</height>
					<font>Reg24</font>
					<textcolor>white</textcolor>
					<shadowcolor>text_shadow</shadowcolor>
					<label>$PARAM[mainlabel]</label>
				</control>
				<control type="label">
					<left>100</left>
					<top>51</top>
					<width>990</width>
					<height>31</height>
					<font>reg24</font>
					<textcolor>lightgrey</textcolor>
					<shadowcolor>text_shadow</shadowcolor>
					<label>$PARAM[sublabel]</label>
				</control>
				<control type="label">
					<top>20</top>
					<right>0</right>
					<width>400</width>
					<height>31</height>
					<align>right</align>
					<font>reg24</font>
					<textcolor>white</textcolor>
					<shadowcolor>text_shadow</shadowcolor>
					<label>$PARAM[rightlabel]</label>
				</control>
				<control type="label">
					<top>51</top>
					<right>0</right>
					<width>400</width>
					<height>31</height>
					<align>right</align>
					<font>reg24</font>
					<textcolor>lightgrey</textcolor>
					<shadowcolor>text_shadow</shadowcolor>
					<label>$PARAM[rightlabel2]</label>
				</control>
			</control>
		</definition>
	</include>
</includes>
