<?xml version="1.0" encoding="UTF-8"?>
<includes>	
	<!-- HeaderBar -->
	<include name="HeaderBar">
		<param name="id">10</param>
		<param name="enabled">true</param>
		<param name="custom_animation">false</param>
		<param name="header_label">$VAR[ContainerContent]$VAR[ContainerCountLabel, (,)]</param>
		<param name="content">HeaderDefault</param>
		<definition>
			<control type="group">
				<animation effect="slide" start="0,0" end="0,-58"  time="200" condition="!ControlGroup(6666).HasFocus + [[Container($PARAM[id]).HasPrevious + $PARAM[enabled]] | [$PARAM[custom_animation]]]" tween="linear" easing="inout">Conditional</animation>
				<control type="image">
					<height>58</height>
					<width>1920</width>
					<top>0</top>
					<left>0</left>
					<texture colordiffuse="headerbar">common/white.jpg</texture>
					<aspectratio>stretch</aspectratio>
				</control>
				<control type="grouplist">
					<left>10</left>
					<height>58</height>
					<width>1920</width>
					<top>0</top>
					<orientation>horizontal</orientation>
					<itemgap>10</itemgap>
					<control type="label">
						<width>25</width>
						<left>19</left>
						<aligny>center</aligny>
						<font>Material24</font>
						<label>&#xE5C4;</label>
						<textcolor>text_white</textcolor>
						<visible>!Window.IsVisible(loginscreen)</visible>
					</control>
					<control type="image">
						<height>58</height>
						<width>98</width>
						<texture>common/embuary_small.png</texture>
						<aspectratio>keep</aspectratio>
						<visible>[Window.IsVisible(home) | Window.IsVisible(loginscreen)] + !Window.IsVisible(script-globalsearch-main.xml) + !Window.IsVisible(favourites) + !$EXP[ExpInfoDialogActive]</visible>
					</control>
					<control type="label">
						<width>auto</width>
						<left>19</left>
						<aligny>center</aligny>
						<font>med20</font>
						<textcolor>text_white</textcolor>
						<label>$PARAM[header_label]</label>
					</control>
				</control>
				<control type="grouplist" id="6666">
					<visible>!Window.IsVisible(loginscreen)</visible>
					<height>58</height>
					<width>1920</width>
					<top>0</top>
					<align>center</align>
					<orientation>horizontal</orientation>
					<itemgap>10</itemgap>
					<ondown>SetFocus($PARAM[id])</ondown>
					<onleft>9999</onleft>
					<onright>noop</onright>
					<include>$PARAM[content]</include>
				</control>
				<control type="grouplist">
					<top>0</top>
					<height>58</height>
					<width>400</width>
					<right>19</right>
					<orientation>horizontal</orientation>
					<itemgap>10</itemgap>
					<align>right</align>
					<control type="label">
						<height>58</height>
						<width>auto</width>
						<aligny>center</aligny>
						<font>Material24</font>
						<textcolor>text_white</textcolor>
						<label></label>
						<visible>Player.Muted</visible>
					</control>
					<control type="label">		
						<visible>Player.Muted</visible>
						<width>0</width>
					</control>
					<control type="label">
						<height>58</height>
						<width>auto</width>
						<aligny>center</aligny>
						<font>med20</font>
						<textcolor>text_white</textcolor>
						<label>$INFO[Weather.Temperature]</label>
						<visible>!Skin.HasSetting(HideHeaderWeather) + !String.IsEmpty(Weather.Temperature) + !String.Contains(Weather.Temperature,$LOCALIZE[503]) + !String.IsEqual(Weather.fanartcode,na) + Weather.IsFetched</visible>
					</control>
					<control type="image">
						<animation effect="slide" end="0,10" time="0" condition="true">Conditional</animation>
						<height>38</height>
						<width>43</width>
						<texture colordiffuse="text_white">$INFO[Weather.fanartcode,resource://resource.images.weathericons.outline-hd/,.png]</texture>
						<aspectratio scalediffuse="false" align="left">stretch</aspectratio>
						<visible>!Skin.HasSetting(HideHeaderWeather) + !String.IsEmpty(Weather.Temperature) + !String.Contains(Weather.Temperature,$LOCALIZE[503]) + !String.IsEqual(Weather.fanartcode,na) + Weather.IsFetched</visible>
					</control>
					<control type="label">
						<height>58</height>
						<width>auto</width>
						<aligny>center</aligny>
						<font>med20</font>
						<textcolor>text_white</textcolor>
						<label>$INFO[System.Time]</label>
					</control>
					<control type="group">
						<animation effect="slide" end="0,10" time="0" condition="true">Conditional</animation>
						<height>38</height>
						<width>38</width>
						<control type="image">
							<height>38</height>
							<width>38</width>
							<texture colordiffuse="blue">items/roundbutton.png</texture>
						</control>
						<control type="image">
							<height>38</height>
							<width>38</width>
							<texture diffuse="items/roundbutton.png">$VAR[UserAvatar]</texture>
							<aspectratio scalediffuse="false">stretch</aspectratio>
						</control>
					</control>
				</control>
			</control>
			<control type="group">
				<visible>[Window.IsVisible(home) | Window.IsVisible(1120) | Window.IsVisible(1121) | Window.IsVisible(1122) | Window.IsVisible(1123) | Window.IsVisible(1124) | Window.IsVisible(MyPVRGuide.xml) | System.Idletime(5)] + Player.HasMedia + !Window.IsVisible(extendedprogressdialog) + !Window.IsVisible(fullscreeninfo) + !Window.IsVisible(fullscreenvideo) + !Window.IsVisible(visualisation) + !$EXP[infodialog_active]</visible>
				<animation effect="slide" start="0,0" end="0,58"  time="200" condition="!ControlGroup(6666).HasFocus + [[Container($PARAM[id]).HasPrevious + $PARAM[enabled]] | [$PARAM[custom_animation]]]" tween="linear" easing="inout">Conditional</animation>
				<animation effect="slide" start="0,0" end="0,58"  time="200">Hidden</animation>
				<animation effect="slide" start="0,58" end="0,0"  time="200">Visible</animation>
				<control type="image">
					<height>58</height>
					<width>1920</width>
					<bottom>0</bottom>
					<left>0</left>
					<texture colordiffuse="footerbar">common/white.jpg</texture>
					<aspectratio>stretch</aspectratio>
				</control>
				<control type="grouplist">
					<left>10</left>
					<height>58</height>
					<width>1920</width>
					<bottom>0</bottom>
					<orientation>horizontal</orientation>
					<itemgap>10</itemgap>
					<control type="image">
						<animation effect="slide" end="0,10" time="0" condition="true">Conditional</animation>
						<height>38</height>
						<width>28</width>
						<texture>$VAR[PlayerIcon]</texture>
						<aspectratio>keep</aspectratio>
						<visible>!String.IsEmpty(Player.Art(tvshow.poster)) | !String.IsEmpty(Player.Art(poster))</visible>
					</control>
					<control type="image">
						<animation effect="slide" end="0,10" time="0" condition="true">Conditional</animation>
						<height>38</height>
						<width>58</width>
						<texture>$VAR[PlayerIcon]</texture>
						<aspectratio>keep</aspectratio>
						<visible>String.IsEmpty(Player.Art(tvshow.poster)) + String.IsEmpty(Player.Art(poster))</visible>
					</control>
					<control type="label">
						<height>58</height>
						<width>auto</width>
						<aligny>center</aligny>
						<align>right</align>
						<font>med20</font>
						<textcolor>text_white</textcolor>
						<label>$VAR[PlayerFullLabel]</label>
						<visible>Player.HasMedia</visible>
					</control>
				</control>
				<control type="grouplist">
					<bottom>0</bottom>
					<height>58</height>
					<width>400</width>
					<right>19</right>
					<orientation>horizontal</orientation>
					<itemgap>10</itemgap>
					<align>right</align>
					<control type="label">
						<height>58</height>
						<width>auto</width>
						<aligny>center</aligny>
						<font>med20</font>
						<textcolor>text_white</textcolor>
						<label>$VAR[PlayerTimeLabels]</label>
					</control>
					<control type="label">
						<animation effect="slide" end="0,1" time="0" condition="true">Conditional</animation>
						<width>25</width>
						<aligny>center</aligny>
						<font>Material24</font>
						<label></label>
						<textcolor>text_white</textcolor>
						<visible>Player.HasMedia + !Player.Paused</visible>
					</control>
					<control type="label">
						<animation effect="slide" end="0,1" time="0" condition="true">Conditional</animation>
						<width>25</width>
						<aligny>center</aligny>
						<font>Material24</font>
						<label></label>
						<textcolor>text_white</textcolor>
						<visible>Player.HasMedia + Player.Paused</visible>
					</control>
				</control>
				<control type="progress">
					<bottom>56</bottom>
					<left>0</left>
					<right>0</right>
					<height>2</height>
					<reveal>true</reveal>
					<info>Player.Progress</info>
					<texturebg colordiffuse="grey">common/ProgressBack.png</texturebg>
					<lefttexture>-</lefttexture>
					<midtexture colordiffuse="emby_secondary">common/ProgressBar.png</midtexture>
					<righttexture>-</righttexture>
					<overlaytexture>-</overlaytexture>
					<visible>Player.HasMedia</visible>
				</control>
			</control>
		</definition>
	</include>
	<!-- Defaults -->
	<include name="HeaderDefault">
		<control type="button" id="6600">
			<include>HeaderButton</include>
			<label>$LOCALIZE[31000]</label>
			<onclick>Dialog.Close(all,true)</onclick>
			<onclick>ActivateWindow(home)</onclick>
		</control>
		<control type="button" id="6601">
			<include>HeaderButton</include>
			<label>$LOCALIZE[1036]</label>
			<onclick>ActivateWindow(favourites)</onclick>
			<visible>!Window.IsVisible(favourites)</visible>
		</control>
		<control type="button" id="6602">
			<include>HeaderButton</include>
			<label>$LOCALIZE[31015]</label>
			<onclick>ActivateWindow(videos,videodb://movies/titles,return)</onclick>
			<visible>[Container.Content(sets) | String.StartsWith(Container.FolderPath,videodb://movies/sets)] + Library.HasContent(MovieSets)</visible>
		</control>
		<control type="button" id="6603">
			<include>HeaderButton</include>
			<label>$LOCALIZE[31169]</label>
			<onclick>ActivateWindow(videos,videodb://movies/sets,return)</onclick>
			<visible>Library.HasContent(MovieSets) + !Container.Content(sets) + [String.StartsWith(Container.FolderPath,videodb://movies/titles) | String.StartsWith(Container.FolderPath,videodb://movies/sets)]</visible>
		</control>
		<control type="button" id="6604">
			<include>HeaderButton</include>
			<label>$LOCALIZE[137]</label>
			<include>search_action</include>
		</control>
		<control type="button" id="6605">
			<include>HeaderButton</include>
			<label>$INFO[Control.GetLabel(28)]</label>
			<onclick>SendClick(28)</onclick>
			<visible>[Window.IsVisible(MyPVRTimers.xml) | Window.IsVisible(MyPVRSearch.xml)] + !$EXP[ExpInfoDialogActive]</visible>
		</control>
		<control type="button" id="6606">
			<include>HeaderButton</include>
			<label>$LOCALIZE[19141]: $INFO[Control.GetLabel(29)]</label>
			<onclick>SendClick(28)</onclick>
			<visible>[Window.IsVisible(MyPVRChannels.xml)] + !$EXP[ExpInfoDialogActive]</visible>
		</control>
		<control type="button" id="6607">
			<include>HeaderButton</include>
			<width>auto</width>
			<textcolor>panel_text</textcolor>
			<focusedcolor>emby</focusedcolor>
			<label>$LOCALIZE[19141]: $INFO[Control.GetLabel(30)]</label>
			<onclick>SendClick(28)</onclick>
			<visible>[Window.IsVisible(MyPVRGuide.xml)] + !$EXP[ExpInfoDialogActive]</visible>
		</control>
		<control type="button" id="6608">
			<include>HeaderButton</include>
			<width>auto</width>
			<textcolor>panel_text</textcolor>
			<focusedcolor>emby</focusedcolor>
			<label>$LOCALIZE[31111]</label>
			<onclick>SetFocus(4000)</onclick>
			<visible>Window.IsVisible(weather) + !Skin.HasSetting(KioskMode)</visible>
		</control>
		<control type="button" id="6609">
			<font>Material24</font>
			<include>HeaderButton</include>
			<label></label>
			<onclick>SetFocus(4000)</onclick>
			<visible>[Window.IsVisible(videos) | Window.IsVisible(music) | Window.IsVisible(MyPVRChannels.xml) | Window.IsVisible(MyPVRrecordings.xml) | Window.IsVisible(MyPVRTimers.xml) | Window.IsVisible(MyPVRSearch.xml) | Window.IsVisible(programs) | Window.IsVisible(pictures) | Window.IsVisible(addonbrowser)] + !$EXP[ExpInfoDialogActive] + !Skin.HasSetting(KioskMode)</visible>
		</control>
		<control type="button" id="6610">
			<font>Material24</font>
			<label></label>
			<include>HeaderButton</include>
			<onclick>Container.NextViewMode</onclick>
			<visible>[[Container.Content(episodes) + String.StartsWith(Container.FolderPath,plugin://) + !String.StartsWith(Container.FolderPath,plugin://plugin.video.embycon)] | [[Window.IsVisible(videos) | Window.IsVisible(music) | Window.IsVisible(programs) | Window.IsVisible(MyPVRChannels.xml) | Window.IsVisible(MyPVRrecordings.xml) | Window.IsVisible(addonbrowser) | Window.IsVisible(pictures)] + !$EXP[ExpInfoDialogActive] + !Container.Content(seasons) + !Container.Content(episodes)] + !String.Contains(Container.FolderPath,setid)] + !Skin.HasSetting(KioskMode)</visible>
		</control>
		<control type="button" id="6611">
			<font>Material24</font>
			<label></label>
			<include>HeaderButton</include>
			<onclick>ActivateWindow(playercontrols)</onclick>
			<visible>Player.HasMedia</visible>
		</control>
		<control type="button" id="6612">
			<font>Material24</font>
			<label></label>
			<include>HeaderButton</include>
			<onclick condition="Player.HasVideo">ActivateWindow(fullscreenvideo)</onclick>
			<onclick condition="Player.HasAudio">ActivateWindow(visualisation)</onclick>
			<visible>Player.HasMedia</visible>
		</control>
	</include>
</includes>