<?xml version="1.0" encoding="UTF-8"?>
<includes>
	<include name="FritzDect">
		<control type="panel" id="8002">
			<include>openclosefanart</include>
			<left>0</left>
			<top>0</top>
			<widht>1800</widht>
			<height>105</height>
			<orientation>horizontal</orientation>
			<onclick>RunScript(plugin.program.fritzact,action=toggle&amp;ain=$INFO[ListItem.Label2])</onclick>
			<onclick>Notification(wird geschaltet ...,FritzDect ($INFO[ListItem.Label]),2000)</onclick>
			<visible>Skin.HasSetting(Widget_NEWS_FritzDect)+System.HasAddon(plugin.program.fritzact)</visible>
			<visible>String.IsEqual(Container(9000).ListItem.Property(homemenu_id),dashboard)</visible>
			<itemlayout height="105" width="360">
				<control type="image">
					<description>background</description>
					<left>0</left>
					<top>0</top>
					<width>352</width>
					<height>100</height>
					<aspectratio>scale</aspectratio>
					<colordiffuse>green</colordiffuse>
					<animation effect="fade" end="40" condition="true">Conditional</animation>
					<texture>WhiteBack.png</texture>
					<visible>ListItem.Property(b_state)</visible>
				</control>
				<control type="image">
					<description>background</description>
					<left>0</left>
					<top>0</top>
					<width>352</width>
					<height>100</height>
					<aspectratio>scale</aspectratio>
					<colordiffuse>red</colordiffuse>
					<texture>WhiteBack.png</texture>
					<animation effect="fade" end="40" condition="true">Conditional</animation>
					<visible>!ListItem.Property(b_state)</visible>
				</control>
				<include>FritzDect_layout</include>
			</itemlayout>
			<focusedlayout height="105" width="360">
				<control type="image">
					<description>background</description>
					<left>0</left>
					<top>0</top>
					<width>352</width>
					<height>100</height>
					<aspectratio>scale</aspectratio>
					<colordiffuse>green</colordiffuse>
					<texture>WhiteBack.png</texture>
					<visible>ListItem.Property(b_state)</visible>
				</control>
				<control type="image">
					<description>background</description>
					<left>0</left>
					<top>0</top>
					<width>352</width>
					<height>100</height>
					<aspectratio>scale</aspectratio>
					<colordiffuse>red</colordiffuse>
					<texture>WhiteBack.png</texture>
					<visible>!ListItem.Property(b_state)</visible>
				</control>
				<include>FritzDect_layout</include>
			</focusedlayout>
			<content>plugin://plugin.program.fritzact?ts=$INFO[Window(Home).Property(fritzact.timestamp)]</content>
		</control>
	</include>
	<include name="FritzDect_layout">
		<control type="image">
			<left>1</left>
			<top>0</top>
			<width>352</width>
			<height>100</height>
			<!-- <colordiffuse>menudiffuse</colordiffuse> -->
			<texture>Shadow.png</texture>
			<include>openclosevisible</include>
		</control>
		<control type="image">
			<description>background</description>
			<left>0</left>
			<top>0</top>
			<width>352</width>
			<height>100</height>
			<colordiffuse>menudiffuse</colordiffuse>
			<texture border="4">masks/Default_sharp.png</texture>
		</control>
		<control type="label">
			<left>80</left>
			<top>4</top>
			<width>260</width>
			<height>30</height>
			<font>impacted14</font>
			<align>left</align>
			<textcolor>white</textcolor>
			<shadowcolor>grey3</shadowcolor>
			<label>$INFO[ListItem.Property(state)]$INFO[ListItem.Property(mode), - ,]</label>
		</control>
		<control type="label">
			<left>80</left>
			<top>30</top>
			<width>260</width>
			<height>30</height>
			<font>impacted14</font>
			<align>left</align>
			<textcolor>white</textcolor>
			<shadowcolor>grey3</shadowcolor>
			<label>$INFO[ListItem.Property(temperature),,]$INFO[ListItem.Property(power), / ,]$INFO[ListItem.Property(energy), / ,]</label>
		</control>
		<control type="image">
			<description>background</description>
			<left>80</left>
			<top>60</top>
			<width>260</width>
			<height>2</height>
			<colordiffuse>menudiffuse</colordiffuse>
			<texture border="1">Separator1.png</texture>
		</control>
		<control type="label">
			<left>80</left>
			<top>62</top>
			<width>260</width>
			<height>30</height>
			<font>impacted14</font>
			<align>left</align>
			<textcolor>white</textcolor>
			<shadowcolor>grey3</shadowcolor>
			<label>$INFO[ListItem.Label]</label>
		</control>
		<control type="image">
			<description>background</description>
			<left>4</left>
			<top>5</top>
			<width>70</width>
			<height>90</height>
			<aspectratio>keep</aspectratio>
			<texture>$INFO[ListItem.Icon]</texture>
		</control>
	</include>
</includes>
