<?xml version="1.0" encoding="UTF-8"?>
<addon id="plugin.video.tivi_de" name="ZDF tivi" version="1.0.5" provider-name="L0RE">
    <requires>
        <import addon="xbmc.python" version="2.1.0"/>
    </requires>
    <extension point="xbmc.python.pluginsource" library="default.py">
        <provides>video</provides>
    </extension>
    <extension point="xbmc.addon.metadata">
        <platform>all</platform>
        <summary lang="de">ZDF tivi Mediathek</summary>
        <summary lang="en">ZDF tivi media library</summary>
        <language>de</language>
        <description lang="de">ZDF tivi Mediathek</description>
        <description lang="en">ZDF tivi media library</description>
        <disclaimer lang="en">Some parts of this addon may not be legal in your country of residence - please check with your local laws before installing.</disclaimer>
        <license>GNU GENERAL PUBLIC LICENSE. Version 2, June 1991</license>
        <source>https://github.com/AddonScriptorDE/plugin.video.tivi_de</source>
        <forum>http://forum.xbmc.org/showthread.php?tid=132563</forum>
        <email>andreas at vogler dot name</email>
        <website>http://www.tivi.de</website>
        <broken>Membrane will do a new Addon so this one will not be osbolated </broken>
    </extension>
</addon>
