<?xml version="1.0" encoding="utf-8"?>
<window>
	<defaultcontrol always="true">9000</defaultcontrol>
	<backgroundcolor>$VAR[BackgroundOverlayTransition]</backgroundcolor>
	<controls>
		<control type="image">
			<include>openclosefanart</include>
			<description>Fanart Image</description>
			<include>Dimensions_Fullscreen</include>
			<texture background="true" fallback="WhiteBack.png">$INFO[ListItem.Art(fanart)]</texture>
			<aspectratio>scale</aspectratio>
			<visible>Skin.HasSetting(fanart)</visible>
		</control>
		<control type="image">
			<include>openclosefanart</include>
			<description>Fanart Image</description>
			<include>Dimensions_Fullscreen</include>
			<colordiffuse>grey2</colordiffuse>
			<texture>White.png</texture>
			<visible>String.IsEmpty(ListItem.Art(fanart))|!Skin.HasSetting(fanart)</visible>
		</control>
		<control type="group">
			<include>openclosebox</include>
			<include>DialogInfoWide</include>
			<animation effect="slide" end="0,-120" condition="!String.IsEmpty(Control.GetLabel(400))">Conditional</animation>
			<control type="group"> <!-- Thumb -->
				<top>0</top>
				<left>40</left>
				<control type="image">
					<include>openclosevisible</include>
					<description>Album image</description>
					<left>1245</left>
					<top>300</top>
					<width>450</width>
					<height>450</height>
					<aspectratio>keep</aspectratio>
					<bordertexture border="10">ThumbShadow.png</bordertexture>
					<bordersize>7</bordersize>
					<texture fallback="DefaultFolder.png">$INFO[ListItem.Art(thumb)]</texture>
					<visible>!Control.HasFocus(12)</visible>
				</control>
			</control>
			<control type="label" id="33333">
				<description>Artist header label</description>
				<left>30</left>
				<top>186</top>
				<width>1020</width>
				<font>impacted31</font>
				<label>$INFO[Listitem.Artist]</label>
				<align>left</align>
				<visible>Container.Content(artists)|String.IsEqual(ListItem.DBType,song)</visible>
			</control>
			<control type="label" id="33334">
				<description>Album header label</description>
				<left>30</left>
				<top>186</top>
				<width>1020</width>
				<font>impacted31</font>
				<label>$INFO[Listitem.Album]</label>
				<align>left</align>
				<visible>String.IsEqual(ListItem.DBType,album)</visible>
			</control>
			<control type="image">
				<left>1028</left>
				<top>285</top>
				<width>3</width>
				<height>525</height>
				<colordiffuse>fanartdiffuse</colordiffuse>
				<texture>Separator4.png</texture>
			</control>
			<control type="group"> <!-- Song -->
				<visible>String.IsEqual(ListItem.DBType,song)</visible>
				<control type="group">
					<top>200</top>
					<control type="image">
						<left>30</left>
						<top>430</top>
						<width>960</width>
						<height>3</height>
						<colordiffuse>fanartdiffuse</colordiffuse>
						<texture>Separator1.png</texture>
					</control>
					<control type="label">
						<left>40</left>
						<top>470</top>
						<width>950</width>
						<height>60</height>
						<font>impacted54</font>
						<textcolor>grey3</textcolor>
						<align>center</align>
						<aligny>center</aligny>
						<scroll>true</scroll>
						<wrapmultiline>false</wrapmultiline>
						<label>$INFO[ListItem.TrackNumber]. $INFO[ListItem.Title]</label>
					</control>
					<control type="image">
						<description>Rated</description>
						<left>240</left>
						<top>540</top>
						<width>550</width>
						<height>100</height>
						<aspectratio>keep</aspectratio>
						<texture fallback="leftuserrating/0.png">$INFO[ListItem.UserRating,leftuserrating/,.png]</texture>
					</control>
				</control>
				<control type="grouplist">
					<left>40</left>
					<top>280</top>
					<width>960</width>
					<height>400</height>
					<aligny>center</aligny>
					<orientation>vertical</orientation>
					<control type="list" id="49">
						<left>40</left>
						<top>280</top>
						<width>960</width>
						<height>400</height>
						<onleft>49</onleft>
						<onright>49</onright>
						<onup>9000</onup>
						<ondown>61</ondown>
						<aligny>center</aligny>
						<pagecontrol>-</pagecontrol>
						<scrolltime>200</scrolltime>
						<itemlayout height="30">
							<control type="label">
								<left>8</left>
								<top>0</top>
								<width>240</width>
								<height>33</height>
								<font>impacted18</font>
								<align>right</align>
								<aligny>center</aligny>
								<textcolor>selectedhome</textcolor>
								<info>ListItem.Label</info>
							</control>
							<control type="label">
								<left>262</left>
								<top>0</top>
								<width>698</width>
								<height>33</height>
								<font>impacted18</font>
								<align>left</align>
								<aligny>center</aligny>
								<textcolor>grey3</textcolor>
								<info>ListItem.Label2</info>
							</control>
						</itemlayout>
						<focusedlayout height="30">
							<control type="image">
								<left>0</left>
								<top>0</top>
								<width>960</width>
								<height>33</height>
								<visible>Control.HasFocus(49)</visible>
								<texture background="true" border="1">buttons/ButtonNFlight.png</texture>
							</control>
							<control type="label">
								<left>8</left>
								<top>0</top>
								<width>240</width>
								<height>33</height>
								<font>impacted18</font>
								<align>right</align>
								<aligny>center</aligny>
								<textcolor>selectedhome</textcolor>
								<info>ListItem.Label</info>
							</control>
							<control type="label">
								<left>262</left>
								<top>0</top>
								<width>698</width>
								<height>33</height>
								<font>impacted18</font>
								<align>left</align>
								<aligny>center</aligny>
								<textcolor>grey3</textcolor>
								<info>ListItem.Label2</info>
							</control>
						</focusedlayout>
						<content>
							<item>
								<label>Contributors:</label>
								<label2 fallback="-">$INFO[ListItem.Contributors]</label2>
								<onclick>noop</onclick>
								<visible>!String.IsEmpty(ListItem.Contributors)</visible>
							</item>
							<item>
								<label>ContributorAndRole:</label>
								<label2 fallback="-">$INFO[ListItem.ContributorAndRole]</label2>
								<onclick>noop</onclick>
								<visible>!String.IsEmpty(ListItem.ContributorAndRole)</visible>
							</item>
							<item>
								<label>Mood:</label>
								<label2 fallback="-">$INFO[ListItem.Mood]</label2>
								<onclick>noop</onclick>
								<visible>!String.IsEmpty(ListItem.Mood)</visible>
							</item>
							<item>
								<label>Role.Composer:</label>
								<label2 fallback="-">$INFO[ListItem.Property(Role.Composer)]</label2>
								<onclick>noop</onclick>
								<visible>!String.IsEmpty(ListItem.Property(Role.Composer))</visible>
							</item>
							<item>
								<label>Role.Conductor:</label>
								<label2 fallback="-">$INFO[ListItem.Property(Role.Conductor)]</label2>
								<onclick>noop</onclick>
								<visible>!String.IsEmpty(ListItem.Property(Role.Conductor))</visible>
							</item>
							<item>
								<label>Orchestra:</label>
								<label2 fallback="-">$INFO[ListItem.Property(Role.Orchestra)]</label2>
								<onclick>noop</onclick>
								<visible>!String.IsEmpty(ListItem.Property(Role.Orchestra))</visible>
							</item>
							<item>
								<label>Lyricist:</label>
								<label2 fallback="-">$INFO[ListItem.Property(Role.Lyricist)]</label2>
								<onclick>noop</onclick>
								<visible>!String.IsEmpty(ListItem.Property(Role.Lyricist))</visible>
							</item>
							<item>
								<label>Remixer:</label>
								<label2 fallback="-">$INFO[ListItem.Property(Role.Remixer)]</label2>
								<onclick>noop</onclick>
								<visible>!String.IsEmpty(ListItem.Property(Role.Remixer))</visible>
							</item>
							<item>
								<label>Arranger:</label>
								<label2 fallback="-">$INFO[ListItem.Property(Role.Arranger)]</label2>
								<onclick>noop</onclick>
								<visible>!String.IsEmpty(ListItem.Property(Role.Arranger))</visible>
							</item>
							<item>
								<label>Engineer:</label>
								<label2 fallback="-">$INFO[ListItem.Property(Role.Engineer)]</label2>
								<onclick>noop</onclick>
								<visible>!String.IsEmpty(ListItem.Property(Role.Engineer))</visible>
							</item>
							<item>
								<label>Producer:</label>
								<label2 fallback="-">$INFO[ListItem.Property(Role.Producer)]</label2>
								<onclick>noop</onclick>
								<visible>!String.IsEmpty(ListItem.Property(Role.Producer))</visible>
							</item>
							<item>
								<label>DJMixer:</label>
								<label2 fallback="-">$INFO[ListItem.Property(Role.DJMixer)]</label2>
								<onclick>noop</onclick>
								<visible>!String.IsEmpty(ListItem.Property(Role.DJMixer))</visible>
							</item>
							<item>
								<label>Mixer:</label>
								<label2 fallback="-">$INFO[ListItem.Property(Role.Mixer)]</label2>
								<onclick>noop</onclick>
								<visible>!String.IsEmpty(ListItem.Property(Role.Mixer))</visible>
							</item>
						</content>
					</control>
				</control>
			</control>
			<control type="group"> <!-- Artist / Album -->
				<include>openclosevisible</include>
				<left>0</left>
				<visible>![Window.Is(songinformation) + Window.IsActive(musicinformation)]</visible>
				<control type="group"> <!-- Artist -->
					<visible>Container.Content(artists)</visible>
					<top>135</top>
					<left>0</left>
					<include>openclosevisible</include>
					<control type="image">
						<include>openclosevisible</include>
						<description>Album image</description>
						<left>1045</left>
						<top>65</top>
						<width>850</width>
						<height>650</height>
						<aspectratio>keep</aspectratio>
						<bordertexture border="10">ThumbShadow.png</bordertexture>
						<bordersize>7</bordersize>
						<texture background="true">$INFO[ListItem.Art(fanart)]</texture>
						<visible>Control.HasFocus(12)</visible>
					</control>
					<control type="list" id="49">
						<left>30</left>
						<top>135</top>
						<width>960</width>
						<height>495</height>
						<onleft>49</onleft>
						<onright>49</onright>
						<onup>9000</onup>
						<ondown>61</ondown>
						<pagecontrol>-</pagecontrol>
						<scrolltime>200</scrolltime>
						<itemlayout height="30">
							<control type="label">
								<left>8</left>
								<top>0</top>
								<width>240</width>
								<height>33</height>
								<font>impacted18</font>
								<align>right</align>
								<aligny>center</aligny>
								<textcolor>selectedhome</textcolor>
								<info>ListItem.Label</info>
							</control>
							<control type="label">
								<left>262</left>
								<top>0</top>
								<width>698</width>
								<height>33</height>
								<font>impacted18</font>
								<align>left</align>
								<aligny>center</aligny>
								<textcolor>grey3</textcolor>
								<info>ListItem.Label2</info>
							</control>
						</itemlayout>
						<focusedlayout height="30">
							<control type="image">
								<left>0</left>
								<top>0</top>
								<width>960</width>
								<height>33</height>
								<visible>Control.HasFocus(49)</visible>
								<texture background="true" border="1">buttons/ButtonNFlight.png</texture>
							</control>
							<control type="label">
								<left>8</left>
								<top>0</top>
								<width>240</width>
								<height>33</height>
								<font>impacted18</font>
								<align>right</align>
								<aligny>center</aligny>
								<textcolor>selectedhome</textcolor>
								<info>ListItem.Label</info>
							</control>
							<control type="label">
								<left>262</left>
								<top>0</top>
								<width>698</width>
								<height>33</height>
								<font>impacted18</font>
								<align>left</align>
								<aligny>center</aligny>
								<textcolor>grey3</textcolor>
								<info>ListItem.Label2</info>
							</control>
						</focusedlayout>
						<content>
							<item>
								<label>$LOCALIZE[21893]:</label>
								<label2 fallback="-">$INFO[ListItem.Property(Artist_Born)]</label2>
								<onclick>noop</onclick>
								<!-- <visible>!String.IsEmpty(ListItem.Property(Artist_Born))</visible> -->
							</item>
							<item>
								<label>$LOCALIZE[21894]:</label>
								<label2 fallback="-">$INFO[ListItem.Property(Artist_Formed)]</label2>
								<onclick>noop</onclick>
								<!-- <visible>!String.IsEmpty(ListItem.Property(Artist_Formed))</visible> -->
							</item>
							<item>
								<label>$LOCALIZE[515]:</label>
								<label2 fallback="-">$INFO[ListItem.Genre]</label2>
								<onclick>noop</onclick>
								<!-- <visible>!String.IsEmpty(ListItem.Genre)</visible> -->
							</item>
							<item>
								<label>$LOCALIZE[175]:</label>
								<label2 fallback="-">$INFO[ListItem.Property(Artist_Mood)]</label2>
								<onclick>noop</onclick>
								<!-- <visible>!String.IsEmpty(ListItem.Property(Artist_Mood))</visible> -->
							</item>
							<item>
								<label>$LOCALIZE[176]:</label>
								<label2 fallback="-">$INFO[ListItem.Property(Artist_Style)]</label2>
								<onclick>noop</onclick>
								<!-- <visible>!String.IsEmpty(ListItem.Property(Artist_Style))</visible> -->
							</item>
							<item>
								<label>$LOCALIZE[21892]:</label>
								<label2 fallback="-">$INFO[ListItem.Property(Artist_Instrument)]</label2>
								<onclick>noop</onclick>
								<!-- <visible>!String.IsEmpty(ListItem.Property(Artist_Instrument))</visible> -->
							</item>
							<item>
								<label>$LOCALIZE[21897]:</label>
								<label2 fallback="-">$INFO[ListItem.Property(Artist_Died)]</label2>
								<onclick>noop</onclick>
								<!-- <visible>!String.IsEmpty(ListItem.Property(Artist_Died))</visible> -->
							</item>
							<item>
								<label>$LOCALIZE[21896]:</label>
								<label2 fallback="-">$INFO[ListItem.Property(Artist_Disbanded)]</label2>
								<onclick>noop</onclick>
								<!-- <visible>!String.IsEmpty(ListItem.Property(Artist_Disbanded))</visible> -->
							</item>
							<item>
								<label>$LOCALIZE[21898]:</label>
								<label2>$INFO[ListItem.Property(Artist_YearsActive)]</label2>
								<onclick>noop</onclick>
								<!-- <visible>!String.IsEmpty(ListItem.Property(Artist_YearsActive))</visible> -->
							</item>
						</content>
					</control>
					<control type="image">
						<left>30</left>
						<top>435</top>
						<width>960</width>
						<height>3</height>
						<colordiffuse>fanartdiffuse</colordiffuse>
						<texture>Separator1.png</texture>
					</control>
					<control type="panel" id="50">
						<left>40</left>
						<top>440</top>
						<width>950</width>
						<height>360</height>
						<ondown>9000</ondown>
						<onup>9000</onup>
						<orientation>horizontal</orientation>
						<itemlayout height="360" width="190">
							<control type="image">
								<left>2</left>
								<top>21</top>
								<width>180</width>
								<height>180</height>
								<texture border="2" fallback="DefaultFolder.png">$INFO[ListItem.Thumb]</texture>
								<aspectratio>keep</aspectratio>
							</control>
							<control type="textbox">
								<left>0</left>
								<top>207</top>
								<width>180</width>
								<height>52</height>
								<font>font12</font>
								<align>center</align>
								<textcolor>grey3</textcolor>
								<label>$INFO[ListItem.Label2,, - ]$INFO[ListItem.Label]</label>
							</control>
						</itemlayout>
						<focusedlayout height="360" width="190">
							<control type="group">
								<animation effect="zoom" start="100" end="105" time="200" tween="sine" easing="inout" center="auto">Focus</animation>
								<animation effect="zoom" start="105" end="100" time="200" tween="sine" easing="inout" center="auto">UnFocus</animation>
								<control type="image">
									<left>2</left>
									<top>21</top>
									<width>180</width>
									<height>180</height>
									<texture border="2" fallback="DefaultFolderSquare.png">$INFO[ListItem.Thumb]</texture>
									<aspectratio>keep</aspectratio>
								</control>
								<control type="textbox">
									<left>0</left>
									<top>207</top>
									<width>180</width>
									<height>52</height>
									<font>font12</font>
									<align>center</align>
									<textcolor>grey3</textcolor>
									<label>$INFO[ListItem.Label2,, - ]$INFO[ListItem.Label]</label>
								</control>
							</control>
						</focusedlayout>
					</control>
				</control>
				<control type="group"> <!-- Album -->
					<visible>String.IsEqual(ListItem.DBType,album)</visible>
					<top>160</top>
					<control type="list" id="49">
						<left>30</left>
						<top>135</top>
						<width>960</width>
						<height>495</height>
						<onleft>49</onleft>
						<onright>49</onright>
						<onup>9000</onup>
						<ondown>61</ondown>
						<pagecontrol>-</pagecontrol>
						<scrolltime>200</scrolltime>
						<itemlayout height="30">
							<control type="label">
								<left>0</left>
								<top>0</top>
								<width>210</width>
								<height>33</height>
								<font>impacted18</font>
								<align>right</align>
								<aligny>center</aligny>
								<textcolor>selectedhome</textcolor>
								<info>ListItem.Label</info>
							</control>
							<control type="label">
								<left>225</left>
								<top>0</top>
								<width>750</width>
								<height>33</height>
								<font>impacted18</font>
								<align>left</align>
								<aligny>center</aligny>
								<textcolor>grey3</textcolor>
								<info>ListItem.Label2</info>
							</control>
						</itemlayout>
						<focusedlayout height="30">
							<control type="image">
								<left>0</left>
								<top>0</top>
								<width>960</width>
								<height>33</height>
								<visible>Control.HasFocus(49)</visible>
								<texture background="true">buttons/ButtonNFlight.png</texture>
								<include>openclosevisible</include>
							</control>
							<control type="label">
								<left>0</left>
								<top>0</top>
								<width>210</width>
								<height>33</height>
								<font>impacted18</font>
								<align>right</align>
								<aligny>center</aligny>
								<textcolor>selectedhome</textcolor>
								<info>ListItem.Label</info>
							</control>
							<control type="label">
								<left>225</left>
								<top>0</top>
								<width>750</width>
								<height>33</height>
								<font>impacted18</font>
								<align>left</align>
								<aligny>center</aligny>
								<textcolor>grey3</textcolor>
								<info>ListItem.Label2</info>
							</control>
						</focusedlayout>
						<content>
							<item>
								<label>$LOCALIZE[557]:</label>
								<label2 fallback="-">$INFO[ListItem.Artist]</label2>
								<onclick>noop</onclick>
								<!-- <visible>!String.IsEmpty(ListItem.Artist)</visible> -->
							</item>
							<item>
								<label>$LOCALIZE[515]:</label>
								<label2 fallback="-">$INFO[ListItem.Genre]</label2>
								<onclick>noop</onclick>
								<!-- <visible>!String.IsEmpty(ListItem.Genre)</visible> -->
							</item>
							<item>
								<label>$LOCALIZE[563]:</label>
								<label2 fallback="-">$INFO[ListItem.UserRating]</label2>
								<onclick>noop</onclick>
								<!-- <visible>!String.IsEmpty(ListItem.Rating)</visible> -->
							</item>
							<item>
								<label>$LOCALIZE[175]:</label>
								<label2 fallback="-">$INFO[ListItem.Property(Album_Mood)]</label2>
								<onclick>noop</onclick>
								<!-- <visible>!String.IsEmpty(ListItem.Property(Album_Mood))</visible> -->
							</item>
							<item>
								<label>$LOCALIZE[176]:</label>
								<label2 fallback="-">$INFO[ListItem.Property(Album_Style)]</label2>
								<onclick>noop</onclick>
								<!-- <visible>!String.IsEmpty(ListItem.Property(Album_Style))</visible> -->
							</item>
							<item>
								<label>$LOCALIZE[21895]:</label>
								<label2 fallback="-">$INFO[ListItem.Property(Album_Theme)]</label2>
								<onclick>noop</onclick>
								<!-- <visible>!String.IsEmpty(ListItem.Property(Album_Theme))</visible> -->
							</item>
							<item>
								<label>146</label>
								<label2 fallback="-">$INFO[ListItem.Property(Album_Type)]</label2>
								<onclick>noop</onclick>
								<!-- <visible>!String.IsEmpty(ListItem.Property(Album_Type))</visible> -->
							</item>
							<item>
								<label>$LOCALIZE[21899]:</label>
								<label2 fallback="-">$INFO[ListItem.Property(Album_Label)]</label2>
								<onclick>noop</onclick>
								<!-- <visible>!String.IsEmpty(ListItem.Property(Album_Label))</visible> -->
							</item>
							<item>
								<label>$LOCALIZE[562]:</label>
								<label2 fallback="-">$INFO[ListItem.Year]</label2>
								<onclick>noop</onclick>
								<!-- <visible>!String.IsEmpty(ListItem.Year)</visible> -->
							</item>
						</content>
					</control>
					<control type="image">
						<left>30</left>
						<top>435</top>
						<width>960</width>
						<height>3</height>
						<colordiffuse>fanartdiffuse</colordiffuse>
						<texture>Separator1.png</texture>
					</control>
					<control type="label">
						<left>40</left>
						<top>455</top>
						<width>950</width>
						<height>200</height>
						<font>impacted54</font>
						<textcolor>grey3</textcolor>
						<align>center</align>
						<aligny>center</aligny>
						<wrapmultiline>true</wrapmultiline>
						<label>$INFO[ListItem.Artist]</label>
					</control>
				</control>
			</control>
			<control type="grouplist" id="9000">
				<left>0</left>
				<top>868</top>
				<width>1920</width>
				<height>60</height>
				<onleft>9000</onleft>
				<onright>9000</onright>
				<onup>50</onup>
				<ondown>noop</ondown>
				<itemgap>30</itemgap>
				<align>center</align>
				<orientation>horizontal</orientation>
				<control type="button" id="7">
					<include>dialogbutton</include>
					<label>$LOCALIZE[31033]</label>
					<visible>String.IsEqual(ListItem.DBType,album) | String.IsEqual(ListItem.DBType,song)</visible>
				</control>
				<control type="button" id="440">
					<label>$LOCALIZE[31114]</label>
					<include>dialogbutton</include>
					<onclick>Action(close)</onclick>
					<visible>System.hasAddon(script.extendedinfo)</visible>
					<onclick condition="!String.IsEqual(ListItem.DBType,song)">RunScript(script.extendedinfo,info=youtubebrowser,id=$INFO[ListItem.Artist] $INFO[ListItem.Album])</onclick>
					<onclick condition="String.IsEqual(ListItem.DBType,song)">RunScript(script.extendedinfo,info=youtubebrowser,id=$INFO[ListItem.Artist] $INFO[ListItem.Title])</onclick>
				</control>
				<control type="button" id="6">
					<label>$LOCALIZE[184]</label>
					<include>dialogbutton</include>
				</control>
				<control type="button" id="10">
					<label>$LOCALIZE[13405]</label>
					<include>dialogbutton</include>
				</control>
				<control type="button" id="12">
					<label>$LOCALIZE[20413]</label>
					<include>dialogbutton</include>
				</control>
			</control>
		</control>
		<control type="group"> <!-- Bio -->
			<include>opencloseslideup</include>
			<control type="image">
				<left>-5</left>
				<top>810</top>
				<width>1930</width>
				<height>240</height>
				<texture>WhiteBack.png</texture>
				<visible>!String.IsEmpty(Control.GetLabel(400))</visible>
			</control>
			<control type="textbox" id="400">
				<left>30</left>
				<top>814</top>
				<width>1860</width>
				<height>225</height>
				<font>ubuntu-r16b</font>
				<textcolor>grey3</textcolor>
				<label>$VAR[MusicInfoTextboxVar]</label>
			</control>
		</control>
	</controls>
</window>
