<?xml version="1.0" encoding="UTF-8"?>
<window id="1126">
	<defaultcontrol always="true">50</defaultcontrol>
	<backgroundcolor>background</backgroundcolor>
	<menucontrol>6666</menucontrol>
	<controls>
		<!-- background -->
		<include>Background</include>
		<!-- view -->
		<control type="group" id="70">
			<include>Window_OpenClose</include>
			<include content="Wide_View_50">
				<param name="use_custom_content" value="true"/>
				<param name="layout" value="GenreLayout"/>
				<param name="widget_target" value="videos"/>
				<param name="sortby" value="sorttitle"/>
				<param name="sortorder" value="ascending"/>
				<param name="limit" value="1000"/>
				<param name="content" value="plugin://script.skin.helper.widgets/?action=browsegenres&amp;mediatype=tvshows&amp;limit=1000&amp;reload=$INFO[Window(Home).Property(widgetreload)]"/>
			</include>
		</control>
		<include content="CustomBusySpinner">
			<param name="visible" value="Container(50).IsUpdating"/>
		</include>
		<!-- scrollbar -->
		<include content="ScrollbarVertical">
			<param name="visible" value="!Skin.HasSetting(HideScrollbars)"/>
		</include>
		<!-- header bar -->
		<include content="HeaderBar">
			<param name="id">70</param>
			<param name="enabled">false</param>
			<param name="custom_animation">[Control.IsVisible(50) + [Integer.IsGreaterOrEqual(Container(50).CurrentItem,13) | Container(50).HasPrevious]]</param>
		</include>
		<!-- side panel -->
		<include content="SidePanel">
			<param name="onright">70</param>
		</include>
	</controls>
</window>
