<?xml version="1.0" encoding="UTF-8"?>
<window>
	<defaultcontrol>100</defaultcontrol>
	<controls>
		<include content="DiffuseMask">
			<param name="visible">true</param>
		</include>
		<control type="group">
			<include>Dialog_PopupOpenClose</include>
			<centerleft>50%</centerleft>
			<width>370</width>
			<centertop>50%</centertop>
			<height>970</height>
			<control type="grouplist" id="100">
				<orientation>vertical</orientation>
				<height>auto</height>
				<align>center</align>
				<itemgap>0</itemgap>
				<onright>close</onright>
				<onleft>close</onleft>
				<usecontrolcoords>true</usecontrolcoords>
				<control type="image">
					<width>100%</width>
					<height>10</height>
					<texture border="5" colordiffuse="panel">common/menu_top.png</texture>
				</control>
				<control type="button" id="101">
					<include content="CommonButton"/>
					<label>$LOCALIZE[31076]</label>
					<onclick>PlayerControl(stop)</onclick>
					<onclick>close</onclick>
				</control>
				<control type="button" id="102">
					<include content="CommonButton"/>
					<label>$VAR[PlayerPlayPauseLabel]</label>
					<onclick>PlayerControl(Play)</onclick>
					<onclick>close</onclick>
				</control>
				<control type="button" id="103">
					<include content="CommonButton"/>
					<label>$LOCALIZE[209]</label>
					<onclick>PlayerControl(Next)</onclick>
					<visible>[!VideoPlayer.Content(livetv) + Integer.IsGreater(Playlist.Length(video),1)] | Integer.IsGreater(Playlist.Length(music),1)</visible>
				</control>
				<control type="button" id="104">
					<include content="CommonButton"/>
					<label>$LOCALIZE[210]</label>
					<onclick>PlayerControl(Previous)</onclick>
					<visible>[!VideoPlayer.Content(livetv) + Integer.IsGreater(Playlist.Length(video),1)] | Integer.IsGreater(Playlist.Length(music),1)</visible>
				</control>
				<control type="image">
					<width>100%</width>
					<height>10</height>
					<texture border="5" colordiffuse="panel">common/menu_bottom.png</texture>
				</control>
			</control>
		</control>
	</controls>
</window>
