<?xml version="1.0" encoding="UTF-8"?>
<addon id="plugin.video.ardmediathek_de" name="ARD Mediathek" version="4.0.8" provider-name="AddonScriptorDE, membrane, L0RE">
    <requires>
        <import addon="xbmc.python" version="2.1.0"/>
        <!--<import addon="script.module.ardlib" version="0.0.1"/>-->
        <!--<import addon="script.module.f4mproxy" version="1.0.16"/>-->
    </requires>
    <extension point="xbmc.python.pluginsource" library="default.py">
        <provides>video</provides>
    </extension>
    <extension point="xbmc.addon.metadata">
        <platform>all</platform>
        <summary lang="de">Das Erste, Einsfestival, EinsPlus, Phoenix, WDR, SWR, HR, MDR, NDR, RBB, BR, ... Mediathek</summary>
        <summary lang="en">Das Erste, Einsfestival, EinsPlus, Phoenix, WDR, SWR, HR, MDR, NDR, RBB, BR, ... Media Library</summary>
        <language>de</language>
        <description lang="de">Das Erste, Einsfestival, EinsPlus, Phoenix, WDR, SWR, HR, MDR, NDR, RBB, BR, ... Mediathek</description>
        <description lang="en">Das Erste, Einsfestival, EinsPlus, Phoenix, WDR, SWR, HR, MDR, NDR, RBB, BR, ... Media Library</description>
        <disclaimer lang="en">Some parts of this addon may not be legal in your country of residence - please check with your local laws before installing.</disclaimer>
        <license>GNU GENERAL PUBLIC LICENSE. Version 2, June 1991</license>
        <source>https://github.com/AddonScriptorDE/plugin.video.ardmediathek_de</source>
        <forum>http://forum.xbmc.org/showthread.php?tid=132563</forum>
        <email>andreas at vogler dot name</email>
        <website>http://www.ardmediathek.de</website>
    </extension>
</addon>
