<?xml version="1.0" encoding="UTF-8"?>
<window>
	<defaultcontrol always="true">50</defaultcontrol>
	<backgroundcolor>background</backgroundcolor>
	<views>50,52,53,57</views>
	<menucontrol>6666</menucontrol>
	<controls>
		<control type="button" id="2">
			<include>HiddenObject</include>
		</control>
		<control type="label" id="29">
			<include>HiddenObject</include>
		</control>
		<include>Background</include>
		<control type="group" id="70">	
			<include>Window_OpenClose</include>
			<include content="Wide_View_50">
				<param name="mainlabel">$INFO[ListItem.Label]$INFO[ListItem.Episodename, - ]</param>
				<param name="thumblabel">$INFO[ListItem.Channelname]</param>
			</include>
			<include content="Square_View_52">
				<param name="mainlabel">$INFO[ListItem.Label]</param>
				<param name="sublabel">$VAR[PVREpisodeName]</param>
				<param name="thumblabel">$INFO[ListItem.Channelname]</param>
			</include>
			<include content="PVRSet_View_57">
				<param name="mainlabel">$INFO[ListItem.Label]</param>
				<param name="sublabel">$INFO[ListItem.Channelname]</param>
				<param name="thumblabel">$INFO[ListItem.Channelname]</param>
			</include>
			<include content="List_View_53">
				<param name="mainlabel">$INFO[ListItem.Label]</param>
				<param name="sublabel">$INFO[ListItem.ChannelName]$INFO[ListItem.Episodename, - ]</param>
				<param name="thumblabel">$INFO[ListItem.Label]</param>
				<param name="rightlabel">$VAR[DurationMinutes]</param>
				<param name="rightlabel2">$INFO[ListItem.Date]</param>
			</include>
		</control>
		<!-- Menu control -->
		<control type="group">
			<include>FullscreenDimensions</include>
			<include content="DiffuseMask">
				<param name="visible">ControlGroup(4000).HasFocus</param>
			</include>
			<control type="group">
				<visible>ControlGroup(4000).HasFocus</visible>
				<include>Visible_PopupOpenClose</include>
				<centerleft>50%</centerleft>
				<width>384</width>
				<centertop>50%</centertop>
				<height>970</height>
				<control type="grouplist" id="4000">
					<orientation>vertical</orientation>
					<height>auto</height>
					<align>center</align>
					<itemgap>0</itemgap>
					<onright>50</onright>
					<onleft>50</onleft>
					<onback>50</onback>
					<usecontrolcoords>true</usecontrolcoords>
					<control type="image">
						<width>100%</width>
						<height>10</height>
						<texture border="5" colordiffuse="panel">common/menu_top.png</texture>
					</control>
					<control type="togglebutton" id="4">
						<include content="CommonButton"/>
						<label>$LOCALIZE[580]: $LOCALIZE[584]</label>
						<altlabel>$LOCALIZE[580]: $LOCALIZE[585]</altlabel>
					</control>
					<control type="button" id="3">
						<include content="CommonButton"/>
					</control>
					<control type="radiobutton" id="5">
						<include content="CommonButton"/>
						<label>$LOCALIZE[31031]</label>
						<label2></label2>
					</control>
					<control type="radiobutton" id="7">
						<include content="CommonButton"/>
						<label>$LOCALIZE[31032]</label>
						<label2></label2>
					</control>
					<control type="image">
						<width>100%</width>
						<height>10</height>
						<texture border="5" colordiffuse="panel">common/menu_bottom.png</texture>
					</control>
				</control>
			</control>
		</control>
		<!-- scrollbar -->
		<include content="ScrollbarVertical">
			<param name="visible" value="!Skin.HasSetting(HideScrollbars)"/>
		</include>
		<!-- header bar -->
		<include content="HeaderBar">		
			<param name="id">70</param>
			<param name="enabled">false</param>
			<param name="custom_animation">[[Control.IsVisible(54) + Container(540).HasPrevious]] | [Control.IsVisible(55) + Container(550).HasPrevious] | [Control.IsVisible(51) + [Integer.IsGreaterOrEqual(Container(51).CurrentItem,15) | Container(51).HasPrevious]] | [Control.IsVisible(50) + [Integer.IsGreaterOrEqual(Container(50).CurrentItem,13) | Container(50).HasPrevious]] | [Control.IsVisible(52) + [Integer.IsGreaterOrEqual(Container(52).CurrentItem,11) | Container(52).HasPrevious]]</param>
		</include>
		<!-- side panel -->
		<include content="SidePanel">
			<param name="onright">70</param>
		</include>
	</controls>
</window>
