<settings>

    <setting id="UserWidget1_layout" value="HomePosterWidget" label="$LOCALIZE[20021]" icon="defaultwidgetlayout.png"/>
    <setting id="UserWidget1_layout" value="HomeWideWidget" label="$LOCALIZE[31004]" icon="defaultwidgetlayout.png" />
    <setting id="UserWidget1_layout" value="HomeSquareWidget" label="$LOCALIZE[31005]" icon="defaultwidgetlayout.png" />
    <setting id="UserWidget2_layout" value="HomePosterWidget" label="$LOCALIZE[20021]" icon="defaultwidgetlayout.png" />
    <setting id="UserWidget2_layout" value="HomeWideWidget" label="$LOCALIZE[31004]" icon="defaultwidgetlayout.png" />
    <setting id="UserWidget2_layout" value="HomeSquareWidget" label="$LOCALIZE[31005]" icon="defaultwidgetlayout.png" />
    <setting id="UserWidget3_layout" value="HomePosterWidget" label="$LOCALIZE[20021]" icon="defaultwidgetlayout.png" />
    <setting id="UserWidget3_layout" value="HomeWideWidget" label="$LOCALIZE[31004]" icon="defaultwidgetlayout.png" />
    <setting id="UserWidget3_layout" value="HomeSquareWidget" label="$LOCALIZE[31005]" icon="defaultwidgetlayout.png" />
    <setting id="UserWidget4_layout" value="HomePosterWidget" label="$LOCALIZE[20021]" icon="defaultwidgetlayout.png" />
    <setting id="UserWidget4_layout" value="HomeWideWidget" label="$LOCALIZE[31004]" icon="defaultwidgetlayout.png" />
    <setting id="UserWidget4_layout" value="HomeSquareWidget" label="$LOCALIZE[31005]" icon="defaultwidgetlayout.png" />
    <setting id="UserWidget5_layout" value="HomePosterWidget" label="$LOCALIZE[20021]" icon="defaultwidgetlayout.png" />
    <setting id="UserWidget5_layout" value="HomeWideWidget" label="$LOCALIZE[31004]" icon="defaultwidgetlayout.png" />
    <setting id="UserWidget5_layout" value="HomeSquareWidget" label="$LOCALIZE[31005]" icon="defaultwidgetlayout.png" />
    <setting id="UserWidget6_layout" value="HomePosterWidget" label="$LOCALIZE[20021]" icon="defaultwidgetlayout.png" />
    <setting id="UserWidget6_layout" value="HomeWideWidget" label="$LOCALIZE[31004]" icon="defaultwidgetlayout.png" />
    <setting id="UserWidget6_layout" value="HomeSquareWidget" label="$LOCALIZE[31005]" icon="defaultwidgetlayout.png" />

    <setting id="UserMovieWidget1_layout" value="HomePosterWidget" label="$LOCALIZE[20021]" icon="defaultwidgetlayout.png"/>
    <setting id="UserMovieWidget1_layout" value="HomeWideWidget" label="$LOCALIZE[31004]" icon="defaultwidgetlayout.png" />
    <setting id="UserMovieWidget1_layout" value="HomeSquareWidget" label="$LOCALIZE[31005]" icon="defaultwidgetlayout.png" />
    <setting id="UserMovieWidget2_layout" value="HomePosterWidget" label="$LOCALIZE[20021]" icon="defaultwidgetlayout.png" />
    <setting id="UserMovieWidget2_layout" value="HomeWideWidget" label="$LOCALIZE[31004]" icon="defaultwidgetlayout.png" />
    <setting id="UserMovieWidget2_layout" value="HomeSquareWidget" label="$LOCALIZE[31005]" icon="defaultwidgetlayout.png" />
    <setting id="UserMovieWidget3_layout" value="HomePosterWidget" label="$LOCALIZE[20021]" icon="defaultwidgetlayout.png" />
    <setting id="UserMovieWidget3_layout" value="HomeWideWidget" label="$LOCALIZE[31004]" icon="defaultwidgetlayout.png" />
    <setting id="UserMovieWidget3_layout" value="HomeSquareWidget" label="$LOCALIZE[31005]" icon="defaultwidgetlayout.png" />
    <setting id="UserMovieWidget4_layout" value="HomePosterWidget" label="$LOCALIZE[20021]" icon="defaultwidgetlayout.png" />
    <setting id="UserMovieWidget4_layout" value="HomeWideWidget" label="$LOCALIZE[31004]" icon="defaultwidgetlayout.png" />
    <setting id="UserMovieWidget4_layout" value="HomeSquareWidget" label="$LOCALIZE[31005]" icon="defaultwidgetlayout.png" />
    <setting id="UserMovieWidget5_layout" value="HomePosterWidget" label="$LOCALIZE[20021]" icon="defaultwidgetlayout.png" />
    <setting id="UserMovieWidget5_layout" value="HomeWideWidget" label="$LOCALIZE[31004]" icon="defaultwidgetlayout.png" />
    <setting id="UserMovieWidget5_layout" value="HomeSquareWidget" label="$LOCALIZE[31005]" icon="defaultwidgetlayout.png" />
    <setting id="UserMovieWidget6_layout" value="HomePosterWidget" label="$LOCALIZE[20021]" icon="defaultwidgetlayout.png" />
    <setting id="UserMovieWidget6_layout" value="HomeWideWidget" label="$LOCALIZE[31004]" icon="defaultwidgetlayout.png" />
    <setting id="UserMovieWidget6_layout" value="HomeSquareWidget" label="$LOCALIZE[31005]" icon="defaultwidgetlayout.png" />

    <setting id="UserTVShowWidget1_layout" value="HomePosterWidget" label="$LOCALIZE[20021]" icon="defaultwidgetlayout.png"/>
    <setting id="UserTVShowWidget1_layout" value="HomeWideWidget" label="$LOCALIZE[31004]" icon="defaultwidgetlayout.png" />
    <setting id="UserTVShowWidget1_layout" value="HomeSquareWidget" label="$LOCALIZE[31005]" icon="defaultwidgetlayout.png" />
    <setting id="UserTVShowWidget2_layout" value="HomePosterWidget" label="$LOCALIZE[20021]" icon="defaultwidgetlayout.png" />
    <setting id="UserTVShowWidget2_layout" value="HomeWideWidget" label="$LOCALIZE[31004]" icon="defaultwidgetlayout.png" />
    <setting id="UserTVShowWidget2_layout" value="HomeSquareWidget" label="$LOCALIZE[31005]" icon="defaultwidgetlayout.png" />
    <setting id="UserTVShowWidget3_layout" value="HomePosterWidget" label="$LOCALIZE[20021]" icon="defaultwidgetlayout.png" />
    <setting id="UserTVShowWidget3_layout" value="HomeWideWidget" label="$LOCALIZE[31004]" icon="defaultwidgetlayout.png" />
    <setting id="UserTVShowWidget3_layout" value="HomeSquareWidget" label="$LOCALIZE[31005]" icon="defaultwidgetlayout.png" />
    <setting id="UserTVShowWidget4_layout" value="HomePosterWidget" label="$LOCALIZE[20021]" icon="defaultwidgetlayout.png" />
    <setting id="UserTVShowWidget4_layout" value="HomeWideWidget" label="$LOCALIZE[31004]" icon="defaultwidgetlayout.png" />
    <setting id="UserTVShowWidget4_layout" value="HomeSquareWidget" label="$LOCALIZE[31005]" icon="defaultwidgetlayout.png" />
    <setting id="UserTVShowWidget5_layout" value="HomePosterWidget" label="$LOCALIZE[20021]" icon="defaultwidgetlayout.png" />
    <setting id="UserTVShowWidget5_layout" value="HomeWideWidget" label="$LOCALIZE[31004]" icon="defaultwidgetlayout.png" />
    <setting id="UserTVShowWidget5_layout" value="HomeSquareWidget" label="$LOCALIZE[31005]" icon="defaultwidgetlayout.png" />
    <setting id="UserTVShowWidget6_layout" value="HomePosterWidget" label="$LOCALIZE[20021]" icon="defaultwidgetlayout.png" />
    <setting id="UserTVShowWidget6_layout" value="HomeWideWidget" label="$LOCALIZE[31004]" icon="defaultwidgetlayout.png" />
    <setting id="UserTVShowWidget6_layout" value="HomeSquareWidget" label="$LOCALIZE[31005]" icon="defaultwidgetlayout.png" />

    <setting id="UserMusicWidget1_layout" value="HomePosterWidget" label="$LOCALIZE[20021]" icon="defaultwidgetlayout.png"/>
    <setting id="UserMusicWidget1_layout" value="HomeWideWidget" label="$LOCALIZE[31004]" icon="defaultwidgetlayout.png" />
    <setting id="UserMusicWidget1_layout" value="HomeSquareWidget" label="$LOCALIZE[31005]" icon="defaultwidgetlayout.png" />
    <setting id="UserMusicWidget2_layout" value="HomePosterWidget" label="$LOCALIZE[20021]" icon="defaultwidgetlayout.png" />
    <setting id="UserMusicWidget2_layout" value="HomeWideWidget" label="$LOCALIZE[31004]" icon="defaultwidgetlayout.png" />
    <setting id="UserMusicWidget2_layout" value="HomeSquareWidget" label="$LOCALIZE[31005]" icon="defaultwidgetlayout.png" />
    <setting id="UserMusicWidget3_layout" value="HomePosterWidget" label="$LOCALIZE[20021]" icon="defaultwidgetlayout.png" />
    <setting id="UserMusicWidget3_layout" value="HomeWideWidget" label="$LOCALIZE[31004]" icon="defaultwidgetlayout.png" />
    <setting id="UserMusicWidget3_layout" value="HomeSquareWidget" label="$LOCALIZE[31005]" icon="defaultwidgetlayout.png" />
    <setting id="UserMusicWidget4_layout" value="HomePosterWidget" label="$LOCALIZE[20021]" icon="defaultwidgetlayout.png" />
    <setting id="UserMusicWidget4_layout" value="HomeWideWidget" label="$LOCALIZE[31004]" icon="defaultwidgetlayout.png" />
    <setting id="UserMusicWidget4_layout" value="HomeSquareWidget" label="$LOCALIZE[31005]" icon="defaultwidgetlayout.png" />
    <setting id="UserMusicWidget5_layout" value="HomePosterWidget" label="$LOCALIZE[20021]" icon="defaultwidgetlayout.png" />
    <setting id="UserMusicWidget5_layout" value="HomeWideWidget" label="$LOCALIZE[31004]" icon="defaultwidgetlayout.png" />
    <setting id="UserMusicWidget5_layout" value="HomeSquareWidget" label="$LOCALIZE[31005]" icon="defaultwidgetlayout.png" />
    <setting id="UserMusicWidget6_layout" value="HomePosterWidget" label="$LOCALIZE[20021]" icon="defaultwidgetlayout.png" />
    <setting id="UserMusicWidget6_layout" value="HomeWideWidget" label="$LOCALIZE[31004]" icon="defaultwidgetlayout.png" />
    <setting id="UserMusicWidget6_layout" value="HomeSquareWidget" label="$LOCALIZE[31005]" icon="defaultwidgetlayout.png" />

    <setting id="UserWidget1_target" value="videos" label="$LOCALIZE[3]" icon="defaultvideo.png"/>
    <setting id="UserWidget1_target" value="music" label="$LOCALIZE[2]" icon="defaultmusicsongs.png" />
    <setting id="UserWidget1_target" value="programs" label="$LOCALIZE[0]" icon="defaultaddon.png" />
    <setting id="UserWidget1_target" value="pictures" label="$LOCALIZE[1]" icon="defaultpicture.png" />
    <setting id="UserWidget2_target" value="videos" label="$LOCALIZE[3]" icon="defaultvideo.png" />
    <setting id="UserWidget2_target" value="music" label="$LOCALIZE[2]" icon="defaultmusicsongs.png" />
    <setting id="UserWidget2_target" value="programs" label="$LOCALIZE[0]" icon="defaultaddon.png" />
    <setting id="UserWidget2_target" value="pictures" label="$LOCALIZE[1]" icon="defaultpicture.png" />
    <setting id="UserWidget3_target" value="videos" label="$LOCALIZE[3]" icon="defaultvideo.png" />
    <setting id="UserWidget3_target" value="music" label="$LOCALIZE[2]" icon="defaultmusicsongs.png" />
    <setting id="UserWidget3_target" value="programs" label="$LOCALIZE[0]" icon="defaultaddon.png" />
    <setting id="UserWidget3_target" value="pictures" label="$LOCALIZE[1]" icon="defaultpicture.png" />
    <setting id="UserWidget4_target" value="videos" label="$LOCALIZE[3]" icon="defaultvideo.png" />
    <setting id="UserWidget4_target" value="music" label="$LOCALIZE[2]" icon="defaultmusicsongs.png" />
    <setting id="UserWidget4_target" value="programs" label="$LOCALIZE[0]" icon="defaultaddon.png" />
    <setting id="UserWidget4_target" value="pictures" label="$LOCALIZE[1]" icon="defaultpicture.png" />
    <setting id="UserWidget5_target" value="videos" label="$LOCALIZE[3]" icon="defaultvideo.png" />
    <setting id="UserWidget5_target" value="music" label="$LOCALIZE[2]" icon="defaultmusicsongs.png" />
    <setting id="UserWidget5_target" value="programs" label="$LOCALIZE[0]" icon="defaultaddon.png" />
    <setting id="UserWidget5_target" value="pictures" label="$LOCALIZE[1]" icon="defaultpicture.png" />
    <setting id="UserWidget6_target" value="videos" label="$LOCALIZE[3]" icon="defaultvideo.png" />
    <setting id="UserWidget6_target" value="music" label="$LOCALIZE[2]" icon="defaultmusicsongs.png" />
    <setting id="UserWidget6_target" value="programs" label="$LOCALIZE[0]" icon="defaultaddon.png" />
    <setting id="UserWidget6_target" value="pictures" label="$LOCALIZE[1]" icon="defaultpicture.png" />

    <setting id="UserMovieWidget1_target" value="videos" label="$LOCALIZE[3]" icon="defaultvideo.png" default="true"/>
    <setting id="UserMovieWidget1_target" value="music" label="$LOCALIZE[2]" icon="defaultmusicsongs.png" />
    <setting id="UserMovieWidget1_target" value="programs" label="$LOCALIZE[0]" icon="defaultaddon.png" />
    <setting id="UserMovieWidget1_target" value="pictures" label="$LOCALIZE[1]" icon="defaultpicture.png" />
    <setting id="UserMovieWidget2_target" value="videos" label="$LOCALIZE[3]" icon="defaultvideo.png" />
    <setting id="UserMovieWidget2_target" value="music" label="$LOCALIZE[2]" icon="defaultmusicsongs.png" />
    <setting id="UserMovieWidget2_target" value="programs" label="$LOCALIZE[0]" icon="defaultaddon.png" />
    <setting id="UserMovieWidget2_target" value="pictures" label="$LOCALIZE[1]" icon="defaultpicture.png" />
    <setting id="UserMovieWidget3_target" value="videos" label="$LOCALIZE[3]" icon="defaultvideo.png" />
    <setting id="UserMovieWidget3_target" value="music" label="$LOCALIZE[2]" icon="defaultmusicsongs.png" />
    <setting id="UserMovieWidget3_target" value="programs" label="$LOCALIZE[0]" icon="defaultaddon.png" />
    <setting id="UserMovieWidget3_target" value="pictures" label="$LOCALIZE[1]" icon="defaultpicture.png" />
    <setting id="UserMovieWidget4_target" value="videos" label="$LOCALIZE[3]" icon="defaultvideo.png" />
    <setting id="UserMovieWidget4_target" value="music" label="$LOCALIZE[2]" icon="defaultmusicsongs.png" />
    <setting id="UserMovieWidget4_target" value="programs" label="$LOCALIZE[0]" icon="defaultaddon.png" />
    <setting id="UserMovieWidget4_target" value="pictures" label="$LOCALIZE[1]" icon="defaultpicture.png" />
    <setting id="UserMovieWidget5_target" value="videos" label="$LOCALIZE[3]" icon="defaultvideo.png" />
    <setting id="UserMovieWidget5_target" value="music" label="$LOCALIZE[2]" icon="defaultmusicsongs.png" />
    <setting id="UserMovieWidget5_target" value="programs" label="$LOCALIZE[0]" icon="defaultaddon.png" />
    <setting id="UserMovieWidget5_target" value="pictures" label="$LOCALIZE[1]" icon="defaultpicture.png" />
    <setting id="UserMovieWidget6_target" value="videos" label="$LOCALIZE[3]" icon="defaultvideo.png" />
    <setting id="UserMovieWidget6_target" value="music" label="$LOCALIZE[2]" icon="defaultmusicsongs.png" />
    <setting id="UserMovieWidget6_target" value="programs" label="$LOCALIZE[0]" icon="defaultaddon.png" />
    <setting id="UserMovieWidget6_target" value="pictures" label="$LOCALIZE[1]" icon="defaultpicture.png" />

    <setting id="UserTVShowWidget1_target" value="videos" label="$LOCALIZE[3]" icon="defaultvideo.png" default="true"/>
    <setting id="UserTVShowWidget1_target" value="music" label="$LOCALIZE[2]" icon="defaultmusicsongs.png" />
    <setting id="UserTVShowWidget1_target" value="programs" label="$LOCALIZE[0]" icon="defaultaddon.png" />
    <setting id="UserTVShowWidget1_target" value="pictures" label="$LOCALIZE[1]" icon="defaultpicture.png" />
    <setting id="UserTVShowWidget2_target" value="videos" label="$LOCALIZE[3]" icon="defaultvideo.png" />
    <setting id="UserTVShowWidget2_target" value="music" label="$LOCALIZE[2]" icon="defaultmusicsongs.png" />
    <setting id="UserTVShowWidget2_target" value="programs" label="$LOCALIZE[0]" icon="defaultaddon.png" />
    <setting id="UserTVShowWidget2_target" value="pictures" label="$LOCALIZE[1]" icon="defaultpicture.png" />
    <setting id="UserTVShowWidget3_target" value="videos" label="$LOCALIZE[3]" icon="defaultvideo.png" />
    <setting id="UserTVShowWidget3_target" value="music" label="$LOCALIZE[2]" icon="defaultmusicsongs.png" />
    <setting id="UserTVShowWidget3_target" value="programs" label="$LOCALIZE[0]" icon="defaultaddon.png" />
    <setting id="UserTVShowWidget3_target" value="pictures" label="$LOCALIZE[1]" icon="defaultpicture.png" />
    <setting id="UserTVShowWidget4_target" value="videos" label="$LOCALIZE[3]" icon="defaultvideo.png" />
    <setting id="UserTVShowWidget4_target" value="music" label="$LOCALIZE[2]" icon="defaultmusicsongs.png" />
    <setting id="UserTVShowWidget4_target" value="programs" label="$LOCALIZE[0]" icon="defaultaddon.png" />
    <setting id="UserTVShowWidget4_target" value="pictures" label="$LOCALIZE[1]" icon="defaultpicture.png" />
    <setting id="UserTVShowWidget5_target" value="videos" label="$LOCALIZE[3]" icon="defaultvideo.png" />
    <setting id="UserTVShowWidget5_target" value="music" label="$LOCALIZE[2]" icon="defaultmusicsongs.png" />
    <setting id="UserTVShowWidget5_target" value="programs" label="$LOCALIZE[0]" icon="defaultaddon.png" />
    <setting id="UserTVShowWidget5_target" value="pictures" label="$LOCALIZE[1]" icon="defaultpicture.png" />
    <setting id="UserTVShowWidget6_target" value="videos" label="$LOCALIZE[3]" icon="defaultvideo.png" />
    <setting id="UserTVShowWidget6_target" value="music" label="$LOCALIZE[2]" icon="defaultmusicsongs.png" />
    <setting id="UserTVShowWidget6_target" value="programs" label="$LOCALIZE[0]" icon="defaultaddon.png" />
    <setting id="UserTVShowWidget6_target" value="pictures" label="$LOCALIZE[1]" icon="defaultpicture.png" />

    <setting id="UserMusicWidget1_target" value="videos" label="$LOCALIZE[3]" icon="defaultvideo.png" default="true"/>
    <setting id="UserMusicWidget1_target" value="music" label="$LOCALIZE[2]" icon="defaultmusicsongs.png" />
    <setting id="UserMusicWidget1_target" value="programs" label="$LOCALIZE[0]" icon="defaultaddon.png" />
    <setting id="UserMusicWidget1_target" value="pictures" label="$LOCALIZE[1]" icon="defaultpicture.png" />
    <setting id="UserMusicWidget2_target" value="videos" label="$LOCALIZE[3]" icon="defaultvideo.png" />
    <setting id="UserMusicWidget2_target" value="music" label="$LOCALIZE[2]" icon="defaultmusicsongs.png" />
    <setting id="UserMusicWidget2_target" value="programs" label="$LOCALIZE[0]" icon="defaultaddon.png" />
    <setting id="UserMusicWidget2_target" value="pictures" label="$LOCALIZE[1]" icon="defaultpicture.png" />
    <setting id="UserMusicWidget3_target" value="videos" label="$LOCALIZE[3]" icon="defaultvideo.png" />
    <setting id="UserMusicWidget3_target" value="music" label="$LOCALIZE[2]" icon="defaultmusicsongs.png" />
    <setting id="UserMusicWidget3_target" value="programs" label="$LOCALIZE[0]" icon="defaultaddon.png" />
    <setting id="UserMusicWidget3_target" value="pictures" label="$LOCALIZE[1]" icon="defaultpicture.png" />
    <setting id="UserMusicWidget4_target" value="videos" label="$LOCALIZE[3]" icon="defaultvideo.png" />
    <setting id="UserMusicWidget4_target" value="music" label="$LOCALIZE[2]" icon="defaultmusicsongs.png" />
    <setting id="UserMusicWidget4_target" value="programs" label="$LOCALIZE[0]" icon="defaultaddon.png" />
    <setting id="UserMusicWidget4_target" value="pictures" label="$LOCALIZE[1]" icon="defaultpicture.png" />
    <setting id="UserMusicWidget5_target" value="videos" label="$LOCALIZE[3]" icon="defaultvideo.png" />
    <setting id="UserMusicWidget5_target" value="music" label="$LOCALIZE[2]" icon="defaultmusicsongs.png" />
    <setting id="UserMusicWidget5_target" value="programs" label="$LOCALIZE[0]" icon="defaultaddon.png" />
    <setting id="UserMusicWidget5_target" value="pictures" label="$LOCALIZE[1]" icon="defaultpicture.png" />
    <setting id="UserMusicWidget6_target" value="videos" label="$LOCALIZE[3]" icon="defaultvideo.png" />
    <setting id="UserMusicWidget6_target" value="music" label="$LOCALIZE[2]" icon="defaultmusicsongs.png" />
    <setting id="UserMusicWidget6_target" value="programs" label="$LOCALIZE[0]" icon="defaultaddon.png" />
    <setting id="UserMusicWidget6_target" value="pictures" label="$LOCALIZE[1]" icon="defaultpicture.png" />

    <setting id="UserMovieHub1_target" value="videos" label="$LOCALIZE[3]" icon="defaultvideo.png" default="true"/>
    <setting id="UserMovieHub1_target" value="music" label="$LOCALIZE[2]" icon="defaultmusicsongs.png" />
    <setting id="UserMovieHub1_target" value="programs" label="$LOCALIZE[0]" icon="defaultaddon.png" />
    <setting id="UserMovieHub1_target" value="pictures" label="$LOCALIZE[1]" icon="defaultpicture.png" />
    <setting id="UserMovieHub2_target" value="videos" label="$LOCALIZE[3]" icon="defaultvideo.png" />
    <setting id="UserMovieHub2_target" value="music" label="$LOCALIZE[2]" icon="defaultmusicsongs.png" />
    <setting id="UserMovieHub2_target" value="programs" label="$LOCALIZE[0]" icon="defaultaddon.png" />
    <setting id="UserMovieHub2_target" value="pictures" label="$LOCALIZE[1]" icon="defaultpicture.png" />
    <setting id="UserMovieHub3_target" value="videos" label="$LOCALIZE[3]" icon="defaultvideo.png" />
    <setting id="UserMovieHub3_target" value="music" label="$LOCALIZE[2]" icon="defaultmusicsongs.png" />
    <setting id="UserMovieHub3_target" value="programs" label="$LOCALIZE[0]" icon="defaultaddon.png" />
    <setting id="UserMovieHub3_target" value="pictures" label="$LOCALIZE[1]" icon="defaultpicture.png" />
    <setting id="UserMovieHub4_target" value="videos" label="$LOCALIZE[3]" icon="defaultvideo.png" />
    <setting id="UserMovieHub4_target" value="music" label="$LOCALIZE[2]" icon="defaultmusicsongs.png" />
    <setting id="UserMovieHub4_target" value="programs" label="$LOCALIZE[0]" icon="defaultaddon.png" />
    <setting id="UserMovieHub4_target" value="pictures" label="$LOCALIZE[1]" icon="defaultpicture.png" />
    <setting id="UserMovieHub5_target" value="videos" label="$LOCALIZE[3]" icon="defaultvideo.png" />
    <setting id="UserMovieHub5_target" value="music" label="$LOCALIZE[2]" icon="defaultmusicsongs.png" />
    <setting id="UserMovieHub5_target" value="programs" label="$LOCALIZE[0]" icon="defaultaddon.png" />
    <setting id="UserMovieHub5_target" value="pictures" label="$LOCALIZE[1]" icon="defaultpicture.png" />
    <setting id="UserMovieHub6_target" value="videos" label="$LOCALIZE[3]" icon="defaultvideo.png" />
    <setting id="UserMovieHub6_target" value="music" label="$LOCALIZE[2]" icon="defaultmusicsongs.png" />
    <setting id="UserMovieHub6_target" value="programs" label="$LOCALIZE[0]" icon="defaultaddon.png" />
    <setting id="UserMovieHub6_target" value="pictures" label="$LOCALIZE[1]" icon="defaultpicture.png" />

    <setting id="UserTVShowHub1_target" value="videos" label="$LOCALIZE[3]" icon="defaultvideo.png" default="true"/>
    <setting id="UserTVShowHub1_target" value="music" label="$LOCALIZE[2]" icon="defaultmusicsongs.png" />
    <setting id="UserTVShowHub1_target" value="programs" label="$LOCALIZE[0]" icon="defaultaddon.png" />
    <setting id="UserTVShowHub1_target" value="pictures" label="$LOCALIZE[1]" icon="defaultpicture.png" />
    <setting id="UserTVShowHub2_target" value="videos" label="$LOCALIZE[3]" icon="defaultvideo.png" />
    <setting id="UserTVShowHub2_target" value="music" label="$LOCALIZE[2]" icon="defaultmusicsongs.png" />
    <setting id="UserTVShowHub2_target" value="programs" label="$LOCALIZE[0]" icon="defaultaddon.png" />
    <setting id="UserTVShowHub2_target" value="pictures" label="$LOCALIZE[1]" icon="defaultpicture.png" />
    <setting id="UserTVShowHub3_target" value="videos" label="$LOCALIZE[3]" icon="defaultvideo.png" />
    <setting id="UserTVShowHub3_target" value="music" label="$LOCALIZE[2]" icon="defaultmusicsongs.png" />
    <setting id="UserTVShowHub3_target" value="programs" label="$LOCALIZE[0]" icon="defaultaddon.png" />
    <setting id="UserTVShowHub3_target" value="pictures" label="$LOCALIZE[1]" icon="defaultpicture.png" />
    <setting id="UserTVShowHub4_target" value="videos" label="$LOCALIZE[3]" icon="defaultvideo.png" />
    <setting id="UserTVShowHub4_target" value="music" label="$LOCALIZE[2]" icon="defaultmusicsongs.png" />
    <setting id="UserTVShowHub4_target" value="programs" label="$LOCALIZE[0]" icon="defaultaddon.png" />
    <setting id="UserTVShowHub4_target" value="pictures" label="$LOCALIZE[1]" icon="defaultpicture.png" />
    <setting id="UserTVShowHub5_target" value="videos" label="$LOCALIZE[3]" icon="defaultvideo.png" />
    <setting id="UserTVShowHub5_target" value="music" label="$LOCALIZE[2]" icon="defaultmusicsongs.png" />
    <setting id="UserTVShowHub5_target" value="programs" label="$LOCALIZE[0]" icon="defaultaddon.png" />
    <setting id="UserTVShowHub5_target" value="pictures" label="$LOCALIZE[1]" icon="defaultpicture.png" />
    <setting id="UserTVShowHub6_target" value="videos" label="$LOCALIZE[3]" icon="defaultvideo.png" />
    <setting id="UserTVShowHub6_target" value="music" label="$LOCALIZE[2]" icon="defaultmusicsongs.png" />
    <setting id="UserTVShowHub6_target" value="programs" label="$LOCALIZE[0]" icon="defaultaddon.png" />
    <setting id="UserTVShowHub6_target" value="pictures" label="$LOCALIZE[1]" icon="defaultpicture.png" />

    <setting id="UserMusicHub1_target" value="videos" label="$LOCALIZE[3]" icon="defaultvideo.png" default="true"/>
    <setting id="UserMusicHub1_target" value="music" label="$LOCALIZE[2]" icon="defaultmusicsongs.png" />
    <setting id="UserMusicHub1_target" value="programs" label="$LOCALIZE[0]" icon="defaultaddon.png" />
    <setting id="UserMusicHub1_target" value="pictures" label="$LOCALIZE[1]" icon="defaultpicture.png" />
    <setting id="UserMusicHub2_target" value="videos" label="$LOCALIZE[3]" icon="defaultvideo.png" />
    <setting id="UserMusicHub2_target" value="music" label="$LOCALIZE[2]" icon="defaultmusicsongs.png" />
    <setting id="UserMusicHub2_target" value="programs" label="$LOCALIZE[0]" icon="defaultaddon.png" />
    <setting id="UserMusicHub2_target" value="pictures" label="$LOCALIZE[1]" icon="defaultpicture.png" />
    <setting id="UserMusicHub3_target" value="videos" label="$LOCALIZE[3]" icon="defaultvideo.png" />
    <setting id="UserMusicHub3_target" value="music" label="$LOCALIZE[2]" icon="defaultmusicsongs.png" />
    <setting id="UserMusicHub3_target" value="programs" label="$LOCALIZE[0]" icon="defaultaddon.png" />
    <setting id="UserMusicHub3_target" value="pictures" label="$LOCALIZE[1]" icon="defaultpicture.png" />
    <setting id="UserMusicHub4_target" value="videos" label="$LOCALIZE[3]" icon="defaultvideo.png" />
    <setting id="UserMusicHub4_target" value="music" label="$LOCALIZE[2]" icon="defaultmusicsongs.png" />
    <setting id="UserMusicHub4_target" value="programs" label="$LOCALIZE[0]" icon="defaultaddon.png" />
    <setting id="UserMusicHub4_target" value="pictures" label="$LOCALIZE[1]" icon="defaultpicture.png" />
    <setting id="UserMusicHub5_target" value="videos" label="$LOCALIZE[3]" icon="defaultvideo.png" />
    <setting id="UserMusicHub5_target" value="music" label="$LOCALIZE[2]" icon="defaultmusicsongs.png" />
    <setting id="UserMusicHub5_target" value="programs" label="$LOCALIZE[0]" icon="defaultaddon.png" />
    <setting id="UserMusicHub5_target" value="pictures" label="$LOCALIZE[1]" icon="defaultpicture.png" />
    <setting id="UserMusicHub6_target" value="videos" label="$LOCALIZE[3]" icon="defaultvideo.png" />
    <setting id="UserMusicHub6_target" value="music" label="$LOCALIZE[2]" icon="defaultmusicsongs.png" />
    <setting id="UserMusicHub6_target" value="programs" label="$LOCALIZE[0]" icon="defaultaddon.png" />
    <setting id="UserMusicHub6_target" value="pictures" label="$LOCALIZE[1]" icon="defaultpicture.png" />

    <setting id="UserHomeHub1_target" value="videos" label="$LOCALIZE[3]" icon="defaultvideo.png" default="true"/>
    <setting id="UserHomeHub1_target" value="music" label="$LOCALIZE[2]" icon="defaultmusicsongs.png" />
    <setting id="UserHomeHub1_target" value="pictures" label="$LOCALIZE[1]" icon="defaultpicture.png" />
    <setting id="UserHomeHub2_target" value="videos" label="$LOCALIZE[3]" icon="defaultvideo.png" />
    <setting id="UserHomeHub2_target" value="music" label="$LOCALIZE[2]" icon="defaultmusicsongs.png" />
    <setting id="UserHomeHub2_target" value="pictures" label="$LOCALIZE[1]" icon="defaultpicture.png" />
    <setting id="UserHomeHub3_target" value="videos" label="$LOCALIZE[3]" icon="defaultvideo.png" />
    <setting id="UserHomeHub3_target" value="music" label="$LOCALIZE[2]" icon="defaultmusicsongs.png" />
    <setting id="UserHomeHub3_target" value="pictures" label="$LOCALIZE[1]" icon="defaultpicture.png" />
    <setting id="UserHomeHub4_target" value="videos" label="$LOCALIZE[3]" icon="defaultvideo.png" />
    <setting id="UserHomeHub4_target" value="music" label="$LOCALIZE[2]" icon="defaultmusicsongs.png" />
    <setting id="UserHomeHub4_target" value="pictures" label="$LOCALIZE[1]" icon="defaultpicture.png" />
    <setting id="UserHomeHub5_target" value="videos" label="$LOCALIZE[3]" icon="defaultvideo.png" />
    <setting id="UserHomeHub5_target" value="music" label="$LOCALIZE[2]" icon="defaultmusicsongs.png" />
    <setting id="UserHomeHub5_target" value="pictures" label="$LOCALIZE[1]" icon="defaultpicture.png" />
    <setting id="UserHomeHub6_target" value="videos" label="$LOCALIZE[3]" icon="defaultvideo.png" />
    <setting id="UserHomeHub6_target" value="music" label="$LOCALIZE[2]" icon="defaultmusicsongs.png" />
    <setting id="UserHomeHub6_target" value="pictures" label="$LOCALIZE[1]" icon="defaultpicture.png" />

    <setting id="BackgroundAlpha" value="0" label="$LOCALIZE[31157]" icon="defaultaddonweather.png" default="true"/>
    <setting id="BackgroundAlpha" value="1" label="$LOCALIZE[31158]" icon="defaultaddonweather.png" />
    <setting id="BackgroundAlpha" value="2" label="$LOCALIZE[31159]" icon="defaultaddonweather.png" />
    <setting id="BackgroundAlpha" value="3" label="$LOCALIZE[31160]" icon="defaultaddonweather.png" />
</settings>