<?xml version="1.0" encoding="UTF-8"?>
<includes>
	<include name="SettingAddons">
		<content>
			<item>
				<label>$INFO[System.AddonTitle(plugin.video.emby)]</label>
				<label2></label2>
				<onclick>Addon.OpenSettings(plugin.video.emby)</onclick>
				<visible>System.HasAddon(plugin.video.emby)</visible>
			</item>
			<item>
				<label>$INFO[System.AddonTitle(plugin.video.embycon)]</label>
				<label2></label2>
				<onclick>Addon.OpenSettings(plugin.video.embycon)</onclick>
				<visible>System.HasAddon(plugin.video.embycon)</visible>
			</item>
			<item>
				<label>$INFO[System.AddonTitle(script.viewmaster)]</label>
				<label2></label2>
				<onclick>RunScript(script.viewmaster)</onclick>
				<visible>System.HasAddon(script.viewmaster)</visible>
			</item>
			<item>
				<label>$INFO[System.AddonTitle(plugin.video.plexbmc)]</label>
				<label2></label2>
				<onclick>Addon.OpenSettings(plugin.video.plexbmc)</onclick>
				<visible>System.HasAddon(plugin.video.plexbmc)</visible>
			</item>
			<item>
				<label>$INFO[System.AddonTitle(plugin.video.plexkodiconnect)]</label>
				<label2></label2>
				<onclick>Addon.OpenSettings(plugin.video.plexkodiconnect)</onclick>
				<visible>System.HasAddon(plugin.video.plexkodiconnect)</visible>
			</item>
			<item>
				<label>$INFO[System.AddonTitle(script.module.metadatautils)]</label>
				<label2></label2>
				<onclick>Addon.OpenSettings(script.module.metadatautils)</onclick>
				<visible>System.HasAddon(script.module.metadatautils)</visible>
			</item>
			<item>
				<label>$INFO[System.AddonTitle(script.globalsearch)]</label>
				<label2></label2>
				<onclick>Addon.OpenSettings(script.globalsearch)</onclick>
				<visible>System.HasAddon(script.globalsearch)</visible>
			</item>
			<item>
				<label>$INFO[System.AddonTitle(script.extendedinfo)]</label>
				<label2></label2>
				<onclick>Addon.OpenSettings(script.extendedinfo)</onclick>
				<visible>System.HasAddon(script.extendedinfo)</visible>
			</item>
			<item>
				<label>$INFO[System.AddonTitle(service.nextup.notification)]</label>
				<label2></label2>
				<onclick>Addon.OpenSettings(service.nextup.notification)</onclick>
				<visible>System.HasAddon(service.nextup.notification)</visible>
			</item>
			<item>
				<label>$INFO[System.AddonTitle(script.tv.show.next.aired)]</label>
				<label2></label2>
				<onclick>Addon.OpenSettings(script.tv.show.next.aired)</onclick>
				<visible>System.HasAddon(script.tv.show.next.aired)</visible>
			</item>
		</content>
	</include>
	<include name="SettingsUI">
		<content>
			<item>
				<label>$LOCALIZE[14207]</label>
				<label2></label2>
				<onclick>ActivateWindow(InterfaceSettings)</onclick>
			</item>
			<item>
				<label>$LOCALIZE[20077]</label>
				<label2></label2>
				<onclick>ActivateWindow(SkinSettings)</onclick>
			</item>
			<item>
				<label>$LOCALIZE[8]</label>
				<label2>&#xE430;</label2>
				<onclick>ActivateWindow(ServiceSettings,weather)</onclick>
			</item>
			<item>
				<label>$LOCALIZE[31190]</label>
				<label2></label2>
				<onclick>RunScript(script.skin.helper.skinbackup)</onclick>
			</item>
		</content>
	</include>
	<include name="SettingsSys">
		<content>
			<item>
				<label>$LOCALIZE[14209]</label>
				<label2></label2>
				<onclick>ActivateWindow(SystemSettings)</onclick>
			</item>
			<item>
				<label>$INFO[System.AddonTitle(service.coreelec.settings)]</label>
				<label2></label2>
				<onclick>RunAddon(service.coreelec.settings)</onclick>
				<visible>System.HasAddon(service.coreelec.settings)</visible>
			</item>
			<item>
				<label>$INFO[System.AddonTitle(service.libreelec.settings)]</label>
				<label2></label2>
				<onclick>RunAddon(service.libreelec.settings)</onclick>
				<visible>System.HasAddon(service.libreelec.settings)</visible>
			</item>
			<item>
				<label>$INFO[System.AddonTitle(service.osmc.settings)]</label>
				<label2></label2>
				<onclick>RunAddon(service.osmc.settings)</onclick>
				<visible>System.HasAddon(service.osmc.settings)</visible>
			</item>
			<item>
				<label>$LOCALIZE[138]</label>
				<label2></label2>
				<onclick>ActivateWindow(systeminfo)</onclick>
			</item>
			<item>
				<label>$LOCALIZE[31108]</label>
				<label2></label2>
				<onclick>ActivateWindow(eventlog)</onclick>
			</item>
			<item>
				<label>$LOCALIZE[14208]</label>
				<label2></label2>
				<onclick>ActivateWindow(ServiceSettings)</onclick>
			</item>
			<item>
				<label>$LOCALIZE[14210]</label>
				<label2></label2>
				<onclick>ActivateWindow(Profiles)</onclick>
			</item>
			<item>
				<label>$LOCALIZE[10003]</label>
				<label2></label2>
				<onclick>ActivateWindow(filemanager)</onclick>
			</item>
		</content>
	</include>
	<include name="SettingsMedia">
		<content>
			<item>
				<label>$LOCALIZE[14201]</label>
				<label2></label2>
				<onclick>ActivateWindow(PlayerSettings)</onclick>
			</item>
			<item>
				<label>$LOCALIZE[14212]</label>
				<label2></label2>
				<onclick>ActivateWindow(MediaSettings)</onclick>
			</item>
			<item>
				<label>$LOCALIZE[14205]</label>
				<label2></label2>
				<onclick>ActivateWindow(PVRSettings)</onclick>
			</item>
			<item>
				<label>$LOCALIZE[20345]</label>
				<label2></label2>
				<onclick>UpdateLibrary(video)</onclick>
				<onclick>UpdateLibrary(music)</onclick>
			</item>
			<item>
				<label>$LOCALIZE[10040]</label>
				<label2></label2>
				<onclick>ActivateWindow(addonbrowser)</onclick>
			</item>
			<item>
				<label>$LOCALIZE[31129]</label>
				<label2></label2>
				<onclick>Notification($LOCALIZE[24001],$LOCALIZE[31162])</onclick>
				<onclick>UpdateAddonRepos</onclick>
				<onclick>UpdateLocalAddons</onclick>
			</item>
		</content>
	</include>
</includes>