<?xml version="1.0" encoding="UTF-8"?>
<window>
	<defaultcontrol>3</defaultcontrol>
	<backgroundcolor>background</backgroundcolor>
	<menucontrol>6666</menucontrol>
	<controls>
		<control type="label" id="2">
			<include>HiddenObject</include>
		</control>
		<include>Background</include>
		<!-- left -->
		<control type="group">
			<include>Window_OpenClose</include>
			<include content="ContentPanel">
			</include>
			<control type="group">
				<top>112</top>
				<include content="SideMenuHeadline">
					<param name="nr">1</param>
					<param name="label">$LOCALIZE[5]</param>
				</include>
				<control type="grouplist" id="3">
					<left>0</left>
					<top>55</top>
					<bottom>130</bottom>
					<width>470</width>
					<usecontrolcoords>true</usecontrolcoords>
					<onleft>9999</onleft>
					<onright>5</onright>
					<onup>6666</onup>
					<ondown>20</ondown>
				</control>
				<control type="button" id="10">
					<width>400</width>
					<height>50</height>
					<align>left</align>
					<aligny>center</aligny>
					<font>Reg22</font>
					<textoffsetx>50</textoffsetx>
					<textcolor>panel_text</textcolor>
					<focusedcolor>panel_text</focusedcolor>
					<selectedcolor>panel_text</selectedcolor>
					<shadowcolor>text_shadow</shadowcolor>
					<texturefocus colordiffuse="panel_hover">common/white.jpg</texturefocus>
					<include>NoTextures</include>
				</control>
			</control>
			<control type="group">
				<animation effect="slide" end="0,50" time="0" condition="Integer.IsGreater(Container(3).NumItems,1)">Conditional</animation>
				<animation effect="slide" end="0,50" time="0" condition="Integer.IsGreater(Container(3).NumItems,2)">Conditional</animation>
				<animation effect="slide" end="0,50" time="0" condition="Integer.IsGreater(Container(3).NumItems,3)">Conditional</animation>
				<animation effect="slide" end="0,50" time="0" condition="Integer.IsGreater(Container(3).NumItems,4)">Conditional</animation>
				<animation effect="slide" end="0,50" time="0" condition="Integer.IsGreater(Container(3).NumItems,5)">Conditional</animation>
				<animation effect="slide" end="0,50" time="0" condition="Integer.IsGreater(Container(3).NumItems,6)">Conditional</animation>
				<animation effect="slide" end="0,50" time="0" condition="Integer.IsGreater(Container(3).NumItems,7)">Conditional</animation>
				<animation effect="slide" end="0,50" time="0" condition="Integer.IsGreater(Container(3).NumItems,8)">Conditional</animation>
				<animation effect="slide" end="0,50" time="0" condition="Integer.IsGreater(Container(3).NumItems,9)">Conditional</animation>
				<animation effect="slide" end="0,50" time="0" condition="Integer.IsGreater(Container(3).NumItems,10)">Conditional</animation>
				<top>217</top>
				<height>105</height>
				<control type="group">
					<include content="SideMenuHeadline">
						<param name="nr">1</param>
						<param name="label">$LOCALIZE[31036]</param>
					</include>
				</control>
				<control type="button" id="20">
					<top>55</top>
					<width>400</width>
					<height>50</height>
					<align>left</align>
					<aligny>center</aligny>
					<onclick>SettingsLevelChange</onclick>
					<font>Reg22</font>
					<textoffsetx>50</textoffsetx>
					<textcolor>panel_text</textcolor>
					<focusedcolor>panel_text</focusedcolor>
					<selectedcolor>panel_text</selectedcolor>
					<shadowcolor>text_shadow</shadowcolor>
					<texturefocus colordiffuse="panel_hover">common/white.jpg</texturefocus>
					<include>NoTextures</include>
					<onup>3</onup>
					<ondown>noop</ondown>
					<onleft>9999</onleft>
					<onright>5</onright>
				</control>
			</control>
		</control>
		<!-- right -->
		<control type="group">
			<include>Window_OpenClose</include>
			<top>58</top>
			<control type="grouplist">
				<left>500</left>
				<right>100</right>
				<centertop>50%</centertop>
				<height max="940">auto</height>
				<orientation>vertical</orientation>
				<itemgap>20</itemgap>
				<align>center</align>
				<!-- heading -->
				<control type="group">
					<height>50</height>
					<control type="label">
						<width>100%</width>
						<height>48</height>
						<font>Reg24</font>
						<aligny>center</aligny>
						<textoffsetx>5</textoffsetx>
						<label>$LOCALIZE[33063]</label>
					</control>
					<control type="image">
						<width>100%</width>
						<top>45</top>
						<height>2</height>
						<texture colordiffuse="lightgrey">common/white.jpg</texture>
						<aspectratio>stretch</aspectratio>
					</control>
					<control type="image">
						<width>100%</width>
						<top>45</top>
						<height>2</height>
						<texture colordiffuse="emby">common/white.jpg</texture>
						<aspectratio>stretch</aspectratio>
						<include>WindowOpen_GreenBar</include>
					</control>
				</control>
				<!-- list -->
				<control type="group">
					<height>720</height>
					<control type="image">
						<height>720</height>
						<texture colordiffuse="thumb_background">common/white.jpg</texture>
						<aspectratio>stretch</aspectratio>
					</control>
					<control type="grouplist" id="5">
						<centerleft>50%</centerleft>
						<top>10</top>
						<height>700</height>
						<onup>6666</onup>
						<onleft>3</onleft>
						<onright>noop</onright>
						<ondown>noop</ondown>
						<pagecontrol>70</pagecontrol>
						<scrolltime>200</scrolltime>
					</control>
					<control type="button" id="7">
						<top>0</top>
						<description>Default Button</description>
						<include>SettingsButton</include>
					</control>
					<control type="radiobutton" id="8">
						<description>Default RadioButton</description>
						<include>SettingsButton</include>
					</control>
					<control type="spincontrolex" id="9">
						<description>Default SpinControlex</description>
						<include>SettingsButton</include>
					</control>
					<control type="sliderex" id="13">
						<description>Default Slider</description>
						<include>SettingsButton</include>
					</control>
					<control type="image" id="11">
						<description>separator image</description>
						<visible>false</visible>
					</control>
					<control type="label" id="14">
						<description>Default Label</description>
						<height>50</height>
						<font>med22</font>
						<textoffsetx>20</textoffsetx>
						<textcolor>panel_text</textcolor>
						<shadowcolor>text_shadow</shadowcolor>
						<aligny>center</aligny>
					</control>
					<control type="scrollbar" id="70">
						<right>0</right>
						<top>0</top>
						<bottom>0</bottom>
						<width>4</width>
						<orientation>vertical</orientation>
						<showonepage>false</showonepage>
						<texturesliderbackground colordiffuse="00ffffff">common/ProgressBack.png</texturesliderbackground>
						<texturesliderbar colordiffuse="softgrey">common/ProgressBar.png</texturesliderbar>
					</control>
				</control>
				<control type="textbox" id="6">
					<right>0</right>
					<left>0</left>
					<height>100</height>
					<font>reg22</font>
				</control>
			</control>
		</control>
		<!-- header bar -->
		<include content="HeaderBar">		
			<param name="id">3</param>
			<param name="enabled">false</param>
			<param name="custom_animation">[[Control.IsVisible(54) + Container(540).HasPrevious]] | [Control.IsVisible(55) + Container(550).HasPrevious]</param>
		</include>
		<!-- side panel -->
		<include content="SidePanel">
			<param name="onright">3</param>
		</include>
	</controls>
</window>
