<?xml version="1.0" encoding="UTF-8"?>
<window>
	<onload>Skin.SetBool(EmbuaryHelperClearPlaylist)</onload>
	<onload>Skin.SetBool(SkinHelper.EnableMusicArt)</onload>
	<onload>Skin.SetString(SkinHelper.RandomFanartDelay,20)</onload>
	<onload>SetProperty(startup,1,home)</onload>
	<onload>AlarmClock(startup,ClearProperty(startup,home),00:10,silent)</onload>
	<onload condition="!Skin.HasSetting(EmbuaryFirstStartup)">AlarmClock(startupdelay,ReplaceWindow(1119),00:02,silent)</onload>
	<onload condition="Skin.HasSetting(EmbuaryFirstStartup)">AlarmClock(startupdelay,ReplaceWindow($INFO[System.StartupWindow]),00:02,silent)</onload>
	<include>PropertyIncludes</include>
	<controls>
		<control type="image">
			<width>100%</width>
			<height>100%</height>
			<texture>special://skin/extras/themes/$VAR[SkinTheme]/splash.jpg</texture>
		</control>
	</controls>
</window>
