<?xml version="1.0" encoding="UTF-8"?>
<window id="1103">
    <defaultcontrol always="true">450</defaultcontrol>
	<backgroundcolor>$VAR[BackgroundOverlayTransition]</backgroundcolor>
    <include>openclose</include>
    <controls>
        <include>DialogBackgroundSimple</include>
        <control type="group">
            <!-- <depth>DepthDialog+</depth> -->
            <top>90</top>
            <left>225</left>
            <include>openclosebox</include>
            <!-- <animation effect="slide" start="700,0" end="0,0" time="300" tween="quadratic" easing="out" condition="![Window.IsVisible(MovieInformation) | Window.IsVisible(MusicInformation)]">WindowOpen</animation>
			<animation effect="slide" start="-180,0" end="0,0" time="300" tween="quadratic" easing="out" condition="[Window.IsVisible(MovieInformation) | Window.IsVisible(MusicInformation)]">WindowOpen</animation>
			<animation effect="slide" start="0,0" end="700,0" time="300" tween="quadratic" easing="out" condition="![Window.IsVisible(MovieInformation) | Window.IsVisible(MusicInformation)]">WindowClose</animation>
			<animation effect="slide" start="0,0" end="-400,0" time="300" tween="quadratic" easing="out" condition="[Window.IsVisible(MovieInformation) | Window.IsVisible(MusicInformation)]">WindowClose</animation> -->
            <control type="image">
                <left>0</left>
                <top>0</top>
                <width>1012</width>
                <height>60</height>
                <colordiffuse>$VAR[BackgroundOverlayColorDialog]</colordiffuse>
                <texture>WhiteBack.png</texture>
            </control>
            <include content="DialogInfoBackgroundParam">
                <param name="DialogBackgroundLeft" value="0" />
                <param name="DialogBackgroundTop" value="0" />
                <param name="DialogBackgroundWidth" value="1013" />
                <param name="DialogBackgroundHeight" value="958" />
                <param name="DialogSeparatorTop" value="60" />
                <param name="DialogSeparatorBottom" value="958" />
                <param name="DialogShadowTop" value="960" />
                <param name="DialogHeaderLabel" value="1023" />
                <param name="DialogHeaderTop" value="8" />
                <param name="DialogHeaderId" value="411" />
            </include>
            <control type="image">
                <description>background image</description>
                <left>1012</left>
                <top>0</top>
                <width>376</width>
                <height>960</height>
                <texture border="10">buttons/KeyboardEditArea.png</texture>
                <animation effect="fade" end="30" time="0" condition="true">conditional</animation>
            </control>
            <control type="group">
                <top>75</top>
                <include>openclosefanart</include>
                <control type="label" id="412">
                    <description>Path label</description>
                    <left>60</left>
                    <top>0</top>
                    <width>892</width>
                    <height>45</height>
                    <haspath>true</haspath>
                    <align>left</align>
                    <aligny>center</aligny>
                    <textcolor>description</textcolor>
                </control>
                <control type="grouplist" id="9000">
                    <left>1050</left>
                    <top>30</top>
                    <width>332</width>
                    <height>338</height>
                    <itemgap>8</itemgap>
                    <orientation>vertical</orientation>
                    <onleft>450</onleft>
                    <onright>450</onright>
                    <onup>9000</onup>
                    <ondown>9000</ondown>
                    <control type="button" id="413">
                        <description>OK button</description>
                        <width>300</width>
                        <include>dialogbutton</include>
                        <label>186</label>
                    </control>
                    <control type="button" id="414">
                        <description>Cancel button</description>
                        <width>300</width>
                        <include>dialogbutton</include>
                        <label>222</label>
                    </control>
                    <control type="button" id="415">
                        <description>Create folder button</description>
                        <width>300</width>
                        <include>dialogbutton</include>
                        <label>119</label>
                    </control>
                    <control type="radiobutton" id="416">
                        <description>Flip Image button</description>
                        <width>300</width>
                        <align>left</align>
                        <include>dialogbutton</include>
                        <label>749</label>
                    </control>
                </control>
                <control type="image">
                    <left>1042</left>
                    <top>360</top>
                    <width>316</width>
                    <height>450</height>
                    <aspectratio aligny="bottom">keep</aspectratio>
                    <texture>$INFO[ListItem.Icon]</texture>
                    <visible>!String.Contains(Control.GetLabel(416),*)</visible>
                </control>
                <control type="image">
                    <left>1042</left>
                    <top>360</top>
                    <width>316</width>
                    <height>450</height>
                    <aspectratio aligny="bottom">keep</aspectratio>
                    <texture flipx="true">$INFO[ListItem.Icon]</texture>
                    <visible>String.Contains(Control.GetLabel(416),*)</visible>
                </control>
                <control type="panel" id="450">
                    <left>45</left>
                    <top>60</top>
                    <width>930</width>
                    <height>783</height>
                    <onleft>60</onleft>
                    <onright>9000</onright>
                    <onup>450</onup>
                    <ondown>450</ondown>
                    <pagecontrol>60</pagecontrol>
                    <scrolltime>200</scrolltime>
                    <itemlayout height="60" width="930">
                        <control type="image">
                            <left>15</left>
                            <top>3</top>
                            <width>57</width>
                            <height>57</height>
                            <texture>$INFO[ListItem.Icon]</texture>
                            <aspectratio>keep</aspectratio>
                        </control>
                        <control type="label">
                            <left>82</left>
                            <top>0</top>
                            <width>840</width>
                            <height>60</height>
                            <align>left</align>
                            <aligny>center</aligny>
                            <selectedcolor>green</selectedcolor>
                            <info>ListItem.Label</info>
                        </control>
                    </itemlayout>
                    <focusedlayout height="60" width="930">
                        <control type="image">
                            <left>0</left>
                            <top>0</top>
                            <width>930</width>
                            <height>62</height>
                            <colordiffuse>fanartdiffuse</colordiffuse>
                            <visible>!Control.HasFocus(450)</visible>
                            <texture border="5">buttons/ButtonFO.png</texture>
                        </control>
                        <control type="image">
                            <left>0</left>
                            <top>0</top>
                            <width>930</width>
                            <height>62</height>
                            <visible>Control.HasFocus(450)</visible>
                            <texture border="5">buttons/ButtonFO.png</texture>
                        </control>
                        <control type="image">
                            <left>0</left>
                            <top>0</top>
                            <width>930</width>
                            <height>62</height>
                            <colordiffuse>$VAR[BackgroundOverlayColor]</colordiffuse>
                            <visible>Control.HasFocus(450)</visible>
                            <texture border="5">buttons/ButtonNF.png</texture>
                        </control>
                        <control type="image">
                            <left>15</left>
                            <top>3</top>
                            <width>57</width>
                            <height>57</height>
                            <texture>$INFO[ListItem.Icon]</texture>
                            <aspectratio>keep</aspectratio>
                        </control>
                        <control type="label">
                            <left>82</left>
                            <top>0</top>
                            <width>840</width>
                            <height>60</height>
                            <align>left</align>
                            <aligny>center</aligny>
                            <textcolor>black</textcolor>
                            <selectedcolor>green</selectedcolor>
                            <info>ListItem.Label</info>
                        </control>
                    </focusedlayout>
                </control>
                <control type="panel" id="451">
                    <left>45</left>
                    <top>60</top>
                    <width>930</width>
                    <height>783</height>
                    <onleft>60</onleft>
                    <onright>9000</onright>
                    <onup>451</onup>
                    <ondown>451</ondown>
                    <pagecontrol>60</pagecontrol>
                    <scrolltime>200</scrolltime>
                    <itemlayout height="60" width="930">
                        <control type="image">
                            <left>15</left>
                            <top>3</top>
                            <width>57</width>
                            <height>57</height>
                            <texture>$INFO[ListItem.Icon]</texture>
                            <aspectratio>keep</aspectratio>
                        </control>
                        <control type="label">
                            <left>82</left>
                            <top>0</top>
                            <width>840</width>
                            <height>60</height>
                            <align>left</align>
                            <aligny>center</aligny>
                            <selectedcolor>green</selectedcolor>
                            <info>ListItem.Label</info>
                        </control>
                    </itemlayout>
                    <focusedlayout height="60" width="930">
                        <control type="image">
                            <left>0</left>
                            <top>0</top>
                            <width>930</width>
                            <height>62</height>
                            <colordiffuse>fanartdiffuse</colordiffuse>
                            <texture border="5">buttons/ButtonFO.png</texture>
                            <visible>!Control.HasFocus(451)</visible>
                        </control>
                        <control type="image">
                            <left>0</left>
                            <top>0</top>
                            <width>930</width>
                            <height>62</height>
                            <texture border="5">buttons/ButtonFO.png</texture>
                            <visible>Control.HasFocus(451)</visible>
                        </control>
                        <control type="image">
                            <left>0</left>
                            <top>0</top>
                            <width>930</width>
                            <height>62</height>
                            <colordiffuse>$VAR[BackgroundOverlayColor]</colordiffuse>
                            <texture border="5">buttons/ButtonNF.png</texture>
                            <visible>Control.HasFocus(451)</visible>
                        </control>
                        <control type="image">
                            <left>15</left>
                            <top>3</top>
                            <width>57</width>
                            <height>57</height>
                            <texture>$INFO[ListItem.Icon]</texture>
                            <aspectratio>keep</aspectratio>
                        </control>
                        <control type="label">
                            <left>82</left>
                            <top>0</top>
                            <width>840</width>
                            <height>60</height>
                            <align>left</align>
                            <aligny>center</aligny>
                            <textcolor>black</textcolor>
                            <selectedcolor>green</selectedcolor>
                            <info>ListItem.Label</info>
                        </control>
                    </focusedlayout>
                </control>
                <control type="scrollbar" id="60">
                    <left>15</left>
                    <top>60</top>
                    <width>18</width>
                    <height>782</height>
                    <onleft>9000</onleft>
                    <onright>450</onright>
                    <showonepage>false</showonepage>
                    <orientation>vertical</orientation>
                </control>
                <control type="label">
                    <description>Page label</description>
                    <left>1028</left>
                    <top>825</top>
                    <width>332</width>
                    <height>45</height>
                    <align>right</align>
                    <aligny>center</aligny>
                    <textcolor>grey</textcolor>
                    <label>([COLOR=selected]$INFO[Container(450).NumItems][/COLOR]) $LOCALIZE[31025] - $LOCALIZE[31024] ([COLOR=selected]$INFO[Container(450).CurrentPage]/$INFO[Container(450).NumPages][/COLOR])</label>
                    <wrapmultiline>true</wrapmultiline>
                    <visible>!Control.IsVisible(451)</visible>
                </control>
                <control type="label">
                    <description>Page label</description>
                    <left>1028</left>
                    <top>825</top>
                    <width>332</width>
                    <height>45</height>
                    <align>right</align>
                    <aligny>center</aligny>
                    <textcolor>grey</textcolor>
                    <label>([COLOR=selected]$INFO[Container(451).NumItems][/COLOR]) $LOCALIZE[31025] - $LOCALIZE[31024] ([COLOR=selected]$INFO[Container(451).CurrentPage]/$INFO[Container(451).NumPages][/COLOR])</label>
                    <wrapmultiline>true</wrapmultiline>
                    <visible>Control.IsVisible(451)</visible>
                </control>
            </control>
        </control>
        <control type="group">
            <!-- <depth>DepthDialog+</depth> -->
            <include>Clock</include>
        </control>
    </controls>
</window>
