<?xml version="1.0" encoding="UTF-8"?>
<window>
	<!-- mediasource -->
	<defaultcontrol always="true">100</defaultcontrol>
	<controls>
		<!-- Hidden -->
		<control type="radiobutton" id="13">
			<include>HiddenObject</include>
			<onfocus>select</onfocus>
			<onfocus>SetFocus(101)</onfocus>
		</control>
		<control id="96" type="scrollbar">
			<left>-1200</left>
			<width>100</width>
			<height>1</height>
			<showonepage>false</showonepage>
			<orientation>vertical</orientation>
		</control>
		<!-- Background -->
		<include>Background</include>
		<!-- Fanart -->
		<control type="group">
			<include>Window_OpenClose</include>
			<include>FullscreenDimensions</include>
			<control type="group">
				<top>128</top>
				<height>435</height>
				<width>1920</width>
				<!-- Thumb image -->
				<control type="group">
					<left>70</left>
					<width>590</width>
					<control type="image">
						<top>-2</top>
						<left>-2</left>
						<width>346</width>
						<height>346</height>
						<texture>items/shadow_square_db.png</texture>
					</control>
					<control type="image">
						<width>340</width>
						<height>340</height>
						<texture colordiffuse="green" diffuse="items/mask_square_db.png">common/white.jpg</texture>
						<aspectratio scalediffuse="false">stretch</aspectratio>
						<visible>String.IsEmpty(ListItem.Icon) | String.StartsWith(ListItem.Icon,Default)</visible>
					</control>
					<control type="image">
						<width>340</width>
						<height>340</height>
						<texture colordiffuse="thumb_background" diffuse="items/mask_square_db.png">common/white.jpg</texture>
						<aspectratio scalediffuse="false">stretch</aspectratio>
						<visible>!String.IsEmpty(ListItem.Icon) + !String.StartsWith(ListItem.Icon,Default)</visible>
					</control>
					<control type="textbox">
						<top>10</top>
						<left>10</left>
						<width>320</width>
						<height>320</height>
						<font>Light24</font>
						<align>center</align>
						<aligny>center</aligny>
						<label>$INFO[ListItem.Label]</label>
						<visible>String.IsEmpty(ListItem.Icon) | String.StartsWith(ListItem.Icon,Default)</visible>
					</control>
					<control type="image">
						<width>340</width>
						<height>340</height>
						<texture diffuse="items/mask_square_db.png" background="true">$INFO[ListItem.Icon]</texture>
						<aspectratio scalediffuse="false">stretch</aspectratio>
						<visible>!String.StartsWith(ListItem.Icon,Default)</visible>
					</control>
				</control>
				<!-- meta -->
				<control type="grouplist">
					<left>434</left>
					<orientation>vertical</orientation>
					<height>1020</height>
					<width>1416</width>
					<align>top</align>
					<itemgap>0</itemgap>
					<control type="label">
						<width>100%</width>
						<height>60</height>
						<label>$INFO[ListItem.Label]</label>
						<font>Reg37</font>
						<shadowcolor>text_shadow</shadowcolor>
					</control>
					<control type="grouplist">
						<height>40</height>
						<width>100%</width>
						<itemgap>5</itemgap>
						<orientation>horizontal</orientation>
						<control type="label">
							<width>auto</width>
							<height>24</height>
							<label>$LOCALIZE[19114]: $INFO[ListItem.AddonVersion]   </label>
							<font>reg22</font>
							<shadowcolor>text_shadow</shadowcolor>
							<visible>!String.IsEmpty(ListItem.AddonVersion)</visible>
						</control>
						<control type="label">
							<width>auto</width>
							<height>24</height>
							<label>$LOCALIZE[31033]: $INFO[ListItem.AddonCreator]   </label>
							<font>reg22</font>
							<shadowcolor>text_shadow</shadowcolor>
							<visible>!String.IsEmpty(ListItem.AddonCreator)</visible>
						</control>
					</control>
					<control type="label">
						<width>100%</width>
						<height>40</height>
						<label>$INFO[ListItem.AddonType]</label>
						<font>reg22</font>
						<textcolor>emby</textcolor>
						<shadowcolor>text_shadow</shadowcolor>
					</control>
					<control type="grouplist" id="100">
						<height>75</height>
						<orientation>horizontal</orientation>
						<itemgap>5</itemgap>
						<onleft>9999</onleft>
						<onright>noop</onright>
						<control type="button" id="12">
							<include>LightGreyButton</include>
							<label>$LOCALIZE[518]</label>
							<onup>SetFocus(6666)</onup>
							<visible>Control.IsEnabled(12)</visible>
						</control>
						<control type="button" id="9">
							<include>LightGreyButton</include>
							<label>$LOCALIZE[24020]</label>
							<onup>SetFocus(6666)</onup>
							<visible>Control.IsEnabled(9)</visible>
						</control>
						<control type="button" id="8">
							<include>LightGreyButton</include>
							<label>$LOCALIZE[24069]</label>
							<onup>SetFocus(6666)</onup>
							<visible>Control.IsEnabled(8)</visible>
						</control>
						<control type="button" id="101">
							<include>LightGreyButton</include>
							<label>$LOCALIZE[21340]: $VAR[FakeButtonAddonInfo13]</label>
							<onclick>SetFocus(13)</onclick>
							<onup>SetFocus(6666)</onup>
							<visible>Control.IsEnabled(13)</visible>
						</control>
						<control type="button" id="7">
							<include>LightGreyButton</include>
							<onup>SetFocus(6666)</onup>
							<visible>Control.IsEnabled(7)</visible>
						</control>
						<control type="button" id="6">
							<include>LightGreyButton</include>
							<onup>SetFocus(6666)</onup>
							<visible>Control.IsEnabled(6)</visible>
						</control>
						<control type="button" id="110">
							<include>LightGreyButton</include>
							<onup>SetFocus(6666)</onup>
							<label>$LOCALIZE[31034]</label>
							<onclick>RunScript(script.skin.helper.service,action=textviewer,header='$ESCINFO[ListItem.Label]',message='$ESCINFO[ListItem.AddonDescription]')</onclick>
							<visible>Container(97).HasNext</visible>
						</control>
						<control type="button" id="111">
							<include>LightGreyButton</include>
							<onup>SetFocus(6666)</onup>
							<label>$LOCALIZE[24036]</label>
							<onclick>RunScript(script.skin.helper.service,action=textviewer,header=$LOCALIZE[24036],message='$ESCINFO[ListItem.AddonNews]')</onclick>
							<visible>!String.IsEmpty(ListItem.AddonNews)</visible>
						</control>
					</control>
					<control type="grouplist">
						<orientation>horizontal</orientation>
						<height>65</height>
						<itemgap>5</itemgap>
						<width>1166</width>
						<include>AddonFlags</include>
					</control>
					<control type="textbox" id="97">
						<width>100%</width>
						<height>605</height>
						<align>justify</align>
						<aligny>top</aligny>
						<label>$INFO[ListItem.AddonSummary,[B],[/B][CR][CR]]$INFO[ListItem.AddonDisclaimer,,[CR][CR]]$INFO[ListItem.AddonDescription]</label>
						<font>Light24</font>
						<shadowcolor>text_shadow</shadowcolor>
						<autoscroll>false</autoscroll>
						<pagecontrol>96</pagecontrol>
					</control>
				</control>
			</control>
		</control>

		<!-- header bar -->
		<include content="HeaderBar">		
			<param name="id">100</param>
			<param name="enabled">false</param>
		</include>
		<!-- side panel -->
		<include content="SidePanel">
			<param name="onright">100</param>
		</include>
	</controls>
</window>