<?xml version="1.0" encoding="UTF-8"?>
<window>
	<defaultcontrol always="true">100</defaultcontrol>
	<onload condition="!Integer.IsGreater(Container(50).NumItems,0)">close</onload>
	<controls>
		<!-- Hidden scrollbar -->
		<control id="96" type="scrollbar">
			<left>-1200</left>
			<width>100</width>
			<height>1</height>
			<showonepage>false</showonepage>
			<orientation>vertical</orientation>
		</control>
		<control type="group">
			<visible>Integer.IsGreater(Container(50).NumItems,0)</visible>
			<!-- Content -->
			<include condition="Window.IsVisible(videoplaylist)">VideoPlaylistLayout</include>
			<include condition="Window.IsVisible(musicplaylist)">MusicPlaylistLayout</include>
		</control>
	</controls>
</window>