<?xml version="1.0" encoding="UTF-8"?>
<window>
	<defaultcontrol always="true">3012</defaultcontrol>
	<onload>Dialog.Close(fullscreeninfo,true)</onload>
	<onload>Dialog.Close(videoosd,true)</onload>	
	<controls>		
		<!--3000 - Title
		3001 - Plot
		3002 - Season/Episode
		3003 - Rating
		3004 - First Aired
		3005 - TV Show Fanart
		3006 - TV Show ClearArt
		3007 - TV Show Title
		3008 - Episode Thumb
		3009 - TV Show Poster
		3010 - TV Show Landscape
		3011 - Video Resolution
		3012 - Watch Now Button
		3013 - Cancel Button
		3015 - Season Number
		3016 - Episode Number
		3018 - Play Count-->
		<control type="label" id="3000">
			<visible>false</visible>
		</control>
		<control type="textbox" id="3001">
			<visible>false</visible>
		</control>
		<control type="label" id="3002">
			<visible>false</visible>
		</control>
		<control type="label" id="3003">
			<visible>false</visible>
		</control>
		<control type="label" id="3004">
			<visible>false</visible>
		</control>
		<control type="image" id="3005">
			<visible>false</visible>
		</control>
		<control type="image" id="3006">
			<visible>false</visible>
		</control>
		<control type="label" id="3007">
			<visible>false</visible>
		</control>
		<control type="image" id="3008">
			<visible>false</visible>
		</control>
		<control type="image" id="3009">
			<visible>false</visible>
		</control>
		<control type="image" id="3010">
			<visible>false</visible>
		</control>
		<control type="label" id="3011">
			<visible>false</visible>
		</control>
		<control type="button" id="3013">
			<include>HiddenObject</include>
		</control>
		<control type="label" id="3015">
			<visible>false</visible>
		</control>
		<control type="label" id="3016">
			<visible>false</visible>
		</control>
		<control type="label" id="3018">
			<visible>false</visible>
		</control>
		<control type="grouplist">
			<width>430</width>
			<right>90</right>
			<bottom>90</bottom>
			<height>455</height>
			<orientation>vertical</orientation>
			<itemgap>20</itemgap>
			<control type="group">
				<height>50</height>
				<control type="label">
					<width>100%</width>
					<height>48</height>
					<font>Reg24</font>
					<aligny>center</aligny>
					<textoffsetx>5</textoffsetx>
					<textcolor>text_white</textcolor>
					<label>$LOCALIZE[31012]</label>
				</control>
				<control type="image">
					<width>100%</width>
					<top>45</top>
					<height>2</height>
					<texture colordiffuse="lightgrey">common/white.jpg</texture>
					<aspectratio>stretch</aspectratio>
				</control>
				<control type="image">
					<width>100%</width>
					<top>45</top>
					<height>2</height>
					<texture colordiffuse="emby">common/white.jpg</texture>
					<aspectratio>stretch</aspectratio>
					<include>WindowOpen_GreenBar</include>
				</control>
			</control>			
			<control type="group">
				<height>385</height>
				<control type="image">
					<top>5</top>
					<width>424</width>
					<height>380</height>
					<texture colordiffuse="thumb_background">common/white.jpg</texture>
					<aspectratio scalediffuse="false">stretch</aspectratio>
				</control>
				<control type="image">
					<top>-2</top>
					<left>-2</left>
					<width>430</width>
					<height>245</height>
					<texture>items/shadow_wide.png</texture>
				</control>
				<control type="image">
					<width>424</width>
					<height>239</height>
					<texture colordiffuse="green" diffuse="items/mask_wide.png">common/white.jpg</texture>
					<aspectratio scalediffuse="false">stretch</aspectratio>
					<visible>String.IsEmpty(Control.GetLabel(3005)) + String.IsEmpty(Control.GetLabel(3008))</visible>
				</control>
				<control type="textbox">
					<top>10</top>
					<left>10</left>
					<width>404</width>
					<height>219</height>
					<font>Light24</font>
					<align>center</align>
					<aligny>center</aligny>
					<label>$INFO[Control.GetLabel(3007)]</label>
					<visible>String.IsEmpty(Control.GetLabel(3005)) + String.IsEmpty(Control.GetLabel(3008))</visible>
				</control>
				<control type="image">
					<width>424</width>
					<height>239</height>
					<texture diffuse="items/mask_wide.png" background="true">$VAR[NextUpThumb]</texture>
					<aspectratio scalediffuse="false">scale</aspectratio>
				</control>
				<include content="widget_labels">
					<param name="top">251</param>
					<param name="width">424</param>
					<param name="mainlabel">$INFO[Control.GetLabel(3015),S,:]$INFO[Control.GetLabel(3016),E, - ]$INFO[Control.GetLabel(3000)]</param>
					<param name="sublabel">$INFO[Control.GetLabel(3007)]</param>
				</include>
				<control type="grouplist">
					<bottom>10</bottom>
					<height>50</height>
					<width>100%</width>
					<orientation>horizontal</orientation>
					<itemgap>5</itemgap>
					<align>center</align>
					<onright>10</onright>
					<onleft>9999</onleft>
					<control type="button" id="3012">
						<label>$LOCALIZE[31010]</label>
						<onback>SendClick(3013)</onback>
					</control>
				</control>
			</control>
		</control>
	</controls>
</window>