<?xml version="1.0" encoding="UTF-8"?>
<includes>
    <include name="WideIconView">
        <control type="group">
            <visible>Control.IsVisible(505)</visible>
            <include>openclosebox</include>
            <control type="button" id="444">
                <enable>false</enable>
                <include>HiddenButton</include>
                <visible>Control.IsVisible(505)+!Control.HasFocus(666)</visible>
            </control>
            <control type="group">
                <control type="image">
                    <left>112</left>
                    <top>82</top>
                    <width>1695</width>
                    <height>900</height>
                    <colordiffuse>grey2</colordiffuse>
                    <texture border="4">ContentPanel_scratched.png</texture>
                    <animation effect="fade" end="90" time="0" condition="true">Conditional</animation>
                </control>
                <control type="image">
                    <left>112</left>
                    <top>82</top>
                    <width>1695</width>
                    <height>900</height>
                    <texture border="4">masks/Default_sharp.png</texture>
                </control>
            </control>
            <control type="panel" id="505">
                <visible>Container.Content(TVShows)|Container.Content(Sets)|Container.Content(Movies)|Container.Content(episodes)|Container.Content(seasons)|Container.Content(Files)</visible>
                <left>150</left>
                <top>180</top>
                <width>1620</width>
                <height>724</height>
                <onleft>9000</onleft>
                <onright condition="[Skin.HasSetting(HideJumpSMSBar)|Container.Content(episodes)|Container.Content(seasons)]+[Container(505).HasNext|Container(505).HasPrevious]">60</onright>
                <onright condition="[Skin.HasSetting(HideJumpSMSBar)|Container.Content(episodes)|Container.Content(seasons)]+![Container(505).HasNext|Container(505).HasPrevious]">SetFocus(732)</onright>
                <onright condition="!Skin.HasSetting(HideJumpSMSBar)+!Container.Content(episodes)+!Container.Content(seasons)">15000</onright>
                <onup>505</onup>
                <ondown>505</ondown>
                <viewtype label="$LOCALIZE[539]">list</viewtype>
                <pagecontrol>60</pagecontrol>
                <scrolltime>200</scrolltime>
                <preloaditems>2</preloaditems>
                <animation effect="slide" end="0,-15" time="150" condition="Skin.HasSetting(CommonPageCount)">Conditional</animation>
                <itemlayout height="104" width="540" condition="Container.Content(TVShows)|Container.Content(Movies)|Container.Content(Sets)|Container.Content(Files)">
                    <control type="image">
                        <left>0</left>
                        <top>0</top>
                        <width>540</width>
                        <height>102</height>
                        <colordiffuse>grey2</colordiffuse>
                        <texture border="5">masks/Default_sharp.png</texture>
                        <aspectratio>stretch</aspectratio>
                    </control>
                    <control type="image">
                        <left>8</left>
                        <top>8</top>
                        <width>525</width>
                        <height>87</height>
                        <colordiffuse>grey2</colordiffuse>
                        <texture border="5">masks/Default_sharp.png</texture>
                        <aspectratio>stretch</aspectratio>
                        <visible>ListItem.IsParentFolder</visible>
                    </control>
                    <control type="image">
                        <left>8</left>
                        <top>8</top>
                        <width>525</width>
                        <height>87</height>
                        <texture>$INFO[ListItem.Icon]</texture>
                        <aspectratio>keep</aspectratio>
                        <visible>ListItem.IsParentFolder</visible>
                    </control>
                    <control type="image">
                        <left>8</left>
                        <top>8</top>
                        <width>525</width>
                        <height>87</height>
                        <colordiffuse>$VAR[CoverDim]</colordiffuse>
                        <texture background="true" fallback="FallbackBanner2.png">$VAR[BannerThumb]</texture>
                        <aspectratio>stretch</aspectratio>
                        <visible>!ListItem.IsParentFolder</visible>
                        <visible>![String.IsEmpty(ListItem.VideoCodec)+!ListItem.IsParentFolder+ListItem.IsCollection]</visible>
                    </control>
                    <control type="image">
                        <left>8</left>
                        <top>8</top>
                        <width>525</width>
                        <height>87</height>
                        <colordiffuse>$VAR[CoverDim]</colordiffuse>
                        <texture background="true">$VAR[SetBannerThumb]</texture>
                        <aspectratio>stretch</aspectratio>
                        <visible>!ListItem.IsParentFolder</visible>
                        <visible>[String.IsEmpty(ListItem.VideoCodec)+!ListItem.IsParentFolder+ListItem.IsCollection]</visible>
                    </control>
                    <control type="label">
						<left>18</left>
						<top>8</top>
						<width>505</width>
                        <height>87</height>
                        <align>center</align>
                        <aligny>center</aligny>
                        <font>impacted21</font>
                        <textcolor>$VAR[CoverDim]</textcolor>
                        <shadowcolor>black</shadowcolor>
                        <label>$VAR[OriginalTitle]</label>
                        <visible>String.IsEmpty(ListItem.Art(banner))</visible>
                        <visible>!ListItem.IsParentFolder</visible>
                    </control>
                    <control type="group">
                        <left>8</left>
                        <top>8</top>
                        <include>Amazon_Flagg_Small</include>
                    </control>
                    <control type="group">
                        <left>8</left>
                        <top>8</top>
                        <include>WatchedIcon_Small</include>
                    </control>
                    <control type="group">
                        <left>458</left>
                        <top>20</top>
                        <include>Set_Flagg_Small</include>
                    </control>
                </itemlayout>
                <focusedlayout height="104" width="540" condition="Container.Content(TVShows)|Container.Content(Movies)|Container.Content(Sets)|Container.Content(Files)">
                    <control type="group">
                        <include>focuseffect</include>
                        <control type="image">
                            <left>0</left>
                            <top>0</top>
                            <width>540</width>
                            <height>102</height>
                            <colordiffuse>red</colordiffuse>
                            <texture>WhiteBack.png</texture>
                            <aspectratio>stretch</aspectratio>
                        </control>
                        <control type="image">
                            <left>8</left>
                            <top>8</top>
                            <width>525</width>
                            <height>87</height>
                            <colordiffuse>grey2</colordiffuse>
                            <texture border="5">masks/Default_sharp.png</texture>
                            <aspectratio>stretch</aspectratio>
                            <visible>ListItem.IsParentFolder</visible>
                        </control>
                        <control type="image">
                            <left>8</left>
                            <top>8</top>
                            <width>525</width>
                            <height>87</height>
                            <texture>$INFO[ListItem.Icon]</texture>
                            <aspectratio>keep</aspectratio>
                            <visible>ListItem.IsParentFolder</visible>
                        </control>
                        <control type="image">
                            <left>8</left>
                            <top>8</top>
                            <width>525</width>
                            <height>87</height>
                            <texture background="true" fallback="FallbackBanner2.png">$VAR[BannerThumb]</texture>
                            <aspectratio>stretch</aspectratio>
                            <visible>!ListItem.IsParentFolder</visible>
                            <visible>![String.IsEmpty(ListItem.VideoCodec)+!ListItem.IsParentFolder+ListItem.IsCollection]</visible>
                        </control>
                        <control type="image">
                            <left>8</left>
                            <top>8</top>
                            <width>525</width>
                            <height>87</height>
                            <texture background="true">$VAR[SetBannerThumb]</texture>
                            <aspectratio>stretch</aspectratio>
                            <visible>!ListItem.IsParentFolder</visible>
                            <visible>[String.IsEmpty(ListItem.VideoCodec)+!ListItem.IsParentFolder+ListItem.IsCollection]</visible>
                        </control>
                        <control type="image">
                            <left>0</left>
                            <top>0</top>
                            <width>540</width>
                            <height>102</height>
                            <texture border="5">masks/Default_sharp.png</texture>
                            <aspectratio>stretch</aspectratio>
                        </control>
                        <control type="label">
							<left>18</left>
							<top>8</top>
							<width>505</width>
                            <height>87</height>
                            <align>center</align>
                            <aligny>center</aligny>
                            <font>impacted21</font>
                            <textcolor>white</textcolor>
                            <shadowcolor>black</shadowcolor>
                            <label>$VAR[OriginalTitle]</label>
                            <visible>String.IsEmpty(ListItem.Art(banner))</visible>
                            <visible>!ListItem.IsParentFolder</visible>
                        </control>
                        <control type="group">
                            <left>8</left>
                            <top>8</top>
                            <include>Amazon_Flagg_Small_Focus</include>
                        </control>
                        <control type="group">
                            <left>8</left>
                            <top>8</top>
                            <include>WatchedIcon_Focus_Small</include>
                        </control>
                        <control type="group">
                            <left>458</left>
                            <top>20</top>
                            <include>Set_Flagg_Small_Focus</include>
                        </control>
                    </control>
                </focusedlayout>
                <itemlayout height="240" width="324" condition="Container.Content(episodes)">
                    <control type="image">
                        <left>0</left>
                        <top>0</top>
                        <width>324</width>
                        <height>180</height>
                        <colordiffuse>grey2</colordiffuse>
                        <texture border="5">masks/Default_sharp.png</texture>
                        <aspectratio>stretch</aspectratio>
                    </control>
                    <control type="image">
                        <left>8</left>
                        <top>8</top>
                        <width>309</width>
                        <height>165</height>
                        <colordiffuse>grey2</colordiffuse>
                        <texture border="5">masks/Default_sharp.png</texture>
                        <aspectratio>stretch</aspectratio>
                        <visible>ListItem.IsParentFolder</visible>
                    </control>
                    <control type="image">
                        <left>8</left>
                        <top>8</top>
                        <width>309</width>
                        <height>165</height>
                        <colordiffuse>$VAR[CoverDim]</colordiffuse>
                        <texture>$INFO[ListItem.Icon]</texture>
                        <aspectratio>scale</aspectratio>
                    </control>
                    <control type="label">
                        <left>8</left>
                        <top>177</top>
                        <width>309</width>
                        <height>38</height>
                        <align>center</align>
                        <font>ubuntu-r13b</font>
                        <textcolor>$VAR[CoverDim]</textcolor>
                        <label>$INFO[ListItem.Episode,,. ]$INFO[ListItem.Title]</label>
                    </control>
                    <control type="group">
                        <left>8</left>
                        <top>8</top>
                        <include>WatchedIcon_Small</include>
                    </control>
                    <control type="group">
                        <left>8</left>
                        <top>8</top>
                        <include>Amazon_Flagg_Small</include>
                    </control>
                </itemlayout>
                <focusedlayout height="240" width="324" condition="Container.Content(episodes)">
                    <control type="group">
                        <include>focuseffect</include>
                        <control type="image">
                            <left>8</left>
                            <top>8</top>
                            <width>309</width>
                            <height>165</height>
                            <colordiffuse>grey2</colordiffuse>
                            <texture border="5">masks/Default_sharp.png</texture>
                            <aspectratio>stretch</aspectratio>
                            <visible>ListItem.IsParentFolder</visible>
                        </control>
                        <control type="image">
                            <left>8</left>
                            <top>8</top>
                            <width>309</width>
                            <height>165</height>
                            <texture>$INFO[ListItem.Icon]</texture>
                            <aspectratio>scale</aspectratio>
                        </control>
                        <control type="image">
                            <left>0</left>
                            <top>0</top>
                            <width>324</width>
                            <height>180</height>
                            <texture border="5">masks/Default_sharp.png</texture>
                            <aspectratio>stretch</aspectratio>
                        </control>
                        <control type="label">
                            <left>8</left>
                            <top>177</top>
                            <width>309</width>
                            <height>38</height>
                            <align>center</align>
                            <font>ubuntu-r13b</font>
                            <label>$INFO[ListItem.Episode,,. ]$INFO[ListItem.Title]</label>
                        </control>
                        <control type="group">
                            <left>8</left>
                            <top>8</top>
                            <include>Amazon_Flagg_Small_Focus</include>
                        </control>
                        <control type="group">
                            <left>8</left>
                            <top>8</top>
                            <include>WatchedIcon_Focus_Small</include>
                        </control>
                    </control>
                </focusedlayout>
                <itemlayout height="360" width="270" condition="Container.Content(seasons)">
                    <control type="image">
                        <left>0</left>
                        <top>0</top>
                        <width>255</width>
                        <height>357</height>
                        <colordiffuse>grey2</colordiffuse>
                        <texture border="5">masks/Default_sharp.png</texture>
                        <aspectratio>stretch</aspectratio>
                    </control>
                    <control type="image">
                        <left>8</left>
                        <top>8</top>
                        <width>240</width>
                        <height>342</height>
                        <colordiffuse>grey2</colordiffuse>
                        <texture border="5">masks/Default_sharp.png</texture>
                        <aspectratio>stretch</aspectratio>
                        <visible>ListItem.IsParentFolder</visible>
                    </control>
                    <control type="image">
                        <left>8</left>
                        <top>8</top>
                        <width>240</width>
                        <height>342</height>
                        <colordiffuse>$VAR[CoverDim]</colordiffuse>
                        <texture>$INFO[ListItem.Icon]</texture>
                        <aspectratio>stretch</aspectratio>
                    </control>
                    <control type="image">
                        <left>8</left>
                        <top>304</top>
                        <width>240</width>
                        <height>45</height>
                        <texture>BlackBack.png</texture>
                        <aspectratio>stretch</aspectratio>
                    </control>
                    <control type="label">
                        <left>8</left>
                        <top>308</top>
                        <width>240</width>
                        <height>45</height>
                        <align>center</align>
                        <font>ubuntu-r13b</font>
                        <textcolor>$VAR[CoverDim]</textcolor>
                        <label>$INFO[ListItem.Label]</label>
                    </control>
                    <control type="group">
                        <left>8</left>
                        <top>8</top>
                        <include>WatchedIcon_Small</include>
                    </control>
                    <control type="group">
                        <left>8</left>
                        <top>8</top>
                        <include>Amazon_Flagg_Small</include>
                    </control>
                </itemlayout>
                <focusedlayout height="360" width="270" condition="Container.Content(seasons)">
                    <control type="group">
                        <include>focuseffect</include>
                        <control type="image">
                            <left>8</left>
                            <top>8</top>
                            <width>240</width>
                            <height>342</height>
                            <colordiffuse>grey2</colordiffuse>
                            <texture border="5">masks/Default_sharp.png</texture>
                            <aspectratio>stretch</aspectratio>
                            <visible>ListItem.IsParentFolder</visible>
                        </control>
                        <control type="image">
                            <left>8</left>
                            <top>8</top>
                            <width>240</width>
                            <height>342</height>
                            <texture>$INFO[ListItem.Icon]</texture>
                            <aspectratio>stretch</aspectratio>
                        </control>
                        <control type="image">
                            <left>0</left>
                            <top>0</top>
                            <width>255</width>
                            <height>357</height>
                            <texture border="5">masks/Default_sharp.png</texture>
                            <aspectratio>stretch</aspectratio>
                        </control>
                        <control type="image">
                            <left>8</left>
                            <top>304</top>
                            <width>240</width>
                            <height>45</height>
                            <texture>BlackBack.png</texture>
                            <aspectratio>stretch</aspectratio>
                        </control>
                        <control type="label">
                            <left>8</left>
                            <top>308</top>
                            <width>240</width>
                            <height>45</height>
                            <align>center</align>
                            <font>ubuntu-r13b</font>
                            <label>$INFO[ListItem.Label]</label>
                        </control>
                        <control type="group">
                            <left>8</left>
                            <top>8</top>
                            <include>WatchedIcon_Focus_Small</include>
                        </control>
                        <control type="group">
                            <left>8</left>
                            <top>8</top>
                            <include>Amazon_Flagg_Small_Focus</include>
                        </control>
                    </control>
                </focusedlayout>
            </control>
            <control type="scrollbar" id="60">
                <animation effect="slide" end="-30" time="150" condition="Control.HasFocus(60)">Conditional</animation>
                <left>1920</left>
                <top>105</top>
                <height>864</height>
                <onleft>57</onleft>
                <onright>732</onright>
                <showonepage>false</showonepage>
                <orientation>vertical</orientation>
            </control>
            <control type="label">
                <visible>Skin.HasSetting(CommonPageCount)</visible>
                <left>165</left>
                <top>936</top>
                <width>1620</width>
                <height>38</height>
                <align>right</align>
                <font>ubuntu-r13b</font>
                <label>$INFO[Container.NumItems,([COLOR=selected],[/COLOR]) $LOCALIZE[31025]]$INFO[Container.CurrentPage, - $LOCALIZE[31024] ([COLOR=selected]]$INFO[Container.NumPages,/,[/COLOR])]</label>
            </control>
            <control type="image">
                <left>150</left>
                <top>906</top>
                <width>300</width>
                <height>63</height>
                <aspectratio align="left">keep</aspectratio>
                <texture background="true">$INFO[ListItem.Art(clearlogo)]</texture>
                <animation effect="slide" end="0,-6" time="150" condition="Skin.HasSetting(CommonPageCount)">Conditional</animation>
                <visible>[Skin.HasSetting(video_art)+Container.Content(movies)]
				|[[Skin.HasSetting(tvshow_art)+!Container.Content(movies)]|String.IsEmpty(ListItem.Art(clearlogo))]</visible>
            </control>
        </control>
        <control type="group">
            <include>opencloseslideup</include>
            <visible>Control.IsVisible(505)</visible>
            <visible>!ListItem.IsParentFolder</visible>
            <control type="group">
                <left>0</left>
                <top>1005</top>
                <control type="image">
                    <left>-15</left>
                    <top>-15</top>
                    <width>1950</width>
                    <height>15</height>
                    <colordiffuse>fanartdiffuse</colordiffuse>
                    <texture background="true">Shadow.png</texture>
                </control>
                <control type="image">
                    <left>-15</left>
                    <top>0</top>
                    <width>1950</width>
                    <height>112</height>
                    <texture background="true">BlackBack.png</texture>
                </control>
                <control type="image">
                    <left>0</left>
                    <top>0</top>
                    <width>1920</width>
                    <height>1</height>
                    <texture background="true">Separator2.png</texture>
                </control>
                <control type="group">
                    <visible>Container.Content(TVShows)|Container.Content(seasons)</visible>
                    <control type="label">
                        <left>150</left>
                        <top>18</top>
                        <width>1620</width>
                        <height>38</height>
                        <font>impacted24</font>
                        <label>$INFO[ListItem.Label]</label>
                    </control>
                    <control type="label">
                        <left>150</left>
                        <top>18</top>
                        <width>1620</width>
                        <height>38</height>
                        <align>right</align>
                        <font>impacted21</font>
                        <label>$INFO[ListItem.Property(WatchedEpisodes),$LOCALIZE[16102]: ,]$INFO[ListItem.Property(TotalEpisodes), $LOCALIZE[20163] ,]</label>
                    </control>
                </control>
            </control>
            <control type="grouplist">
                <!-- Movie Flagging -->
                <visible>!ListItem.IsParentFolder+!Container.Content(tvshows)+!Container.Content(seasons)</visible>
                <left>10</left>
                <top>1025</top>
                <width>1900</width>
                <height>120</height>
                <itemgap>12</itemgap>
                <align>center</align>
                <orientation>horizontal</orientation>
                <include>FlagVideo</include>
                <include>FlagVideoAudioStream1</include>
                <include>FlagVideoAudioStream2</include>
                <include>FlagVideoSubtitles</include>
            </control>
        </control>
        <control type="group">
            <visible>Control.IsVisible(505)</visible>
            <include condition="!Skin.HasSetting(HideJumpSMSBar)">AlphaBarV</include>
        </control>
    </include>
</includes>
