<?xml version="1.0" encoding="UTF-8"?>
<window>
	<defaultcontrol always="true">100</defaultcontrol>
	<backgroundcolor>background</backgroundcolor>
	<controls>
		<include>Background</include>
		<!-- left -->
		<control type="group">
			<include>Window_OpenClose</include>
			<include content="ContentPanel">
			</include>
			<control type="group">
				<top>112</top>
				<include content="SideMenuHeadline">
					<param name="nr">1</param>
					<param name="label">$LOCALIZE[5]</param>
				</include>
				<control type="grouplist" id="100">
					<description>button area</description>
					<left>0</left>
					<top>55</top>
					<bottom>130</bottom>
					<width>470</width>
					<usecontrolcoords>true</usecontrolcoords>
					<onleft>9999</onleft>
					<onup>6666</onup>
					<ondown>noop</ondown>
					<control type="button" id="101">
						<width>400</width>
						<height>50</height>
						<align>left</align>
						<aligny>center</aligny>
						<font>Reg22</font>
						<textoffsetx>50</textoffsetx>
						<textcolor>panel_text</textcolor>
						<focusedcolor>panel_text</focusedcolor>
						<selectedcolor>panel_text</selectedcolor>
						<shadowcolor>text_shadow</shadowcolor>
						<texturefocus colordiffuse="panel_hover">common/white.jpg</texturefocus>
						<include>NoTextures</include>
						<label>$LOCALIZE[480]</label>
						<onright>200</onright>
					</control>
					<control type="button" id="102">
						<width>400</width>
						<height>50</height>
						<align>left</align>
						<aligny>center</aligny>
						<font>Reg22</font>
						<textoffsetx>50</textoffsetx>
						<textcolor>panel_text</textcolor>
						<focusedcolor>panel_text</focusedcolor>
						<selectedcolor>panel_text</selectedcolor>
						<shadowcolor>text_shadow</shadowcolor>
						<texturefocus colordiffuse="panel_hover">common/white.jpg</texturefocus>
						<include>NoTextures</include>
						<label>$LOCALIZE[31083]</label>
						<onright>300</onright>
					</control>
				</control>
			</control>
		</control>
		<!-- right  -->
		<control type="group">
			<top>58</top>
			<include>Window_OpenClose</include>
			<control type="grouplist">
				<left>500</left>
				<right>100</right>
				<centertop>50%</centertop>
				<height max="940">auto</height>
				<orientation>vertical</orientation>
				<itemgap>20</itemgap>
				<align>center</align>
				<!-- heading -->
				<control type="group">
					<height>50</height>
					<control type="label">
						<width>800</width>
						<height>48</height>
						<font>Reg24</font>
						<aligny>center</aligny>
						<textoffsetx>5</textoffsetx>
						<textcolor>text_white</textcolor>
						<label>$LOCALIZE[31102]</label>
						<visible>ControlGroup(100).HasFocus(101)</visible>
					</control>
					<control type="label">
						<width>800</width>
						<height>48</height>
						<font>Reg24</font>
						<aligny>center</aligny>
						<textoffsetx>5</textoffsetx>
						<textcolor>text_white</textcolor>
						<label>$LOCALIZE[31103]</label>
						<visible>ControlGroup(100).HasFocus(102)</visible>
					</control>
					<control type="image">
						<width>100%</width>
						<top>45</top>
						<height>2</height>
						<texture colordiffuse="lightgrey">common/white.jpg</texture>
						<aspectratio>stretch</aspectratio>
					</control>
					<control type="image">
						<width>100%</width>
						<top>45</top>
						<height>2</height>
						<texture colordiffuse="emby">common/white.jpg</texture>
						<aspectratio>stretch</aspectratio>
						<include>WindowOpen_GreenBar</include>
					</control>
				</control>
				<!-- list -->
				<control type="group">
					<height>720</height>
					<control type="image">
						<height>720</height>
						<texture colordiffuse="thumb_background">common/white.jpg</texture>
						<aspectratio>stretch</aspectratio>
					</control>
					<!-- appearancesettings -->
					<control type="grouplist" id="200">
						<visible>ControlGroup(100).HasFocus(101)</visible>
						<centerleft>50%</centerleft>
						<top>10</top>
						<height>700</height>
						<onup>6666</onup>
						<onleft>100</onleft>
						<onright>noop</onright>
						<ondown>noop</ondown>
						<pagecontrol>70</pagecontrol>
						<scrolltime>200</scrolltime>
						<control type="label">
							<height>50</height>
							<font>med22</font>
							<textoffsetx>15</textoffsetx>
							<textcolor>panel_text</textcolor>
							<shadowcolor>text_shadow</shadowcolor>
							<aligny>center</aligny>
							<label>$LOCALIZE[19190]</label>
						</control>
						<control type="radiobutton" id="201">
							<include>SettingsButton</include>
							<onclick>Skin.ToggleSetting(HideBackground)</onclick>
							<selected>!Skin.HasSetting(HideBackground)</selected>
							<label>$LOCALIZE[31087]</label>
						</control>
						<control type="radiobutton" id="202">
							<include>SettingsButton</include>
							<onclick>Skin.ToggleSetting(HideBackgroundPlayback)</onclick>
							<selected>!Skin.HasSetting(HideBackgroundPlayback)</selected>
							<label>$LOCALIZE[31088]</label>
						</control>
						<control type="label" id="203">
							<height>50</height>
							<font>med22</font>
							<textoffsetx>15</textoffsetx>
							<textcolor>panel_text</textcolor>
							<shadowcolor>text_shadow</shadowcolor>
							<aligny>center</aligny>
							<label>$LOCALIZE[33070]</label>
						</control>
						<control type="radiobutton" id="204">
							<include>SettingsButton</include>
							<onclick>Skin.ToggleSetting(ShowStaticBackgroundImage)</onclick>
							<selected>Skin.HasSetting(ShowStaticBackgroundImage)</selected>
							<label>$LOCALIZE[31104]</label>
						</control>
						<control type="button" id="205">
							<textcolor>emby</textcolor>
							<texturenofocus colordiffuse="33000000">common/white.jpg</texturenofocus>
							<include>SettingsButton</include>
							<onclick>Skin.SetImage(StaticBackgroundImage)</onclick>
							<label>• $LOCALIZE[573]</label>
							<label2>$INFO[Skin.String(StaticBackgroundImage)]</label2>
							<enable>Skin.HasSetting(ShowStaticBackgroundImage)</enable>
							<visible>Skin.HasSetting(ShowStaticBackgroundImage)</visible>
						</control>
						<control type="label" id="206">
							<height>50</height>
							<font>med22</font>
							<textoffsetx>15</textoffsetx>
							<textcolor>panel_text</textcolor>
							<shadowcolor>text_shadow</shadowcolor>
							<aligny>center</aligny>
							<label>$LOCALIZE[31109]</label>
						</control>
						<control type="radiobutton" id="207">
							<include>SettingsButton</include>
							<onclick>Skin.ToggleSetting(HideHeaderWeather)</onclick>
							<selected>!Skin.HasSetting(HideHeaderWeather)</selected>
							<label>$LOCALIZE[31110]</label>
						</control>
						<control type="label" id="220">
							<height>50</height>
							<font>med22</font>
							<textoffsetx>15</textoffsetx>
							<textcolor>panel_text</textcolor>
							<shadowcolor>text_shadow</shadowcolor>
							<aligny>center</aligny>
							<label>$LOCALIZE[31001]</label>
						</control>
						<control type="radiobutton" id="221">
							<include>SettingsButton</include>
							<onclick>Skin.ToggleSetting(KioskMode)</onclick>
							<selected>Skin.HasSetting(KioskMode)</selected>
							<label>$LOCALIZE[31112]</label>
						</control>
						<control type="radiobutton" id="222">
							<include>SettingsButton</include>
							<onclick>Skin.ToggleSetting(HideVideoUpdate)</onclick>
							<selected>!Skin.HasSetting(HideVideoUpdate)</selected>
							<label>$LOCALIZE[31113]</label>
						</control>
						<control type="radiobutton" id="223">
							<include>SettingsButton</include>
							<onclick>Skin.ToggleSetting(HideMusicUpdate)</onclick>
							<selected>!Skin.HasSetting(HideMusicUpdate)</selected>
							<label>$LOCALIZE[31114]</label>
						</control>
						<control type="radiobutton" id="224">
							<include>SettingsButton</include>
							<onclick>Skin.ToggleSetting(HideEmbyConHubButtons)</onclick>
							<selected>!Skin.HasSetting(HideEmbyConHubButtons)</selected>
							<label>$LOCALIZE[31127]</label>
						</control>
					</control>
					<!-- widgets -->
					<control type="grouplist" id="300">
						<visible>ControlGroup(100).HasFocus(102)</visible>
						<centerleft>50%</centerleft>
						<top>10</top>
						<height>700</height>
						<onup>6666</onup>
						<onleft>100</onleft>
						<onright>noop</onright>
						<ondown>noop</ondown>
						<pagecontrol>70</pagecontrol>
						<scrolltime>200</scrolltime>
						<!-- local / embycon source -->
						<control type="label">
							<height>50</height>
							<font>med22</font>
							<textoffsetx>15</textoffsetx>
							<textcolor>panel_text</textcolor>
							<shadowcolor>text_shadow</shadowcolor>
							<aligny>center</aligny>
							<label>$LOCALIZE[31083]</label>
						</control>
						<control type="radiobutton" id="350">
							<include>SettingsButton</include>
							<onclick>Skin.ToggleSetting(HideLibaryWidgets)</onclick>
							<selected>!Skin.HasSetting(HideLibaryWidgets)</selected>
							<label>$LOCALIZE[31084]</label>
						</control>
						<control type="radiobutton" id="351">
							<include>SettingsButton</include>
							<onclick>Skin.ToggleSetting(EnableEmbyConWidgets)</onclick>
							<selected>Skin.HasSetting(EnableEmbyConWidgets)</selected>
							<label>$LOCALIZE[31085]</label>
						</control>
						<control type="radiobutton" id="352">
							<include>SettingsButton</include>
							<onclick>Skin.ToggleSetting(PreferLastTunedPVRChannels)</onclick>
							<selected>Skin.HasSetting(PreferLastTunedPVRChannels)</selected>
							<visible>!Skin.HasSetting(HidePVRWidgets)</visible>
							<label>$LOCALIZE[31107]</label>
						</control>
						<!-- default widgets -->
						<control type="label" id="303">
							<height>50</height>
							<font>med22</font>
							<textoffsetx>15</textoffsetx>
							<textcolor>panel_text</textcolor>
							<shadowcolor>text_shadow</shadowcolor>
							<aligny>center</aligny>
							<label>$LOCALIZE[31086]</label>
						</control>
						<control type="radiobutton" id="304">
							<include>SettingsButton</include>
							<onclick>Skin.ToggleSetting(HideWidgetContinue)</onclick>
							<selected>!Skin.HasSetting(HideWidgetContinue)</selected>
							<label>$LOCALIZE[31080]</label>
						</control>
						<control type="radiobutton" id="305">
							<include>SettingsButton</include>
							<onclick>Skin.ToggleSetting(HideWidgetPVR)</onclick>
							<selected>!Skin.HasSetting(HideWidgetPVR)</selected>
							<label>$LOCALIZE[14204]</label>
						</control>
						<control type="radiobutton" id="306">
							<include>SettingsButton</include>
							<onclick>Skin.ToggleSetting(HideWidgetNextup)</onclick>
							<selected>!Skin.HasSetting(HideWidgetNextup)</selected>
							<label>$LOCALIZE[31012]</label>
						</control>
						<control type="radiobutton" id="307">
							<include>SettingsButton</include>
							<onclick>Skin.ToggleSetting(HideWidgetNewMovies)</onclick>
							<selected>!Skin.HasSetting(HideWidgetNewMovies)</selected>
							<label>$LOCALIZE[20386]</label>
						</control>
						<control type="radiobutton" id="308">
							<include>SettingsButton</include>
							<onclick>Skin.ToggleSetting(HideWidgetNewEpisodes)</onclick>
							<selected>!Skin.HasSetting(HideWidgetNewEpisodes)</selected>
							<label>$LOCALIZE[31081]</label>
						</control>
						<control type="radiobutton" id="309">
							<include>SettingsButton</include>
							<onclick>Skin.ToggleSetting(HideWidgetNewAlbums)</onclick>
							<selected>!Skin.HasSetting(HideWidgetNewAlbums)</selected>
							<label>$LOCALIZE[359]</label>
						</control>
						<!-- custom widgets -->
						<control type="label" id="310">
							<height>50</height>
							<font>med22</font>
							<textoffsetx>15</textoffsetx>
							<textcolor>panel_text</textcolor>
							<shadowcolor>text_shadow</shadowcolor>
							<aligny>center</aligny>
							<label>$LOCALIZE[31125]</label>
						</control>
						<include content="CustomWidgetTemplate">
							<param name="id" value="1"/>
						</include>
						<include content="CustomWidgetTemplate">
							<param name="id" value="2"/>
						</include>
						<include content="CustomWidgetTemplate">
							<param name="id" value="3"/>
						</include>
						<include content="CustomWidgetTemplate">
							<param name="id" value="4"/>
						</include>
						<include content="CustomWidgetTemplate">
							<param name="id" value="5"/>
						</include>
						<include content="CustomWidgetTemplate">
							<param name="id" value="6"/>
						</include>
					</control>
					<control type="scrollbar" id="70">
						<right>0</right>
						<top>0</top>
						<bottom>0</bottom>
						<width>4</width>
						<orientation>vertical</orientation>
						<showonepage>false</showonepage>
						<texturesliderbar colordiffuse="softgrey">common/ProgressBar.png</texturesliderbar>
					</control>
				</control>
				<control type="textbox">
					<right>0</right>
					<left>0</left>
					<height>100</height>
					<font>reg22</font>
					<label>$VAR[SettingHelpText]</label>
				</control>
			</control>
		</control>
		<!-- header bar -->
		<include content="HeaderBar">		
			<param name="id">100</param>
			<param name="enabled">false</param>
			<param name="sidebar_id">9999</param>
			<param name="custom_animation">[[Control.IsVisible(54) + Container(540).HasPrevious]] | [Control.IsVisible(55) + Container(550).HasPrevious]</param>
		</include>
		<!-- side panel -->
		<include content="SidePanel">
			<param name="onright">100</param>
		</include>
	</controls>
</window>
