<?xml version="1.0" encoding="UTF-8"?>
<addon id="plugin.video.mvmix" version="1.7.4" name="Music Video Mix" provider-name="Jin">
    <requires>
        <import addon="xbmc.python" version="2.20.0"/>
    </requires>
    <extension point="xbmc.python.pluginsource" library="addon.py">
        <provides>video</provides>
    </extension>
    <extension point="xbmc.addon.metadata">
        <summary>Music Video Mix Player</summary>
        <description>Randomly Play Local And Online Music Videos Based On The Last FM Similar Artists API</description>
        <platform>all</platform>
        <license>GNU GENERAL PUBLIC LICENSE. Version 2, June 1991</license>
        <news>
upd: youtube search            

fix: vevo

add: imvdb.com (vimeo/youtube)
fix: imvdb title (int -> str)
del: clipfish + putpat (no more content)
fix: youtube
upd: clean title
        </news>
    </extension>
</addon>
