<?xml version="1.0" encoding="UTF-8"?>
<colors>
	<color name="focus_widget">FF387ef5</color>
	<color name="selected">ff0288d1</color>
	<color name="button_focus">FF3F51B5</color>
	<color name="emby">FF3F51B5</color>
	<color name="emby_secondary">FFFF4081</color>
	<color name="emby_diffuse">553F51B5</color>
	<color name="thumb_background_fallback">FFFF4081</color>
	<color name="thumb_background_fallback_secondary">FFFF4081</color>
	<color name="headerbar">ff1A237E</color>
	<color name="footerbar">ff303F9F</color>>
	<color name="text_header">ffe1e1e1</color>
</colors>
