<?xml version="1.0" encoding="UTF-8"?>
<window>
	<defaultcontrol always="true">9</defaultcontrol>	
	<controls>
		<include>Background</include>
		<control type="group">
			<include>Window_OpenClose</include>
			<!-- left -->
			<include content="ContentPanel">
			</include>
			<control type="group">
				<top>112</top>
				<include content="SideMenuHeadline">
					<param name="nr">1</param>
					<param name="label">$LOCALIZE[5]</param>
				</include>
				<control type="grouplist" id="9">
					<left>0</left>
					<top>55</top>
					<bottom>130</bottom>
					<width>400</width>
					<usecontrolcoords>true</usecontrolcoords>
					<onleft>9999</onleft>
					<onright>2</onright>
					<onup>6666</onup>
					<ondown>1000</ondown>
				</control>
				<control type="button" id="13">
					<description>Default Category Button</description>
					<width>400</width>
					<height>50</height>
					<align>left</align>
					<aligny>center</aligny>
					<font>Reg22</font>
					<textoffsetx>50</textoffsetx>
					<textcolor>panel_text</textcolor>
					<focusedcolor>panel_text</focusedcolor>
					<selectedcolor>panel_text</selectedcolor>
					<shadowcolor>text_shadow</shadowcolor>
					<texturefocus colordiffuse="panel_hover">common/white.jpg</texturefocus>
					<include>NoTextures</include>
				</control>
			</control>
			<control type="group">
				<animation effect="slide" end="0,50" time="0" condition="Integer.IsGreater(Container(9).NumItems,1)">Conditional</animation>
				<animation effect="slide" end="0,50" time="0" condition="Integer.IsGreater(Container(9).NumItems,2)">Conditional</animation>
				<animation effect="slide" end="0,50" time="0" condition="Integer.IsGreater(Container(9).NumItems,3)">Conditional</animation>
				<animation effect="slide" end="0,50" time="0" condition="Integer.IsGreater(Container(9).NumItems,4)">Conditional</animation>
				<animation effect="slide" end="0,50" time="0" condition="Integer.IsGreater(Container(9).NumItems,5)">Conditional</animation>
				<animation effect="slide" end="0,50" time="0" condition="Integer.IsGreater(Container(9).NumItems,6)">Conditional</animation>
				<animation effect="slide" end="0,50" time="0" condition="Integer.IsGreater(Container(9).NumItems,7)">Conditional</animation>
				<animation effect="slide" end="0,50" time="0" condition="Integer.IsGreater(Container(9).NumItems,8)">Conditional</animation>
				<animation effect="slide" end="0,50" time="0" condition="Integer.IsGreater(Container(9).NumItems,9)">Conditional</animation>
				<animation effect="slide" end="0,50" time="0" condition="Integer.IsGreater(Container(9).NumItems,10)">Conditional</animation>
				<top>217</top>
				<control type="group">
					<include content="SideMenuHeadline">
						<param name="nr">1</param>
						<param name="label">$LOCALIZE[33063]</param>
					</include>
					<control type="grouplist" id="1000">
						<left>0</left>
						<top>55</top>
						<bottom>130</bottom>
						<width>400</width>
						<usecontrolcoords>true</usecontrolcoords>
						<onleft>9999</onleft>
						<onright>2</onright>
						<onup>9</onup>
						<ondown>noop</ondown>
						<control type="button" id="10">
							<width>400</width>
							<height>50</height>
							<align>left</align>
							<aligny>center</aligny>
							<font>Reg22</font>
							<textoffsetx>50</textoffsetx>
							<textcolor>panel_text</textcolor>
							<focusedcolor>panel_text</focusedcolor>
							<selectedcolor>panel_text</selectedcolor>
							<shadowcolor>text_shadow</shadowcolor>
							<texturefocus colordiffuse="panel_hover">common/white.jpg</texturefocus>
							<include>NoTextures</include>
						</control>
						<control type="button" id="11">
							<width>400</width>
							<height>50</height>
							<align>left</align>
							<aligny>center</aligny>
							<font>Reg22</font>
							<textoffsetx>50</textoffsetx>
							<textcolor>panel_text</textcolor>
							<focusedcolor>panel_text</focusedcolor>
							<selectedcolor>panel_text</selectedcolor>
							<shadowcolor>text_shadow</shadowcolor>
							<texturefocus colordiffuse="panel_hover">common/white.jpg</texturefocus>
							<include>NoTextures</include>
						</control>
						<control type="button" id="12">
							<width>400</width>
							<height>50</height>
							<align>left</align>
							<aligny>center</aligny>
							<font>Reg22</font>
							<textoffsetx>50</textoffsetx>
							<textcolor>panel_text</textcolor>
							<focusedcolor>panel_text</focusedcolor>
							<selectedcolor>panel_text</selectedcolor>
							<shadowcolor>text_shadow</shadowcolor>
							<texturefocus colordiffuse="panel_hover">common/white.jpg</texturefocus>
							<include>NoTextures</include>
						</control>
					</control>
				</control>
			</control>
		</control>
		<!-- right -->
		<control type="group">
			<include>Window_OpenClose</include>
			<control type="grouplist">
				<left>500</left>
				<right>100</right>
				<centertop>50%</centertop>
				<height max="940">auto</height>
				<orientation>vertical</orientation>
				<itemgap>20</itemgap>
				<align>center</align>
				<!-- heading -->
				<control type="group">
					<height>50</height>
					<control type="label" id="20">
						<width>100%</width>
						<height>48</height>
						<font>Reg24</font>
						<aligny>center</aligny>
						<textoffsetx>5</textoffsetx>
					</control>
					<control type="image">
						<width>100%</width>
						<top>45</top>
						<height>2</height>
						<texture colordiffuse="lightgrey">common/white.jpg</texture>
						<aspectratio>stretch</aspectratio>
					</control>
					<control type="image">
						<width>100%</width>
						<top>45</top>
						<height>2</height>
						<texture colordiffuse="emby">common/white.jpg</texture>
						<aspectratio>stretch</aspectratio>
						<include>WindowOpen_GreenBar</include>
					</control>
				</control>
				<!-- list -->
				<control type="group">
					<height>770</height>
					<control type="image">
						<height>770</height>
						<texture colordiffuse="thumb_background">common/white.jpg</texture>
						<aspectratio>stretch</aspectratio>
					</control>
					<control type="grouplist" id="2">
						<centerleft>50%</centerleft>
						<top>10</top>
						<height>750</height>
						<onup>6666</onup>
						<onleft>9</onleft>
						<onright>noop</onright>
						<ondown>noop</ondown>
						<pagecontrol>70</pagecontrol>
						<scrolltime>200</scrolltime>
					</control>
					<control type="button" id="3">
						<top>0</top>
						<description>Default Button</description>
						<include>SettingsButton</include>
					</control>
					<control type="button" id="13">
						<top>0</top>
						<description>Default Button</description>
						<include>SettingsButton</include>
					</control>
					<control type="radiobutton" id="4">
						<description>Default RadioButton</description>
						<include>SettingsButton</include>
					</control>
					<control type="spincontrolex" id="5">
						<description>Default SpinControlex</description>
						<include>SettingsButton</include>
					</control>
					<control type="sliderex" id="8">
						<description>Default Slider</description>
						<include>SettingsButton</include>
					</control>
					<control type="image" id="6">
						<description>separator image</description>
						<visible>false</visible>
					</control>
					<control type="label" id="7">
						<description>Default Label</description>
						<height>50</height>
						<font>med22</font>
						<textoffsetx>20</textoffsetx>
						<textcolor>panel_text</textcolor>
						<shadowcolor>text_shadow</shadowcolor>
						<aligny>center</aligny>
					</control>
					<control type="scrollbar" id="70">
						<right>0</right>
						<top>0</top>
						<bottom>0</bottom>
						<width>4</width>
						<orientation>vertical</orientation>
						<showonepage>false</showonepage>
						<texturesliderbackground colordiffuse="00ffffff">common/ProgressBack.png</texturesliderbackground>
						<texturesliderbar colordiffuse="softgrey">common/ProgressBar.png</texturesliderbar>
					</control>
				</control>
			</control>
		</control>
		<!-- header bar -->
		<include content="HeaderBar">		
			<param name="id">9</param>
			<param name="enabled">false</param>
		</include>
		<!-- side panel -->
		<include content="SidePanel">
			<param name="onright">9</param>
		</include>
	</controls>
</window>
