<?xml version="1.0" encoding="UTF-8"?>
<includes>
    <include name="HomeMenuPosition1">
        <include condition="String.IsEqual(Skin.String(HomeMenuItemMusic),1)">HomeMenuMusic</include>
        <include condition="String.IsEqual(Skin.String(HomeMenuItemVideo),1)">HomeMenuVideo</include>
        <include condition="String.IsEqual(Skin.String(HomeMenuItemMovie),1)">HomeMenuMovie</include>
        <include condition="String.IsEqual(Skin.String(HomeMenuItemDashboard),1)">HomeMenuDashboard</include>
        <include condition="String.IsEqual(Skin.String(HomeMenuItemTVShows),1)">HomeMenuTVShows</include>
        <include condition="String.IsEqual(Skin.String(HomeMenuItemMusicvideos),1)">HomeMenuMusicvideos</include>
        <include condition="String.IsEqual(Skin.String(HomeMenuItemPictures),1)">HomeMenuPictures</include>
        <include condition="String.IsEqual(Skin.String(HomeMenuItemWeather),1)">HomeMenuWeather</include>
        <include condition="String.IsEqual(Skin.String(HomeMenuItemPlayDisc),1)">HomeMenuPlayDisc</include>
        <include condition="String.IsEqual(Skin.String(HomeMenuItemCustom1),1)">HomeMenuCustom1</include>
        <include condition="String.IsEqual(Skin.String(HomeMenuItemCustom2),1)">HomeMenuCustom2</include>
        <include condition="String.IsEqual(Skin.String(HomeMenuItemCustom3),1)">HomeMenuCustom3</include>
        <include condition="String.IsEqual(Skin.String(HomeMenuItemCustom4),1)">HomeMenuCustom4</include>
        <include condition="String.IsEqual(Skin.String(HomeMenuItemCustom5),1)">HomeMenuCustom5</include>
        <include condition="String.IsEqual(Skin.String(HomeMenuItemCustom6),1)">HomeMenuCustom6</include>
        <include condition="String.IsEqual(Skin.String(HomeMenuItemCustom7),1)">HomeMenuCustom7</include>
        <include condition="String.IsEqual(Skin.String(HomeMenuItemCustom8),1)">HomeMenuCustom8</include>
        <include condition="String.IsEqual(Skin.String(HomeMenuItemCustom9),1)">HomeMenuCustom9</include>
        <include condition="String.IsEqual(Skin.String(HomeMenuItemSettings),1)">HomeMenuSettings</include>
        <include condition="String.IsEqual(Skin.String(HomeMenuItemPVR),1)">HomeMenuPVR</include>
        <include condition="String.IsEqual(Skin.String(HomeMenuItemRadio),1)">HomeMenuRadio</include>
        <include condition="String.IsEqual(Skin.String(HomeMenuItemNews),1)">HomeMenuNews</include>
        <include condition="String.IsEmpty(Skin.String(HomeMenuItemMusic))">HomeMenuMusic</include>
    </include>
    <include name="HomeMenuPosition2">
        <include condition="String.IsEqual(Skin.String(HomeMenuItemMusic),2)">HomeMenuMusic</include>
        <include condition="String.IsEqual(Skin.String(HomeMenuItemVideo),2)">HomeMenuVideo</include>
        <include condition="String.IsEqual(Skin.String(HomeMenuItemMovie),2)">HomeMenuMovie</include>
        <include condition="String.IsEqual(Skin.String(HomeMenuItemDashboard),2)">HomeMenuDashboard</include>
        <include condition="String.IsEqual(Skin.String(HomeMenuItemTVShows),2)">HomeMenuTVShows</include>
        <include condition="String.IsEqual(Skin.String(HomeMenuItemMusicvideos),2)">HomeMenuMusicvideos</include>
        <include condition="String.IsEqual(Skin.String(HomeMenuItemPictures),2)">HomeMenuPictures</include>
        <include condition="String.IsEqual(Skin.String(HomeMenuItemWeather),2)">HomeMenuWeather</include>
        <include condition="String.IsEqual(Skin.String(HomeMenuItemPlayDisc),2)">HomeMenuPlayDisc</include>
        <include condition="String.IsEqual(Skin.String(HomeMenuItemCustom1),2)">HomeMenuCustom1</include>
        <include condition="String.IsEqual(Skin.String(HomeMenuItemCustom2),2)">HomeMenuCustom2</include>
        <include condition="String.IsEqual(Skin.String(HomeMenuItemCustom3),2)">HomeMenuCustom3</include>
        <include condition="String.IsEqual(Skin.String(HomeMenuItemCustom4),2)">HomeMenuCustom4</include>
        <include condition="String.IsEqual(Skin.String(HomeMenuItemCustom5),2)">HomeMenuCustom5</include>
        <include condition="String.IsEqual(Skin.String(HomeMenuItemCustom6),2)">HomeMenuCustom6</include>
        <include condition="String.IsEqual(Skin.String(HomeMenuItemCustom7),2)">HomeMenuCustom7</include>
        <include condition="String.IsEqual(Skin.String(HomeMenuItemCustom8),2)">HomeMenuCustom8</include>
        <include condition="String.IsEqual(Skin.String(HomeMenuItemCustom9),2)">HomeMenuCustom9</include>
        <include condition="String.IsEqual(Skin.String(HomeMenuItemSettings),2)">HomeMenuSettings</include>
        <include condition="String.IsEqual(Skin.String(HomeMenuItemPVR),2)">HomeMenuPVR</include>
        <include condition="String.IsEqual(Skin.String(HomeMenuItemRadio),2)">HomeMenuRadio</include>
        <include condition="String.IsEqual(Skin.String(HomeMenuItemNews),2)">HomeMenuNews</include>
        <include condition="String.IsEmpty(Skin.String(HomeMenuItemVideo))">HomeMenuVideo</include>
    </include>
    <include name="HomeMenuPosition3">
        <include condition="String.IsEqual(Skin.String(HomeMenuItemMusic),3)">HomeMenuMusic</include>
        <include condition="String.IsEqual(Skin.String(HomeMenuItemVideo),3)">HomeMenuVideo</include>
        <include condition="String.IsEqual(Skin.String(HomeMenuItemMovie),3)">HomeMenuMovie</include>
        <include condition="String.IsEqual(Skin.String(HomeMenuItemDashboard),3)">HomeMenuDashboard</include>
        <include condition="String.IsEqual(Skin.String(HomeMenuItemTVShows),3)">HomeMenuTVShows</include>
        <include condition="String.IsEqual(Skin.String(HomeMenuItemMusicvideos),3)">HomeMenuMusicvideos</include>
        <include condition="String.IsEqual(Skin.String(HomeMenuItemPictures),3)">HomeMenuPictures</include>
        <include condition="String.IsEqual(Skin.String(HomeMenuItemWeather),3)">HomeMenuWeather</include>
        <include condition="String.IsEqual(Skin.String(HomeMenuItemPlayDisc),3)">HomeMenuPlayDisc</include>
        <include condition="String.IsEqual(Skin.String(HomeMenuItemCustom1),3)">HomeMenuCustom1</include>
        <include condition="String.IsEqual(Skin.String(HomeMenuItemCustom2),3)">HomeMenuCustom2</include>
        <include condition="String.IsEqual(Skin.String(HomeMenuItemCustom3),3)">HomeMenuCustom3</include>
        <include condition="String.IsEqual(Skin.String(HomeMenuItemCustom4),3)">HomeMenuCustom4</include>
        <include condition="String.IsEqual(Skin.String(HomeMenuItemCustom5),3)">HomeMenuCustom5</include>
        <include condition="String.IsEqual(Skin.String(HomeMenuItemCustom6),3)">HomeMenuCustom6</include>
        <include condition="String.IsEqual(Skin.String(HomeMenuItemCustom7),3)">HomeMenuCustom7</include>
        <include condition="String.IsEqual(Skin.String(HomeMenuItemCustom8),3)">HomeMenuCustom8</include>
        <include condition="String.IsEqual(Skin.String(HomeMenuItemCustom9),3)">HomeMenuCustom9</include>
        <include condition="String.IsEqual(Skin.String(HomeMenuItemSettings),3)">HomeMenuSettings</include>
        <include condition="String.IsEqual(Skin.String(HomeMenuItemPVR),3)">HomeMenuPVR</include>
        <include condition="String.IsEqual(Skin.String(HomeMenuItemRadio),3)">HomeMenuRadio</include>
        <include condition="String.IsEqual(Skin.String(HomeMenuItemNews),3)">HomeMenuNews</include>
        <include condition="String.IsEmpty(Skin.String(HomeMenuItemMovie))">HomeMenuMovie</include>
    </include>
    <include name="HomeMenuPosition4">
        <include condition="String.IsEqual(Skin.String(HomeMenuItemMusic),4)">HomeMenuMusic</include>
        <include condition="String.IsEqual(Skin.String(HomeMenuItemVideo),4)">HomeMenuVideo</include>
        <include condition="String.IsEqual(Skin.String(HomeMenuItemMovie),4)">HomeMenuMovie</include>
        <include condition="String.IsEqual(Skin.String(HomeMenuItemDashboard),4)">HomeMenuDashboard</include>
        <include condition="String.IsEqual(Skin.String(HomeMenuItemTVShows),4)">HomeMenuTVShows</include>
        <include condition="String.IsEqual(Skin.String(HomeMenuItemMusicvideos),4)">HomeMenuMusicvideos</include>
        <include condition="String.IsEqual(Skin.String(HomeMenuItemPictures),4)">HomeMenuPictures</include>
        <include condition="String.IsEqual(Skin.String(HomeMenuItemWeather),4)">HomeMenuWeather</include>
        <include condition="String.IsEqual(Skin.String(HomeMenuItemPlayDisc),4)">HomeMenuPlayDisc</include>
        <include condition="String.IsEqual(Skin.String(HomeMenuItemCustom1),4)">HomeMenuCustom1</include>
        <include condition="String.IsEqual(Skin.String(HomeMenuItemCustom2),4)">HomeMenuCustom2</include>
        <include condition="String.IsEqual(Skin.String(HomeMenuItemCustom3),4)">HomeMenuCustom3</include>
        <include condition="String.IsEqual(Skin.String(HomeMenuItemCustom4),4)">HomeMenuCustom4</include>
        <include condition="String.IsEqual(Skin.String(HomeMenuItemCustom5),4)">HomeMenuCustom5</include>
        <include condition="String.IsEqual(Skin.String(HomeMenuItemCustom6),4)">HomeMenuCustom6</include>
        <include condition="String.IsEqual(Skin.String(HomeMenuItemCustom7),4)">HomeMenuCustom7</include>
        <include condition="String.IsEqual(Skin.String(HomeMenuItemCustom8),4)">HomeMenuCustom8</include>
        <include condition="String.IsEqual(Skin.String(HomeMenuItemCustom9),4)">HomeMenuCustom9</include>
        <include condition="String.IsEqual(Skin.String(HomeMenuItemSettings),4)">HomeMenuSettings</include>
        <include condition="String.IsEqual(Skin.String(HomeMenuItemPVR),4)">HomeMenuPVR</include>
        <include condition="String.IsEqual(Skin.String(HomeMenuItemRadio),4)">HomeMenuRadio</include>
        <include condition="String.IsEqual(Skin.String(HomeMenuItemNews),4)">HomeMenuNews</include>
        <include condition="String.IsEmpty(Skin.String(HomeMenuItemDashboard))">HomeMenuDashboard</include>
    </include>
    <include name="HomeMenuPosition5">
        <include condition="String.IsEqual(Skin.String(HomeMenuItemMusic),5)">HomeMenuMusic</include>
        <include condition="String.IsEqual(Skin.String(HomeMenuItemVideo),5)">HomeMenuVideo</include>
        <include condition="String.IsEqual(Skin.String(HomeMenuItemMovie),5)">HomeMenuMovie</include>
        <include condition="String.IsEqual(Skin.String(HomeMenuItemDashboard),5)">HomeMenuDashboard</include>
        <include condition="String.IsEqual(Skin.String(HomeMenuItemTVShows),5)">HomeMenuTVShows</include>
        <include condition="String.IsEqual(Skin.String(HomeMenuItemMusicvideos),5)">HomeMenuMusicvideos</include>
        <include condition="String.IsEqual(Skin.String(HomeMenuItemPictures),5)">HomeMenuPictures</include>
        <include condition="String.IsEqual(Skin.String(HomeMenuItemWeather),5)">HomeMenuWeather</include>
        <include condition="String.IsEqual(Skin.String(HomeMenuItemPlayDisc),5)">HomeMenuPlayDisc</include>
        <include condition="String.IsEqual(Skin.String(HomeMenuItemCustom1),5)">HomeMenuCustom1</include>
        <include condition="String.IsEqual(Skin.String(HomeMenuItemCustom2),5)">HomeMenuCustom2</include>
        <include condition="String.IsEqual(Skin.String(HomeMenuItemCustom3),5)">HomeMenuCustom3</include>
        <include condition="String.IsEqual(Skin.String(HomeMenuItemCustom4),5)">HomeMenuCustom4</include>
        <include condition="String.IsEqual(Skin.String(HomeMenuItemCustom5),5)">HomeMenuCustom5</include>
        <include condition="String.IsEqual(Skin.String(HomeMenuItemCustom6),5)">HomeMenuCustom6</include>
        <include condition="String.IsEqual(Skin.String(HomeMenuItemCustom7),5)">HomeMenuCustom7</include>
        <include condition="String.IsEqual(Skin.String(HomeMenuItemCustom8),5)">HomeMenuCustom8</include>
        <include condition="String.IsEqual(Skin.String(HomeMenuItemCustom9),5)">HomeMenuCustom9</include>
        <include condition="String.IsEqual(Skin.String(HomeMenuItemSettings),5)">HomeMenuSettings</include>
        <include condition="String.IsEqual(Skin.String(HomeMenuItemPVR),5)">HomeMenuPVR</include>
        <include condition="String.IsEqual(Skin.String(HomeMenuItemRadio),5)">HomeMenuRadio</include>
        <include condition="String.IsEqual(Skin.String(HomeMenuItemNews),5)">HomeMenuNews</include>
        <include condition="String.IsEmpty(Skin.String(HomeMenuItemTVShows))">HomeMenuTVShows</include>
    </include>
    <include name="HomeMenuPosition6">
        <include condition="String.IsEqual(Skin.String(HomeMenuItemMusic),6)">HomeMenuMusic</include>
        <include condition="String.IsEqual(Skin.String(HomeMenuItemVideo),6)">HomeMenuVideo</include>
        <include condition="String.IsEqual(Skin.String(HomeMenuItemMovie),6)">HomeMenuMovie</include>
        <include condition="String.IsEqual(Skin.String(HomeMenuItemDashboard),6)">HomeMenuDashboard</include>
        <include condition="String.IsEqual(Skin.String(HomeMenuItemTVShows),6)">HomeMenuTVShows</include>
        <include condition="String.IsEqual(Skin.String(HomeMenuItemMusicvideos),6)">HomeMenuMusicvideos</include>
        <include condition="String.IsEqual(Skin.String(HomeMenuItemPictures),6)">HomeMenuPictures</include>
        <include condition="String.IsEqual(Skin.String(HomeMenuItemWeather),6)">HomeMenuWeather</include>
        <include condition="String.IsEqual(Skin.String(HomeMenuItemPlayDisc),6)">HomeMenuPlayDisc</include>
        <include condition="String.IsEqual(Skin.String(HomeMenuItemCustom1),6)">HomeMenuCustom1</include>
        <include condition="String.IsEqual(Skin.String(HomeMenuItemCustom2),6)">HomeMenuCustom2</include>
        <include condition="String.IsEqual(Skin.String(HomeMenuItemCustom3),6)">HomeMenuCustom3</include>
        <include condition="String.IsEqual(Skin.String(HomeMenuItemCustom4),6)">HomeMenuCustom4</include>
        <include condition="String.IsEqual(Skin.String(HomeMenuItemCustom5),6)">HomeMenuCustom5</include>
        <include condition="String.IsEqual(Skin.String(HomeMenuItemCustom6),6)">HomeMenuCustom6</include>
        <include condition="String.IsEqual(Skin.String(HomeMenuItemCustom7),6)">HomeMenuCustom7</include>
        <include condition="String.IsEqual(Skin.String(HomeMenuItemCustom8),6)">HomeMenuCustom8</include>
        <include condition="String.IsEqual(Skin.String(HomeMenuItemCustom9),6)">HomeMenuCustom9</include>
        <include condition="String.IsEqual(Skin.String(HomeMenuItemSettings),6)">HomeMenuSettings</include>
        <include condition="String.IsEqual(Skin.String(HomeMenuItemPVR),6)">HomeMenuPVR</include>
        <include condition="String.IsEqual(Skin.String(HomeMenuItemRadio),6)">HomeMenuRadio</include>
        <include condition="String.IsEqual(Skin.String(HomeMenuItemNews),6)">HomeMenuNews</include>
        <include condition="String.IsEmpty(Skin.String(HomeMenuItemMusicvideos))">HomeMenuMusicvideos</include>
    </include>
    <include name="HomeMenuPosition7">
        <include condition="String.IsEqual(Skin.String(HomeMenuItemMusic),7)">HomeMenuMusic</include>
        <include condition="String.IsEqual(Skin.String(HomeMenuItemVideo),7)">HomeMenuVideo</include>
        <include condition="String.IsEqual(Skin.String(HomeMenuItemMovie),7)">HomeMenuMovie</include>
        <include condition="String.IsEqual(Skin.String(HomeMenuItemDashboard),7)">HomeMenuDashboard</include>
        <include condition="String.IsEqual(Skin.String(HomeMenuItemTVShows),7)">HomeMenuTVShows</include>
        <include condition="String.IsEqual(Skin.String(HomeMenuItemMusicvideos),7)">HomeMenuMusicvideos</include>
        <include condition="String.IsEqual(Skin.String(HomeMenuItemPictures),7)">HomeMenuPictures</include>
        <include condition="String.IsEqual(Skin.String(HomeMenuItemWeather),7)">HomeMenuWeather</include>
        <include condition="String.IsEqual(Skin.String(HomeMenuItemPlayDisc),7)">HomeMenuPlayDisc</include>
        <include condition="String.IsEqual(Skin.String(HomeMenuItemCustom1),7)">HomeMenuCustom1</include>
        <include condition="String.IsEqual(Skin.String(HomeMenuItemCustom2),7)">HomeMenuCustom2</include>
        <include condition="String.IsEqual(Skin.String(HomeMenuItemCustom3),7)">HomeMenuCustom3</include>
        <include condition="String.IsEqual(Skin.String(HomeMenuItemCustom4),7)">HomeMenuCustom4</include>
        <include condition="String.IsEqual(Skin.String(HomeMenuItemCustom5),7)">HomeMenuCustom5</include>
        <include condition="String.IsEqual(Skin.String(HomeMenuItemCustom6),7)">HomeMenuCustom6</include>
        <include condition="String.IsEqual(Skin.String(HomeMenuItemCustom7),7)">HomeMenuCustom7</include>
        <include condition="String.IsEqual(Skin.String(HomeMenuItemCustom8),7)">HomeMenuCustom8</include>
        <include condition="String.IsEqual(Skin.String(HomeMenuItemCustom9),7)">HomeMenuCustom9</include>
        <include condition="String.IsEqual(Skin.String(HomeMenuItemSettings),7)">HomeMenuSettings</include>
        <include condition="String.IsEqual(Skin.String(HomeMenuItemPVR),7)">HomeMenuPVR</include>
        <include condition="String.IsEqual(Skin.String(HomeMenuItemRadio),7)">HomeMenuRadio</include>
        <include condition="String.IsEqual(Skin.String(HomeMenuItemNews),7)">HomeMenuNews</include>
        <include condition="String.IsEmpty(Skin.String(HomeMenuItemPictures))">HomeMenuPictures</include>
    </include>
    <include name="HomeMenuPosition8">
        <include condition="String.IsEqual(Skin.String(HomeMenuItemMusic),8)">HomeMenuMusic</include>
        <include condition="String.IsEqual(Skin.String(HomeMenuItemVideo),8)">HomeMenuVideo</include>
        <include condition="String.IsEqual(Skin.String(HomeMenuItemMovie),8)">HomeMenuMovie</include>
        <include condition="String.IsEqual(Skin.String(HomeMenuItemDashboard),8)">HomeMenuDashboard</include>
        <include condition="String.IsEqual(Skin.String(HomeMenuItemTVShows),8)">HomeMenuTVShows</include>
        <include condition="String.IsEqual(Skin.String(HomeMenuItemMusicvideos),8)">HomeMenuMusicvideos</include>
        <include condition="String.IsEqual(Skin.String(HomeMenuItemPictures),8)">HomeMenuPictures</include>
        <include condition="String.IsEqual(Skin.String(HomeMenuItemWeather),8)">HomeMenuWeather</include>
        <include condition="String.IsEqual(Skin.String(HomeMenuItemPlayDisc),8)">HomeMenuPlayDisc</include>
        <include condition="String.IsEqual(Skin.String(HomeMenuItemCustom1),8)">HomeMenuCustom1</include>
        <include condition="String.IsEqual(Skin.String(HomeMenuItemCustom2),8)">HomeMenuCustom2</include>
        <include condition="String.IsEqual(Skin.String(HomeMenuItemCustom3),8)">HomeMenuCustom3</include>
        <include condition="String.IsEqual(Skin.String(HomeMenuItemCustom4),8)">HomeMenuCustom4</include>
        <include condition="String.IsEqual(Skin.String(HomeMenuItemCustom5),8)">HomeMenuCustom5</include>
        <include condition="String.IsEqual(Skin.String(HomeMenuItemCustom6),8)">HomeMenuCustom6</include>
        <include condition="String.IsEqual(Skin.String(HomeMenuItemCustom7),8)">HomeMenuCustom7</include>
        <include condition="String.IsEqual(Skin.String(HomeMenuItemCustom8),8)">HomeMenuCustom8</include>
        <include condition="String.IsEqual(Skin.String(HomeMenuItemCustom9),8)">HomeMenuCustom9</include>
        <include condition="String.IsEqual(Skin.String(HomeMenuItemSettings),8)">HomeMenuSettings</include>
        <include condition="String.IsEqual(Skin.String(HomeMenuItemPVR),8)">HomeMenuPVR</include>
        <include condition="String.IsEqual(Skin.String(HomeMenuItemRadio),8)">HomeMenuRadio</include>
        <include condition="String.IsEqual(Skin.String(HomeMenuItemNews),8)">HomeMenuNews</include>
        <include condition="String.IsEmpty(Skin.String(HomeMenuItemWeather))">HomeMenuWeather</include>
    </include>
    <include name="HomeMenuPosition9">
        <include condition="String.IsEqual(Skin.String(HomeMenuItemMusic),9)">HomeMenuMusic</include>
        <include condition="String.IsEqual(Skin.String(HomeMenuItemVideo),9)">HomeMenuVideo</include>
        <include condition="String.IsEqual(Skin.String(HomeMenuItemMovie),9)">HomeMenuMovie</include>
        <include condition="String.IsEqual(Skin.String(HomeMenuItemDashboard),9)">HomeMenuDashboard</include>
        <include condition="String.IsEqual(Skin.String(HomeMenuItemTVShows),9)">HomeMenuTVShows</include>
        <include condition="String.IsEqual(Skin.String(HomeMenuItemMusicvideos),9)">HomeMenuMusicvideos</include>
        <include condition="String.IsEqual(Skin.String(HomeMenuItemPictures),9)">HomeMenuPictures</include>
        <include condition="String.IsEqual(Skin.String(HomeMenuItemWeather),9)">HomeMenuWeather</include>
        <include condition="String.IsEqual(Skin.String(HomeMenuItemPlayDisc),9)">HomeMenuPlayDisc</include>
        <include condition="String.IsEqual(Skin.String(HomeMenuItemCustom1),9)">HomeMenuCustom1</include>
        <include condition="String.IsEqual(Skin.String(HomeMenuItemCustom2),9)">HomeMenuCustom2</include>
        <include condition="String.IsEqual(Skin.String(HomeMenuItemCustom3),9)">HomeMenuCustom3</include>
        <include condition="String.IsEqual(Skin.String(HomeMenuItemCustom4),9)">HomeMenuCustom4</include>
        <include condition="String.IsEqual(Skin.String(HomeMenuItemCustom5),9)">HomeMenuCustom5</include>
        <include condition="String.IsEqual(Skin.String(HomeMenuItemCustom6),9)">HomeMenuCustom6</include>
        <include condition="String.IsEqual(Skin.String(HomeMenuItemCustom7),9)">HomeMenuCustom7</include>
        <include condition="String.IsEqual(Skin.String(HomeMenuItemCustom8),9)">HomeMenuCustom8</include>
        <include condition="String.IsEqual(Skin.String(HomeMenuItemCustom9),9)">HomeMenuCustom9</include>
        <include condition="String.IsEqual(Skin.String(HomeMenuItemSettings),9)">HomeMenuSettings</include>
        <include condition="String.IsEqual(Skin.String(HomeMenuItemPVR),9)">HomeMenuPVR</include>
        <include condition="String.IsEqual(Skin.String(HomeMenuItemRadio),9)">HomeMenuRadio</include>
        <include condition="String.IsEqual(Skin.String(HomeMenuItemNews),9)">HomeMenuNews</include>
        <include condition="String.IsEmpty(Skin.String(HomeMenuItemPlayDisc))">HomeMenuPlayDisc</include>
    </include>
    <include name="HomeMenuPosition10">
        <include condition="String.IsEqual(Skin.String(HomeMenuItemMusic),10)">HomeMenuMusic</include>
        <include condition="String.IsEqual(Skin.String(HomeMenuItemVideo),10)">HomeMenuVideo</include>
        <include condition="String.IsEqual(Skin.String(HomeMenuItemMovie),10)">HomeMenuMovie</include>
        <include condition="String.IsEqual(Skin.String(HomeMenuItemDashboard),10)">HomeMenuDashboard</include>
        <include condition="String.IsEqual(Skin.String(HomeMenuItemTVShows),10)">HomeMenuTVShows</include>
        <include condition="String.IsEqual(Skin.String(HomeMenuItemMusicvideos),10)">HomeMenuMusicvideos</include>
        <include condition="String.IsEqual(Skin.String(HomeMenuItemPictures),10)">HomeMenuPictures</include>
        <include condition="String.IsEqual(Skin.String(HomeMenuItemWeather),10)">HomeMenuWeather</include>
        <include condition="String.IsEqual(Skin.String(HomeMenuItemPlayDisc),10)">HomeMenuPlayDisc</include>
        <include condition="String.IsEqual(Skin.String(HomeMenuItemCustom1),10)">HomeMenuCustom1</include>
        <include condition="String.IsEqual(Skin.String(HomeMenuItemCustom2),10)">HomeMenuCustom2</include>
        <include condition="String.IsEqual(Skin.String(HomeMenuItemCustom3),10)">HomeMenuCustom3</include>
        <include condition="String.IsEqual(Skin.String(HomeMenuItemCustom4),10)">HomeMenuCustom4</include>
        <include condition="String.IsEqual(Skin.String(HomeMenuItemCustom5),10)">HomeMenuCustom5</include>
        <include condition="String.IsEqual(Skin.String(HomeMenuItemCustom6),10)">HomeMenuCustom6</include>
        <include condition="String.IsEqual(Skin.String(HomeMenuItemCustom7),10)">HomeMenuCustom7</include>
        <include condition="String.IsEqual(Skin.String(HomeMenuItemCustom8),10)">HomeMenuCustom8</include>
        <include condition="String.IsEqual(Skin.String(HomeMenuItemCustom9),10)">HomeMenuCustom9</include>
        <include condition="String.IsEqual(Skin.String(HomeMenuItemSettings),10)">HomeMenuSettings</include>
        <include condition="String.IsEqual(Skin.String(HomeMenuItemPVR),10)">HomeMenuPVR</include>
        <include condition="String.IsEqual(Skin.String(HomeMenuItemRadio),10)">HomeMenuRadio</include>
        <include condition="String.IsEqual(Skin.String(HomeMenuItemNews),10)">HomeMenuNews</include>
        <include condition="String.IsEmpty(Skin.String(HomeMenuItemCustom1))">HomeMenuCustom1</include>
    </include>
    <include name="HomeMenuPosition11">
        <include condition="String.IsEqual(Skin.String(HomeMenuItemMusic),11)">HomeMenuMusic</include>
        <include condition="String.IsEqual(Skin.String(HomeMenuItemVideo),11)">HomeMenuVideo</include>
        <include condition="String.IsEqual(Skin.String(HomeMenuItemMovie),11)">HomeMenuMovie</include>
        <include condition="String.IsEqual(Skin.String(HomeMenuItemDashboard),11)">HomeMenuDashboard</include>
        <include condition="String.IsEqual(Skin.String(HomeMenuItemTVShows),11)">HomeMenuTVShows</include>
        <include condition="String.IsEqual(Skin.String(HomeMenuItemMusicvideos),11)">HomeMenuMusicvideos</include>
        <include condition="String.IsEqual(Skin.String(HomeMenuItemPictures),11)">HomeMenuPictures</include>
        <include condition="String.IsEqual(Skin.String(HomeMenuItemWeather),11)">HomeMenuWeather</include>
        <include condition="String.IsEqual(Skin.String(HomeMenuItemPlayDisc),11)">HomeMenuPlayDisc</include>
        <include condition="String.IsEqual(Skin.String(HomeMenuItemCustom1),11)">HomeMenuCustom1</include>
        <include condition="String.IsEqual(Skin.String(HomeMenuItemCustom2),11)">HomeMenuCustom2</include>
        <include condition="String.IsEqual(Skin.String(HomeMenuItemCustom3),11)">HomeMenuCustom3</include>
        <include condition="String.IsEqual(Skin.String(HomeMenuItemCustom4),11)">HomeMenuCustom4</include>
        <include condition="String.IsEqual(Skin.String(HomeMenuItemCustom5),11)">HomeMenuCustom5</include>
        <include condition="String.IsEqual(Skin.String(HomeMenuItemCustom6),11)">HomeMenuCustom6</include>
        <include condition="String.IsEqual(Skin.String(HomeMenuItemCustom7),11)">HomeMenuCustom7</include>
        <include condition="String.IsEqual(Skin.String(HomeMenuItemCustom8),11)">HomeMenuCustom8</include>
        <include condition="String.IsEqual(Skin.String(HomeMenuItemCustom9),11)">HomeMenuCustom9</include>
        <include condition="String.IsEqual(Skin.String(HomeMenuItemSettings),11)">HomeMenuSettings</include>
        <include condition="String.IsEqual(Skin.String(HomeMenuItemPVR),11)">HomeMenuPVR</include>
        <include condition="String.IsEqual(Skin.String(HomeMenuItemRadio),11)">HomeMenuRadio</include>
        <include condition="String.IsEqual(Skin.String(HomeMenuItemNews),11)">HomeMenuNews</include>
        <include condition="String.IsEmpty(Skin.String(HomeMenuItemCustom2))">HomeMenuCustom2</include>
    </include>
    <include name="HomeMenuPosition12">
        <include condition="String.IsEqual(Skin.String(HomeMenuItemMusic),12)">HomeMenuMusic</include>
        <include condition="String.IsEqual(Skin.String(HomeMenuItemVideo),12)">HomeMenuVideo</include>
        <include condition="String.IsEqual(Skin.String(HomeMenuItemMovie),12)">HomeMenuMovie</include>
        <include condition="String.IsEqual(Skin.String(HomeMenuItemDashboard),12)">HomeMenuDashboard</include>
        <include condition="String.IsEqual(Skin.String(HomeMenuItemTVShows),12)">HomeMenuTVShows</include>
        <include condition="String.IsEqual(Skin.String(HomeMenuItemMusicvideos),12)">HomeMenuMusicvideos</include>
        <include condition="String.IsEqual(Skin.String(HomeMenuItemPictures),12)">HomeMenuPictures</include>
        <include condition="String.IsEqual(Skin.String(HomeMenuItemWeather),12)">HomeMenuWeather</include>
        <include condition="String.IsEqual(Skin.String(HomeMenuItemPlayDisc),12)">HomeMenuPlayDisc</include>
        <include condition="String.IsEqual(Skin.String(HomeMenuItemCustom1),12)">HomeMenuCustom1</include>
        <include condition="String.IsEqual(Skin.String(HomeMenuItemCustom2),12)">HomeMenuCustom2</include>
        <include condition="String.IsEqual(Skin.String(HomeMenuItemCustom3),12)">HomeMenuCustom3</include>
        <include condition="String.IsEqual(Skin.String(HomeMenuItemCustom4),12)">HomeMenuCustom4</include>
        <include condition="String.IsEqual(Skin.String(HomeMenuItemCustom5),12)">HomeMenuCustom5</include>
        <include condition="String.IsEqual(Skin.String(HomeMenuItemCustom6),12)">HomeMenuCustom6</include>
        <include condition="String.IsEqual(Skin.String(HomeMenuItemCustom7),12)">HomeMenuCustom7</include>
        <include condition="String.IsEqual(Skin.String(HomeMenuItemCustom8),12)">HomeMenuCustom8</include>
        <include condition="String.IsEqual(Skin.String(HomeMenuItemCustom9),12)">HomeMenuCustom9</include>
        <include condition="String.IsEqual(Skin.String(HomeMenuItemSettings),12)">HomeMenuSettings</include>
        <include condition="String.IsEqual(Skin.String(HomeMenuItemPVR),12)">HomeMenuPVR</include>
        <include condition="String.IsEqual(Skin.String(HomeMenuItemRadio),12)">HomeMenuRadio</include>
        <include condition="String.IsEqual(Skin.String(HomeMenuItemNews),12)">HomeMenuNews</include>
        <include condition="String.IsEmpty(Skin.String(HomeMenuItemCustom3))">HomeMenuCustom3</include>
    </include>
    <include name="HomeMenuPosition13">
        <include condition="String.IsEqual(Skin.String(HomeMenuItemMusic),13)">HomeMenuMusic</include>
        <include condition="String.IsEqual(Skin.String(HomeMenuItemVideo),13)">HomeMenuVideo</include>
        <include condition="String.IsEqual(Skin.String(HomeMenuItemMovie),13)">HomeMenuMovie</include>
        <include condition="String.IsEqual(Skin.String(HomeMenuItemDashboard),13)">HomeMenuDashboard</include>
        <include condition="String.IsEqual(Skin.String(HomeMenuItemTVShows),13)">HomeMenuTVShows</include>
        <include condition="String.IsEqual(Skin.String(HomeMenuItemMusicvideos),13)">HomeMenuMusicvideos</include>
        <include condition="String.IsEqual(Skin.String(HomeMenuItemPictures),13)">HomeMenuPictures</include>
        <include condition="String.IsEqual(Skin.String(HomeMenuItemWeather),13)">HomeMenuWeather</include>
        <include condition="String.IsEqual(Skin.String(HomeMenuItemPlayDisc),13)">HomeMenuPlayDisc</include>
        <include condition="String.IsEqual(Skin.String(HomeMenuItemCustom1),13)">HomeMenuCustom1</include>
        <include condition="String.IsEqual(Skin.String(HomeMenuItemCustom2),13)">HomeMenuCustom2</include>
        <include condition="String.IsEqual(Skin.String(HomeMenuItemCustom3),13)">HomeMenuCustom3</include>
        <include condition="String.IsEqual(Skin.String(HomeMenuItemCustom4),13)">HomeMenuCustom4</include>
        <include condition="String.IsEqual(Skin.String(HomeMenuItemCustom5),13)">HomeMenuCustom5</include>
        <include condition="String.IsEqual(Skin.String(HomeMenuItemCustom6),13)">HomeMenuCustom6</include>
        <include condition="String.IsEqual(Skin.String(HomeMenuItemCustom7),13)">HomeMenuCustom7</include>
        <include condition="String.IsEqual(Skin.String(HomeMenuItemCustom8),13)">HomeMenuCustom8</include>
        <include condition="String.IsEqual(Skin.String(HomeMenuItemCustom9),13)">HomeMenuCustom9</include>
        <include condition="String.IsEqual(Skin.String(HomeMenuItemSettings),13)">HomeMenuSettings</include>
        <include condition="String.IsEqual(Skin.String(HomeMenuItemPVR),13)">HomeMenuPVR</include>
        <include condition="String.IsEqual(Skin.String(HomeMenuItemRadio),13)">HomeMenuRadio</include>
        <include condition="String.IsEqual(Skin.String(HomeMenuItemNews),13)">HomeMenuNews</include>
        <include condition="String.IsEmpty(Skin.String(HomeMenuItemCustom4))">HomeMenuCustom4</include>
    </include>
    <include name="HomeMenuPosition14">
        <include condition="String.IsEqual(Skin.String(HomeMenuItemMusic),14)">HomeMenuMusic</include>
        <include condition="String.IsEqual(Skin.String(HomeMenuItemVideo),14)">HomeMenuVideo</include>
        <include condition="String.IsEqual(Skin.String(HomeMenuItemMovie),14)">HomeMenuMovie</include>
        <include condition="String.IsEqual(Skin.String(HomeMenuItemDashboard),14)">HomeMenuDashboard</include>
        <include condition="String.IsEqual(Skin.String(HomeMenuItemTVShows),14)">HomeMenuTVShows</include>
        <include condition="String.IsEqual(Skin.String(HomeMenuItemMusicvideos),14)">HomeMenuMusicvideos</include>
        <include condition="String.IsEqual(Skin.String(HomeMenuItemPictures),14)">HomeMenuPictures</include>
        <include condition="String.IsEqual(Skin.String(HomeMenuItemWeather),14)">HomeMenuWeather</include>
        <include condition="String.IsEqual(Skin.String(HomeMenuItemPlayDisc),14)">HomeMenuPlayDisc</include>
        <include condition="String.IsEqual(Skin.String(HomeMenuItemCustom1),14)">HomeMenuCustom1</include>
        <include condition="String.IsEqual(Skin.String(HomeMenuItemCustom2),14)">HomeMenuCustom2</include>
        <include condition="String.IsEqual(Skin.String(HomeMenuItemCustom3),14)">HomeMenuCustom3</include>
        <include condition="String.IsEqual(Skin.String(HomeMenuItemCustom4),14)">HomeMenuCustom4</include>
        <include condition="String.IsEqual(Skin.String(HomeMenuItemCustom5),14)">HomeMenuCustom5</include>
        <include condition="String.IsEqual(Skin.String(HomeMenuItemCustom6),14)">HomeMenuCustom6</include>
        <include condition="String.IsEqual(Skin.String(HomeMenuItemCustom7),14)">HomeMenuCustom7</include>
        <include condition="String.IsEqual(Skin.String(HomeMenuItemCustom8),14)">HomeMenuCustom8</include>
        <include condition="String.IsEqual(Skin.String(HomeMenuItemCustom9),14)">HomeMenuCustom9</include>
        <include condition="String.IsEqual(Skin.String(HomeMenuItemSettings),14)">HomeMenuSettings</include>
        <include condition="String.IsEqual(Skin.String(HomeMenuItemPVR),14)">HomeMenuPVR</include>
        <include condition="String.IsEqual(Skin.String(HomeMenuItemRadio),14)">HomeMenuRadio</include>
        <include condition="String.IsEqual(Skin.String(HomeMenuItemNews),14)">HomeMenuNews</include>
        <include condition="String.IsEmpty(Skin.String(HomeMenuItemCustom5))">HomeMenuCustom5</include>
    </include>
    <include name="HomeMenuPosition15">
        <include condition="String.IsEqual(Skin.String(HomeMenuItemMusic),15)">HomeMenuMusic</include>
        <include condition="String.IsEqual(Skin.String(HomeMenuItemVideo),15)">HomeMenuVideo</include>
        <include condition="String.IsEqual(Skin.String(HomeMenuItemMovie),15)">HomeMenuMovie</include>
        <include condition="String.IsEqual(Skin.String(HomeMenuItemDashboard),15)">HomeMenuDashboard</include>
        <include condition="String.IsEqual(Skin.String(HomeMenuItemTVShows),15)">HomeMenuTVShows</include>
        <include condition="String.IsEqual(Skin.String(HomeMenuItemMusicvideos),15)">HomeMenuMusicvideos</include>
        <include condition="String.IsEqual(Skin.String(HomeMenuItemPictures),15)">HomeMenuPictures</include>
        <include condition="String.IsEqual(Skin.String(HomeMenuItemWeather),15)">HomeMenuWeather</include>
        <include condition="String.IsEqual(Skin.String(HomeMenuItemPlayDisc),15)">HomeMenuPlayDisc</include>
        <include condition="String.IsEqual(Skin.String(HomeMenuItemCustom1),15)">HomeMenuCustom1</include>
        <include condition="String.IsEqual(Skin.String(HomeMenuItemCustom2),15)">HomeMenuCustom2</include>
        <include condition="String.IsEqual(Skin.String(HomeMenuItemCustom3),15)">HomeMenuCustom3</include>
        <include condition="String.IsEqual(Skin.String(HomeMenuItemCustom4),15)">HomeMenuCustom4</include>
        <include condition="String.IsEqual(Skin.String(HomeMenuItemCustom5),15)">HomeMenuCustom5</include>
        <include condition="String.IsEqual(Skin.String(HomeMenuItemCustom6),15)">HomeMenuCustom6</include>
        <include condition="String.IsEqual(Skin.String(HomeMenuItemCustom7),15)">HomeMenuCustom7</include>
        <include condition="String.IsEqual(Skin.String(HomeMenuItemCustom8),15)">HomeMenuCustom8</include>
        <include condition="String.IsEqual(Skin.String(HomeMenuItemCustom9),15)">HomeMenuCustom9</include>
        <include condition="String.IsEqual(Skin.String(HomeMenuItemSettings),15)">HomeMenuSettings</include>
        <include condition="String.IsEqual(Skin.String(HomeMenuItemPVR),15)">HomeMenuPVR</include>
        <include condition="String.IsEqual(Skin.String(HomeMenuItemRadio),15)">HomeMenuRadio</include>
        <include condition="String.IsEqual(Skin.String(HomeMenuItemNews),15)">HomeMenuNews</include>
        <include condition="String.IsEmpty(Skin.String(HomeMenuItemCustom6))">HomeMenuCustom6</include>
    </include>
    <include name="HomeMenuPosition16">
        <include condition="String.IsEqual(Skin.String(HomeMenuItemMusic),16)">HomeMenuMusic</include>
        <include condition="String.IsEqual(Skin.String(HomeMenuItemVideo),16)">HomeMenuVideo</include>
        <include condition="String.IsEqual(Skin.String(HomeMenuItemMovie),16)">HomeMenuMovie</include>
        <include condition="String.IsEqual(Skin.String(HomeMenuItemDashboard),16)">HomeMenuDashboard</include>
        <include condition="String.IsEqual(Skin.String(HomeMenuItemTVShows),16)">HomeMenuTVShows</include>
        <include condition="String.IsEqual(Skin.String(HomeMenuItemMusicvideos),16)">HomeMenuMusicvideos</include>
        <include condition="String.IsEqual(Skin.String(HomeMenuItemPictures),16)">HomeMenuPictures</include>
        <include condition="String.IsEqual(Skin.String(HomeMenuItemWeather),16)">HomeMenuWeather</include>
        <include condition="String.IsEqual(Skin.String(HomeMenuItemPlayDisc),16)">HomeMenuPlayDisc</include>
        <include condition="String.IsEqual(Skin.String(HomeMenuItemCustom1),16)">HomeMenuCustom1</include>
        <include condition="String.IsEqual(Skin.String(HomeMenuItemCustom2),16)">HomeMenuCustom2</include>
        <include condition="String.IsEqual(Skin.String(HomeMenuItemCustom3),16)">HomeMenuCustom3</include>
        <include condition="String.IsEqual(Skin.String(HomeMenuItemCustom4),16)">HomeMenuCustom4</include>
        <include condition="String.IsEqual(Skin.String(HomeMenuItemCustom5),16)">HomeMenuCustom5</include>
        <include condition="String.IsEqual(Skin.String(HomeMenuItemCustom6),16)">HomeMenuCustom6</include>
        <include condition="String.IsEqual(Skin.String(HomeMenuItemCustom7),16)">HomeMenuCustom7</include>
        <include condition="String.IsEqual(Skin.String(HomeMenuItemCustom8),16)">HomeMenuCustom8</include>
        <include condition="String.IsEqual(Skin.String(HomeMenuItemCustom9),16)">HomeMenuCustom9</include>
        <include condition="String.IsEqual(Skin.String(HomeMenuItemSettings),16)">HomeMenuSettings</include>
        <include condition="String.IsEqual(Skin.String(HomeMenuItemPVR),16)">HomeMenuPVR</include>
        <include condition="String.IsEqual(Skin.String(HomeMenuItemRadio),16)">HomeMenuRadio</include>
        <include condition="String.IsEqual(Skin.String(HomeMenuItemNews),16)">HomeMenuNews</include>
        <include condition="String.IsEmpty(Skin.String(HomeMenuItemCustom7))">HomeMenuCustom7</include>
    </include>
    <include name="HomeMenuPosition17">
        <include condition="String.IsEqual(Skin.String(HomeMenuItemMusic),17)">HomeMenuMusic</include>
        <include condition="String.IsEqual(Skin.String(HomeMenuItemVideo),17)">HomeMenuVideo</include>
        <include condition="String.IsEqual(Skin.String(HomeMenuItemMovie),17)">HomeMenuMovie</include>
        <include condition="String.IsEqual(Skin.String(HomeMenuItemDashboard),17)">HomeMenuDashboard</include>
        <include condition="String.IsEqual(Skin.String(HomeMenuItemTVShows),17)">HomeMenuTVShows</include>
        <include condition="String.IsEqual(Skin.String(HomeMenuItemMusicvideos),17)">HomeMenuMusicvideos</include>
        <include condition="String.IsEqual(Skin.String(HomeMenuItemPictures),17)">HomeMenuPictures</include>
        <include condition="String.IsEqual(Skin.String(HomeMenuItemWeather),17)">HomeMenuWeather</include>
        <include condition="String.IsEqual(Skin.String(HomeMenuItemPlayDisc),17)">HomeMenuPlayDisc</include>
        <include condition="String.IsEqual(Skin.String(HomeMenuItemCustom1),17)">HomeMenuCustom1</include>
        <include condition="String.IsEqual(Skin.String(HomeMenuItemCustom2),17)">HomeMenuCustom2</include>
        <include condition="String.IsEqual(Skin.String(HomeMenuItemCustom3),17)">HomeMenuCustom3</include>
        <include condition="String.IsEqual(Skin.String(HomeMenuItemCustom4),17)">HomeMenuCustom4</include>
        <include condition="String.IsEqual(Skin.String(HomeMenuItemCustom5),17)">HomeMenuCustom5</include>
        <include condition="String.IsEqual(Skin.String(HomeMenuItemCustom6),17)">HomeMenuCustom6</include>
        <include condition="String.IsEqual(Skin.String(HomeMenuItemCustom7),17)">HomeMenuCustom7</include>
        <include condition="String.IsEqual(Skin.String(HomeMenuItemCustom8),17)">HomeMenuCustom8</include>
        <include condition="String.IsEqual(Skin.String(HomeMenuItemCustom9),17)">HomeMenuCustom9</include>
        <include condition="String.IsEqual(Skin.String(HomeMenuItemSettings),17)">HomeMenuSettings</include>
        <include condition="String.IsEqual(Skin.String(HomeMenuItemPVR),17)">HomeMenuPVR</include>
        <include condition="String.IsEqual(Skin.String(HomeMenuItemRadio),17)">HomeMenuRadio</include>
        <include condition="String.IsEqual(Skin.String(HomeMenuItemNews),17)">HomeMenuNews</include>
        <include condition="String.IsEmpty(Skin.String(HomeMenuItemCustom8))">HomeMenuCustom8</include>
    </include>
    <include name="HomeMenuPosition18">
        <include condition="String.IsEqual(Skin.String(HomeMenuItemMusic),18)">HomeMenuMusic</include>
        <include condition="String.IsEqual(Skin.String(HomeMenuItemVideo),18)">HomeMenuVideo</include>
        <include condition="String.IsEqual(Skin.String(HomeMenuItemMovie),18)">HomeMenuMovie</include>
        <include condition="String.IsEqual(Skin.String(HomeMenuItemDashboard),18)">HomeMenuDashboard</include>
        <include condition="String.IsEqual(Skin.String(HomeMenuItemTVShows),18)">HomeMenuTVShows</include>
        <include condition="String.IsEqual(Skin.String(HomeMenuItemMusicvideos),18)">HomeMenuMusicvideos</include>
        <include condition="String.IsEqual(Skin.String(HomeMenuItemPictures),18)">HomeMenuPictures</include>
        <include condition="String.IsEqual(Skin.String(HomeMenuItemWeather),18)">HomeMenuWeather</include>
        <include condition="String.IsEqual(Skin.String(HomeMenuItemPlayDisc),18)">HomeMenuPlayDisc</include>
        <include condition="String.IsEqual(Skin.String(HomeMenuItemCustom1),18)">HomeMenuCustom1</include>
        <include condition="String.IsEqual(Skin.String(HomeMenuItemCustom2),18)">HomeMenuCustom2</include>
        <include condition="String.IsEqual(Skin.String(HomeMenuItemCustom3),18)">HomeMenuCustom3</include>
        <include condition="String.IsEqual(Skin.String(HomeMenuItemCustom4),18)">HomeMenuCustom4</include>
        <include condition="String.IsEqual(Skin.String(HomeMenuItemCustom5),18)">HomeMenuCustom5</include>
        <include condition="String.IsEqual(Skin.String(HomeMenuItemCustom6),18)">HomeMenuCustom6</include>
        <include condition="String.IsEqual(Skin.String(HomeMenuItemCustom7),18)">HomeMenuCustom7</include>
        <include condition="String.IsEqual(Skin.String(HomeMenuItemCustom8),18)">HomeMenuCustom8</include>
        <include condition="String.IsEqual(Skin.String(HomeMenuItemCustom9),18)">HomeMenuCustom9</include>
        <include condition="String.IsEqual(Skin.String(HomeMenuItemSettings),18)">HomeMenuSettings</include>
        <include condition="String.IsEqual(Skin.String(HomeMenuItemPVR),18)">HomeMenuPVR</include>
        <include condition="String.IsEqual(Skin.String(HomeMenuItemNews),18)">HomeMenuNews</include>
        <include condition="String.IsEmpty(Skin.String(HomeMenuItemCustom9))">HomeMenuCustom9</include>
    </include>
    <include name="HomeMenuPosition19">
        <include condition="String.IsEqual(Skin.String(HomeMenuItemMusic),19)">HomeMenuMusic</include>
        <include condition="String.IsEqual(Skin.String(HomeMenuItemVideo),19)">HomeMenuVideo</include>
        <include condition="String.IsEqual(Skin.String(HomeMenuItemMovie),19)">HomeMenuMovie</include>
        <include condition="String.IsEqual(Skin.String(HomeMenuItemDashboard),19)">HomeMenuDashboard</include>
        <include condition="String.IsEqual(Skin.String(HomeMenuItemTVShows),19)">HomeMenuTVShows</include>
        <include condition="String.IsEqual(Skin.String(HomeMenuItemMusicvideos),19)">HomeMenuMusicvideos</include>
        <include condition="String.IsEqual(Skin.String(HomeMenuItemPictures),19)">HomeMenuPictures</include>
        <include condition="String.IsEqual(Skin.String(HomeMenuItemWeather),19)">HomeMenuWeather</include>
        <include condition="String.IsEqual(Skin.String(HomeMenuItemPlayDisc),19)">HomeMenuPlayDisc</include>
        <include condition="String.IsEqual(Skin.String(HomeMenuItemCustom1),19)">HomeMenuCustom1</include>
        <include condition="String.IsEqual(Skin.String(HomeMenuItemCustom2),19)">HomeMenuCustom2</include>
        <include condition="String.IsEqual(Skin.String(HomeMenuItemCustom3),19)">HomeMenuCustom3</include>
        <include condition="String.IsEqual(Skin.String(HomeMenuItemCustom4),19)">HomeMenuCustom4</include>
        <include condition="String.IsEqual(Skin.String(HomeMenuItemCustom5),19)">HomeMenuCustom5</include>
        <include condition="String.IsEqual(Skin.String(HomeMenuItemCustom6),19)">HomeMenuCustom6</include>
        <include condition="String.IsEqual(Skin.String(HomeMenuItemCustom7),19)">HomeMenuCustom7</include>
        <include condition="String.IsEqual(Skin.String(HomeMenuItemCustom8),19)">HomeMenuCustom8</include>
        <include condition="String.IsEqual(Skin.String(HomeMenuItemCustom9),19)">HomeMenuCustom9</include>
        <include condition="String.IsEqual(Skin.String(HomeMenuItemSettings),19)">HomeMenuSettings</include>
        <include condition="String.IsEqual(Skin.String(HomeMenuItemPVR),19)">HomeMenuPVR</include>
        <include condition="String.IsEqual(Skin.String(HomeMenuItemRadio),19)">HomeMenuRadio</include>
        <include condition="String.IsEqual(Skin.String(HomeMenuItemNews),19)">HomeMenuNews</include>
        <include condition="String.IsEmpty(Skin.String(HomeMenuItemSettings))">HomeMenuSettings</include>
    </include>
    <include name="HomeMenuPosition20">
        <include condition="String.IsEqual(Skin.String(HomeMenuItemMusic),20)">HomeMenuMusic</include>
        <include condition="String.IsEqual(Skin.String(HomeMenuItemVideo),20)">HomeMenuVideo</include>
        <include condition="String.IsEqual(Skin.String(HomeMenuItemMovie),20)">HomeMenuMovie</include>
        <include condition="String.IsEqual(Skin.String(HomeMenuItemDashboard),20)">HomeMenuDashboard</include>
        <include condition="String.IsEqual(Skin.String(HomeMenuItemTVShows),20)">HomeMenuTVShows</include>
        <include condition="String.IsEqual(Skin.String(HomeMenuItemMusicvideos),20)">HomeMenuMusicvideos</include>
        <include condition="String.IsEqual(Skin.String(HomeMenuItemPictures),20)">HomeMenuPictures</include>
        <include condition="String.IsEqual(Skin.String(HomeMenuItemWeather),20)">HomeMenuWeather</include>
        <include condition="String.IsEqual(Skin.String(HomeMenuItemPlayDisc),20)">HomeMenuPlayDisc</include>
        <include condition="String.IsEqual(Skin.String(HomeMenuItemCustom1),20)">HomeMenuCustom1</include>
        <include condition="String.IsEqual(Skin.String(HomeMenuItemCustom2),20)">HomeMenuCustom2</include>
        <include condition="String.IsEqual(Skin.String(HomeMenuItemCustom3),20)">HomeMenuCustom3</include>
        <include condition="String.IsEqual(Skin.String(HomeMenuItemCustom4),20)">HomeMenuCustom4</include>
        <include condition="String.IsEqual(Skin.String(HomeMenuItemCustom5),20)">HomeMenuCustom5</include>
        <include condition="String.IsEqual(Skin.String(HomeMenuItemCustom6),20)">HomeMenuCustom6</include>
        <include condition="String.IsEqual(Skin.String(HomeMenuItemCustom7),20)">HomeMenuCustom7</include>
        <include condition="String.IsEqual(Skin.String(HomeMenuItemCustom8),20)">HomeMenuCustom8</include>
        <include condition="String.IsEqual(Skin.String(HomeMenuItemCustom9),20)">HomeMenuCustom9</include>
        <include condition="String.IsEqual(Skin.String(HomeMenuItemSettings),20)">HomeMenuSettings</include>
        <include condition="String.IsEqual(Skin.String(HomeMenuItemPVR),20)">HomeMenuPVR</include>
        <include condition="String.IsEqual(Skin.String(HomeMenuItemRadio),20)">HomeMenuRadio</include>
        <include condition="String.IsEqual(Skin.String(HomeMenuItemNews),20)">HomeMenuNews</include>
        <include condition="String.IsEmpty(Skin.String(HomeMenuItemPVR))">HomeMenuPVR</include>
    </include>
    <include name="HomeMenuPosition21">
        <include condition="String.IsEqual(Skin.String(HomeMenuItemMusic),21)">HomeMenuMusic</include>
        <include condition="String.IsEqual(Skin.String(HomeMenuItemVideo),21)">HomeMenuVideo</include>
        <include condition="String.IsEqual(Skin.String(HomeMenuItemMovie),21)">HomeMenuMovie</include>
        <include condition="String.IsEqual(Skin.String(HomeMenuItemDashboard),21)">HomeMenuDashboard</include>
        <include condition="String.IsEqual(Skin.String(HomeMenuItemTVShows),21)">HomeMenuTVShows</include>
        <include condition="String.IsEqual(Skin.String(HomeMenuItemMusicvideos),21)">HomeMenuMusicvideos</include>
        <include condition="String.IsEqual(Skin.String(HomeMenuItemPictures),21)">HomeMenuPictures</include>
        <include condition="String.IsEqual(Skin.String(HomeMenuItemWeather),21)">HomeMenuWeather</include>
        <include condition="String.IsEqual(Skin.String(HomeMenuItemPlayDisc),21)">HomeMenuPlayDisc</include>
        <include condition="String.IsEqual(Skin.String(HomeMenuItemCustom1),21)">HomeMenuCustom1</include>
        <include condition="String.IsEqual(Skin.String(HomeMenuItemCustom2),21)">HomeMenuCustom2</include>
        <include condition="String.IsEqual(Skin.String(HomeMenuItemCustom3),21)">HomeMenuCustom3</include>
        <include condition="String.IsEqual(Skin.String(HomeMenuItemCustom4),21)">HomeMenuCustom4</include>
        <include condition="String.IsEqual(Skin.String(HomeMenuItemCustom5),21)">HomeMenuCustom5</include>
        <include condition="String.IsEqual(Skin.String(HomeMenuItemCustom6),21)">HomeMenuCustom6</include>
        <include condition="String.IsEqual(Skin.String(HomeMenuItemCustom7),21)">HomeMenuCustom7</include>
        <include condition="String.IsEqual(Skin.String(HomeMenuItemCustom8),21)">HomeMenuCustom8</include>
        <include condition="String.IsEqual(Skin.String(HomeMenuItemCustom9),21)">HomeMenuCustom9</include>
        <include condition="String.IsEqual(Skin.String(HomeMenuItemSettings),21)">HomeMenuSettings</include>
        <include condition="String.IsEqual(Skin.String(HomeMenuItemPVR),21)">HomeMenuPVR</include>
        <include condition="String.IsEqual(Skin.String(HomeMenuItemNews),21)">HomeMenuNews</include>
        <include condition="String.IsEqual(Skin.String(HomeMenuItemRadio),21)">HomeMenuRadio</include>
        <include condition="String.IsEmpty(Skin.String(HomeMenuItemRadio))">HomeMenuRadio</include>
    </include>
    <include name="HomeMenuPosition22">
        <include condition="String.IsEqual(Skin.String(HomeMenuItemMusic),22)">HomeMenuMusic</include>
        <include condition="String.IsEqual(Skin.String(HomeMenuItemVideo),22)">HomeMenuVideo</include>
        <include condition="String.IsEqual(Skin.String(HomeMenuItemMovie),22)">HomeMenuMovie</include>
        <include condition="String.IsEqual(Skin.String(HomeMenuItemDashboard),22)">HomeMenuDashboard</include>
        <include condition="String.IsEqual(Skin.String(HomeMenuItemTVShows),22)">HomeMenuTVShows</include>
        <include condition="String.IsEqual(Skin.String(HomeMenuItemMusicvideos),22)">HomeMenuMusicvideos</include>
        <include condition="String.IsEqual(Skin.String(HomeMenuItemPictures),22)">HomeMenuPictures</include>
        <include condition="String.IsEqual(Skin.String(HomeMenuItemWeather),22)">HomeMenuWeather</include>
        <include condition="String.IsEqual(Skin.String(HomeMenuItemPlayDisc),22)">HomeMenuPlayDisc</include>
        <include condition="String.IsEqual(Skin.String(HomeMenuItemCustom1),22)">HomeMenuCustom1</include>
        <include condition="String.IsEqual(Skin.String(HomeMenuItemCustom2),22)">HomeMenuCustom2</include>
        <include condition="String.IsEqual(Skin.String(HomeMenuItemCustom3),22)">HomeMenuCustom3</include>
        <include condition="String.IsEqual(Skin.String(HomeMenuItemCustom4),22)">HomeMenuCustom4</include>
        <include condition="String.IsEqual(Skin.String(HomeMenuItemCustom5),22)">HomeMenuCustom5</include>
        <include condition="String.IsEqual(Skin.String(HomeMenuItemCustom6),22)">HomeMenuCustom6</include>
        <include condition="String.IsEqual(Skin.String(HomeMenuItemCustom7),22)">HomeMenuCustom7</include>
        <include condition="String.IsEqual(Skin.String(HomeMenuItemCustom8),22)">HomeMenuCustom8</include>
        <include condition="String.IsEqual(Skin.String(HomeMenuItemCustom9),22)">HomeMenuCustom9</include>
        <include condition="String.IsEqual(Skin.String(HomeMenuItemSettings),22)">HomeMenuSettings</include>
        <include condition="String.IsEqual(Skin.String(HomeMenuItemPVR),22)">HomeMenuPVR</include>
        <include condition="String.IsEqual(Skin.String(HomeMenuItemRadio),22)">HomeMenuRadio</include>
        <include condition="String.IsEqual(Skin.String(HomeMenuItemNews),22)">HomeMenuNews</include>
        <include condition="String.IsEmpty(Skin.String(HomeMenuItemNews))">HomeMenuNews</include>
    </include>
    <include name="HomeMenuContent">
        <include>HomeMenuPosition1</include>
        <include>HomeMenuPosition2</include>
        <include>HomeMenuPosition3</include>
        <include>HomeMenuPosition4</include>
        <include>HomeMenuPosition5</include>
        <include>HomeMenuPosition6</include>
        <include>HomeMenuPosition7</include>
        <include>HomeMenuPosition8</include>
        <include>HomeMenuPosition9</include>
        <include>HomeMenuPosition10</include>
        <include>HomeMenuPosition11</include>
        <include>HomeMenuPosition12</include>
        <include>HomeMenuPosition13</include>
        <include>HomeMenuPosition14</include>
        <include>HomeMenuPosition15</include>
        <include>HomeMenuPosition16</include>
        <include>HomeMenuPosition17</include>
        <include>HomeMenuPosition18</include>
        <include>HomeMenuPosition19</include>
        <include>HomeMenuPosition20</include>
        <include>HomeMenuPosition21</include>
        <include>HomeMenuPosition22</include>
    </include>
    <include name="HomeMenuMusic">
        <item id="2">
            <description>Music Library</description>
            <label>$VAR[Home_Music_Label]</label>
            <label2>$VAR[backgroundfolder]home_music$VAR[bkg_fileext]</label2>
            <icon>$INFO[Skin.String(user_bkg_music)]</icon>
            <property name="homemenu_id">music</property>
            <property name="homemenu_category">$VAR[Home_Music_Category]</property>
            <property name="homemenu_path">$INFO[Skin.String(Home_Music_Custom_Path)]</property>
            <onclick condition="Window.IsVisible(Home)+!Skin.HasSetting(Home_Music_Button)">ActivateWindow(Music,root,return)</onclick>
            <onclick condition="Window.IsVisible(Home)+Skin.HasSetting(Home_Music_Button)">ActivateWindow($VAR[Home_Music_SubCategory],$INFO[Skin.String(Home_Music_Custom_Path)],return)</onclick>
            <onclick condition="!Window.IsVisible(Home)">Skin.SetImage(user_bkg_music,smb://)</onclick>
            <onclick condition="!Window.IsVisible(Home)">Container.Refresh</onclick>
            <visible>!Skin.HasSetting(HomeMenuNoMusicButton)</visible>
            <!-- <visible>!Skin.HasSetting(HomeMenuNoMusicButton)+Library.HasContent(Music)</visible> -->
        </item>
        <!-- <item id="2">
            <description>Music Files</description>
            <label>2</label>
            <label2>$VAR[backgroundfolder]home_music$VAR[bkg_fileext]</label2>
            <icon>$INFO[Skin.String(user_bkg_music)]</icon>
            <property name="homemenu_id">music</property>
            <onclick condition="Window.IsVisible(Home)">ActivateWindow(Music,Files,return)</onclick>
            <onclick condition="!Window.IsVisible(Home)">Skin.SetImage(user_bkg_music,smb://)</onclick>
            <visible>!Skin.HasSetting(HomeMenuNoMusicButton)+!Library.HasContent(Music)</visible>
        </item> -->
    </include>
    <include name="HomeMenuVideo">
        <item id="3">
            <description>Video Files</description>
            <label>$VAR[Home_Video_Label]</label>
            <label2>$VAR[backgroundfolder]home_video$VAR[bkg_fileext]</label2>
            <icon>$INFO[Skin.String(user_bkg_video)]</icon>
            <property name="homemenu_id">videos</property>
            <property name="homemenu_label">$VAR[Home_Video_Label]</property>
            <property name="homemenu_category">$VAR[Home_Video_Category]</property>
            <property name="homemenu_path">$INFO[Skin.String(Home_Video_Custom_Path)]</property>
            <onclick condition="Window.IsVisible(Home)+!Skin.HasSetting(Home_Video_Button)+!Skin.HasSetting(HomeMenuVideosToFiles)">ActivateWindow(videos,root,return)</onclick>
            <onclick condition="Window.IsVisible(Home)+!Skin.HasSetting(Home_Video_Button)+Skin.HasSetting(HomeMenuVideosToFiles)">ActivateWindow(videos,files,return)</onclick>
            <onclick condition="Window.IsVisible(Home)+Skin.HasSetting(Home_Video_Button)">ActivateWindow($VAR[Home_Video_SubCategory],$INFO[Skin.String(Home_Video_Custom_Path)],return)</onclick>
            <onclick condition="!Window.IsVisible(Home)">Skin.SetImage(user_bkg_video,smb://)</onclick>
            <visible>!Skin.HasSetting(HomeMenuNoVideosButton)</visible>
        </item>
    </include>
    <include name="HomeMenuMovie">
        <item id="4">
            <description>Movie Library</description>
            <label>$VAR[Home_Movie_Label]</label>
            <label2>$VAR[backgroundfolder]home_movie$VAR[bkg_fileext]</label2>
            <icon>$INFO[Skin.String(user_bkg_movie)]</icon>
            <property name="homemenu_id">movies</property>
            <property name="homemenu_category">$VAR[Home_Movie_Category]</property>
            <property name="homemenu_path">$INFO[Skin.String(Home_Movie_Custom_Path)]</property>
            <onclick condition="Window.IsVisible(Home)+!Skin.HasSetting(Home_Movie_Button)+Library.HasContent(movies)">ActivateWindow(Videos,videodb://movies/titles/,return)</onclick>
            <onclick condition="Window.IsVisible(Home)+!Skin.HasSetting(Home_Movie_Button)+!Library.HasContent(movies)">ActivateWindow(Videos,sources://video/,return)</onclick>
            <onclick condition="Window.IsVisible(Home)+Skin.HasSetting(Home_Movie_Button)">ActivateWindow($VAR[Home_Movie_SubCategory],$INFO[Skin.String(Home_Movie_Custom_Path)],return)</onclick>
            <onclick condition="!Window.IsVisible(Home)">Skin.SetImage(user_bkg_movie,smb://)</onclick>
            <visible>!Skin.HasSetting(HomeMenuNoMovieButton)</visible>
        </item>
    </include>
    <include name="HomeMenuDashboard">
        <item id="5">
            <description>Addons</description>
            <label>Dashboard</label>
            <label2>$VAR[backgroundfolder]home_addons$VAR[bkg_fileext]</label2>
            <icon>$INFO[Skin.String(user_bkg_dashboard)]</icon>
            <property name="homemenu_id">dashboard</property>
            <onclick condition="Window.IsVisible(Home)">ActivateWindow(1200)</onclick>
            <onclick condition="!Window.IsVisible(Home)">Skin.SetImage(user_bkg_dashboard,smb://)</onclick>
            <visible>!Skin.HasSetting(HomeMenuNoProgramsButton)</visible>
        </item>
    </include>
    <include name="HomeMenuTVShows">
        <item id="6">
            <description>TV Show Library</description>
            <label>$VAR[Home_TVShow_Label]</label>
            <label2>$VAR[backgroundfolder]home_tvshows$VAR[bkg_fileext]</label2>
            <icon>$INFO[Skin.String(user_bkg_tvshow)]</icon>
            <property name="homemenu_id">tvshow</property>
            <property name="homemenu_category">$VAR[Home_TVShow_Category]</property>
            <property name="homemenu_path">$INFO[Skin.String(Home_TVShow_Custom_Path)]</property>
            <onclick condition="Window.IsVisible(Home)+!Skin.HasSetting(Home_TVShow_Button)+Library.HasContent(tvshows)">ActivateWindow(Videos,videodb://tvshows/titles/,return)</onclick>
            <onclick condition="Window.IsVisible(Home)+!Skin.HasSetting(Home_TVShow_Button)+!Library.HasContent(tvshows)">ActivateWindow(Videos,sources://video/,return)</onclick>
            <onclick condition="Window.IsVisible(Home)+Skin.HasSetting(Home_TVShow_Button)">ActivateWindow($VAR[Home_TVShow_SubCategory],$INFO[Skin.String(Home_TVShow_Custom_Path)],return)</onclick>
            <onclick condition="!Window.IsVisible(Home)">Skin.SetImage(user_bkg_tvshow,smb://)</onclick>
            <visible>!Skin.HasSetting(HomeMenuNoTVShowButton)</visible>
            <!-- <visible>!Skin.HasSetting(HomeMenuNoTVShowButton)+Library.HasContent(TVShows)</visible> -->
        </item>
    </include>
    <include name="HomeMenuMusicvideos">
        <item id="7">
            <description>Musicvideo Library</description>
            <label>$VAR[Home_MusicVideo_Label]</label>
            <label2>$VAR[backgroundfolder]home_musicvideos$VAR[bkg_fileext]</label2>
            <icon>$INFO[Skin.String(user_bkg_musicvideo)]</icon>
            <property name="homemenu_id">musicvideo</property>
            <property name="homemenu_category">$VAR[Home_MusicVideo_Category]</property>
            <property name="homemenu_path">$INFO[Skin.String(Home_MusicVideo_Custom_Path)]</property>
            <onclick condition="Window.IsVisible(Home)+!Skin.HasSetting(Home_MusicVideo_Button)">ActivateWindow(Videos,Musicvideos,return)</onclick>
            <onclick condition="Window.IsVisible(Home)+Skin.HasSetting(Home_MusicVideo_Button)">ActivateWindow($VAR[Home_MusicVideo_SubCategory],$INFO[Skin.String(Home_MusicVideo_Custom_Path)],return)</onclick>
            <onclick condition="!Window.IsVisible(Home)">Skin.SetImage(user_bkg_musicvideo,smb://)</onclick>
            <visible>!Skin.HasSetting(HomeMenuNoMusicVideos)</visible>
            <!-- <visible>!Skin.HasSetting(HomeMenuNoMusicVideos)+Library.HasContent(MusicVideos)</visible> -->
        </item>
    </include>
    <include name="HomeMenuPictures">
        <item id="8">
            <description>Pictures</description>
            <label>$VAR[Home_Picture_Label]</label>
            <label2>$VAR[backgroundfolder]home_pictures$VAR[bkg_fileext]</label2>
            <icon>$INFO[Skin.String(user_bkg_pictures)]</icon>
            <property name="homemenu_id">picture</property>
            <property name="homemenu_category">$VAR[Home_Picture_Category]</property>
            <property name="homemenu_path">$INFO[Skin.String(Home_Picture_Custom_Path)]</property>
            <onclick condition="Window.IsVisible(Home)+!Skin.HasSetting(Home_Picture_Button)">ActivateWindow(Pictures)</onclick>
            <onclick condition="Window.IsVisible(Home)+Skin.HasSetting(Home_Picture_Button)">ActivateWindow($VAR[Home_Picture_SubCategory],$INFO[Skin.String(Home_Picture_Custom_Path)],return)</onclick>
            <onclick condition="!Window.IsVisible(Home)">Skin.SetImage(user_bkg_pictures,smb://)</onclick>
            <visible>!Skin.HasSetting(HomeMenuNoPictureButton)</visible>
        </item>
    </include>
    <include name="HomeMenuWeather">
        <item id="9">
            <description>Weather</description>
            <label>8</label>
            <label2>$VAR[backgroundfolderweather]</label2>
            <icon>$INFO[Skin.String(user_bkg_weather)]</icon>
            <property name="homemenu_id">weather</property>
            <onclick condition="Window.IsVisible(Home)+!String.IsEmpty(Weather.Plugin)">ActivateWindow(weather)</onclick>
            <onclick condition="Window.IsVisible(Home)+String.IsEmpty(Weather.Plugin)">ActivateWindow(servicesettings,weather)</onclick>
            <onclick condition="!Window.IsVisible(Home)">Skin.SetImage(user_bkg_weather,smb://)</onclick>
            <visible>!Skin.HasSetting(HomeMenuNoWeatherButton)</visible>
        </item>
    </include>
    <include name="HomeMenuPlayDisc">
        <item id="10">
            <description>PlayDVD</description>
            <label>427</label>
            <label2>$VAR[backgroundfolder]home_disc$VAR[bkg_fileext]</label2>
            <icon>$INFO[Skin.String(user_bkg_dvd)]</icon>
            <property name="homemenu_id">playdisc</property>
            <onclick condition="Window.IsVisible(Home)">PlayDVD()</onclick>
            <onclick condition="!Window.IsVisible(Home)">Skin.SetImage(user_bkg_dvd,smb://)</onclick>
            <visible>!Skin.HasSetting(HomeMenuNoDVDButton)+System.HasMediaDVD</visible>
        </item>
    </include>
    <include name="HomeMenuCustom1">
        <item id="11">
            <description>Custom 1</description>
            <label>$VAR[Home_Custom1_Label]</label>
            <label2>$VAR[backgroundfolder]home_custom1$VAR[bkg_fileext]</label2>
            <icon>$INFO[Skin.String(user_bkg_custom1)]</icon>
            <property name="homemenu_id">custom1</property>
            <property name="homemenu_category">$VAR[Home_Custom1_Category]</property>
            <property name="homemenu_path">$INFO[Skin.String(Home_Custom1_Custom_Path)]</property>
            <onclick condition="Window.IsVisible(Home)+!Skin.HasSetting(Home_Custom1_Button)">SetProperty(HomeButton,custom1,home)</onclick>
            <onclick condition="Window.IsVisible(Home)+!Skin.HasSetting(Home_Custom1_Button)">ActivateWindow(1501)</onclick>
            <onclick condition="Window.IsVisible(Home)+Skin.HasSetting(Home_Custom1_Button)">ActivateWindow($VAR[Home_Custom1_SubCategory],$INFO[Skin.String(Home_Custom1_Custom_Path)],return)</onclick>
            <onclick condition="!Window.IsVisible(Home)">Skin.SetImage(user_bkg_custom1,smb://)</onclick>
            <visible>Skin.HasSetting(Home_Custom1_Button)</visible>
        </item>
    </include>
    <include name="HomeMenuCustom2">
        <item id="12">
            <description>Custom 1</description>
            <label>$VAR[Home_Custom2_Label]</label>
            <label2>$VAR[backgroundfolder]home_custom2$VAR[bkg_fileext]</label2>
            <icon>$INFO[Skin.String(user_bkg_custom2)]</icon>
            <property name="homemenu_id">custom2</property>
            <property name="homemenu_category">$VAR[Home_Custom2_Category]</property>
            <property name="homemenu_path">$INFO[Skin.String(Home_Custom2_Custom_Path)]</property>
            <onclick condition="Window.IsVisible(Home)+!Skin.HasSetting(Home_Custom2_Button)">SetProperty(HomeButton,custom2,home)</onclick>
            <onclick condition="Window.IsVisible(Home)+!Skin.HasSetting(Home_Custom2_Button)">ActivateWindow(1501)</onclick>
            <onclick condition="Window.IsVisible(Home)+Skin.HasSetting(Home_Custom2_Button)">ActivateWindow($VAR[Home_Custom2_SubCategory],$INFO[Skin.String(Home_Custom2_Custom_Path)],return)</onclick>
            <onclick condition="!Window.IsVisible(Home)">Skin.SetImage(user_bkg_custom2,smb://)</onclick>
            <visible>Skin.HasSetting(Home_Custom2_Button)</visible>
        </item>
    </include>
    <include name="HomeMenuCustom3">
        <item id="13">
            <description>Custom 1</description>
            <label>$VAR[Home_Custom3_Label]</label>
            <label2>$VAR[backgroundfolder]home_custom3$VAR[bkg_fileext]</label2>
            <icon>$INFO[Skin.String(user_bkg_custom3)]</icon>
            <property name="homemenu_id">custom3</property>
            <property name="homemenu_category">$VAR[Home_Custom3_Category]</property>
            <property name="homemenu_path">$INFO[Skin.String(Home_Custom3_Custom_Path)]</property>
            <onclick condition="Window.IsVisible(Home)+!Skin.HasSetting(Home_Custom3_Button)">SetProperty(HomeButton,custom3,home)</onclick>
            <onclick condition="Window.IsVisible(Home)+!Skin.HasSetting(Home_Custom3_Button)">ActivateWindow(1501)</onclick>
            <onclick condition="Window.IsVisible(Home)+Skin.HasSetting(Home_Custom3_Button)">ActivateWindow($VAR[Home_Custom3_SubCategory],$INFO[Skin.String(Home_Custom3_Custom_Path)],return)</onclick>
            <onclick condition="!Window.IsVisible(Home)">Skin.SetImage(user_bkg_custom3,smb://)</onclick>
            <visible>Skin.HasSetting(Home_Custom3_Button)</visible>
        </item>
    </include>
    <include name="HomeMenuCustom4">
        <item id="14">
            <description>Custom 1</description>
            <label>$VAR[Home_Custom4_Label]</label>
            <label2>$VAR[backgroundfolder]home_custom4$VAR[bkg_fileext]</label2>
            <icon>$INFO[Skin.String(user_bkg_custom4)]</icon>
            <property name="homemenu_id">custom4</property>
            <property name="homemenu_category">$VAR[Home_Custom4_Category]</property>
            <property name="homemenu_path">$INFO[Skin.String(Home_Custom4_Custom_Path)]</property>
            <onclick condition="Window.IsVisible(Home)+!Skin.HasSetting(Home_Custom4_Button)">SetProperty(HomeButton,custom4,home)</onclick>
            <onclick condition="Window.IsVisible(Home)+!Skin.HasSetting(Home_Custom4_Button)">ActivateWindow(1501)</onclick>
            <onclick condition="Window.IsVisible(Home)+Skin.HasSetting(Home_Custom4_Button)">ActivateWindow($VAR[Home_Custom4_SubCategory],$INFO[Skin.String(Home_Custom4_Custom_Path)],return)</onclick>
            <onclick condition="!Window.IsVisible(Home)">Skin.SetImage(user_bkg_custom4,smb://)</onclick>
            <visible>Skin.HasSetting(Home_Custom4_Button)</visible>
        </item>
    </include>
    <include name="HomeMenuCustom5">
        <item id="15">
            <description>Custom 1</description>
            <label>$VAR[Home_Custom5_Label]</label>
            <label2>$VAR[backgroundfolder]home_custom5$VAR[bkg_fileext]</label2>
            <icon>$INFO[Skin.String(user_bkg_custom5)]</icon>
            <property name="homemenu_id">custom5</property>
            <property name="homemenu_category">$VAR[Home_Custom5_Category]</property>
            <property name="homemenu_path">$INFO[Skin.String(Home_Custom5_Custom_Path)]</property>
            <onclick condition="Window.IsVisible(Home)+!Skin.HasSetting(Home_Custom5_Button)">SetProperty(HomeButton,custom5,home)</onclick>
            <onclick condition="Window.IsVisible(Home)+!Skin.HasSetting(Home_Custom5_Button)">ActivateWindow(1501)</onclick>
            <onclick condition="Window.IsVisible(Home)+Skin.HasSetting(Home_Custom5_Button)">ActivateWindow($VAR[Home_Custom5_SubCategory],$INFO[Skin.String(Home_Custom5_Custom_Path)],return)</onclick>
            <onclick condition="!Window.IsVisible(Home)">Skin.SetImage(user_bkg_custom5,smb://)</onclick>
            <visible>Skin.HasSetting(Home_Custom5_Button)</visible>
        </item>
    </include>
    <include name="HomeMenuCustom6">
        <item id="16">
            <description>Custom 1</description>
            <label>$VAR[Home_Custom6_Label]</label>
            <label2>$VAR[backgroundfolder]home_custom6$VAR[bkg_fileext]</label2>
            <icon>$INFO[Skin.String(user_bkg_custom6)]</icon>
            <property name="homemenu_id">custom6</property>
            <property name="homemenu_category">$VAR[Home_Custom6_Category]</property>
            <property name="homemenu_path">$INFO[Skin.String(Home_Custom6_Custom_Path)]</property>
            <onclick condition="Window.IsVisible(Home)+!Skin.HasSetting(Home_Custom6_Button)">SetProperty(HomeButton,custom6,home)</onclick>
            <onclick condition="Window.IsVisible(Home)+!Skin.HasSetting(Home_Custom6_Button)">ActivateWindow(1501)</onclick>
            <onclick condition="Window.IsVisible(Home)+Skin.HasSetting(Home_Custom6_Button)">ActivateWindow($VAR[Home_Custom6_SubCategory],$INFO[Skin.String(Home_Custom6_Custom_Path)],return)</onclick>
            <onclick condition="!Window.IsVisible(Home)">Skin.SetImage(user_bkg_custom6,smb://)</onclick>
            <visible>Skin.HasSetting(Home_Custom6_Button)</visible>
        </item>
    </include>
    <include name="HomeMenuCustom7">
        <item id="17">
            <description>Custom 1</description>
            <label>$VAR[Home_Custom7_Label]</label>
            <label2>$VAR[backgroundfolder]home_custom7$VAR[bkg_fileext]</label2>
            <icon>$INFO[Skin.String(user_bkg_custom7)]</icon>
            <property name="homemenu_id">custom7</property>
            <property name="homemenu_category">$VAR[Home_Custom7_Category]</property>
            <property name="homemenu_path">$INFO[Skin.String(Home_Custom7_Custom_Path)]</property>
            <onclick condition="Window.IsVisible(Home)+!Skin.HasSetting(Home_Custom7_Button)">SetProperty(HomeButton,custom7,home)</onclick>
            <onclick condition="Window.IsVisible(Home)+!Skin.HasSetting(Home_Custom7_Button)">ActivateWindow(1501)</onclick>
            <onclick condition="Window.IsVisible(Home)+Skin.HasSetting(Home_Custom7_Button)">ActivateWindow($VAR[Home_Custom7_SubCategory],$INFO[Skin.String(Home_Custom7_Custom_Path)],return)</onclick>
            <onclick condition="!Window.IsVisible(Home)">Skin.SetImage(user_bkg_custom7,smb://)</onclick>
            <visible>Skin.HasSetting(Home_Custom7_Button)</visible>
        </item>
    </include>
    <include name="HomeMenuCustom8">
        <item id="18">
            <description>Custom 1</description>
            <label>$VAR[Home_Custom8_Label]</label>
            <label2>$VAR[backgroundfolder]home_custom8$VAR[bkg_fileext]</label2>
            <icon>$INFO[Skin.String(user_bkg_custom8)]</icon>
            <property name="homemenu_id">custom8</property>
            <property name="homemenu_category">$VAR[Home_Custom8_Category]</property>
            <property name="homemenu_path">$INFO[Skin.String(Home_Custom8_Custom_Path)]</property>
            <onclick condition="Window.IsVisible(Home)+!Skin.HasSetting(Home_Custom8_Button)">SetProperty(HomeButton,custom8,home)</onclick>
            <onclick condition="Window.IsVisible(Home)+!Skin.HasSetting(Home_Custom8_Button)">ActivateWindow(1501)</onclick>
            <onclick condition="Window.IsVisible(Home)+Skin.HasSetting(Home_Custom8_Button)">ActivateWindow($VAR[Home_Custom8_SubCategory],$INFO[Skin.String(Home_Custom8_Custom_Path)],return)</onclick>
            <onclick condition="!Window.IsVisible(Home)">Skin.SetImage(user_bkg_custom8,smb://)</onclick>
            <visible>Skin.HasSetting(Home_Custom8_Button)</visible>
        </item>
    </include>
    <include name="HomeMenuCustom9">
        <item id="19">
            <description>Custom 1</description>
            <label>$VAR[Home_Custom9_Label]</label>
            <label2>$VAR[backgroundfolder]home_custom9$VAR[bkg_fileext]</label2>
            <icon>$INFO[Skin.String(user_bkg_custom9)]</icon>
            <property name="homemenu_id">custom9</property>
            <property name="homemenu_category">$VAR[Home_Custom9_Category]</property>
            <property name="homemenu_path">$INFO[Skin.String(Home_Custom9_Custom_Path)]</property>
            <onclick condition="Window.IsVisible(Home)+!Skin.HasSetting(Home_Custom9_Button)">SetProperty(HomeButton,custom9,home)</onclick>
            <onclick condition="Window.IsVisible(Home)+!Skin.HasSetting(Home_Custom9_Button)">ActivateWindow(1501)</onclick>
            <onclick condition="Window.IsVisible(Home)+Skin.HasSetting(Home_Custom9_Button)">ActivateWindow($VAR[Home_Custom9_SubCategory],$INFO[Skin.String(Home_Custom9_Custom_Path)],return)</onclick>
            <onclick condition="!Window.IsVisible(Home)">Skin.SetImage(user_bkg_custom9,smb://)</onclick>
            <visible>Skin.HasSetting(Home_Custom9_Button)</visible>
        </item>
    </include>
    <include name="HomeMenuSettings">
        <item id="20">
            <description>System</description>
            <label>13000</label>
            <label2>$VAR[backgroundfolder]home_settings$VAR[bkg_fileext]</label2>
            <icon>$INFO[Skin.String(user_bkg_settings)]</icon>
            <property name="homemenu_id">setting</property>
            <onclick condition="Window.IsVisible(Home)">ActivateWindow(settings)</onclick>
            <onclick condition="!Window.IsVisible(Home)">Skin.SetImage(user_bkg_settings)</onclick>
            <visible>!Skin.HasSetting(HomeMenuNoSettingsButton)|[Skin.HasSetting(HomeMenuNoPvrButton)+Skin.HasSetting(HomeMenuNoProgramsButton)+Skin.HasSetting(HomeMenuNoDVDButton)+Skin.HasSetting(HomeMenuNoWeatherButton)+Skin.HasSetting(HomeMenuNoTVShowButton)+Skin.HasSetting(HomeMenuNoMovieButton)+Skin.HasSetting(HomeMenuNoPictureButton)+Skin.HasSetting(HomeMenuNoMusicButton)+Skin.HasSetting(HomeMenuNoVideosButton)]</visible>
        </item>
    </include>
    <include name="HomeMenuPVR">
        <item id="21">
            <description>PVR</description>
            <label>31502</label>
            <label2>$VAR[backgroundfolder]home_livetv$VAR[bkg_fileext]</label2>
            <icon>$INFO[Skin.String(user_bkg_pvr)]</icon>
            <property name="homemenu_id">pvr</property>
            <onclick condition="Window.IsVisible(Home)">ActivateWindow(TVChannels)</onclick>
            <onclick condition="!Window.IsVisible(Home)">Skin.SetImage(user_bkg_pvr,smb://)</onclick>
            <visible>PVR.HasTVChannels</visible>
            <visible>!Skin.HasSetting(HomeMenuNoPvrButton)</visible>
        </item>
    </include>
    <include name="HomeMenuRadio">
        <item id="22">
            <label>31960</label>
            <label2>$VAR[backgroundfolder]home_custom8$VAR[bkg_fileext]</label2>
            <icon>$INFO[Skin.String(user_bkg_radio)]</icon>
            <property name="homemenu_id">radio</property>
            <onclick condition="Window.IsVisible(Home)">ActivateWindow(RadioChannels)</onclick>
            <onclick condition="!Window.IsVisible(Home)">Skin.SetImage(user_bkg_radio,smb://)</onclick>
            <visible>PVR.HasRadioChannels</visible>
            <visible>!Skin.HasSetting(HomeMenuNoRadioButton)</visible>
        </item>
    </include>
    <include name="HomeMenuNews">
        <item id="23">
            <label>NEWS</label>
            <label2>$VAR[backgroundfolder]home_news$VAR[bkg_fileext]</label2>
            <icon>$INFO[Skin.String(user_bkg_news)]</icon>
            <property name="homemenu_id">news</property>
            <onclick condition="Window.IsVisible(Home)+System.HasAddon(plugin.program.newscenter)">ActivateWindow(4117)</onclick>
            <onclick condition="!Window.IsVisible(Home)">Skin.SetImage(user_bkg_news,smb://)</onclick>
            <visible>!Skin.HasSetting(HomeMenuNoNewsButton)</visible>
            <visible>System.HasAddon(plugin.service.gto)|System.HasAddon(plugin.program.newscenter)|System.HasAddon(plugin.program.serienplaner)</visible>
        </item>
    </include>
    <include name="HomeMenu">
        <control type="group">
            <!-- menulayout inkl. neonslide -->
			<height>86</height>
            <animation effect="slide" start="0,0" end="0,-112" time="400" delay="250" condition="Window.IsVisible(favourites)">Conditional</animation>
            <control type="image">
                <left>-8</left>
                <top>800</top>
                <width>1935</width>
                <height>86</height>
                <texture background="true">BlackBack.png</texture>
            </control>
            <control type="image">
                <left>-8</left>
                <top>795</top>
                <width>1935</width>
                <height>97</height>
                <colordiffuse>$VAR[BackgroundOverlayColor]</colordiffuse>
                <texture background="true">MenuStripe.png</texture>
            </control>
            <control type="group">
                <visible>Skin.HasSetting(NeonSlide)</visible>
                <description>NeonSlide</description>
                <control type="image">
                    <left>1980</left>
                    <top>796</top>
                    <width>150</width>
                    <height>8</height>
                    <include>neonslide</include>
                    <texture background="true">effects/lightning.png</texture>
                </control>
                <control type="image">
                    <left>2010</left>
                    <top>880</top>
                    <width>150</width>
                    <height>8</height>
                    <include>neonslide</include>
                    <texture background="true">effects/lightning.png</texture>
                </control>
                <control type="image">
                    <left>1755</left>
                    <top>740</top>
                    <width>600</width>
                    <height>120</height>
                    <animation type="Conditional" reversible="false" condition="Window.IsActive(Home)" loop="true">
                        <effect type="fade" start="0" end="100" time="500" delay="9000" />
                        <effect type="slide" start="0,0" end="-2400,0" time="12000" loop="false" delay="2000" />
                        <effect type="fade" start="100" end="0" time="500" delay="9400" />
                        <effect type="slide" start="0,0" end="0,0" time="10000" delay="10000" loop="false" />
                    </animation>
                    <texture>effects/supernova.png</texture>
                </control>
            </control>
            <control type="image">
                <left>-8</left>
                <top>800</top>
                <width>1935</width>
                <height>1</height>
                <texture background="true">Separator2.png</texture>
            </control>
            <control type="image">
                <left>-8</left>
                <top>884</top>
                <width>1935</width>
                <height>1</height>
                <texture background="true">Separator2.png</texture>
            </control>
			<control type="group"> <!-- homemenubuttonshadow -->
				<control type="image">
					<left>774</left>
					<top>801</top>
					<width>90</width>
					<height>82</height>
					<texture flipx="true">SideFade.png</texture>
				</control>
				<control type="image">
					<left>1378</left>
					<top>801</top>
					<width>90</width>
					<height>82</height>
					<texture>SideFade.png</texture>
				</control>
			</control>
            <control type="wraplist" id="9000">
                <description>Home Wraplist</description>
                <left>-200</left>
                <top>750</top>
                <width>2400</width>
                <height>160</height>
                <align>center</align>
                <onup condition="Window.IsVisible(home)">Control.SetFocus(9001)</onup>
                <onup condition="!Window.IsVisible(home)">noop</onup>
                <ondown condition="Window.IsVisible(home)+Player.HasMedia+!Skin.HasSetting(HidePlayerControlsHome)">600</ondown>
                <ondown condition="Window.IsVisible(home)+[!Player.HasMedia|Skin.HasSetting(HidePlayerControlsHome)]+!Skin.HasSetting(hide_fav)">ActivateWindow(favourites)</ondown>
                <ondown condition="Window.IsVisible(home)+[!Player.HasMedia|Skin.HasSetting(HidePlayerControlsHome)]+Skin.HasSetting(hide_fav)">SetFocus(199)</ondown>
                <ondown condition="!Window.IsVisible(home)">9001</ondown>
                <focusposition>3</focusposition>
                <scrolltime tween="circle" easing="out">400</scrolltime>
                <orientation>horizontal</orientation>
                <itemgap>0</itemgap>
                <itemlayout width="350" height="90">
                    <control type="label">
                        <left>0</left>
                        <top>52</top>
                        <height>75</height>
                        <width>350</width>
                        <font>impacted36</font>
                        <label>[UPPERCASE]$INFO[ListItem.Label][/UPPERCASE]</label>
                        <align>center</align>
                        <textcolor>white</textcolor>
                        <visible>Control.HasFocus(9000)</visible>
                        <include>openclosevisible</include>
						<scroll>false</scroll>
                    </control>
                </itemlayout>
                <focusedlayout width="550" height="90">
                    <control type="button">
                        <include>HiddenButton</include>
                        <onfocus>$VAR[WeatherFadeout]</onfocus>
                        <onunfocus>CancelAlarm(HideMenu,true)</onunfocus>
                    </control>
                </focusedlayout>
                <content>
                    <include>HomeMenuContent</include>
                </content>
            </control>
			<control type="group"> <!-- homemenushadow -->
				<control type="image">
					<left>-3</left>
					<top>801</top>
					<width>375</width>
					<height>82</height>
					<texture>SideFade.png</texture>
				</control>
				<control type="image">
					<left>372r</left>
					<top>801</top>
					<width>375</width>
					<height>82</height>
					<texture flipx="true">SideFade.png</texture>
				</control>
			</control>
            <control type="group">
				<width>540</width>
				<height>60</height>
                <animation effect="slide" start="0,0" end="0,33" time="50" delay="150" condition="ControlGroup(9001).HasFocus()">Conditional</animation>
                <control type="image">
                    <left>867</left>
                    <top>771</top>
                    <width>508</width>
                    <height>112</height>
                    <colordiffuse>$VAR[BackgroundOverlayColor]</colordiffuse>
                    <texture>White.png</texture>
                </control>
                <control type="image">
                    <left>855</left>
                    <top>758</top>
                    <width>532</width>
                    <height>144</height>
                    <texture border="6">buttons/MenuButton.png</texture>
                </control>
                <control type="label">
                    <left>855</left>
                    <top>747</top>
                    <width>532</width>
                    <height>75</height>
                    <label>[UPPERCASE]$VAR[HomeScrollerDescription][/UPPERCASE]</label>
                    <font>lcd14</font>
                    <shadowcolor>grey2</shadowcolor>
                    <textcolor>white</textcolor>
                    <align>center</align>
                </control>
                <control type="group">
                    <left>33</left>
                    <top>45</top>
                    <control type="label">
                        <left>855</left>
                        <top>758</top>
                        <width>468</width>
                        <height>75</height>
                        <label>[UPPERCASE]$INFO[Container(9000).ListItem().Label][/UPPERCASE]</label>
                        <font>impacted44</font>
                        <shadowcolor>-</shadowcolor>
                        <textcolor>grey2</textcolor>
                        <align>center</align>
                        <scroll>false</scroll>
                    </control>
                    <control type="label">
                        <left>855</left>
                        <top>758</top>
                        <width>468</width>
                        <height>75</height>
                        <label>[UPPERCASE]$INFO[Container(9000).ListItem.Label][/UPPERCASE]</label>
                        <font>impacted44</font>
                        <shadowcolor>grey</shadowcolor>
                        <textcolor>$VAR[BackgroundOverlayColor]</textcolor>
                        <align>center</align>
                        <scroll>false</scroll>
                        <animation effect="fade" end="30" condition="true">Conditional</animation>
                    </control>
                    <control type="label">
                        <left>855</left>
                        <top>758</top>
                        <width>468</width>
                        <height>75</height>
                        <label>[UPPERCASE]$INFO[Container(9000).ListItem.Label][/UPPERCASE]</label>
                        <font>impacted44</font>
                        <shadowcolor>grey</shadowcolor>
                        <textcolor>grey2</textcolor>
                        <align>center</align>
                        <scroll>false</scroll>
                        <animation effect="fade" start="0" delay="160" end="100" time="200">Focus</animation>
                        <visible>Control.HasFocus(9000)</visible>
                    </control>
                </control>
            </control>
			<include>submenucontent</include>
        </control>
    </include>
</includes>
