<?xml version="1.0" encoding="UTF-8"?>
<window>
	<defaultcontrol>11</defaultcontrol>
	<include>PropertyIncludes</include>
	<controls>
		<control type="group">
			<visible>!Window.IsVisible(pvrguideinfo)</visible>
			<!--Top-->
			<include>PlayerTopBar</include>
			<!--Bottom-->
			<control type="group">
				<bottom>0</bottom>
				<height>470</height>
				<control type="image">
					<bottom>0</bottom>
					<width>100%</width>
					<height>425</height>
					<texture colordiffuse="black">views/player/mask_bottom.png</texture>
				</control>
				<include content="HomeSquareWidget">
					<param name="id" value="11"/>
					<param name="onup" value="PreviousChannelGroup"/>
					<param name="ondown" value="NextChannelGroup"/>
					<param name="headline" value="[COLOR white]$LOCALIZE[31070] - $INFO[VideoPlayer.ChannelGroup][/COLOR]"/>
					<param name="mainlabel" value="$INFO[ListItem.ChannelNumberLabel,,. ]$INFO[ListItem.Channelname]"/>
					<param name="thumblabel" value="$INFO[ListItem.Channelname]"/>
					<param name="sublabel" value="$INFO[ListItem.Title]"/>
					<param name="use_custom_content" value="false"/>
				</include>
			</control>
			<!--Scrollletter-->
			<control type="group">
				<visible>Container(11).Scrolling</visible>
				<animation effect="fade" start="0" end="100" time="120" reversible="true" delay="300">VisibleChange</animation>
				<control type="group">
					<right>23</right>
					<bottom>23</bottom>
					<width>80</width>
					<height>80</height>
					<include>ScrollSortLetterLayout</include>
				</control>
			</control>
		</control>
	</controls>
</window>
