﻿<?xml version="1.0" encoding="utf-8" standalone="yes"?>
<addon id="plugin.video.tvspielfilm_de" name="TV Spielfilm - Das Beste aus den Mediatheken" version="1.0.1" provider-name="realvito">
	<requires>
		<import addon="xbmc.python" version="2.14.0"/>
	</requires>
	<extension point="xbmc.python.pluginsource" library="default.py">
		<provides>video</provides>
	</extension>
	<extension point="xbmc.addon.metadata">
		<summary>Das Beste aus TV-Spielfilm</summary>
		<description>@realvito[CR]Das Beste aus deutschen Mediatheken, ausgewählt und zusammengestellt von der Zeitschrift TV-Spielfilm (www.tvspielfilm.de).[CR][CR]Für mehr Informationen zu allen Neuerungen siehe - CHANGELOG.[CR]     HAVE FUN</description>
		<disclaimer></disclaimer>
		<language></language>
		<platform>all</platform>
		<license>GNU GENERAL PUBLIC LICENSE. Version 2, June 1991</license>
		<forum>http://www.kodinerds.net/index.php/Thread/?</forum>
		<website>http://www.tvspielfilm.de/mediathek/</website>
		<email></email>
		<source>https://github.com/kodinerds/repo/tree/master/plugin.video.tvspielfilm_de</source>
		<news> [B]Version 1.0.1  (04.01.2017)[/B]
					- Eigenen Resolver für die "ARD" eingebaut
					- *(script.module.libArd vorerst enfernt)</news>
	</extension>
</addon>