<?xml version="1.0" encoding="UTF-8"?>
<window id="1120">
	<defaultcontrol always="true">101</defaultcontrol>
	<menucontrol>6666</menucontrol>
	<backgroundcolor>background</backgroundcolor>
	<controls>
		<!-- background -->
		<include>Background</include>

		<!-- hub -->
		<control type="grouplist" id="10">
			<include>Window_OpenClose</include>
			<defaultcontrol>10000</defaultcontrol>
			<width>2130</width>
			<height>100%</height>
			<itemgap>-160</itemgap>
			<orientation>vertical</orientation>
			<usecontrolcoords>true</usecontrolcoords>
			<scrolltime tween="sine" easing="out">400</scrolltime>

			<include>Bounce_Up_Down</include>

			<include content="WidgetSpacer">
				<param name="id" value="101"/>
			</include>

			<control type="group">
				<width>1920</width>
				<height>300</height>
				<control type="group">
					<include content="widget_headline">
						<param name="headline">$LOCALIZE[342]</param>
						<param name="left">65</param>
					</include>
					<control type="grouplist" id="100">
						<top>90</top>
						<left>69</left>
						<height>50</height>
						<orientation>horizontal</orientation>
						<itemgap>5</itemgap>
						<onright>noop</onright>
						<onleft>9999</onleft>
						<onup>6666</onup>
						<ondown>200</ondown>
						<control type="button" id="101">
							<visible>Library.HasContent(movies)</visible>
							<label>$LOCALIZE[31015]</label>
							<onclick>ActivateWindow(videos,videodb://movies/titles,return)</onclick>
							<onup>6666</onup>
							<ondown>200</ondown>
						</control>
						<control type="button" id="102">
							<visible>System.HasAddon(plugin.video.embycon) + !Skin.HasSetting(HideEmbyConHubButtons)</visible>
							<label>$LOCALIZE[31117]</label>
							<onclick>ActivateWindow(videos,plugin://plugin.video.embycon/?item_type=Movie&amp;media_type=Movies&amp;mode=SHOW_CONTENT,return)</onclick>
							<onup>6666</onup>
							<ondown>200</ondown>
						</control>
						<control type="button" id="103">
							<visible>Skin.HasSetting(UserMovieHub1)</visible>
							<label>$INFO[Skin.String(UserMovieHub1_name)]</label>
							<onclick>ActivateWindow(videos,$INFO[Skin.String(UserMovieHub1_path)],return)</onclick>
							<onup>6666</onup>
							<ondown>200</ondown>
						</control>
						<control type="button" id="104">
							<visible>Skin.HasSetting(UserMovieHub2)</visible>
							<label>$INFO[Skin.String(UserMovieHub2_name)]</label>
							<onclick>ActivateWindow(videos,$INFO[Skin.String(UserMovieHub2_path)],return)</onclick>
							<onup>6666</onup>
							<ondown>200</ondown>
						</control>
						<control type="button" id="105">
							<visible>Skin.HasSetting(UserMovieHub3)</visible>
							<label>$INFO[Skin.String(UserMovieHub3_name)]</label>
							<onclick>ActivateWindow(videos,$INFO[Skin.String(UserMovieHub3_path)],return)</onclick>
							<onup>6666</onup>
							<ondown>200</ondown>
						</control>
						<control type="button" id="106">
							<visible>Skin.HasSetting(UserMovieHub4)</visible>
							<label>$INFO[Skin.String(UserMovieHub4_name)]</label>
							<onclick>ActivateWindow(videos,$INFO[Skin.String(UserMovieHub4_path)],return)</onclick>
							<onup>6666</onup>
							<ondown>200</ondown>
						</control>
						<control type="button" id="107">
							<visible>Skin.HasSetting(UserMovieHub5)</visible>
							<label>$INFO[Skin.String(UserMovieHub5_name)]</label>
							<onclick>ActivateWindow(videos,$INFO[Skin.String(UserMovieHub5_path)],return)</onclick>
							<onup>6666</onup>
							<ondown>200</ondown>
						</control>
						<control type="button" id="108">
							<visible>Skin.HasSetting(UserMovieHub6)</visible>
							<label>$INFO[Skin.String(UserMovieHub6_name)]</label>
							<onclick>ActivateWindow(videos,$INFO[Skin.String(UserMovieHub6_path)],return)</onclick>
							<onup>6666</onup>
							<ondown>200</ondown>
						</control>
						<control type="button" id="199">
							<visible>Library.HasContent(movies)</visible>
							<label>$LOCALIZE[137]</label>
							<include>search_action</include>
							<onup>6666</onup>
							<ondown>200</ondown>
						</control>
					</control>
				</control>
			</control>
			<!-- In progress -->
			<include content="HomeWideWidget">
				<param name="id" value="200"/>
				<param name="onup" value="100"/>
				<param name="ondown" value="201"/>
				<param name="headline" value="$LOCALIZE[31080]"/>
				<param name="mainlabel" value="$INFO[ListItem.Title]"/>
				<param name="sublabel" value="$INFO[ListItem.Year]"/>
				<param name="widget_target" value="videos"/>
				<param name="limit" value="30"/>
				<param name="content" value="special://skin/playlists/video/InProgressMovies.xsp"/>
			</include>
			<include content="HomeWideWidget">
				<param name="visible" value="Skin.HasSetting(EnableEmbyConWidgets)"/>
				<param name="id" value="201"/>
				<param name="onup" value="200"/>
				<param name="ondown" value="202"/>
				<param name="headline" value="EmbyCon $LOCALIZE[31080]"/>
				<param name="mainlabel" value="$INFO[ListItem.Title]"/>
				<param name="sublabel" value="$INFO[ListItem.Year]"/>
				<param name="widget_target" value="videos"/>
				<param name="content" value="$VAR[EmbyCon_InProgressMovies]"/>
			</include>
			<!-- Recently added -->
			<include content="HomePosterWidget">
				<param name="id" value="202"/>
				<param name="onup" value="201"/>
				<param name="ondown" value="203"/>
				<param name="headline" value="$LOCALIZE[20386]"/>
				<param name="mainlabel" value="$INFO[ListItem.Title]"/>
				<param name="sublabel" value="$INFO[ListItem.Year]"/>
				<param name="widget_target" value="videos"/>
				<param name="limit" value="30"/>
				<param name="content" value="special://skin/playlists/video/RecentlyAddedMovies.xsp"/>
			</include>
			<include content="HomePosterWidget">
				<param name="visible" value="Skin.HasSetting(EnableEmbyConWidgets)"/>
				<param name="id" value="203"/>
				<param name="onup" value="202"/>
				<param name="ondown" value="204"/>
				<param name="headline" value="EmbyCon $LOCALIZE[20386]"/>
				<param name="mainlabel" value="$INFO[ListItem.Title]"/>
				<param name="sublabel" value="$INFO[ListItem.Year]"/>
				<param name="widget_target" value="videos"/>
				<param name="content" value="$VAR[EmbyCon_RecentMovies]"/>
			</include>
			<!-- Genres -->
			<include content="HomeWideWidget">
				<param name="id" value="204"/>
				<param name="onup" value="203"/>
				<param name="ondown" value="205"/>
				<param name="headline" value="$LOCALIZE[135]"/>
				<param name="widget_target" value="videos"/>
				<param name="sortby" value="sorttitle"/>
				<param name="layout" value="GenreLayout"/>
				<param name="content" value="plugin://script.skin.helper.widgets/?action=browsegenres&amp;mediatype=movies&amp;limit=1000"/>
			</include>
			<include content="HomeWideWidget">
				<param name="visible" value="Skin.HasSetting(EnableEmbyConWidgets)"/>
				<param name="id" value="205"/>
				<param name="onup" value="204"/>
				<param name="ondown" value="206"/>
				<param name="headline" value="EmbyCon $LOCALIZE[135]"/>
				<param name="widget_target" value="videos"/>
				<param name="sortby" value="sorttitle"/>
				<param name="layout" value="GenreLayout"/>
				<param name="content" value="$VAR[EmbyCon_MovieGenres]"/>
			</include>
			<!-- Recommended -->
			<include content="HomePosterWidget">
				<param name="id" value="206"/>
				<param name="onup" value="205"/>
				<param name="ondown" value="207"/>
				<param name="headline" value="$LOCALIZE[31017]"/>
				<param name="mainlabel" value="$INFO[ListItem.Title]"/>
				<param name="sublabel" value="$INFO[ListItem.Year]"/>
				<param name="widget_target" value="videos"/>
				<param name="sortby" value="rating"/>
				<param name="sortorder" value="descending"/>
				<param name="limit" value="30"/>
				<param name="content" value="videodb://movies/titles/"/>
			</include>
			<include content="HomePosterWidget">
				<param name="visible" value="Skin.HasSetting(EnableEmbyConWidgets)"/>
				<param name="id" value="207"/>
				<param name="onup" value="206"/>
				<param name="ondown" value="208"/>
				<param name="headline" value="EmbyCon $LOCALIZE[31017]"/>
				<param name="mainlabel" value="$INFO[ListItem.Title]"/>
				<param name="sublabel" value="$INFO[ListItem.Year]"/>
				<param name="widget_target" value="videos"/>
				<param name="sortby" value="rating"/>
				<param name="sortorder" value="descending"/>
				<param name="content" value="$VAR[EmbyCon_Movies]"/>
			</include>
			<!-- similar -->
			<include content="HomePosterWidget">
				<param name="id" value="208"/>
				<param name="onup" value="207"/>
				<param name="ondown" value="209"/>
				<param name="headline" value="$LOCALIZE[31018] $INFO[Container(208).ListItem.Property(similartitle)]"/>
				<param name="mainlabel" value="$INFO[ListItem.Title]"/>
				<param name="sublabel" value="$INFO[ListItem.Year]"/>
				<param name="widget_target" value="videos"/>
				<param name="limit" value="30"/>
				<param name="content" value="plugin://script.skin.helper.widgets/?action=similar&amp;mediatype=movies&amp;reload=$INFO[Window(Home).Property(widgetreload2)]"/>
			</include>
			<include content="HomePosterWidget">
				<param name="visible" value="Skin.HasSetting(EnableEmbyConWidgets)"/>
				<param name="id" value="209"/>
				<param name="onup" value="208"/>
				<param name="ondown" value="210"/>
				<param name="headline" value="EmbyCon $LOCALIZE[31018] $INFO[Container(209).ListItem.Property(suggested_from_watching)]"/>
				<param name="mainlabel" value="$INFO[ListItem.Title]"/>
				<param name="sublabel" value="$INFO[ListItem.Year]"/>
				<param name="widget_target" value="videos"/>
				<param name="content" value="$VAR[EmbyCon_SimilarMovies]"/>
			</include>
			<!-- top 250 -->
			<include content="HomePosterWidget">
				<param name="id" value="210"/>
				<param name="onup" value="209"/>
				<param name="ondown" value="211"/>
				<param name="headline" value="$LOCALIZE[31097]"/>
				<param name="mainlabel" value="$INFO[ListItem.Label]"/>
				<param name="sublabel" value="$INFO[ListItem.Year]"/>
				<param name="widget_target" value="videos"/>
				<param name="content" value="plugin://script.skin.helper.widgets/?action=top250&amp;mediatype=movies&amp;reload=$INFO[Window(Home).Property(widgetreload2)]"/>
			</include>
			<!-- Fav movies -->
			<include content="HomePosterWidget">
				<param name="id" value="211"/>
				<param name="onup" value="210"/>
				<param name="ondown" value="SetProperty(BounceDown,1,home)"/>
				<param name="headline" value="$LOCALIZE[31062]"/>
				<param name="sublabel" value="$INFO[ListItem.Year]"/>
				<param name="widget_target" value="videos"/>
				<param name="content" value="$VAR[FavMovies_Content]"/>
			</include>

		</control>
		<!-- header bar -->
		<include content="HeaderBar">
			<param name="id">10</param>
			<param name="sidebar_id">9999</param>
		</include>
		<!-- side panel -->
		<include content="SidePanel"/>
	</controls>
</window>
