<settings>

    <setting id="UserWidget1_layout" value="HomePosterWidget" label="$LOCALIZE[20021]" icon="defaultwidgetlayout.png" default="true"/>
    <setting id="UserWidget1_layout" value="HomeWideWidget" label="$LOCALIZE[31004]" icon="defaultwidgetlayout.png" />
    <setting id="UserWidget1_layout" value="HomeSquareWidget" label="$LOCALIZE[31005]" icon="defaultwidgetlayout.png" />
    <setting id="UserWidget2_layout" value="HomePosterWidget" label="$LOCALIZE[20021]" icon="defaultwidgetlayout.png" default="true"/>
    <setting id="UserWidget2_layout" value="HomeWideWidget" label="$LOCALIZE[31004]" icon="defaultwidgetlayout.png" />
    <setting id="UserWidget2_layout" value="HomeSquareWidget" label="$LOCALIZE[31005]" icon="defaultwidgetlayout.png" />
    <setting id="UserWidget3_layout" value="HomePosterWidget" label="$LOCALIZE[20021]" icon="defaultwidgetlayout.png" default="true"/>
    <setting id="UserWidget3_layout" value="HomeWideWidget" label="$LOCALIZE[31004]" icon="defaultwidgetlayout.png" />
    <setting id="UserWidget3_layout" value="HomeSquareWidget" label="$LOCALIZE[31005]" icon="defaultwidgetlayout.png" />
    <setting id="UserWidget4_layout" value="HomePosterWidget" label="$LOCALIZE[20021]" icon="defaultwidgetlayout.png" default="true"/>
    <setting id="UserWidget4_layout" value="HomeWideWidget" label="$LOCALIZE[31004]" icon="defaultwidgetlayout.png" />
    <setting id="UserWidget4_layout" value="HomeSquareWidget" label="$LOCALIZE[31005]" icon="defaultwidgetlayout.png" />
    <setting id="UserWidget5_layout" value="HomePosterWidget" label="$LOCALIZE[20021]" icon="defaultwidgetlayout.png" default="true"/>
    <setting id="UserWidget5_layout" value="HomeWideWidget" label="$LOCALIZE[31004]" icon="defaultwidgetlayout.png" />
    <setting id="UserWidget5_layout" value="HomeSquareWidget" label="$LOCALIZE[31005]" icon="defaultwidgetlayout.png" />
    <setting id="UserWidget6_layout" value="HomePosterWidget" label="$LOCALIZE[20021]" icon="defaultwidgetlayout.png" default="true"/>
    <setting id="UserWidget6_layout" value="HomeWideWidget" label="$LOCALIZE[31004]" icon="defaultwidgetlayout.png" />
    <setting id="UserWidget6_layout" value="HomeSquareWidget" label="$LOCALIZE[31005]" icon="defaultwidgetlayout.png" />
    <setting id="UserWidget7_layout" value="HomePosterWidget" label="$LOCALIZE[20021]" icon="defaultwidgetlayout.png" default="true"/>
    <setting id="UserWidget7_layout" value="HomeWideWidget" label="$LOCALIZE[31004]" icon="defaultwidgetlayout.png" />
    <setting id="UserWidget7_layout" value="HomeSquareWidget" label="$LOCALIZE[31005]" icon="defaultwidgetlayout.png" />
    <setting id="UserWidget8_layout" value="HomePosterWidget" label="$LOCALIZE[20021]" icon="defaultwidgetlayout.png" default="true"/>
    <setting id="UserWidget8_layout" value="HomeWideWidget" label="$LOCALIZE[31004]" icon="defaultwidgetlayout.png" />
    <setting id="UserWidget8_layout" value="HomeSquareWidget" label="$LOCALIZE[31005]" icon="defaultwidgetlayout.png" />
    <setting id="UserWidget9_layout" value="HomePosterWidget" label="$LOCALIZE[20021]" icon="defaultwidgetlayout.png" default="true"/>
    <setting id="UserWidget9_layout" value="HomeWideWidget" label="$LOCALIZE[31004]" icon="defaultwidgetlayout.png" />
    <setting id="UserWidget9_layout" value="HomeSquareWidget" label="$LOCALIZE[31005]" icon="defaultwidgetlayout.png" />
    <setting id="UserWidget10_layout" value="HomePosterWidget" label="$LOCALIZE[20021]" icon="defaultwidgetlayout.png" default="true"/>
    <setting id="UserWidget10_layout" value="HomeWideWidget" label="$LOCALIZE[31004]" icon="defaultwidgetlayout.png" />
    <setting id="UserWidget10_layout" value="HomeSquareWidget" label="$LOCALIZE[31005]" icon="defaultwidgetlayout.png" />
    <setting id="UserWidget11_layout" value="HomePosterWidget" label="$LOCALIZE[20021]" icon="defaultwidgetlayout.png" default="true"/>
    <setting id="UserWidget11_layout" value="HomeWideWidget" label="$LOCALIZE[31004]" icon="defaultwidgetlayout.png" />
    <setting id="UserWidget11_layout" value="HomeSquareWidget" label="$LOCALIZE[31005]" icon="defaultwidgetlayout.png" />
    <setting id="UserWidget12_layout" value="HomePosterWidget" label="$LOCALIZE[20021]" icon="defaultwidgetlayout.png" default="true"/>
    <setting id="UserWidget12_layout" value="HomeWideWidget" label="$LOCALIZE[31004]" icon="defaultwidgetlayout.png" />
    <setting id="UserWidget12_layout" value="HomeSquareWidget" label="$LOCALIZE[31005]" icon="defaultwidgetlayout.png" />
    <setting id="UserWidget13_layout" value="HomePosterWidget" label="$LOCALIZE[20021]" icon="defaultwidgetlayout.png" default="true"/>
    <setting id="UserWidget13_layout" value="HomeWideWidget" label="$LOCALIZE[31004]" icon="defaultwidgetlayout.png" />
    <setting id="UserWidget13_layout" value="HomeSquareWidget" label="$LOCALIZE[31005]" icon="defaultwidgetlayout.png" />
    <setting id="UserWidget14_layout" value="HomePosterWidget" label="$LOCALIZE[20021]" icon="defaultwidgetlayout.png" default="true"/>
    <setting id="UserWidget14_layout" value="HomeWideWidget" label="$LOCALIZE[31004]" icon="defaultwidgetlayout.png" />
    <setting id="UserWidget14_layout" value="HomeSquareWidget" label="$LOCALIZE[31005]" icon="defaultwidgetlayout.png" />
    <setting id="UserWidget15_layout" value="HomePosterWidget" label="$LOCALIZE[20021]" icon="defaultwidgetlayout.png" default="true"/>
    <setting id="UserWidget15_layout" value="HomeWideWidget" label="$LOCALIZE[31004]" icon="defaultwidgetlayout.png" />
    <setting id="UserWidget15_layout" value="HomeSquareWidget" label="$LOCALIZE[31005]" icon="defaultwidgetlayout.png" />
    <setting id="UserWidget16_layout" value="HomePosterWidget" label="$LOCALIZE[20021]" icon="defaultwidgetlayout.png" default="true"/>
    <setting id="UserWidget16_layout" value="HomeWideWidget" label="$LOCALIZE[31004]" icon="defaultwidgetlayout.png" />
    <setting id="UserWidget16_layout" value="HomeSquareWidget" label="$LOCALIZE[31005]" icon="defaultwidgetlayout.png" />
    <setting id="UserWidget17_layout" value="HomePosterWidget" label="$LOCALIZE[20021]" icon="defaultwidgetlayout.png" default="true"/>
    <setting id="UserWidget17_layout" value="HomeWideWidget" label="$LOCALIZE[31004]" icon="defaultwidgetlayout.png" />
    <setting id="UserWidget17_layout" value="HomeSquareWidget" label="$LOCALIZE[31005]" icon="defaultwidgetlayout.png" />
    <setting id="UserWidget18_layout" value="HomePosterWidget" label="$LOCALIZE[20021]" icon="defaultwidgetlayout.png" default="true"/>
    <setting id="UserWidget18_layout" value="HomeWideWidget" label="$LOCALIZE[31004]" icon="defaultwidgetlayout.png" />
    <setting id="UserWidget18_layout" value="HomeSquareWidget" label="$LOCALIZE[31005]" icon="defaultwidgetlayout.png" />
    <setting id="UserWidget19_layout" value="HomePosterWidget" label="$LOCALIZE[20021]" icon="defaultwidgetlayout.png" default="true"/>
    <setting id="UserWidget19_layout" value="HomeWideWidget" label="$LOCALIZE[31004]" icon="defaultwidgetlayout.png" />
    <setting id="UserWidget19_layout" value="HomeSquareWidget" label="$LOCALIZE[31005]" icon="defaultwidgetlayout.png" />
    <setting id="UserWidget20_layout" value="HomePosterWidget" label="$LOCALIZE[20021]" icon="defaultwidgetlayout.png" default="true"/>
    <setting id="UserWidget20_layout" value="HomeWideWidget" label="$LOCALIZE[31004]" icon="defaultwidgetlayout.png" />
    <setting id="UserWidget20_layout" value="HomeSquareWidget" label="$LOCALIZE[31005]" icon="defaultwidgetlayout.png" />

    <setting id="UserWidget1_target" value="videos" label="$LOCALIZE[3]" icon="defaultvideo.png" default="true"/>
    <setting id="UserWidget1_target" value="music" label="$LOCALIZE[2]" icon="defaultmusicsongs.png" />
    <setting id="UserWidget1_target" value="programs" label="$LOCALIZE[0]" icon="defaultaddon.png" />
    <setting id="UserWidget1_target" value="pictures" label="$LOCALIZE[1]" icon="defaultpicture.png" />
    <setting id="UserWidget2_target" value="videos" label="$LOCALIZE[3]" icon="defaultvideo.png" default="true"/>
    <setting id="UserWidget2_target" value="music" label="$LOCALIZE[2]" icon="defaultmusicsongs.png" />
    <setting id="UserWidget2_target" value="programs" label="$LOCALIZE[0]" icon="defaultaddon.png" />
    <setting id="UserWidget2_target" value="pictures" label="$LOCALIZE[1]" icon="defaultpicture.png" />
    <setting id="UserWidget3_target" value="videos" label="$LOCALIZE[3]" icon="defaultvideo.png" default="true"/>
    <setting id="UserWidget3_target" value="music" label="$LOCALIZE[2]" icon="defaultmusicsongs.png" />
    <setting id="UserWidget3_target" value="programs" label="$LOCALIZE[0]" icon="defaultaddon.png" />
    <setting id="UserWidget3_target" value="pictures" label="$LOCALIZE[1]" icon="defaultpicture.png" />
    <setting id="UserWidget4_target" value="videos" label="$LOCALIZE[3]" icon="defaultvideo.png" default="true"/>
    <setting id="UserWidget4_target" value="music" label="$LOCALIZE[2]" icon="defaultmusicsongs.png" />
    <setting id="UserWidget4_target" value="programs" label="$LOCALIZE[0]" icon="defaultaddon.png" />
    <setting id="UserWidget4_target" value="pictures" label="$LOCALIZE[1]" icon="defaultpicture.png" />
    <setting id="UserWidget5_target" value="videos" label="$LOCALIZE[3]" icon="defaultvideo.png" default="true"/>
    <setting id="UserWidget5_target" value="music" label="$LOCALIZE[2]" icon="defaultmusicsongs.png" />
    <setting id="UserWidget5_target" value="programs" label="$LOCALIZE[0]" icon="defaultaddon.png" />
    <setting id="UserWidget5_target" value="pictures" label="$LOCALIZE[1]" icon="defaultpicture.png" />
    <setting id="UserWidget6_target" value="videos" label="$LOCALIZE[3]" icon="defaultvideo.png" default="true"/>
    <setting id="UserWidget6_target" value="music" label="$LOCALIZE[2]" icon="defaultmusicsongs.png" />
    <setting id="UserWidget6_target" value="programs" label="$LOCALIZE[0]" icon="defaultaddon.png" />
    <setting id="UserWidget6_target" value="pictures" label="$LOCALIZE[1]" icon="defaultpicture.png" />
    <setting id="UserWidget7_target" value="videos" label="$LOCALIZE[3]" icon="defaultvideo.png" default="true"/>
    <setting id="UserWidget7_target" value="music" label="$LOCALIZE[2]" icon="defaultmusicsongs.png" />
    <setting id="UserWidget7_target" value="programs" label="$LOCALIZE[0]" icon="defaultaddon.png" />
    <setting id="UserWidget7_target" value="pictures" label="$LOCALIZE[1]" icon="defaultpicture.png" />
    <setting id="UserWidget8_target" value="videos" label="$LOCALIZE[3]" icon="defaultvideo.png" default="true"/>
    <setting id="UserWidget8_target" value="music" label="$LOCALIZE[2]" icon="defaultmusicsongs.png" />
    <setting id="UserWidget8_target" value="programs" label="$LOCALIZE[0]" icon="defaultaddon.png" />
    <setting id="UserWidget8_target" value="pictures" label="$LOCALIZE[1]" icon="defaultpicture.png" />
    <setting id="UserWidget9_target" value="videos" label="$LOCALIZE[3]" icon="defaultvideo.png" default="true"/>
    <setting id="UserWidget9_target" value="music" label="$LOCALIZE[2]" icon="defaultmusicsongs.png" />
    <setting id="UserWidget9_target" value="programs" label="$LOCALIZE[0]" icon="defaultaddon.png" />
    <setting id="UserWidget9_target" value="pictures" label="$LOCALIZE[1]" icon="defaultpicture.png" />
    <setting id="UserWidget10_target" value="videos" label="$LOCALIZE[3]" icon="defaultvideo.png" default="true"/>
    <setting id="UserWidget10_target" value="music" label="$LOCALIZE[2]" icon="defaultmusicsongs.png" />
    <setting id="UserWidget10_target" value="programs" label="$LOCALIZE[0]" icon="defaultaddon.png" />
    <setting id="UserWidget10_target" value="pictures" label="$LOCALIZE[1]" icon="defaultpicture.png" />
    <setting id="UserWidget11_target" value="videos" label="$LOCALIZE[3]" icon="defaultvideo.png" default="true"/>
    <setting id="UserWidget11_target" value="music" label="$LOCALIZE[2]" icon="defaultmusicsongs.png" />
    <setting id="UserWidget11_target" value="programs" label="$LOCALIZE[0]" icon="defaultaddon.png" />
    <setting id="UserWidget11_target" value="pictures" label="$LOCALIZE[1]" icon="defaultpicture.png" />
    <setting id="UserWidget12_target" value="videos" label="$LOCALIZE[3]" icon="defaultvideo.png" default="true"/>
    <setting id="UserWidget12_target" value="music" label="$LOCALIZE[2]" icon="defaultmusicsongs.png" />
    <setting id="UserWidget12_target" value="programs" label="$LOCALIZE[0]" icon="defaultaddon.png" />
    <setting id="UserWidget12_target" value="pictures" label="$LOCALIZE[1]" icon="defaultpicture.png" />
    <setting id="UserWidget13_target" value="videos" label="$LOCALIZE[3]" icon="defaultvideo.png" default="true"/>
    <setting id="UserWidget13_target" value="music" label="$LOCALIZE[2]" icon="defaultmusicsongs.png" />
    <setting id="UserWidget13_target" value="programs" label="$LOCALIZE[0]" icon="defaultaddon.png" />
    <setting id="UserWidget13_target" value="pictures" label="$LOCALIZE[1]" icon="defaultpicture.png" />
    <setting id="UserWidget14_target" value="videos" label="$LOCALIZE[3]" icon="defaultvideo.png" default="true"/>
    <setting id="UserWidget14_target" value="music" label="$LOCALIZE[2]" icon="defaultmusicsongs.png" />
    <setting id="UserWidget14_target" value="programs" label="$LOCALIZE[0]" icon="defaultaddon.png" />
    <setting id="UserWidget14_target" value="pictures" label="$LOCALIZE[1]" icon="defaultpicture.png" />
    <setting id="UserWidget15_target" value="videos" label="$LOCALIZE[3]" icon="defaultvideo.png" default="true"/>
    <setting id="UserWidget15_target" value="music" label="$LOCALIZE[2]" icon="defaultmusicsongs.png" />
    <setting id="UserWidget15_target" value="programs" label="$LOCALIZE[0]" icon="defaultaddon.png" />
    <setting id="UserWidget15_target" value="pictures" label="$LOCALIZE[1]" icon="defaultpicture.png" />
    <setting id="UserWidget16_target" value="videos" label="$LOCALIZE[3]" icon="defaultvideo.png" default="true"/>
    <setting id="UserWidget16_target" value="music" label="$LOCALIZE[2]" icon="defaultmusicsongs.png" />
    <setting id="UserWidget16_target" value="programs" label="$LOCALIZE[0]" icon="defaultaddon.png" />
    <setting id="UserWidget16_target" value="pictures" label="$LOCALIZE[1]" icon="defaultpicture.png" />
    <setting id="UserWidget17_target" value="videos" label="$LOCALIZE[3]" icon="defaultvideo.png" default="true"/>
    <setting id="UserWidget17_target" value="music" label="$LOCALIZE[2]" icon="defaultmusicsongs.png" />
    <setting id="UserWidget17_target" value="programs" label="$LOCALIZE[0]" icon="defaultaddon.png" />
    <setting id="UserWidget17_target" value="pictures" label="$LOCALIZE[1]" icon="defaultpicture.png" />
    <setting id="UserWidget18_target" value="videos" label="$LOCALIZE[3]" icon="defaultvideo.png" default="true"/>
    <setting id="UserWidget18_target" value="music" label="$LOCALIZE[2]" icon="defaultmusicsongs.png" />
    <setting id="UserWidget18_target" value="programs" label="$LOCALIZE[0]" icon="defaultaddon.png" />
    <setting id="UserWidget18_target" value="pictures" label="$LOCALIZE[1]" icon="defaultpicture.png" />
    <setting id="UserWidget19_target" value="videos" label="$LOCALIZE[3]" icon="defaultvideo.png" default="true"/>
    <setting id="UserWidget19_target" value="music" label="$LOCALIZE[2]" icon="defaultmusicsongs.png" />
    <setting id="UserWidget19_target" value="programs" label="$LOCALIZE[0]" icon="defaultaddon.png" />
    <setting id="UserWidget19_target" value="pictures" label="$LOCALIZE[1]" icon="defaultpicture.png" />
    <setting id="UserWidget20_target" value="videos" label="$LOCALIZE[3]" icon="defaultvideo.png" default="true"/>
    <setting id="UserWidget20_target" value="music" label="$LOCALIZE[2]" icon="defaultmusicsongs.png" />
    <setting id="UserWidget20_target" value="programs" label="$LOCALIZE[0]" icon="defaultaddon.png" />
    <setting id="UserWidget20_target" value="pictures" label="$LOCALIZE[1]" icon="defaultpicture.png" />

    <setting id="UserMovieHub1_target" value="videos" label="$LOCALIZE[3]" icon="defaultvideo.png" default="true"/>
    <setting id="UserMovieHub1_target" value="music" label="$LOCALIZE[2]" icon="defaultmusicsongs.png" />
    <setting id="UserMovieHub1_target" value="programs" label="$LOCALIZE[0]" icon="defaultaddon.png" />
    <setting id="UserMovieHub1_target" value="pictures" label="$LOCALIZE[1]" icon="defaultpicture.png" />
    <setting id="UserMovieHub2_target" value="videos" label="$LOCALIZE[3]" icon="defaultvideo.png" default="true"/>
    <setting id="UserMovieHub2_target" value="music" label="$LOCALIZE[2]" icon="defaultmusicsongs.png" />
    <setting id="UserMovieHub2_target" value="programs" label="$LOCALIZE[0]" icon="defaultaddon.png" />
    <setting id="UserMovieHub2_target" value="pictures" label="$LOCALIZE[1]" icon="defaultpicture.png" />
    <setting id="UserMovieHub3_target" value="videos" label="$LOCALIZE[3]" icon="defaultvideo.png" default="true"/>
    <setting id="UserMovieHub3_target" value="music" label="$LOCALIZE[2]" icon="defaultmusicsongs.png" />
    <setting id="UserMovieHub3_target" value="programs" label="$LOCALIZE[0]" icon="defaultaddon.png" />
    <setting id="UserMovieHub3_target" value="pictures" label="$LOCALIZE[1]" icon="defaultpicture.png" />
    <setting id="UserMovieHub4_target" value="videos" label="$LOCALIZE[3]" icon="defaultvideo.png" default="true"/>
    <setting id="UserMovieHub4_target" value="music" label="$LOCALIZE[2]" icon="defaultmusicsongs.png" />
    <setting id="UserMovieHub4_target" value="programs" label="$LOCALIZE[0]" icon="defaultaddon.png" />
    <setting id="UserMovieHub4_target" value="pictures" label="$LOCALIZE[1]" icon="defaultpicture.png" />
    <setting id="UserMovieHub5_target" value="videos" label="$LOCALIZE[3]" icon="defaultvideo.png" default="true"/>
    <setting id="UserMovieHub5_target" value="music" label="$LOCALIZE[2]" icon="defaultmusicsongs.png" />
    <setting id="UserMovieHub5_target" value="programs" label="$LOCALIZE[0]" icon="defaultaddon.png" />
    <setting id="UserMovieHub5_target" value="pictures" label="$LOCALIZE[1]" icon="defaultpicture.png" />
    <setting id="UserMovieHub6_target" value="videos" label="$LOCALIZE[3]" icon="defaultvideo.png" default="true"/>
    <setting id="UserMovieHub6_target" value="music" label="$LOCALIZE[2]" icon="defaultmusicsongs.png" />
    <setting id="UserMovieHub6_target" value="programs" label="$LOCALIZE[0]" icon="defaultaddon.png" />
    <setting id="UserMovieHub6_target" value="pictures" label="$LOCALIZE[1]" icon="defaultpicture.png" />

    <setting id="UserTVShowHub1_target" value="videos" label="$LOCALIZE[3]" icon="defaultvideo.png" default="true"/>
    <setting id="UserTVShowHub1_target" value="music" label="$LOCALIZE[2]" icon="defaultmusicsongs.png" />
    <setting id="UserTVShowHub1_target" value="programs" label="$LOCALIZE[0]" icon="defaultaddon.png" />
    <setting id="UserTVShowHub1_target" value="pictures" label="$LOCALIZE[1]" icon="defaultpicture.png" />
    <setting id="UserTVShowHub2_target" value="videos" label="$LOCALIZE[3]" icon="defaultvideo.png" default="true"/>
    <setting id="UserTVShowHub2_target" value="music" label="$LOCALIZE[2]" icon="defaultmusicsongs.png" />
    <setting id="UserTVShowHub2_target" value="programs" label="$LOCALIZE[0]" icon="defaultaddon.png" />
    <setting id="UserTVShowHub2_target" value="pictures" label="$LOCALIZE[1]" icon="defaultpicture.png" />
    <setting id="UserTVShowHub3_target" value="videos" label="$LOCALIZE[3]" icon="defaultvideo.png" default="true"/>
    <setting id="UserTVShowHub3_target" value="music" label="$LOCALIZE[2]" icon="defaultmusicsongs.png" />
    <setting id="UserTVShowHub3_target" value="programs" label="$LOCALIZE[0]" icon="defaultaddon.png" />
    <setting id="UserTVShowHub3_target" value="pictures" label="$LOCALIZE[1]" icon="defaultpicture.png" />
    <setting id="UserTVShowHub4_target" value="videos" label="$LOCALIZE[3]" icon="defaultvideo.png" default="true"/>
    <setting id="UserTVShowHub4_target" value="music" label="$LOCALIZE[2]" icon="defaultmusicsongs.png" />
    <setting id="UserTVShowHub4_target" value="programs" label="$LOCALIZE[0]" icon="defaultaddon.png" />
    <setting id="UserTVShowHub4_target" value="pictures" label="$LOCALIZE[1]" icon="defaultpicture.png" />
    <setting id="UserTVShowHub5_target" value="videos" label="$LOCALIZE[3]" icon="defaultvideo.png" default="true"/>
    <setting id="UserTVShowHub5_target" value="music" label="$LOCALIZE[2]" icon="defaultmusicsongs.png" />
    <setting id="UserTVShowHub5_target" value="programs" label="$LOCALIZE[0]" icon="defaultaddon.png" />
    <setting id="UserTVShowHub5_target" value="pictures" label="$LOCALIZE[1]" icon="defaultpicture.png" />
    <setting id="UserTVShowHub6_target" value="videos" label="$LOCALIZE[3]" icon="defaultvideo.png" default="true"/>
    <setting id="UserTVShowHub6_target" value="music" label="$LOCALIZE[2]" icon="defaultmusicsongs.png" />
    <setting id="UserTVShowHub6_target" value="programs" label="$LOCALIZE[0]" icon="defaultaddon.png" />
    <setting id="UserTVShowHub6_target" value="pictures" label="$LOCALIZE[1]" icon="defaultpicture.png" />

    <setting id="UserMusicHub1_target" value="videos" label="$LOCALIZE[3]" icon="defaultvideo.png" default="true"/>
    <setting id="UserMusicHub1_target" value="music" label="$LOCALIZE[2]" icon="defaultmusicsongs.png" />
    <setting id="UserMusicHub1_target" value="programs" label="$LOCALIZE[0]" icon="defaultaddon.png" />
    <setting id="UserMusicHub1_target" value="pictures" label="$LOCALIZE[1]" icon="defaultpicture.png" />
    <setting id="UserMusicHub2_target" value="videos" label="$LOCALIZE[3]" icon="defaultvideo.png" default="true"/>
    <setting id="UserMusicHub2_target" value="music" label="$LOCALIZE[2]" icon="defaultmusicsongs.png" />
    <setting id="UserMusicHub2_target" value="programs" label="$LOCALIZE[0]" icon="defaultaddon.png" />
    <setting id="UserMusicHub2_target" value="pictures" label="$LOCALIZE[1]" icon="defaultpicture.png" />
    <setting id="UserMusicHub3_target" value="videos" label="$LOCALIZE[3]" icon="defaultvideo.png" default="true"/>
    <setting id="UserMusicHub3_target" value="music" label="$LOCALIZE[2]" icon="defaultmusicsongs.png" />
    <setting id="UserMusicHub3_target" value="programs" label="$LOCALIZE[0]" icon="defaultaddon.png" />
    <setting id="UserMusicHub3_target" value="pictures" label="$LOCALIZE[1]" icon="defaultpicture.png" />
    <setting id="UserMusicHub4_target" value="videos" label="$LOCALIZE[3]" icon="defaultvideo.png" default="true"/>
    <setting id="UserMusicHub4_target" value="music" label="$LOCALIZE[2]" icon="defaultmusicsongs.png" />
    <setting id="UserMusicHub4_target" value="programs" label="$LOCALIZE[0]" icon="defaultaddon.png" />
    <setting id="UserMusicHub4_target" value="pictures" label="$LOCALIZE[1]" icon="defaultpicture.png" />
    <setting id="UserMusicHub5_target" value="videos" label="$LOCALIZE[3]" icon="defaultvideo.png" default="true"/>
    <setting id="UserMusicHub5_target" value="music" label="$LOCALIZE[2]" icon="defaultmusicsongs.png" />
    <setting id="UserMusicHub5_target" value="programs" label="$LOCALIZE[0]" icon="defaultaddon.png" />
    <setting id="UserMusicHub5_target" value="pictures" label="$LOCALIZE[1]" icon="defaultpicture.png" />
    <setting id="UserMusicHub6_target" value="videos" label="$LOCALIZE[3]" icon="defaultvideo.png" default="true"/>
    <setting id="UserMusicHub6_target" value="music" label="$LOCALIZE[2]" icon="defaultmusicsongs.png" />
    <setting id="UserMusicHub6_target" value="programs" label="$LOCALIZE[0]" icon="defaultaddon.png" />
    <setting id="UserMusicHub6_target" value="pictures" label="$LOCALIZE[1]" icon="defaultpicture.png" />

    <setting id="UserHomeHub1_target" value="videos" label="$LOCALIZE[3]" icon="defaultvideo.png" default="true"/>
    <setting id="UserHomeHub1_target" value="music" label="$LOCALIZE[2]" icon="defaultmusicsongs.png" />
    <setting id="UserHomeHub1_target" value="pictures" label="$LOCALIZE[1]" icon="defaultpicture.png" />
    <setting id="UserHomeHub2_target" value="videos" label="$LOCALIZE[3]" icon="defaultvideo.png" default="true"/>
    <setting id="UserHomeHub2_target" value="music" label="$LOCALIZE[2]" icon="defaultmusicsongs.png" />
    <setting id="UserHomeHub2_target" value="pictures" label="$LOCALIZE[1]" icon="defaultpicture.png" />
    <setting id="UserHomeHub3_target" value="videos" label="$LOCALIZE[3]" icon="defaultvideo.png" default="true"/>
    <setting id="UserHomeHub3_target" value="music" label="$LOCALIZE[2]" icon="defaultmusicsongs.png" />
    <setting id="UserHomeHub3_target" value="pictures" label="$LOCALIZE[1]" icon="defaultpicture.png" />
    <setting id="UserHomeHub4_target" value="videos" label="$LOCALIZE[3]" icon="defaultvideo.png" default="true"/>
    <setting id="UserHomeHub4_target" value="music" label="$LOCALIZE[2]" icon="defaultmusicsongs.png" />
    <setting id="UserHomeHub4_target" value="pictures" label="$LOCALIZE[1]" icon="defaultpicture.png" />
    <setting id="UserHomeHub5_target" value="videos" label="$LOCALIZE[3]" icon="defaultvideo.png" default="true"/>
    <setting id="UserHomeHub5_target" value="music" label="$LOCALIZE[2]" icon="defaultmusicsongs.png" />
    <setting id="UserHomeHub5_target" value="pictures" label="$LOCALIZE[1]" icon="defaultpicture.png" />
    <setting id="UserHomeHub6_target" value="videos" label="$LOCALIZE[3]" icon="defaultvideo.png" default="true"/>
    <setting id="UserHomeHub6_target" value="music" label="$LOCALIZE[2]" icon="defaultmusicsongs.png" />
    <setting id="UserHomeHub6_target" value="pictures" label="$LOCALIZE[1]" icon="defaultpicture.png" />

    <setting id="BackgroundAlpha" value="0" label="$LOCALIZE[31157]" icon="defaultaddonweather.png" default="true"/>
    <setting id="BackgroundAlpha" value="1" label="$LOCALIZE[31158]" icon="defaultaddonweather.png" />
    <setting id="BackgroundAlpha" value="2" label="$LOCALIZE[31159]" icon="defaultaddonweather.png" />
    <setting id="BackgroundAlpha" value="3" label="$LOCALIZE[31160]" icon="defaultaddonweather.png" />
</settings>