<?xml version="1.0" encoding="UTF-8" standalone="yes"?>
<addon id="resource.images.addonicons.color" name="Alternative Addon Icons" version="1.2.1" provider-name="Barney Stinsen">
	<extension point="kodi.resource.images" compile="false" type="addonicons" />
	<requires>
		<import addon="kodi.resource" version="1.0.0"/>
	</requires>
	<extension point="xbmc.addon.metadata">
		<summary lang="en">Alternative Addon Icons</summary>
		<description lang="en">Alternative Addon Icons</description>
		<platform>all</platform>
		<license>Creative Commons Attribution-Share Alike 3.0 United States</license>
	</extension>
</addon>
