<?xml version="1.0" encoding="UTF-8" standalone="yes"?>
<addon id="plugin.video.ran_de" name="ran" version="2.2.4" provider-name="PUR3 u. L0RE">
    <requires>
        <import addon="xbmc.python" version="2.1.0"/>
    </requires>
    <extension point="xbmc.python.pluginsource" library="default.py">
        <provides>video</provides>
    </extension>
    <extension point="xbmc.addon.metadata">
        <platform>all</platform>
        <summary lang="de">Livestreams und Videos von ran.de</summary>
        <summary lang="en">Livestreams and videos from ran.de</summary>
        <description lang="de">Dieses Addon ermöglicht es euch, die neusten Videos und Livestreams von ran.de zu schauen.</description>
        <description lang="en">Watch livestreams and the latest videos from ran.de.</description>
    </extension>
</addon>
