<?xml version="1.0" encoding="UTF-8" standalone="yes"?>
<addon id="plugin.video.rtlnow" name="TV Now" version="0.4.12" provider-name="L0RE">
 <requires>
        <import addon="xbmc.python" version="2.1.0"/>   
        <import addon="script.common.plugin.cache" version="2.5.5"/> # Add this    
    </requires>
    <extension point="xbmc.python.pluginsource" library="default.py">
        <provides>video</provides>
    </extension>
  <extension point="xbmc.addon.metadata">
    <summary lang="en">Test Plugin von L0RE</summary>
    <summary lang="de">Test Plugin von L0RE</summary>
    <description lang="en">Test Plugin von L0RE</description>
    <description lang="de">Test Plugin von L0RE</description>
    <website></website>
    <email>andreas at vogler dot name</email>
    <platform>all</platform>
  </extension>
</addon>
