<?xml version="1.0" encoding="UTF-8" standalone="yes"?>
<addon id="plugin.video.sporttotal" name="Sport total" version="0.2" provider-name="L0RE">
    <requires>
        <import addon="xbmc.python" version="2.24.0"/>
        <import addon="script.module.beautifulsoup4" version="4.3.2"/>
    </requires>
    <extension point="xbmc.python.pluginsource" library="default.py">
        <provides>video</provides>
    </extension>
  <extension point="xbmc.addon.metadata">    
    <summary lang="de">Regional Fussball Liegen von https://www.sporttotal.tv</summary>
    <summary lang="en">Regional Fussball Liegen von https://www.sporttotal.tv</summary>
    <language>de</language>
    <description lang="de">Regional Fussball Liegen von https://www.sporttotal.tv</description>
    <description lang="en">Regional Fussball Liegen von https://www.sporttotal.tv</description>
    <license>GNU GENERAL PUBLIC LICENSE. Version 2, June 1991</license>
    <website></website>
    <source>https://github.com/kodinerds/repo/tree/master/addons/plugin.video.sporttotal</source>
    <forum>http://www.kodinerds.net/</forum>
    <email>andreas at vogler dot name</email>
    <platform>all</platform>
  </extension>
</addon>
