[{
	"name": "Discovery Channel",
	"pvrname": "Discovery HD"
}, {
	"name": "National Geographic Channel",
	"pvrname": "NatGeo HD"
}, {
	"name": "Prosieben MAXX",
	"pvrname": "Pro7 MAXX"
}, {
	"name": "Prosieben Fun",
	"pvrname": "Pro7 Fun"
}, {
	"name": "Sky Atlantic +1",
	"pvrname": "Sky Atlantic +1"	
}, {
	"name": "Fox Channel",
	"pvrname": "Fox"				
}, {
	"name": "Universal Channel",
	"pvrname": "Universal"
}, {
	"name": "nickelodeon austria",
	"pvrname": "nickelodeon"	
}, {
	"name": "SAT.1",
	"pvrname": "SAT.1 HD"				
}]