<?xml version="1.0" encoding="UTF-8"?>
<window>
	<defaultcontrol always="true">100</defaultcontrol>
	<controls>
		<!-- Hidden scrollbar -->
		<control id="96" type="scrollbar">
			<left>-1200</left>
			<width>100</width>
			<height>1</height>
			<showonepage>false</showonepage>
			<orientation>vertical</orientation>
		</control>
		<!-- Content -->
		<!-- Background -->
		<include>Background</include>
		<!-- Dialog -->
		<control type="grouplist" id="500">
			<include>Window_OpenClose</include>
			<width>2130</width>
			<height>100%</height>
			<orientation>vertical</orientation>
			<usecontrolcoords>true</usecontrolcoords>
			<scrolltime tween="sine" easing="out">400</scrolltime>
			<itemgap>-80</itemgap>
			<include>Bounce_Up_Down</include>
			<!-- Meta -->
			<control type="group">
				<width>1920</width>
				<height>604</height>
				<control type="group">
					<top>128</top>
					<height>435</height>
					<width>1920</width>
					<!-- poster -->
					<control type="group">
						<left>70</left>
						<control type="image">
							<top>-2</top>
							<left>-2</left>
							<width>282</width>
							<height>420</height>
							<texture>items/shadow_poster.png</texture>
						</control>
						<control type="image">
							<width>276</width>
							<height>414</height>
							<texture colordiffuse="green" diffuse="items/mask_poster.png">common/white.jpg</texture>
							<aspectratio scalediffuse="false">stretch</aspectratio>
							<visible>String.IsEmpty(Player.Art(poster)) + String.IsEmpty(Player.Art(tvshow.poster))</visible>
						</control>
						<control type="textbox">
							<top>10</top>
							<left>10</left>
							<width>256</width>
							<height>394</height>
							<font>Light24</font>
							<align>center</align>
							<aligny>center</aligny>
							<label>$VAR[PlayerTitleLabel]</label>
							<visible>String.IsEmpty(Player.Art(poster)) + String.IsEmpty(Player.Art(tvshow.poster))</visible>
						</control>
						<control type="image">
							<width>276</width>
							<height>414</height>
							<texture diffuse="items/mask_poster.png" background="true">$VAR[PlayerIcon]</texture>
							<aspectratio scalediffuse="false">scale</aspectratio>
							<visible>!String.IsEmpty(Player.Art(poster)) | !String.IsEmpty(Player.Art(tvshow.poster))</visible>
						</control>
					</control>
					<!-- Meta -->
					<control type="group">
						<width>1920</width>
						<height>604</height>
						<control type="grouplist">
							<left>370</left>
							<orientation>vertical</orientation>
							<height>500</height>
							<align>top</align>
							<itemgap>0</itemgap>
							<width>1480</width>
							<control type="label">
								<width>1040</width>
								<height>60</height>
								<label>$INFO[VideoPlayer.Title]</label>
								<font>Reg37</font>
								<shadowcolor>text_shadow</shadowcolor>
							</control>
							<control type="grouplist">
								<height>40</height>
								<width>1040</width>
								<itemgap>5</itemgap>
								<orientation>horizontal</orientation>
								<control type="label">
									<width>auto</width>
									<height>24</height>
									<label>$INFO[VideoPlayer.Year]   </label>
									<font>reg22</font>
									<shadowcolor>text_shadow</shadowcolor>
									<visible>!String.IsEmpty(VideoPlayer.Year) + VideoPlayer.Content(movies)</visible>
								</control>
								<control type="label">
									<width>auto</width>
									<height>24</height>
									<label>$VAR[PlayerDurationMinutes]   </label>
									<font>reg22</font>
									<shadowcolor>text_shadow</shadowcolor>
									<visible>!String.IsEmpty(Player.Duration)</visible>
								</control>
								<control type="button">
									<width min="24">auto</width>
									<height>28</height>
									<font>med16</font>
									<label>$INFO[VideoPlayer.Mpaa]</label>
									<textoffsetx>10</textoffsetx>
									<align>center</align>
									<textcolor>white</textcolor>
									<texturefocus border="10" colordiffuse="text_white">icons/rating/mpaa.png</texturefocus>
									<texturenofocus border="10" colordiffuse="text_white">icons/rating/mpaa.png</texturenofocus>
									<enabled>false</enabled>
									<visible>!String.IsEmpty(VideoPlayer.Mpaa)</visible>
								</control>
								<control type="label">
									<width>12</width>
									<height>24</height>
									<label/>
									<visible>!String.IsEmpty(VideoPlayer.Mpaa)</visible>
								</control>
								<control type="button">
									<width min="24">auto</width>
									<height>28</height>
									<font>med16</font>
									<label>CC</label>
									<textoffsetx>10</textoffsetx>
									<align>center</align>
									<enabledcolor>lightgrey</enabledcolor>
									<texturefocus border="10" colordiffuse="greybutton">items/shadow_smallbutton.png</texturefocus>
									<texturenofocus border="10" colordiffuse="greybutton">items/shadow_smallbutton.png</texturenofocus>
									<enabled>false</enabled>
									<visible>VideoPlayer.HasSubtitles</visible>
								</control>
								<control type="label">
									<width>9</width>
									<height>24</height>
									<label/>
									<visible>VideoPlayer.HasSubtitles</visible>
								</control>
								<control type="label">
									<width>auto</width>
									<height>24</height>
									<label></label>
									<font>Material26</font>
									<textcolor>red</textcolor>
									<shadowcolor>text_shadow</shadowcolor>
									<visible>!String.IsEmpty(VideoPlayer.Rating)</visible>
								</control>
								<control type="label">
									<width>auto</width>
									<height>24</height>
									<label>$INFO[VideoPlayer.Rating]   </label>
									<font>reg22</font>
									<shadowcolor>text_shadow</shadowcolor>
									<visible>!String.IsEmpty(VideoPlayer.Rating)</visible>
								</control>
								<include content="SkinHelperRatings">
									<param name="type" value="Player"/>
								</include>
							</control>
							<control type="grouplist" id="100">
								<height>75</height>
								<orientation>horizontal</orientation>
								<itemgap>5</itemgap>
								<onright>noop</onright>
								<onleft>9999</onleft>
								<control type="button" id="2">
									<label>$LOCALIZE[294]</label>
									<onup>SetFocus(6666)</onup>
									<ondown>SetFocus(11)</ondown>
								</control>
								<control type="button" id="3">
									<label>$LOCALIZE[296]</label>
									<onup>SetFocus(6666)</onup>
									<ondown>SetFocus(11)</ondown>
								</control>
								<control type="button" id="97">
									<visible>Control.IsVisible(96)</visible>
									<label>$LOCALIZE[31013]</label>
									<onclick>RunScript(script.skin.helper.service,action=textviewer,header='$ESCVAR[TinyInfoDialogHeadline]',message='$ESCVAR[TinyInfoDialogPlot]')</onclick>
									<onup>SetFocus(6666)</onup>
									<ondown>SetFocus(11)</ondown>
								</control>
							</control>
							<control type="label">
								<width>auto</width>
								<height>40</height>
								<label>$INFO[VideoPlayer.Genre,$LOCALIZE[515]: ,   ]$INFO[VideoPlayer.Director,$LOCALIZE[20339]: ]</label>
								<font>reg22</font>
								<textcolor>emby</textcolor>
								<shadowcolor>text_shadow</shadowcolor>
							</control>
							<control type="textbox">
								<width>100%</width>
								<height>130</height>
								<align>justify</align>
								<aligny>top</aligny>
								<label>$INFO[VideoPlayer.Tagline,[B],[/B][CR]]$INFO[VideoPlayer.Plot]</label>
								<font>Light24</font>
								<shadowcolor>text_shadow</shadowcolor>
								<autoscroll>false</autoscroll>
								<pagecontrol>96</pagecontrol>
							</control>
							<control type="label">
								<height>20</height>
							</control>
							<control type="grouplist">
								<orientation>horizontal</orientation>
								<height>65</height>
								<itemgap>5</itemgap>
								<width>1040</width>
								<include>PlayerFlags</include>
							</control>
						</control>
						<!-- logo -->
						<control type="image">
							<right>70</right>
							<width>400</width>
							<height>155</height>
							<texture>$VAR[PlayerClearlogo]</texture>
							<aspectratio>keep</aspectratio>
						</control>
					</control>
				</control>
			</control>
			<!-- Cast -->
			<include content="WideWidget">
				<param name="id" value="11"/>
				<param name="mainlabel" value="$INFO[ListItem.Label]"/>
				<param name="sublabel" value="$INFO[ListItem.Label2]"/>
				<param name="headline" value="$LOCALIZE[298]"/>
				<param name="onup" value="100"/>
				<param name="ondown" value="SetProperty(BounceDown,1,home)"/>
				<param name="use_custom_content" value="false"/>
			</include>
		</control>
		<!-- header bar -->
		<include content="HeaderBar">		
			<param name="id">100</param>
			<param name="enabled">false</param>
			<param name="sidebar_id">9999</param>
			<param name="custom_animation">Container(500).HasPrevious</param>
		</include>
		<!-- side panel -->
		<include content="SidePanel">
			<param name="onright">100</param>
		</include>
	</controls>
</window>
