<?xml version="1.0" encoding="UTF-8"?>
<window>
	<defaultcontrol always="true">10</defaultcontrol>
	<backgroundcolor>background</backgroundcolor>
	<menucontrol>6666</menucontrol>
	<onload condition="!String.IsEmpty(Window(home).Property(pvrhub))">ActivateWindow(1124)</onload>
	<onload>ClearProperty(pvrhub,home)</onload>
	<!-- winter theme -->
	<onload condition="!Player.HasMedia + $EXP[HolidayTheme] + System.Date(12-01,12-26)">SetProperty(SkinExtraSound,1,home)</onload>
	<onload condition="!Player.HasMedia + $EXP[HolidayTheme] + System.Date(12-01,12-26)">AlarmClock(ClearSkinExtraSound,ClearProperty(SkinExtraSound,home),00:05,silent)</onload>
	<onload condition="Window.Previous(startup) + !Player.HasMedia + $EXP[HolidayTheme] + System.Date(12-01,12-26)">PlayMedia(special://skin/extras/holiday/winterintro.mp3,1)</onload>
	<onload condition="!Window.Previous(startup) + !Player.HasMedia + $EXP[HolidayTheme] + System.Date(12-01,12-26)">PlayMedia(special://skin/extras/holiday/winterbells.mp3,1)</onload>
	<!-- halloween theme -->
	<onload condition="!Player.HasMedia + $EXP[HolidayTheme2]">SetProperty(SkinExtraSound,1,home)</onload>
	<onload condition="!Player.HasMedia + $EXP[HolidayTheme2]">AlarmClock(ClearSkinExtraSound,ClearProperty(SkinExtraSound,home),00:05,silent)</onload>
	<onload condition="Window.Previous(startup) + !Player.HasMedia + $EXP[HolidayTheme2]">PlayMedia(special://skin/extras/holiday/halloween1.mp3,1)</onload>
	<onload condition="!Window.Previous(startup) + !Player.HasMedia + $EXP[HolidayTheme2]">PlayMedia(special://skin/extras/holiday/halloween2.wav,1)</onload>
	<!-- first run -->
	<onload condition="!Skin.HasSetting(EmbuaryFirstStartup)">ReplaceWindow(1119)</onload>
	<include content="PropertyIncludes">
		<param name="ShowHeader" value="true"/>
	</include>
	<onload>RunScript(script.skinshortcuts,type=buildxml&amp;mainmenuID=100&amp;levels=0&amp;group=mainmenu|moviehub|tvshowhub|musichub)</onload>
	<!-- Note for myself: TEMP - DELETE AFTER A WHILE -->
	<onload condition="!Skin.HasSetting(TempBuildEmbyNodes)">SetProperty(EmbyMovieHubWidgetsReset,1,home)</onload>
	<onload condition="!Skin.HasSetting(TempBuildEmbyNodes)">SetProperty(EmbyTVShowHubWidgetsReset,1,home)</onload>
	<onload condition="!Skin.HasSetting(TempBuildEmbyNodes)">Skin.ToggleSetting(TempBuildEmbyNodes)</onload>
	<onload condition="!Skin.HasSetting(TempBuildEmbyConNodes)">SetProperty(EmbyConMovieHubWidgetsReset,1,home)</onload>
	<onload condition="!Skin.HasSetting(TempBuildEmbyConNodes)">SetProperty(EmbyConTVShowHubWidgetsReset,1,home)</onload>
	<onload condition="!Skin.HasSetting(TempBuildEmbyConNodes)">SetProperty(EmbyConMusicHubWidgetsReset,1,home)</onload>
	<onload condition="!Skin.HasSetting(TempBuildEmbyConNodes)">Skin.ToggleSetting(TempBuildEmbyConNodes)</onload>
	<controls>
		<control type="group">
			<visible>String.IsEmpty(Window(home).Property(pvrhub))</visible>
			<!-- background -->
			<include>Background</include>
			<!-- content -->
			<include condition="!Skin.HasSetting(HomePanelLayout)">HomeDefaultLayout</include>
			<include condition="Skin.HasSetting(HomePanelLayout)">HomePanelLayout</include>
			<!-- menu fake art -->
			<include>skinshortcuts-template-itemArt</include>
			<!-- side panel -->
			<include content="SidePanel"/>
		</control>
	</controls>
</window>
