<?xml version="1.0" encoding="UTF-8"?>
<includes>
    <variable name="WidgetTarget">
        <value condition="String.Contains(Container(9000).ListItem.Property(homemenu_path),music)">music</value>
        <value condition="String.Contains(Container(9000).ListItem.Property(homemenu_path),audio)">music</value>
        <value condition="String.Contains(Container(9000).ListItem.Property(homemenu_path),video)">videos</value>
        <value>videos</value>
    </variable>
    <variable name="WidgetPropertyLabel">
        <value condition="String.IsEqual(Window(Home).Property(HomeButton),music)">$LOCALIZE[2]</value>
        <value condition="String.IsEqual(Window(Home).Property(HomeButton),videos)">$LOCALIZE[3]</value>
        <value condition="String.IsEqual(Window(Home).Property(HomeButton),movies)">$LOCALIZE[20342]</value>
        <value condition="String.IsEqual(Window(Home).Property(HomeButton),tvshow)">$LOCALIZE[20343]</value>
        <value condition="String.IsEqual(Window(Home).Property(HomeButton),musicvideo)">$LOCALIZE[20389]</value>
        <value condition="String.IsEqual(Window(Home).Property(HomeButton),picture)">$LOCALIZE[1]</value>
        <value condition="String.IsEqual(Window(Home).Property(HomeButton),playdisc)">$LOCALIZE[427]</value>
        <value condition="String.IsEqual(Window(Home).Property(HomeButton),livetv)">$LOCALIZE[31502]</value>
        <value condition="String.IsEqual(Window(Home).Property(HomeButton),radio)">$LOCALIZE[31960]</value>
        <value condition="String.IsEqual(Window(Home).Property(HomeButton),weather)">$LOCALIZE[8]</value>
        <value condition="String.IsEqual(Window(Home).Property(HomeButton),custom1)">$LOCALIZE[636] 1</value>
        <value condition="String.IsEqual(Window(Home).Property(HomeButton),custom2)">$LOCALIZE[636] 2</value>
        <value condition="String.IsEqual(Window(Home).Property(HomeButton),custom3)">$LOCALIZE[636] 3</value>
        <value condition="String.IsEqual(Window(Home).Property(HomeButton),custom4)">$LOCALIZE[636] 4</value>
        <value condition="String.IsEqual(Window(Home).Property(HomeButton),custom5)">$LOCALIZE[636] 5</value>
        <value condition="String.IsEqual(Window(Home).Property(HomeButton),custom6)">$LOCALIZE[636] 6</value>
        <value condition="String.IsEqual(Window(Home).Property(HomeButton),custom7)">$LOCALIZE[636] 7</value>
        <value condition="String.IsEqual(Window(Home).Property(HomeButton),custom8)">$LOCALIZE[636] 8</value>
        <value condition="String.IsEqual(Window(Home).Property(HomeButton),custom9)">$LOCALIZE[636] 9</value>
        <value condition="String.IsEqual(Window(Home).Property(HomeButton),dashboard)">Dashboard</value>
        <value condition="String.IsEqual(Window(Home).Property(HomeButton),setting)">$LOCALIZE[13000]</value>
        <value condition="String.IsEqual(Window(Home).Property(HomeButton),pvr)">$LOCALIZE[31502]</value>
        <value condition="String.IsEqual(Window(Home).Property(HomeButton),radio)">$LOCALIZE[31960]</value>
        <value condition="String.IsEqual(Window(Home).Property(HomeButton),news)">news</value>
    </variable>
</includes>
