<?xml version="1.0" encoding="UTF-8"?>
<includes>
	<include name="Episode_View_55">
		<!-- Hidden scrollbar -->
		<control id="96" type="scrollbar">
			<left>-1200</left>
			<width>100</width>
			<height>1</height>
			<showonepage>false</showonepage>
			<orientation>vertical</orientation>
		</control>
		<!-- season 55 -->
		<control type="grouplist" id="550">
			<include>Visible_OpenClose</include>
			<include>Bounce_Up_Down</include>
			<visible>Control.IsVisible(55)</visible>
			<width>2130</width>
			<height>100%</height>
			<orientation>vertical</orientation>
			<usecontrolcoords>true</usecontrolcoords>
			<scrolltime tween="sine" easing="out">400</scrolltime>
			<itemgap>-80</itemgap>
			<!-- Meta -->
			<control type="group">
				<width>1920</width>
				<height>960</height>
				<control type="group">
					<top>128</top>
					<height>435</height>
					<width>1920</width>
					<!-- thumb -->
					<control type="group">
						<left>70</left>
						<control type="image">
							<width>430</width>
							<height>242</height>
							<texture colordiffuse="green" diffuse="items/mask_wide_db.png">common/white.jpg</texture>
							<aspectratio scalediffuse="false">stretch</aspectratio>
							<visible>String.IsEmpty(ListItem.Art(tvshow.landscape)) + String.IsEmpty(ListItem.Art(landscape)) + String.IsEmpty(ListItem.Art(fanart)) + ![!String.IsEmpty(ListItem.Art(thumb)) + Container.Content(episodes)]</visible>
						</control>
						<control type="image">
							<width>430</width>
							<height>242</height>
							<texture colordiffuse="thumb_background" diffuse="items/mask_wide_db.png">common/white.jpg</texture>
							<aspectratio scalediffuse="false">stretch</aspectratio>
							<visible>![String.IsEmpty(ListItem.Art(tvshow.landscape)) + String.IsEmpty(ListItem.Art(landscape)) + String.IsEmpty(ListItem.Art(fanart)) + ![!String.IsEmpty(ListItem.Art(thumb)) + Container.Content(episodes)]]</visible>
						</control>
						<control type="textbox">
							<top>10</top>
							<left>10</left>
							<width>410</width>
							<height>222</height>
							<font>Light24</font>
							<align>center</align>
							<aligny>center</aligny>
							<label>$INFO[ListItem.Season,S,:]$INFO[ListItem.Episode,E, - ]$INFO[ListItem.Title]</label>
							<visible>String.IsEmpty(ListItem.Art(tvshow.landscape)) + String.IsEmpty(ListItem.Art(landscape)) + String.IsEmpty(ListItem.Art(fanart)) + ![!String.IsEmpty(ListItem.Art(thumb)) + Container.Content(episodes)]</visible>
						</control>
						<control type="image">
							<width>430</width>
							<height>242</height>
							<texture diffuse="items/mask_wide_db.png" background="true">$VAR[IconLandscape]</texture>
							<aspectratio scalediffuse="false">scale</aspectratio>
						</control>
						<control type="group">
							<width>430</width>
							<height>242</height>
							<include>bubble_play</include>
						</control>
					</control>
					<!-- meta -->
					<control type="grouplist">
						<left>524</left>
						<orientation>vertical</orientation>
						<height>500</height>
						<align>top</align>
						<itemgap>0</itemgap>
						<right>70</right>
						<control type="label">
							<width>886</width>
							<height>60</height>
							<label>$INFO[ListItem.TvShowTitle]</label>
							<font>Reg37</font>
							<shadowcolor>text_shadow</shadowcolor>
						</control>
						<control type="label">
							<width>886</width>
							<height>60</height>
							<label>$INFO[ListItem.Season,S,:]$INFO[ListItem.Episode,E, - ]$INFO[ListItem.Title]</label>
							<font>Reg37</font>
							<shadowcolor>text_shadow</shadowcolor>
						</control>
						<control type="grouplist">
							<height>40</height>
							<width>886</width>
							<itemgap>5</itemgap>
							<orientation>horizontal</orientation>
							<control type="label">
								<width>auto</width>
								<height>24</height>
								<label>$INFO[ListItem.Premiered]   </label>
								<font>reg22</font>
								<shadowcolor>text_shadow</shadowcolor>
								<visible>!String.IsEmpty(ListItem.Premiered)</visible>
							</control>
							<control type="label">
								<width>auto</width>
								<height>24</height>
								<label>$VAR[ListItemDuration]   </label>
								<font>reg22</font>
								<shadowcolor>text_shadow</shadowcolor>
								<visible>!String.IsEmpty(ListItem.Duration)</visible>
							</control>
							<control type="label">
								<width>auto</width>
								<height>24</height>
								<label>$INFO[ListItem.Mpaa]   </label>
								<font>reg22</font>
								<shadowcolor>text_shadow</shadowcolor>
								<visible>!String.IsEmpty(ListItem.Mpaa)</visible>
							</control>
							<control type="label">
								<width>auto</width>
								<height>24</height>
								<label></label>
								<font>Material26</font>
								<textcolor>red</textcolor>
								<shadowcolor>text_shadow</shadowcolor>
								<visible>!String.IsEmpty(ListItem.Rating)</visible>
							</control>
							<control type="label">
								<width>auto</width>
								<height>24</height>
								<label>$INFO[ListItem.Rating]   </label>
								<font>reg22</font>
								<shadowcolor>text_shadow</shadowcolor>
								<visible>!String.IsEmpty(ListItem.Rating)</visible>
							</control>
						</control>
						<control type="grouplist" id="100">
							<height>65</height>
							<orientation>horizontal</orientation>
							<itemgap>5</itemgap>
							<onright>noop</onright>
							<onleft>9999</onleft>
							<control type="button" id="101">
								<label>$LOCALIZE[31069]</label>
								<onup>SetFocus(6666)</onup>
								<ondown>SetFocus(54)</ondown>
								<onclick>back</onclick>
							</control>
							<control type="button" id="103">
								<visible>Control.IsVisible(96)</visible>
								<label>$LOCALIZE[31013]</label>
								<onclick>RunScript(script.skin.helper.service,action=textviewer,header='$ESCINFO[ListItem.TVShowTitle]',message='$ESCVAR[TinyInfoDialogPlot]')</onclick>
								<onup>SetFocus(6666)</onup>
								<ondown>SetFocus(54)</ondown>
							</control>
							<control type="togglebutton" id="102">
								<width>70</width>
								<height>50</height>
								<font>material24</font>
								<textcolor>white</textcolor>
								<focusedcolor>white</focusedcolor>
								<selectedcolor>white</selectedcolor>
								<shadowcolor>text_shadow</shadowcolor>
								<aligny>center</aligny>
								<align>center</align>
								<texturefocus border="10" colordiffuse="button_focus">items/shadow_smallbutton.png</texturefocus>
								<texturenofocus border="10" colordiffuse="greybutton">items/shadow_smallbutton.png</texturenofocus>
								<alttexturefocus border="10" colordiffuse="button_focus">items/shadow_smallbutton.png</alttexturefocus>
								<alttexturenofocus border="10" colordiffuse="greybutton">items/shadow_smallbutton.png</alttexturenofocus>
								<pulseonselect>no</pulseonselect>
								<altlabel>[B][/B]</altlabel>
								<label>[B][COLOR red][/COLOR][/B]</label>
								<onclick>ToggleWatched</onclick>
								<onup>SetFocus(6666)</onup>
								<ondown>SetFocus(54)</ondown>
								<selected>!String.IsEqual(ListItem.Overlay,OverlayWatched.png)</selected>
							</control>
						</control>
						<control type="textbox">
							<width>100%</width>
							<height>125</height>
							<align>justify</align>
							<aligny>top</aligny>
							<label>$INFO[ListItem.Plot]</label>
							<font>Light24</font>
							<shadowcolor>text_shadow</shadowcolor>
							<autoscroll>false</autoscroll>
							<pagecontrol>96</pagecontrol>
						</control>
						<control type="label">
							<height>15</height>
						</control>
						<control type="grouplist">
							<orientation>horizontal</orientation>
							<height>65</height>
							<itemgap>5</itemgap>
							<width>1040</width>
							<include>MediaFlags</include>
						</control>
					</control>
					<!-- logo -->
					<control type="image">
						<right>70</right>
						<width>400</width>
						<height>155</height>
						<texture>$VAR[ListItemClearlogo]</texture>
						<aspectratio>keep</aspectratio>
					</control>
				</control>
				<control type="group">
					<top>524</top>
					<!-- Episodes -->
					<include content="WideWidget">
						<param name="id" value="55"/>
						<param name="onup" value="100"/>
						<param name="ondown" value="1000"/>
						<param name="sublabel" value=""/>
						<param name="sortby" value="playcount"/>
						<param name="sortorder" value="descending"/>
						<param name="headline" value="$LOCALIZE[20360]"/>
						<param name="use_custom_content" value="false"/>				
						<param name="content_visibility" value="Container.Content(episodes) + [!String.StartsWith(Container.FolderPath,plugin://) | String.StartsWith(Container.FolderPath,plugin://plugin.video.embycon)]"/>
						<param name="list_name" value="$LOCALIZE[20359]"/>
						<param name="height" value="438"/>
					</include>
				</control>
			</control>
			<!-- Cast -->
			<include content="CastWidget">
				<param name="id" value="1000"/>
				<param name="onup" value="55"/>
				<param name="ondown" value="SetProperty(BounceDown,1,home)"/>
				<param name="onback" value="55"/>
				<param name="mainlabel" value="$INFO[ListItem.Label]"/>
				<param name="sublabel" value="$INFO[ListItem.Label2]"/>
				<param name="headline" value="$LOCALIZE[206]"/>
				<param name="content" value="$VAR[View_Cast_Content]"/>
			</include>
		</control>
	</include>
</includes>