<?xml version="1.0" encoding="UTF-8"?>
<window>
	<defaultcontrol>1</defaultcontrol>
	<visible>!Window.IsVisible(home)+!Skin.HasSetting(HideMediaInfoSeekbar)</visible>
	<visible>Player.Seeking | Player.DisplayAfterSeek | Player.Paused | Player.Forwarding | Player.Rewinding | Player.ShowInfo | Window.IsVisible(VideoOSD)</visible>
	<animation effect="fade" start="0" end="100" time="200">WindowOpen</animation>
	<animation effect="fade" start="100" end="0" time="200">WindowClose</animation>
	<controls>
		<control type="group">
			<control type="image">
				<left>980</left>
				<top>530</top>
				<width>276</width>
				<height>107</height>
				<texture background="false">$INFO[Player.Art(clearlogo)]</texture>
				<aspectratio scalediffuse="false" align="right" aligny="bottom">keep</aspectratio>
				<visible>Skin.HasSetting(ClearArt)</visible>
				<visible>!Player.HasAudio</visible>
			</control>
			<control type="image">
				<left>980</left>
				<top>530</top>
				<width>276</width>
				<height>107</height>
				<texture background="false">$INFO[Player.Art(clearart)]</texture>
				<aspectratio scalediffuse="false" align="right" aligny="bottom">keep</aspectratio>
				<visible>Skin.HasSetting(ClearArt)</visible>
			</control>
			<control type="image">
				<left>980</left>
				<top>530</top>
				<width>276</width>
				<height>107</height>
				<texture background="false">$INFO[Player.Art(tvshow.clearlogo)]</texture>
				<aspectratio scalediffuse="false" align="right" aligny="bottom">keep</aspectratio>
				<visible>Skin.HasSetting(ClearArt)</visible>
				<visible>!Player.HasAudio</visible>
			</control>
			<control type="image">
				<left>980</left>
				<top>530</top>
				<width>276</width>
				<height>107</height>
				<texture background="false">$INFO[Player.Art(tvshow.clearart)]</texture>
				<aspectratio scalediffuse="false" align="right" aligny="bottom">keep</aspectratio>
				<visible>Skin.HasSetting(ClearArt)</visible>
			</control>
		</control>
		<control type="group">
			<left>60</left>
			<top>470</top>
			<visible>Window.IsVisible(visualisation) | Window.IsVisible(fullscreenvideo)</visible>
			<visible>Player.CanRecord | !VideoPlayer.Content(LiveTV)</visible>
			<control type="group">
				<left>260</left>
				<top>10</top>
				<control type="image">
					<left>10</left>
					<top>0</top>
					<width>80</width>
					<height>50</height>
					<texture>OSDSeekFrame.png</texture>
				</control>
				<control type="image">
					<left>0</left>
					<top>3</top>
					<width>20</width>
					<height>44</height>
					<texture>OSDSeekRewind.png</texture>
					<visible>Player.Rewinding</visible>
				</control>
				<control type="image">
					<left>80</left>
					<top>3</top>
					<width>20</width>
					<height>44</height>
					<texture>OSDSeekForward.png</texture>
					<visible>Player.Forwarding</visible>
				</control>
				<control type="image">
					<left>31</left>
					<top>4</top>
					<width>40</width>
					<height>40</height>
					<texture>OSDPause.png</texture>
					<visible>Player.Paused</visible>
				</control>
				<control type="image">
					<left>31</left>
					<top>4</top>
					<width>40</width>
					<height>40</height>
					<texture>OSDPlay.png</texture>
					<visible>Player.Playing</visible>
				</control>
				<control type="image">
					<left>28</left>
					<top>4</top>
					<width>40</width>
					<height>40</height>
					<texture>OSD2x.png</texture>
					<visible>Player.Rewinding2x</visible>
				</control>
				<control type="image">
					<left>25</left>
					<top>4</top>
					<width>40</width>
					<height>40</height>
					<texture>OSD4x.png</texture>
					<visible>Player.Rewinding4x</visible>
				</control>
				<control type="image">
					<left>22</left>
					<top>4</top>
					<width>40</width>
					<height>40</height>
					<texture>OSD8x.png</texture>
					<visible>Player.Rewinding8x</visible>
				</control>
				<control type="image">
					<left>19</left>
					<top>4</top>
					<width>40</width>
					<height>40</height>
					<texture>OSD16x.png</texture>
					<visible>Player.Rewinding16x</visible>
				</control>
				<control type="image">
					<left>17</left>
					<top>4</top>
					<width>40</width>
					<height>40</height>
					<texture>OSD32x.png</texture>
					<visible>Player.Rewinding32x</visible>
				</control>
				<control type="image">
					<left>34</left>
					<top>4</top>
					<width>40</width>
					<height>40</height>
					<texture>OSD2x.png</texture>
					<visible>Player.Forwarding2x</visible>
				</control>
				<control type="image">
					<left>37</left>
					<top>4</top>
					<width>40</width>
					<height>40</height>
					<texture>OSD4x.png</texture>
					<visible>Player.Forwarding4x</visible>
				</control>
				<control type="image">
					<left>40</left>
					<top>4</top>
					<width>40</width>
					<height>40</height>
					<texture>OSD8x.png</texture>
					<visible>Player.Forwarding8x</visible>
				</control>
				<control type="image">
					<left>43</left>
					<top>4</top>
					<width>40</width>
					<height>40</height>
					<texture>OSD16x.png</texture>
					<visible>Player.Forwarding16x</visible>
				</control>
				<control type="image">
					<left>45</left>
					<top>4</top>
					<width>40</width>
					<height>40</height>
					<texture>OSD32x.png</texture>
					<visible>Player.Forwarding32x</visible>
				</control>
			</control>
				<left>330</left>
				<top>95r</top>
			<control type="slider" id="401">
				<description>Seek Slider</description>
				<left>430</left>
				<top>80r</top>
				<width>720</width>
				<height>10</height>
				<texturesliderbar>seekslider.png</texturesliderbar>
				<textureslidernib>osd_slider_nib.png</textureslidernib>
				<textureslidernibfocus>osd_slider_nib.png</textureslidernibfocus>
				<visible>Player.Seeking</visible>
			</control>
		</control>
	</controls>
</window>
