<?xml version='1.0' encoding='UTF-8'?>
<window>
	<defaultcontrol always="true">9000</defaultcontrol>
	<controls>
		<include>CommonBackground</include>
		<control type="image">
			<left>0</left>
			<top>100r</top>
			<width>1280</width>
			<height>100</height>
			<texture>floor.png</texture>
			<include>VisibleFadeEffect</include>
		</control>
		<control type="image">
			<description>Section header image</description>
			<left>20</left>
			<top>3</top>
			<width>35</width>
			<height>35</height>
			<aspectratio>keep</aspectratio>
			<texture>icon_system.png</texture>
		</control>
		<control type="grouplist">
			<left>65</left>
			<top>5</top>
			<width>1000</width>
			<height>30</height>
			<orientation>horizontal</orientation>
			<align>left</align>
			<itemgap>5</itemgap>
			<control type="label">
				<include>WindowTitleCommons</include>
				<label>$LOCALIZE[20077]</label>
			</control>
			<control type="label">
				<include>WindowTitleCommons</include>
				<label>[COLOR=blue] - [/COLOR]$INFO[Container.FolderName]</label>
				<visible>!IsEmpty(Container.FolderName)</visible>
			</control>
		</control>
		<control type="group">
			<left>90</left>
			<top>30</top>
			<animation reversible="false" type="WindowOpen">
				<effect center="640,360" easing="out" end="100" start="80" time="300" tween="back" type="zoom" />
				<effect end="100" start="0" time="300" type="fade" />
			</animation>
			<animation reversible="false" type="WindowClose">
				<effect center="640,360" easing="in" end="80" start="100" time="300" tween="back" type="zoom" />
				<effect end="0" start="100" time="300" type="fade" />
			</animation>
			<control type="image">
				<left>5</left>
				<top>5</top>
				<width>1090</width>
				<height>630</height>
				<texture border="15">ContentPanel.png</texture>
			</control>
			<control type="image">
				<left>5</left>
				<top>625</top>
				<width>1090</width>
				<height>64</height>
				<texture border="15">ContentPanelMirror.png</texture>
			</control>
			<control type="button">
				<description>Close Window button</description>
				<left>980</left>
				<top>11</top>
				<width>64</width>
				<height>32</height>
				<label>-</label>
				<font>-</font>
				<onclick>PreviousMenu</onclick>
				<texturefocus>DialogCloseButton-focus.png</texturefocus>
				<texturenofocus>DialogCloseButton.png</texturenofocus>
				<onleft>1</onleft>
				<onright>1</onright>
				<onup>1</onup>
				<ondown>1</ondown>
				<visible>system.getbool(input.enablemouse)</visible>
			</control>
			<control type="image">
				<description>LOGO</description>
				<left>30</left>
				<top>15</top>
				<width>220</width>
				<height>80</height>
				<aspectratio>keep</aspectratio>
				<texture>Confluence_Logo.png</texture>
			</control>
			<control id="9000" type="list">
				<left>10</left>
				<top>90</top>
				<width>260</width>
				<height>481</height>
				<onleft>9010</onleft>
				<onright>9010</onright>
				<onup>9000</onup>
				<ondown>9000</ondown>
				<pagecontrol>-</pagecontrol>
				<scrolltime>300</scrolltime>
				<itemlayout height="80" width="260">
					<control type="image">
						<left>0</left>
						<top>0</top>
						<width>260</width>
						<height>81</height>
						<texture border="5">MenuItemNF.png</texture>
					</control>
					<control type="label">
						<left>-130</left>
						<top>15</top>
						<width>380</width>
						<height>25</height>
						<font>font24_title</font>
						<textcolor>grey3</textcolor>
						<align>right</align>
						<aligny>center</aligny>
						<label>$INFO[ListItem.Label]</label>
					</control>
					<control type="label">
						<left>-620</left>
						<top>42</top>
						<width>870</width>
						<height>25</height>
						<font>font13</font>
						<textcolor>grey2</textcolor>
						<align>right</align>
						<aligny>center</aligny>
						<label>$INFO[ListItem.Label2]</label>
					</control>
				</itemlayout>
				<focusedlayout height="80" width="260">
					<control type="image">
						<left>0</left>
						<top>0</top>
						<width>260</width>
						<height>81</height>
						<texture border="5">MenuItemFO.png</texture>
						<animation condition="!Control.HasFocus(9000)" effect="fade" end="30" start="100" time="100">Conditional</animation>
					</control>
					<control type="label">
						<left>-130</left>
						<top>15</top>
						<width>380</width>
						<height>25</height>
						<font>font24_title</font>
						<textcolor>white</textcolor>
						<align>right</align>
						<aligny>center</aligny>
						<label>$INFO[ListItem.Label]</label>
					</control>
					<control type="label">
						<left>-620</left>
						<top>42</top>
						<width>870</width>
						<height>25</height>
						<font>font13</font>
						<textcolor>grey2</textcolor>
						<align>right</align>
						<aligny>center</aligny>
						<label>$INFO[ListItem.Label2]</label>
					</control>
				</focusedlayout>
				<content>
					<item id="1">
						<label>128</label>
						<label2>5</label2>
						<onclick>-</onclick>
					</item>
					<item id="2">
						<label>513</label>
						<label2>31112</label2>
						<onclick>-</onclick>
					</item>
					<item id="3">
						<label>31102</label>
						<label2>31112</label2>
						<onclick>-</onclick>
					</item>
					<item id="4">
						<label>24000</label>
						<label2>31200</label2>
						<onclick>-</onclick>
					</item>
					<item id="5">
						<label>513</label>
						<label2>50002</label2>
						<onclick>-</onclick>
						<visible>Skin.HasSetting(SeparateBackdrops)</visible>
					</item>					
				</content>
			</control>
			<control type="image">
				<left>268</left>
				<top>10</top>
				<width>790</width>
				<height>618</height>
				<texture border="5">black-back2.png</texture>
			</control>
			<control type="image">
				<left>268</left>
				<top>10</top>
				<width>804</width>
				<height>100</height>
				<aspectratio>stretch</aspectratio>
				<texture>GlassTitleBar.png</texture>
			</control>
			<control type="label">
				<description>header label</description>
				<left>300</left>
				<top>20</top>
				<width>740</width>
				<height>30</height>
				<font>font16</font>
				<label>$LOCALIZE[20077] - $INFO[Container(9000).ListItem.Label]</label>
				<align>left</align>
				<aligny>center</aligny>
				<textcolor>white</textcolor>
				<shadowcolor>black</shadowcolor>
			</control>
			<control id="9010" type="group">
				<control id="9001" type="grouplist">
					<visible>Container(9000).Hasfocus(1)</visible>
					<left>290</left>
					<top>60</top>
					<width>750</width>
					<height>530</height>
					<itemgap>-1</itemgap>
					<pagecontrol>60</pagecontrol>
					<onleft>9000</onleft>
					<onright>60</onright>
					<onup>9001</onup>
					<ondown>9001</ondown>
					<control id="1666" type="label">
						<width>750</width>
						<height>45</height>
						<font>font13_title</font>
						<label>20342</label>
						<textcolor>blue</textcolor>
						<shadowcolor>black</shadowcolor>
						<align>left</align>
						<aligny>center</aligny>
					</control>
					<control id="1667" type="radiobutton">
						<width>750</width>
						<height>40</height>
						<font>font13</font>
						<label>50028</label>
						<textcolor>grey2</textcolor>
						<focusedcolor>white</focusedcolor>
						<texturefocus>MenuItemFO.png</texturefocus>
						<texturenofocus>MenuItemNF.png</texturenofocus>
						<onclick>Skin.ToggleSetting(ShowTrailer)</onclick>
						<selected>Skin.HasSetting(ShowTrailer)</selected>
					</control>
					<control id="1006" type="radiobutton">
						<width>750</width>
						<height>40</height>
						<font>font13</font>
						<label>50008</label>
						<textcolor>grey2</textcolor>
						<focusedcolor>white</focusedcolor>
						<texturefocus>MenuItemFO.png</texturefocus>
						<texturenofocus>MenuItemNF.png</texturenofocus>
						<onclick>Skin.ToggleSetting(ExtraFanart)</onclick>
						<selected>Skin.HasSetting(ExtraFanart)</selected>
					</control>
					<control id="1010" type="radiobutton">
						<width>750</width>
						<height>40</height>
						<font>font13</font>
						<label>51204</label>
						<textcolor>grey2</textcolor>
						<focusedcolor>white</focusedcolor>
						<texturefocus>MenuItemFO.png</texturefocus>
						<texturenofocus>MenuItemNF.png</texturenofocus>
						<onclick>Skin.ToggleSetting(NoFlaggingBorder)</onclick>
						<selected>Skin.HasSetting(NoFlaggingBorder)</selected>
					</control>
					<control id="104" type="label">
						<width>750</width>
						<height>45</height>
						<font>font13_title</font>
						<label>20343</label>
						<textcolor>blue</textcolor>
						<shadowcolor>black</shadowcolor>
						<align>left</align>
						<aligny>center</aligny>
					</control>
					<control id="115" type="radiobutton">
						<width>750</width>
						<height>40</height>
						<font>font13</font>
						<label>31126</label>
						<textcolor>grey2</textcolor>
						<focusedcolor>white</focusedcolor>
						<texturefocus>MenuItemFO.png</texturefocus>
						<texturenofocus>MenuItemNF.png</texturenofocus>
						<onclick>Skin.ToggleSetting(ActivateTvTunes)</onclick>
						<selected>Skin.HasSetting(ActivateTvTunes)</selected>
					</control>
					<control id="1007" type="radiobutton">
						<width>750</width>
						<height>40</height>
						<font>font13</font>
						<label>50009</label>
						<textcolor>grey2</textcolor>
						<focusedcolor>white</focusedcolor>
						<texturefocus>MenuItemFO.png</texturefocus>
						<texturenofocus>MenuItemNF.png</texturenofocus>
						<onclick>Skin.ToggleSetting(SeasonFanart)</onclick>
						<selected>Skin.HasSetting(SeasonFanart)</selected>
					</control>						
					<control id="1005" type="radiobutton">
						<width>750</width>
						<height>40</height>
						<font>font13</font>
						<label>50007</label>
						<textcolor>grey2</textcolor>
						<focusedcolor>white</focusedcolor>
						<texturefocus>MenuItemFO.png</texturefocus>
						<texturenofocus>MenuItemNF.png</texturenofocus>
						<onclick>Skin.ToggleSetting(ClearArt)</onclick>
						<selected>Skin.HasSetting(ClearArt)</selected>
					</control>	
					<control id="10454" type="label">
						<width>750</width>
						<height>45</height>
						<font>font13_title</font>
						<label>$LOCALIZE[2]</label>
						<textcolor>blue</textcolor>
						<shadowcolor>black</shadowcolor>
						<align>left</align>
						<aligny>center</aligny>
					</control>	
					<control id="1001" type="radiobutton">
						<description>enable CDArt in Visualization</description>
						<width>750</width>
						<height>40</height>
						<font>font13</font>
						<textcolor>grey2</textcolor>
						<focusedcolor>white</focusedcolor>
						<label>50003</label>
						<onclick>Skin.ToggleSetting(CdArtVis)</onclick>
						<selected>Skin.HasSetting(CdArtVis)</selected>
						<texturefocus>MenuItemFO.png</texturefocus>
						<texturenofocus>MenuItemNF.png</texturenofocus>
					</control>
					<control id="1004" type="button">
						<width>750</width>
						<height>40</height>
						<font>font13</font>
						<label>50006</label>
						<label2>$INFO[Skin.Path(Music_Folder_Path)]</label2>
						<texturefocus>MenuItemFO.png</texturefocus>
						<texturenofocus>MenuItemNF.png</texturenofocus>
						<textcolor>grey2</textcolor>
						<focusedcolor>white</focusedcolor>
						<onclick>Skin.SetPath(Music_Folder_Path)</onclick>
					</control>
					<control id="1008" type="radiobutton">
						<width>750</width>
						<height>40</height>
						<font>font13</font>
						<label>50010</label>
						<textcolor>grey2</textcolor>
						<focusedcolor>white</focusedcolor>
						<texturefocus>MenuItemFO.png</texturefocus>
						<texturenofocus>MenuItemNF.png</texturenofocus>
						<onclick>Skin.ToggleSetting(ArtistSlide)</onclick>
						<selected>Skin.HasSetting(ArtistSlide)</selected>
					</control>
					<control id="1009" type="radiobutton">
						<width>750</width>
						<height>40</height>
						<font>font13</font>
						<label>ArtistSlideShow Biography</label>
						<textcolor>grey2</textcolor>
						<focusedcolor>white</focusedcolor>
						<texturefocus>MenuItemFO.png</texturefocus>
						<texturenofocus>MenuItemNF.png</texturenofocus>
						<onclick>Skin.ToggleSetting(ArtistSlideBio)</onclick>
						<selected>Skin.HasSetting(ArtistSlideBio)</selected>
					</control>
					<control id="1147" type="radiobutton">
						<width>750</width>
						<height>40</height>
						<font>font13</font>
						<textcolor>grey2</textcolor>
						<focusedcolor>white</focusedcolor>
						<label>50043</label>
						<texturefocus>MenuItemFO.png</texturefocus>
						<texturenofocus>menuItemNF.png</texturenofocus>
						<onclick>Skin.ToggleSetting(CDWallNoVisualisation)</onclick>
						<selected>Skin.HasSetting(CDWallNoVisualisation)</selected>
					</control>
					<control id="1148" type="button">
						<description>CD Wall Picture Path</description>
						<width>750</width>
						<height>40</height>
						<font>font13</font>
						<textcolor>grey2</textcolor>
						<focusedcolor>white</focusedcolor>
						<texturefocus>MenuItemFO.png</texturefocus>
						<texturenofocus>menuItemNF.png</texturenofocus>
						<label>50044</label>
						<label2>$INFO[Skin.String(CDWall_Folder_Path)]</label2>
						<onclick>Skin.SetPath(CDWall_Folder_Path)</onclick>
						<visible>Skin.HasSetting(CDWallNoVisualisation)</visible>
					</control>					
					<control id="106" type="label">
						<width>750</width>
						<height>45</height>
						<font>font13_title</font>
						<label>512</label>
						<textcolor>blue</textcolor>
						<shadowcolor>black</shadowcolor>
						<align>left</align>
						<aligny>center</aligny>
					</control>
					<control id="107" type="radiobutton">
						<width>750</width>
						<height>40</height>
						<font>font13</font>
						<label>21398</label>
						<textcolor>grey2</textcolor>
						<focusedcolor>white</focusedcolor>
						<texturefocus>MenuItemFO.png</texturefocus>
						<texturenofocus>MenuItemNF.png</texturenofocus>
						<onclick>Skin.ToggleSetting(Use_Startup_Playlist)</onclick>
						<selected>Skin.HasSetting(Use_Startup_Playlist)</selected>
					</control>
					<control id="108" type="button">
						<description>Startup Playlist Path</description>
						<width>750</width>
						<height>40</height>
						<font>font13</font>
						<textcolor>grey2</textcolor>
						<focusedcolor>white</focusedcolor>
						<label>15311</label>
						<label2>$INFO[Skin.String(Startup_Playlist_Path)]</label2>
						<onclick>Skin.SetFile(Startup_Playlist_Path,,special://MusicPlaylists/)</onclick>
						<texturefocus>MenuItemFO.png</texturefocus>
						<texturenofocus>MenuItemNF.png</texturenofocus>
						<enable>Skin.HasSetting(Use_Startup_Playlist)</enable>
					</control>					
					<control id="100" type="label">
						<width>750</width>
						<height>45</height>
						<font>font13_title</font>
						<label>31106</label>
						<textcolor>blue</textcolor>
						<shadowcolor>black</shadowcolor>
						<align>left</align>
						<aligny>center</aligny>
					</control>
					<control id="99" type="radiobutton">
						<width>750</width>
						<height>40</height>
						<font>font13</font>
						<label>51198</label>
						<textcolor>grey2</textcolor>
						<focusedcolor>white</focusedcolor>
						<texturefocus>MenuItemFO.png</texturefocus>
						<texturenofocus>MenuItemNF.png</texturenofocus>
						<onclick>Skin.ToggleSetting(CommonPageCount)</onclick>
						<selected>Skin.HasSetting(CommonPageCount)</selected>
					</control>
					<control id="101" type="radiobutton">
						<width>750</width>
						<height>40</height>
						<font>font13</font>
						<label>20189</label>
						<textcolor>grey2</textcolor>
						<focusedcolor>white</focusedcolor>
						<texturefocus>MenuItemFO.png</texturefocus>
						<texturenofocus>MenuItemNF.png</texturenofocus>
						<onclick>Skin.ToggleSetting(AutoScroll)</onclick>
						<selected>Skin.HasSetting(AutoScroll)</selected>
					</control>
					<control id="1003" type="radiobutton">
						<width>750</width>
						<height>40</height>
						<font>font13</font>
						<label>50005</label>
						<textcolor>grey2</textcolor>
						<focusedcolor>white</focusedcolor>
						<texturefocus>MenuItemFO.png</texturefocus>
						<texturenofocus>MenuItemNF.png</texturenofocus>
						<onclick>Skin.ToggleSetting(IntroMovie)</onclick>
						<selected>Skin.HasSetting(IntroMovie)</selected>
					</control>
					<control id="1002" type="radiobutton">
						<description>enable kiosk mode</description>
						<width>750</width>
						<height>40</height>
						<font>font13</font>
						<textcolor>grey2</textcolor>
						<focusedcolor>white</focusedcolor>
						<label>50004</label>
						<onclick>Skin.ToggleSetting(KioskMode)</onclick>
						<selected>Skin.HasSetting(KioskMode)</selected>
						<texturefocus>MenuItemFO.png</texturefocus>
						<texturenofocus>MenuItemNF.png</texturenofocus>
					</control>	
					<control id="102" type="radiobutton">
						<width>750</width>
						<height>40</height>
						<font>font13</font>
						<label>31103</label>
						<textcolor>grey2</textcolor>
						<focusedcolor>white</focusedcolor>
						<texturefocus>MenuItemFO.png</texturefocus>
						<texturenofocus>MenuItemNF.png</texturenofocus>
						<onclick>Skin.ToggleSetting(Show_SlideShow_Paused)</onclick>
						<selected>!Skin.HasSetting(Show_SlideShow_Paused)</selected>
					</control>
					<control id="112" type="radiobutton">
						<width>750</width>
						<height>40</height>
						<font>font13</font>
						<label>31104</label>
						<textcolor>grey2</textcolor>
						<focusedcolor>white</focusedcolor>
						<texturefocus>MenuItemFO.png</texturefocus>
						<texturenofocus>MenuItemNF.png</texturenofocus>
						<onclick>Skin.ToggleSetting(WindowedTrailer)</onclick>
						<selected>Skin.HasSetting(WindowedTrailer)</selected>
					</control>
					<control id="113" type="radiobutton">
						<width>750</width>
						<height>40</height>
						<font>font13</font>
						<label>31107</label>
						<textcolor>grey2</textcolor>
						<focusedcolor>white</focusedcolor>
						<texturefocus>MenuItemFO.png</texturefocus>
						<texturenofocus>MenuItemNF.png</texturenofocus>
						<onclick>Skin.ToggleSetting(HideFilenameFlagging)</onclick>
						<selected>Skin.HasSetting(HideFilenameFlagging)</selected>
					</control>
				</control>
				<control id="60" type="scrollbar">
					<left>1060</left>
					<top>60</top>
					<width>25</width>
					<height>530</height>
					<texturesliderbackground border="0,14,0,14">ScrollBarV.png</texturesliderbackground>
					<texturesliderbar border="0,14,0,14">ScrollBarV_bar.png</texturesliderbar>
					<texturesliderbarfocus border="0,14,0,14">ScrollBarV_bar_focus.png</texturesliderbarfocus>
					<textureslidernib>ScrollBarNib.png</textureslidernib>
					<textureslidernibfocus>ScrollBarNib.png</textureslidernibfocus>
					<onleft>9001</onleft>
					<onright>9000</onright>
					<showonepage>false</showonepage>
					<orientation>vertical</orientation>
					<visible>Container(9000).Hasfocus(1)</visible>
				</control>
				<control id="9002" type="grouplist">
					<visible>Container(9000).Hasfocus(2)</visible>
					<left>290</left>
					<top>60</top>
					<width>750</width>
					<height>530</height>
					<itemgap>-1</itemgap>
					<pagecontrol>60</pagecontrol>
					<onleft>9000</onleft>
					<onright>60</onright>
					<onup>9002</onup>
					<ondown>9002</ondown>
					<control id="200" type="label">
						<width>750</width>
						<height>45</height>
						<font>font13_title</font>
						<label>31101</label>
						<textcolor>blue</textcolor>
						<shadowcolor>black</shadowcolor>
						<align>left</align>
						<aligny>center</aligny>
					</control>
					<control id="201" type="radiobutton">
						<description>enable video info</description>
						<width>750</width>
						<height>40</height>
						<font>font13</font>
						<textcolor>grey2</textcolor>
						<focusedcolor>white</focusedcolor>
						<label>51202</label>
						<onclick>Skin.ToggleSetting(HomeMenuTransparent)</onclick>
						<selected>Skin.HasSetting(HomeMenuTransparent)</selected>
						<texturefocus>MenuItemFO.png</texturefocus>
						<texturenofocus>MenuItemNF.png</texturenofocus>
					</control>
					<control id="202" type="radiobutton">
						<description>enable video info</description>
						<width>750</width>
						<height>40</height>
						<font>font13</font>
						<textcolor>grey2</textcolor>
						<focusedcolor>white</focusedcolor>
						<label>20176</label>
						<onclick>Skin.ToggleSetting(homepageVideoinfo)</onclick>
						<selected>!Skin.HasSetting(homepageVideoinfo)</selected>
						<texturefocus>MenuItemFO.png</texturefocus>
						<texturenofocus>MenuItemNF.png</texturenofocus>
					</control>
					<control id="203" type="radiobutton">
						<description>enable music info</description>
						<width>750</width>
						<height>40</height>
						<font>font13</font>
						<textcolor>grey2</textcolor>
						<focusedcolor>white</focusedcolor>
						<label>20083</label>
						<onclick>Skin.ToggleSetting(homepageMusicinfo)</onclick>
						<selected>!Skin.HasSetting(homepageMusicinfo)</selected>
						<texturefocus>MenuItemFO.png</texturefocus>
						<texturenofocus>MenuItemNF.png</texturenofocus>
					</control>
					<control id="204" type="radiobutton">
						<description>enable weather info</description>
						<width>750</width>
						<height>40</height>
						<font>font13</font>
						<textcolor>grey2</textcolor>
						<focusedcolor>white</focusedcolor>
						<label>20084</label>
						<onclick>Skin.ToggleSetting(homepageWeatherinfo)</onclick>
						<onclick>Skin.Reset(NoLogo)</onclick>
						<selected>Skin.HasSetting(homepageWeatherinfo)</selected>
						<texturefocus>MenuItemFO.png</texturefocus>
						<texturenofocus>MenuItemNF.png</texturenofocus>
						<visible>!IsEmpty(Weather.Plugin)</visible>
					</control>
					<control id="2666" type="label">
						<width>750</width>
						<height>45</height>
						<font>font13_title</font>
						<label>50040</label>
						<textcolor>blue</textcolor>
						<shadowcolor>black</shadowcolor>
						<align>left</align>
						<aligny>center</aligny>
					</control>
					<control id="2005" type="radiobutton">
						<description>disable arrows for recently added</description>
						<width>750</width>
						<height>40</height>
						<font>font13</font>
						<textcolor>grey2</textcolor>
						<focusedcolor>white</focusedcolor>
						<label>50015</label>
						<onclick>Skin.ToggleSetting(NoArrow)</onclick>
						<selected>Skin.HasSetting(NoArrow)</selected>
						<texturefocus>MenuItemFO.png</texturefocus>
						<texturenofocus>MenuItemNF.png</texturenofocus>
					</control>	
					<control id="205" type="radiobutton">
						<description>Show Recently added Video info</description>
						<width>750</width>
						<height>40</height>
						<font>font13</font>
						<textcolor>grey2</textcolor>
						<focusedcolor>white</focusedcolor>
						<label>31117</label>
						<onclick>Skin.ToggleSetting(HomepageHideRecentlyAddedVideo)</onclick>
						<selected>!Skin.HasSetting(HomepageHideRecentlyAddedVideo)</selected>
						<texturefocus>MenuItemFO.png</texturefocus>
						<texturenofocus>MenuItemNF.png</texturenofocus>
					</control>
					<control id="206" type="radiobutton">
						<description>Show Recently added info</description>
						<width>750</width>
						<height>40</height>
						<font>font13</font>
						<textcolor>grey2</textcolor>
						<focusedcolor>white</focusedcolor>
						<label>31116</label>
						<onclick>Skin.ToggleSetting(HomepageHideRecentlyAddedAlbums)</onclick>
						<selected>!Skin.HasSetting(HomepageHideRecentlyAddedAlbums)</selected>
						<texturefocus>MenuItemFO.png</texturefocus>
						<texturenofocus>MenuItemNF.png</texturenofocus>
					</control>		
					<control id="2466" type="label">
						<width>750</width>
						<height>45</height>
						<font>font13_title</font>
						<label>50041</label>
						<textcolor>blue</textcolor>
						<shadowcolor>black</shadowcolor>
						<align>left</align>
						<aligny>center</aligny>
					</control>
					<control id="2001" type="radiobutton">
						<description>Disable KODI logo in Home</description>
						<width>750</width>
						<height>40</height>
						<font>font13</font>
						<textcolor>grey2</textcolor>
						<focusedcolor>white</focusedcolor>
						<label>50011</label>
						<onclick>Skin.ToggleSetting(NoLogo)</onclick>
						<onclick>Skin.Reset(homepageWeatherinfo)</onclick>
						<selected>Skin.HasSetting(NoLogo)</selected>
						<texturefocus>MenuItemFO.png</texturefocus>
						<texturenofocus>MenuItemNF.png</texturenofocus>
					</control>
					<control id="2002" type="radiobutton">
						<description>disable floor.png in Home</description>
						<width>750</width>
						<height>40</height>
						<font>font13</font>
						<textcolor>grey2</textcolor>
						<focusedcolor>white</focusedcolor>
						<label>50012</label>
						<onclick>Skin.ToggleSetting(NoFloor)</onclick>
						<selected>Skin.HasSetting(NoFloor)</selected>
						<texturefocus>MenuItemFO.png</texturefocus>
						<texturenofocus>MenuItemNF.png</texturenofocus>
					</control>
					<control id="2003" type="radiobutton">
						<description>lower menu bar</description>
						<width>750</width>
						<height>40</height>
						<font>font13</font>
						<textcolor>grey2</textcolor>
						<focusedcolor>white</focusedcolor>
						<label>50013</label>
						<onclick>Skin.ToggleSetting(LowerMenu)</onclick>
						<selected>Skin.HasSetting(LowerMenu)</selected>
						<texturefocus>MenuItemFO.png</texturefocus>
						<texturenofocus>MenuItemNF.png</texturenofocus>
					</control>
					<control id="2004" type="radiobutton">
						<description>enable CDArt in Home</description>
						<width>750</width>
						<height>40</height>
						<font>font13</font>
						<textcolor>grey2</textcolor>
						<focusedcolor>white</focusedcolor>
						<label>50014</label>
						<onclick>Skin.ToggleSetting(CdArtHome)</onclick>
						<selected>Skin.HasSetting(CdArtHome)</selected>
						<texturefocus>MenuItemFO.png</texturefocus>
						<texturenofocus>MenuItemNF.png</texturenofocus>
					</control>
					<control id="2006" type="radiobutton">
						<description>disable arrows for recently added</description>
						<width>750</width>
						<height>40</height>
						<font>font13</font>
						<textcolor>grey2</textcolor>
						<focusedcolor>white</focusedcolor>
						<label>50016</label>
						<onclick>Skin.ToggleSetting(FanartInHome)</onclick>
						<selected>Skin.HasSetting(FanartInHome)</selected>
						<texturefocus>MenuItemFO.png</texturefocus>
						<texturenofocus>MenuItemNF.png</texturenofocus>
					</control>						
					<control id="2007" type="radiobutton">
						<description>Default focus</description>
						<width>750</width>
						<height>40</height>
						<font>font13</font>
						<label>50018</label>
						<textcolor>grey2</textcolor>
						<focusedcolor>white</focusedcolor>
						<texturefocus>MenuItemFO.png</texturefocus>
						<texturenofocus>MenuItemNF.png</texturenofocus>
						<label>default focus</label>
						<onclick>Skin.ToggleSetting(customstartupfocus)</onclick>
						<selected>Skin.HasSetting(customstartupfocus)</selected>
					</control>
					<control id="2008" type="button">
						<description>Default focus</description>
						<width>750</width>
						<height>40</height>
						<font>font12</font>
						<textcolor>grey2</textcolor>
						<focusedcolor>white</focusedcolor>
						<texturefocus>MenuItemFO.png</texturefocus>
						<texturenofocus>MenuItemNF.png</texturenofocus>			
						<label>50019</label>
						<label2>[COLOR=selected]$INFO[Skin.String(CustomFocusOffset)][/COLOR]</label2>
						<onclick>Skin.SetNumeric(CustomFocusOffset)</onclick>
						<visible>Skin.HasSetting(customstartupfocus)</visible>
					</control>
					<control id="2009" type="radiobutton">
						<description>Default focus</description>
						<width>750</width>
						<height>40</height>
						<font>font13</font>
						<label>50020</label>
						<textcolor>grey2</textcolor>
						<focusedcolor>white</focusedcolor>
						<texturefocus>MenuItemFO.png</texturefocus>
						<texturenofocus>MenuItemNF.png</texturenofocus>
						<onclick>Skin.ToggleSetting(WeatherWidget)</onclick>
						<onclick condition="!Skin.HasSetting(WeatherWidget)">Skin.SetBool(LowerMenu)</onclick>
						<selected>Skin.HasSetting(WeatherWidget)</selected>
					</control>
					<control id="2010" type="radiobutton">
						<description>Default focus</description>
						<width>750</width>
						<height>40</height>
						<font>font13</font>
						<label>50021</label>
						<textcolor>grey2</textcolor>
						<focusedcolor>white</focusedcolor>
						<texturefocus>MenuItemFO.png</texturefocus>
						<texturenofocus>MenuItemNF.png</texturenofocus>
						<onclick>Skin.ToggleSetting(ActivateSearch)</onclick>
						<selected>Skin.HasSetting(ActivateSearch)</selected>
					</control>
					<control id="2011" type="radiobutton">
						<width>750</width>
						<height>40</height>
						<font>font13</font>
						<label>50022</label>
						<textcolor>grey2</textcolor>
						<focusedcolor>white</focusedcolor>
						<texturefocus>MenuItemFO.png</texturefocus>
						<texturenofocus>MenuItemNF.png</texturenofocus>
						<onclick>Skin.ToggleSetting(DatabaseStats)</onclick>
						<selected>Skin.HasSetting(DatabaseStats)</selected>
						<enable>!Skin.HasSetting(ActivateSearch)</enable>
					</control>	
					<control id="2012" type="radiobutton">
						<description>disable auto slideout of submenus</description>
						<width>750</width>
						<height>40</height>
						<font>font13</font>
						<textcolor>grey2</textcolor>
						<focusedcolor>white</focusedcolor>
						<label>50023</label>
						<onclick>Skin.ToggleSetting(NoSlide)</onclick>
						<selected>Skin.HasSetting(NoSlide)</selected>
						<texturefocus>MenuItemFO.png</texturefocus>
						<texturenofocus>MenuItemNF.png</texturenofocus>
					</control>
					<!-- <control id="2013" type="radiobutton">
						<description>disable auto slideout of submenus</description>
						<width>750</width>
						<height>40</height>
						<font>font13</font>
						<textcolor>grey2</textcolor>
						<focusedcolor>white</focusedcolor>
						<label>50024</label>
						<onclick>Skin.ToggleSetting(FanCode)</onclick>
						<selected>Skin.HasSetting(FanCode)</selected>
						<texturefocus>MenuItemFO.png</texturefocus>
						<texturenofocus>MenuItemNF.png</texturenofocus>
						<enable>!IsEmpty(Skin.String(WeatherFanartDir))</enable>
					</control> -->
					<control id="220" type="label">
						<width>750</width>
						<height>45</height>
						<font>font13_title</font>
						<label>31108</label>
						<textcolor>blue</textcolor>
						<shadowcolor>black</shadowcolor>
						<align>left</align>
						<aligny>center</aligny>
					</control>
					<control id="221" type="radiobutton">
						<description>Hide Videos Button</description>
						<width>750</width>
						<height>40</height>
						<font>font13</font>
						<textcolor>grey2</textcolor>
						<focusedcolor>white</focusedcolor>
						<label>$LOCALIZE[31111] - $LOCALIZE[3]</label>
						<onclick>Skin.ToggleSetting(HomeMenuNoVideosButton)</onclick>
						<selected>Skin.HasSetting(HomeMenuNoVideosButton)</selected>
						<texturefocus>MenuItemFO.png</texturefocus>
						<texturenofocus>MenuItemNF.png</texturenofocus>
					</control>
					<control id="222" type="radiobutton">
						<description>Hide Movies Button</description>
						<width>750</width>
						<height>40</height>
						<font>font13</font>
						<textcolor>grey2</textcolor>
						<focusedcolor>white</focusedcolor>
						<label>$LOCALIZE[31111] - $LOCALIZE[20342] [COLOR=grey3] ($LOCALIZE[20314])[/COLOR]</label>
						<onclick>Skin.ToggleSetting(HomeMenuNoMoviesButton)</onclick>
						<selected>Skin.HasSetting(HomeMenuNoMoviesButton)</selected>
						<texturefocus>MenuItemFO.png</texturefocus>
						<texturenofocus>MenuItemNF.png</texturenofocus>
						<enable>Library.HasContent(Movies)</enable>
					</control>
					<control id="229" type="radiobutton">
						<description>Hide HD Movies Button</description>
						<width>750</width>
						<height>40</height>
						<font>font13</font>
						<textcolor>grey2</textcolor>
						<focusedcolor>white</focusedcolor>
						<label>$LOCALIZE[31111] - $LOCALIZE[50025] [COLOR=grey3] ($LOCALIZE[20314])[/COLOR]</label>
						<onclick>Skin.ToggleSetting(HomeMenuNoHDMoviesButton)</onclick>
						<selected>Skin.HasSetting(HomeMenuNoHDMoviesButton)</selected>
						<texturefocus>MenuItemFO.png</texturefocus>
						<texturenofocus>MenuItemNF.png</texturenofocus>
						<enable>Library.HasContent(Movies)</enable>
					</control>
					<control id="230" type="radiobutton">
						<description>Hide Concerts Button</description>
						<width>750</width>
						<height>40</height>
						<font>font13</font>
						<textcolor>grey2</textcolor>
						<focusedcolor>white</focusedcolor>
						<label>$LOCALIZE[31111] - $LOCALIZE[50026] [COLOR=grey3] ($LOCALIZE[20314])[/COLOR]</label>
						<onclick>Skin.ToggleSetting(HomeMenuNoMusicVideosButton)</onclick>
						<selected>Skin.HasSetting(HomeMenuNoMusicVideosButton)</selected>
						<texturefocus>MenuItemFO.png</texturefocus>
						<texturenofocus>MenuItemNF.png</texturenofocus>
					</control>
					<control id="231" type="radiobutton">
						<description>Hide Concerts Button</description>
						<width>750</width>
						<height>40</height>
						<font>font13</font>
						<textcolor>grey2</textcolor>
						<focusedcolor>white</focusedcolor>
						<label>$LOCALIZE[31111] - $LOCALIZE[50042] [COLOR=grey3] ($LOCALIZE[20314])[/COLOR]</label>
						<onclick>Skin.ToggleSetting(HomeMenuNoDocuButton)</onclick>
						<selected>Skin.HasSetting(HomeMenuNoDocuButton)</selected>
						<texturefocus>MenuItemFO.png</texturefocus>
						<texturenofocus>MenuItemNF.png</texturenofocus>
					</control>						
					<control id="223" type="radiobutton">
						<description>Hide TV Shows Button</description>
						<width>750</width>
						<height>40</height>
						<font>font13</font>
						<textcolor>grey2</textcolor>
						<focusedcolor>white</focusedcolor>
						<label>$LOCALIZE[31111] - $LOCALIZE[20343] [COLOR=grey3] ($LOCALIZE[20314])[/COLOR]</label>
						<onclick>Skin.ToggleSetting(HomeMenuNoTVShowsButton)</onclick>
						<selected>Skin.HasSetting(HomeMenuNoTVShowsButton)</selected>
						<texturefocus>MenuItemFO.png</texturefocus>
						<texturenofocus>MenuItemNF.png</texturenofocus>
						<enable>Library.HasContent(TVShows)</enable>
					</control>
					<control id="224" type="radiobutton">
						<description>Hide Music Button</description>
						<width>750</width>
						<height>40</height>
						<font>font13</font>
						<textcolor>grey2</textcolor>
						<focusedcolor>white</focusedcolor>
						<label>$LOCALIZE[31111] - $LOCALIZE[2]</label>
						<onclick>Skin.ToggleSetting(HomeMenuNoMusicButton)</onclick>
						<selected>Skin.HasSetting(HomeMenuNoMusicButton)</selected>
						<texturefocus>MenuItemFO.png</texturefocus>
						<texturenofocus>MenuItemNF.png</texturenofocus>
					</control>
					<control id="225" type="radiobutton">
						<description>Hide Pictures Button</description>
						<width>750</width>
						<height>40</height>
						<font>font13</font>
						<textcolor>grey2</textcolor>
						<focusedcolor>white</focusedcolor>
						<label>$LOCALIZE[31111] - $LOCALIZE[1]</label>
						<onclick>Skin.ToggleSetting(HomeMenuNoPicturesButton)</onclick>
						<selected>Skin.HasSetting(HomeMenuNoPicturesButton)</selected>
						<texturefocus>MenuItemFO.png</texturefocus>
						<texturenofocus>MenuItemNF.png</texturenofocus>
					</control>
					<control id="226" type="radiobutton">
						<description>Hide Programs Button</description>
						<width>750</width>
						<height>40</height>
						<font>font13</font>
						<textcolor>grey2</textcolor>
						<focusedcolor>white</focusedcolor>
						<label>$LOCALIZE[31111] - $LOCALIZE[0]</label>
						<onclick>Skin.ToggleSetting(HomeMenuNoProgramsButton)</onclick>
						<selected>Skin.HasSetting(HomeMenuNoProgramsButton)</selected>
						<texturefocus>MenuItemFO.png</texturefocus>
						<texturenofocus>MenuItemNF.png</texturenofocus>
					</control>
					<control id="228" type="radiobutton">
						<description>Hide Weather Button</description>
						<width>750</width>
						<height>40</height>
						<font>font13</font>
						<textcolor>grey2</textcolor>
						<focusedcolor>white</focusedcolor>
						<label>$LOCALIZE[31111] - $LOCALIZE[8]</label>
						<onclick>Skin.ToggleSetting(HomeMenuNoWeatherButton)</onclick>
						<selected>Skin.HasSetting(HomeMenuNoWeatherButton)</selected>
						<texturefocus>MenuItemFO.png</texturefocus>
						<texturenofocus>MenuItemNF.png</texturenofocus>
					</control>
					<control id="232" type="radiobutton">
						<description>Hide Weather Button</description>
						<width>750</width>
						<height>40</height>
						<font>font13</font>
						<textcolor>grey2</textcolor>
						<focusedcolor>white</focusedcolor>
						<label>$LOCALIZE[31111] - $LOCALIZE[13000]</label>
						<onclick>Skin.ToggleSetting(HomeMenuNoSettingsButton)</onclick>
						<selected>Skin.HasSetting(HomeMenuNoSettingsButton)</selected>
						<texturefocus>MenuItemFO.png</texturefocus>
						<texturenofocus>MenuItemNF.png</texturenofocus>
					</control>
				</control>
				<control id="60" type="scrollbar">
					<left>1060</left>
					<top>60</top>
					<width>25</width>
					<height>530</height>
					<texturesliderbackground border="0,14,0,14">ScrollBarV.png</texturesliderbackground>
					<texturesliderbar border="0,14,0,14">ScrollBarV_bar.png</texturesliderbar>
					<texturesliderbarfocus border="0,14,0,14">ScrollBarV_bar_focus.png</texturesliderbarfocus>
					<textureslidernib>ScrollBarNib.png</textureslidernib>
					<textureslidernibfocus>ScrollBarNib.png</textureslidernibfocus>
					<onleft>9002</onleft>
					<onright>9000</onright>
					<showonepage>false</showonepage>
					<orientation>vertical</orientation>
					<visible>Container(9000).Hasfocus(2)</visible>
				</control>
				<control id="9003" type="grouplist">
					<visible>Container(9000).Hasfocus(3)</visible>
					<left>290</left>
					<top>60</top>
					<width>750</width>
					<height>530</height>
					<itemgap>-1</itemgap>
					<pagecontrol>60</pagecontrol>
					<onleft>9000</onleft>
					<onright>60</onright>
					<onup>9003</onup>
					<ondown>9003</ondown>
					<control id="310" type="label">
						<width>750</width>
						<height>45</height>
						<font>font13_title</font>
						<label>31102</label>
						<textcolor>blue</textcolor>
						<shadowcolor>black</shadowcolor>
						<align>left</align>
						<aligny>center</aligny>
					</control>
					<control id="311" type="radiobutton">
						<width>750</width>
						<height>40</height>
						<font>font13</font>
						<label>50027</label>
						<textcolor>grey2</textcolor>
						<focusedcolor>white</focusedcolor>
						<texturefocus>MenuItemFO.png</texturefocus>
						<texturenofocus>MenuItemNF.png</texturenofocus>
						<onclick>Skin.ToggleSetting(SeparateBackdrops)</onclick>
						<selected>Skin.HasSetting(SeparateBackdrops)</selected>
						<enable>!Skin.HasSetting(UseCustomBackground)</enable>
					</control>					
					<control id="312" type="radiobutton">
						<width>750</width>
						<height>40</height>
						<font>font13</font>
						<label>31109</label>
						<textcolor>grey2</textcolor>
						<focusedcolor>white</focusedcolor>
						<texturefocus>MenuItemFO.png</texturefocus>
						<texturenofocus>MenuItemNF.png</texturenofocus>
						<onclick>Skin.ToggleSetting(UseCustomBackground)</onclick>
						<selected>Skin.HasSetting(UseCustomBackground)</selected>
						<enable>!Skin.HasSetting(SeparateBackdrops)</enable>
					</control>
					<control id="313" type="button">
						<width>750</width>
						<height>40</height>
						<font>font13</font>
						<label>- $LOCALIZE[31110]</label>
						<label2>[COLOR=selected]$INFO[Skin.String(CustomBackgroundPath)][/COLOR]</label2>
						<textcolor>grey2</textcolor>
						<focusedcolor>white</focusedcolor>
						<texturefocus>MenuItemFO.png</texturefocus>
						<texturenofocus>MenuItemNF.png</texturenofocus>
						<onclick>Skin.SetImage(CustomBackgroundPath)</onclick>
						<enable>Skin.HasSetting(UseCustomBackground)</enable>
					</control>	
					<control id="314" type="button">
						<width>750</width>
						<height>40</height>
						<font>font13</font>
						<label>- $LOCALIZE[51200]</label>
						<textcolor>grey2</textcolor>
						<focusedcolor>white</focusedcolor>
						<texturefocus>MenuItemFO.png</texturefocus>
						<texturenofocus>MenuItemNF.png</texturenofocus>
						<onclick>Skin.Reset(CustomBackgroundPath)</onclick>
						<enable>Skin.HasSetting(UseCustomBackground)</enable>
					</control>					
					<control id="300" type="label">
						<width>750</width>
						<height>45</height>
						<font>font13_title</font>
						<label>31106</label>
						<textcolor>blue</textcolor>
						<shadowcolor>black</shadowcolor>
						<align>left</align>
						<aligny>center</aligny>
					</control>
					<control id="301" type="radiobutton">
						<width>750</width>
						<height>40</height>
						<font>font13</font>
						<label>31119</label>
						<textcolor>grey2</textcolor>
						<focusedcolor>white</focusedcolor>
						<texturefocus>MenuItemFO.png</texturefocus>
						<texturenofocus>MenuItemNF.png</texturenofocus>
						<onclick>Skin.ToggleSetting(HideBackGroundFanart)</onclick>
						<selected>Skin.HasSetting(HideBackGroundFanart)</selected>
					</control>
					<control id="302" type="radiobutton">
						<width>750</width>
						<height>40</height>
						<font>font13</font>
						<label>31129</label>
						<textcolor>grey2</textcolor>
						<focusedcolor>white</focusedcolor>
						<texturefocus>MenuItemFO.png</texturefocus>
						<texturenofocus>MenuItemNF.png</texturenofocus>
						<onclick>Skin.ToggleSetting(HideVisualizationFanart)</onclick>
						<selected>Skin.HasSetting(HideVisualizationFanart)</selected>
					</control>
					<control id="303" type="radiobutton">
						<width>750</width>
						<height>40</height>
						<font>font13</font>
						<label>31124</label>
						<textcolor>grey2</textcolor>
						<focusedcolor>white</focusedcolor>
						<texturefocus>MenuItemFO.png</texturefocus>
						<texturenofocus>MenuItemNF.png</texturenofocus>
						<onclick>Skin.ToggleSetting(ShowBackgroundVideo)</onclick>
						<selected>!Skin.HasSetting(ShowBackgroundVideo)</selected>
					</control>
					<control id="304" type="radiobutton">
						<width>750</width>
						<height>40</height>
						<font>font13</font>
						<label>31125</label>
						<textcolor>grey2</textcolor>
						<focusedcolor>white</focusedcolor>
						<texturefocus>MenuItemFO.png</texturefocus>
						<texturenofocus>MenuItemNF.png</texturenofocus>
						<onclick>Skin.ToggleSetting(ShowBackgroundVis)</onclick>
						<selected>!Skin.HasSetting(ShowBackgroundVis)</selected>
					</control>
				</control>
				<control id="9004" type="grouplist">
					<visible>Container(9000).Hasfocus(4)</visible>
					<left>290</left>
					<top>60</top>
					<width>750</width>
					<height>530</height>
					<itemgap>-1</itemgap>
					<pagecontrol>61</pagecontrol>
					<onleft>9000</onleft>
					<onright>61</onright>
					<onup>9004</onup>
					<ondown>9004</ondown>
					<control id="453" type="label">
						<width>750</width>
						<height>45</height>
						<font>font13_title</font>
						<label>31140</label>
						<textcolor>blue</textcolor>
						<shadowcolor>black</shadowcolor>
						<align>left</align>
						<aligny>center</aligny>
					</control>
					<control id="455" type="button">
						<width>750</width>
						<height>40</height>
						<font>font13</font>
						<label>$LOCALIZE[31132]</label>
						<label2>[COLOR=selected]$INFO[system.addontitle(Skin.String(LyricScript_Path))][/COLOR]</label2>
						<textcolor>grey2</textcolor>
						<focusedcolor>white</focusedcolor>
						<texturefocus>MenuItemFO.png</texturefocus>
						<texturenofocus>MenuItemNF.png</texturenofocus>
						<onclick>Skin.SetAddon(LyricScript_Path,xbmc.python.lyrics)</onclick>
					</control>
					<control id="456" type="button">
						<width>750</width>
						<height>40</height>
						<font>font13</font>
						<label>- $LOCALIZE[24020]</label>
						<textcolor>grey2</textcolor>
						<focusedcolor>white</focusedcolor>
						<texturefocus>MenuItemFO.png</texturefocus>
						<texturenofocus>MenuItemNF.png</texturenofocus>
						<enable>!IsEmpty(Skin.String(LyricScript_Path))</enable>
						<onclick>Addon.OpenSettings($INFO[Skin.String(LyricScript_Path)])</onclick>
					</control> 
					<!-- <control id="457" type="label">
						<width>750</width>
						<height>45</height>
						<font>font13_title</font>
						<label>31141</label>
						<textcolor>blue</textcolor>
						<shadowcolor>black</shadowcolor>
						<align>left</align>
						<aligny>center</aligny>
					</control>
					<control id="458" type="button">
						<width>750</width>
						<height>40</height>
						<font>font13</font>
						<label>$LOCALIZE[31133]</label>
						<label2>[COLOR=selected]$INFO[system.addontitle(Skin.String(SubtitleScript_Path))][/COLOR]</label2>
						<textcolor>grey2</textcolor>
						<focusedcolor>white</focusedcolor>
						<texturefocus>MenuItemFO.png</texturefocus>
						<texturenofocus>MenuItemNF.png</texturenofocus>
						<onclick>Skin.SetAddon(SubtitleScript_Path,xbmc.python.subtitles)</onclick>
					</control>
					<control id="459" type="button">
						<width>750</width>
						<height>40</height>
						<font>font13</font>
						<label>- $LOCALIZE[24020]</label>
						<textcolor>grey2</textcolor>
						<focusedcolor>white</focusedcolor>
						<texturefocus>MenuItemFO.png</texturefocus>
						<texturenofocus>MenuItemNF.png</texturenofocus>
						<enable>!IsEmpty(Skin.String(SubtitleScript_Path))</enable>
						<onclick>Addon.OpenSettings($INFO[Skin.String(SubtitleScript_Path)])</onclick>
					</control> -->

					<control id="410" type="label">
						<width>750</width>
						<height>45</height>
						<font>font13_title</font>
						<label>Home Page Videos Submenu</label>
						<textcolor>blue</textcolor>
						<shadowcolor>black</shadowcolor>
						<align>left</align>
						<aligny>center</aligny>
					</control>
					<control id="411" type="button">
						<width>750</width>
						<height>40</height>
						<font>font13</font>
						<label>Add-on [B]1[/B]</label>
						<label2>[COLOR=selected]$INFO[system.addontitle(Skin.String(HomeVideosButton1))][/COLOR]</label2>
						<textcolor>grey2</textcolor>
						<focusedcolor>white</focusedcolor>
						<texturefocus>MenuItemFO.png</texturefocus>
						<texturenofocus>MenuItemNF.png</texturenofocus>
						<onclick>Skin.SetAddon(HomeVideosButton1,xbmc.addon.video,xbmc.addon.executable)</onclick>
					</control>
					<control id="412" type="button">
						<width>750</width>
						<height>40</height>
						<font>font13</font>
						<label>Add-on [B]2[/B]</label>
						<label2>[COLOR=selected]$INFO[system.addontitle(Skin.String(HomeVideosButton2))][/COLOR]</label2>
						<textcolor>grey2</textcolor>
						<focusedcolor>white</focusedcolor>
						<texturefocus>MenuItemFO.png</texturefocus>
						<texturenofocus>MenuItemNF.png</texturenofocus>
						<onclick>Skin.SetAddon(HomeVideosButton2,xbmc.addon.video,xbmc.addon.executable)</onclick>
					</control>
					<control id="413" type="button">
						<width>750</width>
						<height>40</height>
						<font>font13</font>
						<label>Add-on [B]3[/B]</label>
						<label2>[COLOR=selected]$INFO[system.addontitle(Skin.String(HomeVideosButton3))][/COLOR]</label2>
						<textcolor>grey2</textcolor>
						<focusedcolor>white</focusedcolor>
						<texturefocus>MenuItemFO.png</texturefocus>
						<texturenofocus>MenuItemNF.png</texturenofocus>
						<onclick>Skin.SetAddon(HomeVideosButton3,xbmc.addon.video,xbmc.addon.executable)</onclick>
					</control>
					<control id="414" type="button">
						<width>750</width>
						<height>40</height>
						<font>font13</font>
						<label>Add-on [B]4[/B]</label>
						<label2>[COLOR=selected]$INFO[system.addontitle(Skin.String(HomeVideosButton4))][/COLOR]</label2>
						<textcolor>grey2</textcolor>
						<focusedcolor>white</focusedcolor>
						<texturefocus>MenuItemFO.png</texturefocus>
						<texturenofocus>MenuItemNF.png</texturenofocus>
						<onclick>Skin.SetAddon(HomeVideosButton4,xbmc.addon.video,xbmc.addon.executable)</onclick>
					</control>
					<control id="415" type="button">
						<width>750</width>
						<height>40</height>
						<font>font13</font>
						<label>Add-on [B]5[/B]</label>
						<label2>[COLOR=selected]$INFO[system.addontitle(Skin.String(HomeVideosButton5))][/COLOR]</label2>
						<textcolor>grey2</textcolor>
						<focusedcolor>white</focusedcolor>
						<texturefocus>MenuItemFO.png</texturefocus>
						<texturenofocus>MenuItemNF.png</texturenofocus>
						<onclick>Skin.SetAddon(HomeVideosButton5,xbmc.addon.video,xbmc.addon.executable)</onclick>
					</control>


					<control id="440" type="label">
						<width>750</width>
						<height>45</height>
						<font>font13_title</font>
						<label>Home Programs Submenu</label>
						<textcolor>blue</textcolor>
						<shadowcolor>black</shadowcolor>
						<align>left</align>
						<aligny>center</aligny>
					</control>
					<control id="441" type="button">
						<width>750</width>
						<height>40</height>
						<font>font13</font>
						<label>Add-on [B]1[/B]</label>
						<label2>[COLOR=selected]$INFO[system.addontitle(Skin.String(HomeProgramButton1))][/COLOR]</label2>
						<textcolor>grey2</textcolor>
						<focusedcolor>white</focusedcolor>
						<texturefocus>MenuItemFO.png</texturefocus>
						<texturenofocus>MenuItemNF.png</texturenofocus>
						<onclick>Skin.SetAddon(HomeProgramButton1,xbmc.addon.executable)</onclick>
					</control>
					<control id="442" type="button">
						<width>750</width>
						<height>40</height>
						<font>font13</font>
						<label>Add-on [B]2[/B]</label>
						<label2>[COLOR=selected]$INFO[system.addontitle(Skin.String(HomeProgramButton2))][/COLOR]</label2>
						<textcolor>grey2</textcolor>
						<focusedcolor>white</focusedcolor>
						<texturefocus>MenuItemFO.png</texturefocus>
						<texturenofocus>MenuItemNF.png</texturenofocus>
						<onclick>Skin.SetAddon(HomeProgramButton2,xbmc.addon.executable)</onclick>
					</control>
					<control id="443" type="button">
						<width>750</width>
						<height>40</height>
						<font>font13</font>
						<label>Add-on [B]3[/B]</label>
						<label2>[COLOR=selected]$INFO[system.addontitle(Skin.String(HomeProgramButton3))][/COLOR]</label2>
						<textcolor>grey2</textcolor>
						<focusedcolor>white</focusedcolor>
						<texturefocus>MenuItemFO.png</texturefocus>
						<texturenofocus>MenuItemNF.png</texturenofocus>
						<onclick>Skin.SetAddon(HomeProgramButton3,xbmc.addon.executable)</onclick>
					</control>
					<control id="444" type="button">
						<width>750</width>
						<height>40</height>
						<font>font13</font>
						<label>Add-on [B]4[/B]</label>
						<label2>[COLOR=selected]$INFO[system.addontitle(Skin.String(HomeProgramButton4))][/COLOR]</label2>
						<textcolor>grey2</textcolor>
						<focusedcolor>white</focusedcolor>
						<texturefocus>MenuItemFO.png</texturefocus>
						<texturenofocus>MenuItemNF.png</texturenofocus>
						<onclick>Skin.SetAddon(HomeProgramButton4,xbmc.addon.executable)</onclick>
					</control>
					<control id="445" type="button">
						<width>750</width>
						<height>40</height>
						<font>font13</font>
						<label>Add-on [B]5[/B]</label>
						<label2>[COLOR=selected]$INFO[system.addontitle(Skin.String(HomeProgramButton5))][/COLOR]</label2>
						<textcolor>grey2</textcolor>
						<focusedcolor>white</focusedcolor>
						<texturefocus>MenuItemFO.png</texturefocus>
						<texturenofocus>MenuItemNF.png</texturenofocus>
						<onclick>Skin.SetAddon(HomeProgramButton5,xbmc.addon.executable)</onclick>
					</control>
					<control id="446" type="button">
						<width>750</width>
						<height>40</height>
						<font>font13</font>
						<label>Add-on [B]6[/B]</label>
						<label2>[COLOR=selected]$INFO[system.addontitle(Skin.String(HomeProgramButton6))][/COLOR]</label2>
						<textcolor>grey2</textcolor>
						<focusedcolor>white</focusedcolor>
						<texturefocus>MenuItemFO.png</texturefocus>
						<texturenofocus>MenuItemNF.png</texturenofocus>
						<onclick>Skin.SetAddon(HomeProgramButton6,xbmc.addon.executable)</onclick>
					</control>


					<control id="420" type="label">
						<width>750</width>
						<height>45</height>
						<font>font13_title</font>
						<label>Home Page Music Submenu</label>
						<textcolor>blue</textcolor>
						<shadowcolor>black</shadowcolor>
						<align>left</align>
						<aligny>center</aligny>
					</control>
					<control id="421" type="button">
						<width>750</width>
						<height>40</height>
						<font>font13</font>
						<label>Add-on [B]1[/B]</label>
						<label2>[COLOR=selected]$INFO[system.addontitle(Skin.String(HomeMusicButton1))][/COLOR]</label2>
						<textcolor>grey2</textcolor>
						<focusedcolor>white</focusedcolor>
						<texturefocus>MenuItemFO.png</texturefocus>
						<texturenofocus>MenuItemNF.png</texturenofocus>
						<onclick>Skin.SetAddon(HomeMusicButton1,xbmc.addon.audio,xbmc.addon.executable)</onclick>
					</control>
					<control id="422" type="button">
						<width>750</width>
						<height>40</height>
						<font>font13</font>
						<label>Add-on [B]2[/B]</label>
						<label2>[COLOR=selected]$INFO[system.addontitle(Skin.String(HomeMusicButton2))][/COLOR]</label2>
						<textcolor>grey2</textcolor>
						<focusedcolor>white</focusedcolor>
						<texturefocus>MenuItemFO.png</texturefocus>
						<texturenofocus>MenuItemNF.png</texturenofocus>
						<onclick>Skin.SetAddon(HomeMusicButton2,xbmc.addon.audio,xbmc.addon.executable)</onclick>
					</control>
					<control id="423" type="button">
						<width>750</width>
						<height>40</height>
						<font>font13</font>
						<label>Add-on [B]3[/B]</label>
						<label2>[COLOR=selected]$INFO[system.addontitle(Skin.String(HomeMusicButton3))][/COLOR]</label2>
						<textcolor>grey2</textcolor>
						<focusedcolor>white</focusedcolor>
						<texturefocus>MenuItemFO.png</texturefocus>
						<texturenofocus>MenuItemNF.png</texturenofocus>
						<onclick>Skin.SetAddon(HomeMusicButton3,xbmc.addon.audio,xbmc.addon.executable)</onclick>
					</control>
					<control id="424" type="button">
						<width>750</width>
						<height>40</height>
						<font>font13</font>
						<label>Add-on [B]4[/B]</label>
						<label2>[COLOR=selected]$INFO[system.addontitle(Skin.String(HomeMusicButton4))][/COLOR]</label2>
						<textcolor>grey2</textcolor>
						<focusedcolor>white</focusedcolor>
						<texturefocus>MenuItemFO.png</texturefocus>
						<texturenofocus>MenuItemNF.png</texturenofocus>
						<onclick>Skin.SetAddon(HomeMusicButton4,xbmc.addon.audio,xbmc.addon.executable)</onclick>
					</control>
					<control id="425" type="button">
						<width>750</width>
						<height>40</height>
						<font>font13</font>
						<label>Add-on [B]5[/B]</label>
						<label2>[COLOR=selected]$INFO[system.addontitle(Skin.String(HomeMusicButton5))][/COLOR]</label2>
						<textcolor>grey2</textcolor>
						<focusedcolor>white</focusedcolor>
						<texturefocus>MenuItemFO.png</texturefocus>
						<texturenofocus>MenuItemNF.png</texturenofocus>
						<onclick>Skin.SetAddon(HomeMusicButton5,xbmc.addon.audio,xbmc.addon.executable)</onclick>
					</control>

					<control id="430" type="label">
						<width>750</width>
						<height>45</height>
						<font>font13_title</font>
						<label>Home Page Pictures Submenu</label>
						<textcolor>blue</textcolor>
						<shadowcolor>black</shadowcolor>
						<align>left</align>
						<aligny>center</aligny>
					</control>
					<control id="431" type="button">
						<width>750</width>
						<height>40</height>
						<font>font13</font>
						<label>Add-on [B]1[/B]</label>
						<label2>[COLOR=selected]$INFO[system.addontitle(Skin.String(HomePictureButton1))][/COLOR]</label2>
						<textcolor>grey2</textcolor>
						<focusedcolor>white</focusedcolor>
						<texturefocus>MenuItemFO.png</texturefocus>
						<texturenofocus>MenuItemNF.png</texturenofocus>
						<onclick>Skin.SetAddon(HomePictureButton1,xbmc.addon.image,xbmc.addon.executable)</onclick>
					</control>
					<control id="432" type="button">
						<width>750</width>
						<height>40</height>
						<font>font13</font>
						<label>Add-on [B]2[/B]</label>
						<label2>[COLOR=selected]$INFO[system.addontitle(Skin.String(HomePictureButton2))][/COLOR]</label2>
						<textcolor>grey2</textcolor>
						<focusedcolor>white</focusedcolor>
						<texturefocus>MenuItemFO.png</texturefocus>
						<texturenofocus>MenuItemNF.png</texturenofocus>
						<onclick>Skin.SetAddon(HomePictureButton2,xbmc.addon.image,xbmc.addon.executable)</onclick>
					</control>
					<control id="433" type="button">
						<width>750</width>
						<height>40</height>
						<font>font13</font>
						<label>Add-on [B]3[/B]</label>
						<label2>[COLOR=selected]$INFO[system.addontitle(Skin.String(HomePictureButton3))][/COLOR]</label2>
						<textcolor>grey2</textcolor>
						<focusedcolor>white</focusedcolor>
						<texturefocus>MenuItemFO.png</texturefocus>
						<texturenofocus>MenuItemNF.png</texturenofocus>
						<onclick>Skin.SetAddon(HomePictureButton3,xbmc.addon.image,xbmc.addon.executable)</onclick>
					</control>
					<control id="434" type="button">
						<width>750</width>
						<height>40</height>
						<font>font13</font>
						<label>Add-on [B]4[/B]</label>
						<label2>[COLOR=selected]$INFO[system.addontitle(Skin.String(HomePictureButton4))][/COLOR]</label2>
						<textcolor>grey2</textcolor>
						<focusedcolor>white</focusedcolor>
						<texturefocus>MenuItemFO.png</texturefocus>
						<texturenofocus>MenuItemNF.png</texturenofocus>
						<onclick>Skin.SetAddon(HomePictureButton4,xbmc.addon.image,xbmc.addon.executable)</onclick>
					</control>
					<control id="435" type="button">
						<width>750</width>
						<height>40</height>
						<font>font13</font>
						<label>Add-on [B]5[/B]</label>
						<label2>[COLOR=selected]$INFO[system.addontitle(Skin.String(HomePictureButton5))][/COLOR]</label2>
						<textcolor>grey2</textcolor>
						<focusedcolor>white</focusedcolor>
						<texturefocus>MenuItemFO.png</texturefocus>
						<texturenofocus>MenuItemNF.png</texturenofocus>
						<onclick>Skin.SetAddon(HomePictureButton5,xbmc.addon.image,xbmc.addon.executable)</onclick>
					</control>
					<control id="409" type="label">
						<width>750</width>
						<height>45</height>
						<font>font13_title</font>
						<label>Custom Playlists</label>
						<textcolor>blue</textcolor>
						<shadowcolor>black</shadowcolor>
						<align>left</align>
						<aligny>center</aligny>
					</control>	
					<control id="555" type="radiobutton">
						<description>custom home playlist</description>
						<width>750</width>
						<height>40</height>
						<textcolor>grey2</textcolor>
						<focusedcolor>white</focusedcolor>
						<texturefocus>MenuItemFO.png</texturefocus>
						<texturenofocus>MenuItemNF.png</texturenofocus>
						<label>Custom Playlist 1</label>
						<onfocus>Skin.SetString(MoviesCustom,1)</onfocus>
						<onclick>Skin.ToggleSetting(Menu_Custom1)</onclick>
						<selected>Skin.HasSetting(Menu_Custom1)</selected>
						<enable>!Skin.HasSetting(Menu_Movies_Sub1)</enable>
					</control>
					<control id="8207" type="button">
						<description>Menu Movies Sub Custom4 Label</description>
						<label>- $LOCALIZE[50029]</label>
						<label2>[COLOR=selected]$INFO[Skin.String(Menu_Custom1_Label)][/COLOR]</label2>
						<width>750</width>
						<height>40</height>
						<font>font12</font>
						<textcolor>grey2</textcolor>
						<focusedcolor>white</focusedcolor>
						<texturefocus>MenuItemFO.png</texturefocus>
						<texturenofocus>MenuItemNF.png</texturenofocus>
						<onclick>Skin.SetString(Menu_Custom1_Label)</onclick>
						<visible>Skin.HasSetting(Menu_Custom1)</visible>
					</control>
					<control id="8208" type="button">
						<description>Menu Movies Sub Custom4 Path</description>
						<label>- $LOCALIZE[50030]</label>
						<label2>[COLOR=selected]$INFO[Skin.String(Menu_Custom1_Path)][/COLOR]</label2>
						<width>750</width>
						<height>40</height>
						<font>font12</font>
						<textcolor>grey2</textcolor>
						<focusedcolor>white</focusedcolor>
						<texturefocus>MenuItemFO.png</texturefocus>
						<texturenofocus>MenuItemNF.png</texturenofocus>
						<onclick>Skin.SetFile(Menu_Custom1_Path,.xsp,special://videoplaylists)</onclick>
						<visible>Skin.HasSetting(Menu_Custom1)</visible>
					</control>
					<control id="8209" type="radiobutton">
						<description>Custom 1 Backgroundtoggle</description>
						<width>750</width>
						<height>40</height>
						<font>font12</font>
						<label>- $LOCALIZE[51206]</label>
						<textcolor>grey2</textcolor>
						<focusedcolor>white</focusedcolor>
						<texturefocus>MenuItemFO.png</texturefocus>
						<texturenofocus>MenuItemNF.png</texturenofocus>
						<onclick>Skin.ToggleSetting(SPLBackgroundCustom1)</onclick>
						<selected>Skin.HasSetting(SPLBackgroundCustom1)</selected>
						<visible>Skin.HasSetting(Menu_Custom1)</visible>
					</control>
					<control id="556" type="radiobutton">
						<description>custom home playlist</description>
						<width>750</width>
						<height>40</height>
						<textcolor>grey2</textcolor>
						<focusedcolor>white</focusedcolor>
						<texturefocus>MenuItemFO.png</texturefocus>
						<texturenofocus>MenuItemNF.png</texturenofocus>
						<label>Custom Playlist 2</label>
						<onfocus>Skin.SetString(MoviesCustom,2)</onfocus>
						<onclick>Skin.ToggleSetting(Menu_Custom2)</onclick>
						<selected>Skin.HasSetting(Menu_Custom2)</selected>
						<enable>!Skin.HasSetting(Menu_Movies_Sub2)</enable>
					</control>
					<control id="8210" type="button">
						<description>custom home playlist 2</description>
						<label>- $LOCALIZE[50029]</label>
						<label2>[COLOR=selected]$INFO[Skin.String(Menu_Custom2_Label)][/COLOR]</label2>
						<width>750</width>
						<height>40</height>
						<font>font12</font>
						<textcolor>grey2</textcolor>
						<focusedcolor>white</focusedcolor>
						<texturefocus>MenuItemFO.png</texturefocus>
						<texturenofocus>MenuItemNF.png</texturenofocus>
						<onclick>Skin.SetString(Menu_Custom2_Label)</onclick>
						<visible>Skin.HasSetting(Menu_Custom2)</visible>
					</control>
					<control id="8211" type="button">
						<description>Menu Movies Sub Custom4 Path</description>
						<label>- $LOCALIZE[50030]</label>
						<label2>[COLOR=selected]$INFO[Skin.String(Menu_Custom2_Path)][/COLOR]</label2>
						<width>750</width>
						<height>40</height>
						<font>font12</font>
						<textcolor>grey2</textcolor>
						<focusedcolor>white</focusedcolor>
						<texturefocus>MenuItemFO.png</texturefocus>
						<texturenofocus>MenuItemNF.png</texturenofocus>
						<onclick>Skin.SetFile(Menu_Custom2_Path,.xsp,special://videoplaylists)</onclick>
						<visible>Skin.HasSetting(Menu_Custom2)</visible>
					</control>
					<control id="8213" type="radiobutton">
						<description>Custom 2 Backgroundtoggle</description>
						<width>750</width>
						<height>40</height>
						<font>font12</font>
						<label>- $LOCALIZE[51206]</label>
						<textcolor>grey2</textcolor>
						<focusedcolor>white</focusedcolor>
						<texturefocus>MenuItemFO.png</texturefocus>
						<texturenofocus>MenuItemNF.png</texturenofocus>
						<onclick>Skin.ToggleSetting(SPLBackgroundCustom2)</onclick>
						<selected>Skin.HasSetting(SPLBackgroundCustom2)</selected>
						<visible>Skin.HasSetting(Menu_Custom2)</visible>
					</control>
					<control id="8266" type="radiobutton">
						<description>Favourite 1</description>
						<width>750</width>
						<height>40</height>
						<textcolor>grey2</textcolor>
						<focusedcolor>white</focusedcolor>
						<texturefocus>MenuItemFO.png</texturefocus>
						<texturenofocus>MenuItemNF.png</texturenofocus>
						<label>Favourite 1 ([COLOR=selected]required script[/COLOR]) [COLOR=selected]$INFO[Skin.String(CustomFavourite1.Label), - ,][/COLOR]</label>
						<onclick condition="!Skin.HasSetting(favourite1)">RunScript(script.favourites,changetitle=true&amp;property=CustomFavourite1)</onclick>
						<onclick>Skin.ToggleSetting(favourite1)</onclick>
						<selected>Skin.HasSetting(favourite1)</selected>
					</control>
					<control id="8267" type="radiobutton">
						<description>Favourite 2</description>
						<width>750</width>
						<height>40</height>
						<textcolor>grey2</textcolor>
						<focusedcolor>white</focusedcolor>
						<texturefocus>MenuItemFO.png</texturefocus>
						<texturenofocus>MenuItemNF.png</texturenofocus>
						<label>Favourite 2 ([COLOR=selected]required script[/COLOR]) [COLOR=selected]$INFO[Skin.String(CustomFavourite2.Label), - ,][/COLOR]</label>
						<onclick condition="!Skin.HasSetting(favourite2)">RunScript(script.favourites,changetitle=true&amp;property=CustomFavourite2)</onclick>
						<onclick>Skin.ToggleSetting(favourite2)</onclick>
						<selected>Skin.HasSetting(favourite2)</selected>
					</control>	

					<control id="4120" type="label">
						<width>750</width>
						<height>45</height>
						<font>font13_title</font>
						<label>Custom SubMenu Items (HD-Movies)</label>
						<textcolor>blue</textcolor>
						<shadowcolor>black</shadowcolor>
						<align>left</align>
						<aligny>center</aligny>
					</control>
					<control id="559" type="radiobutton">
						<description>custom home playlist</description>
						<width>750</width>
						<height>40</height>
						<textcolor>grey2</textcolor>
						<focusedcolor>white</focusedcolor>
						<texturefocus>MenuItemFO.png</texturefocus>
						<texturenofocus>MenuItemNF.png</texturenofocus>
						<label>Custom Playlist 1</label>
						<onfocus>Skin.SetString(HDMoviesCustom,2)</onfocus>
						<onclick>Skin.ToggleSetting(HDMenu_Custom2)</onclick>
						<selected>Skin.HasSetting(HDMenu_Custom2)</selected>
						<enable>!Skin.HasSetting(HDMenu_Movies_Sub2)</enable>
					</control>
					<control id="8214" type="button">
						<description>custom home playlist 2</description>
						<label>50029</label>
						<label2>[COLOR=selected]$INFO[Skin.String(HDMenu_Custom2_Label)][/COLOR]</label2>
						<width>750</width>
						<height>40</height>
						<font>font12</font>
						<textcolor>grey2</textcolor>
						<focusedcolor>white</focusedcolor>
						<texturefocus>MenuItemFO.png</texturefocus>
						<texturenofocus>MenuItemNF.png</texturenofocus>
						<onclick>Skin.SetString(HDMenu_Custom2_Label)</onclick>
						<visible>Skin.HasSetting(HDMenu_Custom2)</visible>
					</control>
					<control id="8215" type="button">
						<description>Menu Movies Sub Custom4 Path</description>
						<label>50030</label>
						<label2>[COLOR=selected]$INFO[Skin.String(HDMenu_Custom2_Path)][/COLOR]</label2>
						<width>750</width>
						<height>40</height>
						<font>font12</font>
						<textcolor>grey2</textcolor>
						<focusedcolor>white</focusedcolor>
						<texturefocus>MenuItemFO.png</texturefocus>
						<texturenofocus>MenuItemNF.png</texturenofocus>
						<onclick>Skin.SetFile(HDMenu_Custom2_Path,.xsp,special://videoplaylists)</onclick>
						<visible>Skin.HasSetting(HDMenu_Custom2)</visible>
					</control>
					<control id="560" type="radiobutton">
						<description>custom home playlist</description>
						<width>750</width>
						<height>40</height>
						<textcolor>grey2</textcolor>
						<focusedcolor>white</focusedcolor>
						<texturefocus>MenuItemFO.png</texturefocus>
						<texturenofocus>MenuItemNF.png</texturenofocus>
						<label>Custom Playlist 2</label>
						<onfocus>Skin.SetString(HDMoviesCustom,3)</onfocus>
						<onclick>Skin.ToggleSetting(HDMenu_Custom3)</onclick>
						<selected>Skin.HasSetting(HDMenu_Custom3)</selected>
						<enable>!Skin.HasSetting(HDMenu_Movies_Sub3)</enable>
					</control>
					<control id="8216" type="button">
						<description>custom home playlist 2</description>
						<label>50029</label>
						<label2>[COLOR=selected]$INFO[Skin.String(HDMenu_Custom3_Label)][/COLOR]</label2>
						<width>750</width>
						<height>40</height>
						<font>font12</font>
						<textcolor>grey2</textcolor>
						<focusedcolor>white</focusedcolor>
						<texturefocus>MenuItemFO.png</texturefocus>
						<texturenofocus>MenuItemNF.png</texturenofocus>
						<onclick>Skin.SetString(HDMenu_Custom3_Label)</onclick>
						<visible>Skin.HasSetting(HDMenu_Custom3)</visible>
					</control>
					<control id="8217" type="button">
						<description>Menu Movies Sub Custom4 Path</description>
						<label>50030</label>
						<label2>[COLOR=selected]$INFO[Skin.String(HDMenu_Custom3_Path)][/COLOR]</label2>
						<width>750</width>
						<height>40</height>
						<font>font12</font>
						<textcolor>grey2</textcolor>
						<focusedcolor>white</focusedcolor>
						<texturefocus>MenuItemFO.png</texturefocus>
						<texturenofocus>MenuItemNF.png</texturenofocus>
						<onclick>Skin.SetFile(HDMenu_Custom3_Path,.xsp,special://videoplaylists)</onclick>
						<visible>Skin.HasSetting(HDMenu_Custom3)</visible>
					</control>	
					<control id="561" type="radiobutton">
						<description>custom home playlist</description>
						<width>750</width>
						<height>40</height>
						<textcolor>grey2</textcolor>
						<focusedcolor>white</focusedcolor>
						<texturefocus>MenuItemFO.png</texturefocus>
						<texturenofocus>MenuItemNF.png</texturenofocus>
						<label>Custom Playlist 3</label>
						<onfocus>Skin.SetString(HDMoviesCustom,4)</onfocus>
						<onclick>Skin.ToggleSetting(HDMenu_Custom4)</onclick>
						<selected>Skin.HasSetting(HDMenu_Custom4)</selected>
						<enable>!Skin.HasSetting(HDMenu_Movies_Sub4)</enable>
					</control>
					<control id="8218" type="button">
						<description>custom home playlist 2</description>
						<label>50029</label>
						<label2>[COLOR=selected]$INFO[Skin.String(HDMenu_Custom4_Label)][/COLOR]</label2>
						<width>750</width>
						<height>40</height>
						<font>font12</font>
						<textcolor>grey2</textcolor>
						<focusedcolor>white</focusedcolor>
						<texturefocus>MenuItemFO.png</texturefocus>
						<texturenofocus>MenuItemNF.png</texturenofocus>
						<onclick>Skin.SetString(HDMenu_Custom4_Label)</onclick>
						<visible>Skin.HasSetting(HDMenu_Custom4)</visible>
					</control>
					<control id="8219" type="button">
						<description>Menu Movies Sub Custom4 Path</description>
						<label>50030</label>
						<label2>[COLOR=selected]$INFO[Skin.String(HDMenu_Custom4_Path)][/COLOR]</label2>
						<width>750</width>
						<height>40</height>
						<font>font12</font>
						<textcolor>grey2</textcolor>
						<focusedcolor>white</focusedcolor>
						<texturefocus>MenuItemFO.png</texturefocus>
						<texturenofocus>MenuItemNF.png</texturenofocus>
						<onclick>Skin.SetFile(HDMenu_Custom4_Path,.xsp,special://videoplaylists)</onclick>
						<visible>Skin.HasSetting(HDMenu_Custom4)</visible>
					</control>
					<!-- <control id="4122" type="label">
						<width>750</width>
						<height>45</height>
						<font>font13_title</font>
						<label>Custom Last.FM Items (Music)</label>
						<textcolor>blue</textcolor>
						<shadowcolor>black</shadowcolor>
						<align>left</align>
						<aligny>center</aligny>
					</control>
					<control id="566" type="radiobutton">
						<description>custom lastfm</description>
						<width>750</width>
						<height>40</height>
						<textcolor>grey2</textcolor>
						<focusedcolor>white</focusedcolor>
						<texturefocus>MenuItemFO.png</texturefocus>
						<texturenofocus>MenuItemNF.png</texturenofocus>
						<label>Enable Last.FM</label>
						<onclick>Skin.ToggleSetting(lastfm)</onclick>
						<selected>Skin.HasSetting(lastfm)</selected>
					</control>						
					<control id="565" type="radiobutton">
						<description>custom lastfm globaltag</description>
						<width>750</width>
						<height>40</height>
						<textcolor>grey2</textcolor>
						<focusedcolor>white</focusedcolor>
						<texturefocus>MenuItemFO.png</texturefocus>
						<texturenofocus>MenuItemNF.png</texturenofocus>
						<label>Last.FM Radio</label>
						<onfocus>Skin.SetString(lastfmtag,4)</onfocus>
						<onclick>Skin.ToggleSetting(lastfmtag)</onclick>
						<selected>Skin.HasSetting(lastfmtag)</selected>
					</control>
					<control id="8225" type="button">
						<description>custom home playlist 2</description>
						<label>Globaltag</label>
						<label2>[COLOR=selected]$INFO[Skin.String(lastfmtag_Label)][/COLOR]</label2>
						<width>750</width>
						<height>40</height>
						<font>font12</font>
						<textcolor>grey2</textcolor>
						<focusedcolor>white</focusedcolor>
						<texturefocus>MenuItemFO.png</texturefocus>
						<texturenofocus>MenuItemNF.png</texturenofocus>
						<onclick>Skin.SetString(lastfmtag_Label)</onclick>
						<visible>Skin.HasSetting(lastfmtag)</visible>
					</control> -->
				</control>
				<control id="61" type="scrollbar">
					<left>1060</left>
					<top>60</top>
					<width>25</width>
					<height>530</height>
					<texturesliderbackground border="0,14,0,14">ScrollBarV.png</texturesliderbackground>
					<texturesliderbar border="0,14,0,14">ScrollBarV_bar.png</texturesliderbar>
					<texturesliderbarfocus border="0,14,0,14">ScrollBarV_bar_focus.png</texturesliderbarfocus>
					<textureslidernib>ScrollBarNib.png</textureslidernib>
					<textureslidernibfocus>ScrollBarNib.png</textureslidernibfocus>
					<onleft>9004</onleft>
					<onright>9000</onright>
					<showonepage>false</showonepage>
					<orientation>vertical</orientation>
					<visible>Container(9000).Hasfocus(4)</visible>
				</control>
				<control type="group">
					<left>290</left>
					<top>60</top>
					<visible>Container(9000).Hasfocus(5)</visible>
					<control type="label">
						<left>0</left>
						<top>0</top>
						<width>680</width>
						<height>45</height>
						<font>font13_title</font>
						<label>31109</label>
						<textcolor>blue</textcolor>
						<shadowcolor>black</shadowcolor>
						<align>left</align>
						<aligny>center</aligny>
					</control>
					<control id="9004" type="button">
						<description>Menu Item Next Button</description>
						<left>670</left>
						<top>53</top>
						<width>33</width>
						<height>22</height>
						<label>-</label>
						<font>-</font>
						<texturenofocus>scroll-down-2.png</texturenofocus>
						<texturefocus>scroll-down-focus-2.png</texturefocus>
						<onclick>Control.Move(9005,1)</onclick>
						<onleft>9000</onleft>
						<onright>9055</onright>
						<onup>300</onup>
						<ondown>300</ondown>
					</control>
					<control id="9055" type="button">
						<description>Menu Item Prev Button</description>
						<left>703</left>
						<top>53</top>
						<width>33</width>
						<height>22</height>
						<label>-</label>
						<font>-</font>
						<texturenofocus>scroll-up-2.png</texturenofocus>
						<texturefocus>scroll-up-focus-2.png</texturefocus>
						<onclick>Control.Move(9005,-1)</onclick>
						<onleft>9004</onleft>
						<onright>9000</onright>
						<onup>300</onup>
						<ondown>300</ondown>
					</control>
					<control id="9005" type="list">
						<hitrect h="0" w="0" x="0" y="0" />
						<left>0</left>
						<top>45</top>
						<width>750</width>
						<height>40</height>
						<onleft>9000</onleft>
						<onright>300</onright>
						<onup>9005</onup>
						<ondown>9005</ondown>
						<pagecontrol>-</pagecontrol>
						<scrolltime>0</scrolltime>
						<itemlayout height="1" width="750">
						</itemlayout>
						<focusedlayout height="40" width="750">
							<control type="image">
								<left>0</left>
								<top>0</top>
								<width>750</width>
								<height>40</height>
								<texture>MenuItemNF.png</texture>
								<visible>![Control.HasFocus(304) | Control.HasFocus(305)]</visible>
							</control>
							<control type="image">
								<left>0</left>
								<top>0</top>
								<width>750</width>
								<height>40</height>
								<texture>MenuItemFO.png</texture>
								<visible>[Control.HasFocus(304) | Control.HasFocus(305)]</visible>
							</control>
							<control type="label">
								<left>10</left>
								<top>0</top>
								<width>600</width>
								<height>40</height>
								<font>font13</font>
								<textcolor>grey2</textcolor>
								<align>left</align>
								<aligny>center</aligny>
								<label>$LOCALIZE[31110]</label>
								<visible>![Control.HasFocus(304) | Control.HasFocus(305)]</visible>
							</control>
							<control type="label">
								<left>10</left>
								<top>0</top>
								<width>600</width>
								<height>40</height>
								<font>font13</font>
								<textcolor>white</textcolor>
								<align>left</align>
								<aligny>center</aligny>
								<label>$LOCALIZE[31110]</label>
								<visible>[Control.HasFocus(304) | Control.HasFocus(305)]</visible>
							</control>
							<control type="label">
								<left>10</left>
								<top>0</top>
								<width>640</width>
								<height>40</height>
								<font>font13</font>
								<textcolor>grey2</textcolor>
								<align>right</align>
								<aligny>center</aligny>
								<label>$INFO[ListItem.Label]</label>
								<visible>![Control.HasFocus(304) | Control.HasFocus(305)]</visible>
							</control>
							<control type="label">
								<left>10</left>
								<top>0</top>
								<width>640</width>
								<height>40</height>
								<font>font13</font>
								<textcolor>white</textcolor>
								<align>right</align>
								<aligny>center</aligny>
								<label>$INFO[ListItem.Label]</label>
								<visible>[Control.HasFocus(304) | Control.HasFocus(305)]</visible>
							</control>
						</focusedlayout>
						<content>
							<item id="1">
								<label>3</label>
								<label2>Home_Custom_Back_Video_Folder</label2>
								<onclick>-</onclick>
								<icon>special://skin/backgrounds/videos.jpg</icon>
								<thumb>$INFO[Skin.String(Home_Custom_Back_Video_Folder)]</thumb>
							</item>
							<item id="10">
								<label>20342</label>
								<label2>Home_Custom_Back_Movies_Folder</label2>
								<onclick>-</onclick>
								<icon>special://skin/backgrounds/videos.jpg</icon>
								<thumb>$INFO[Skin.String(Home_Custom_Back_Movies_Folder)]</thumb>
								<visible>!Skin.HasSetting(HomeMenuNoMoviesButton) + Library.HasContent(Movies)</visible>
							</item>
							<item id="11">
								<label>20343</label>
								<label2>Home_Custom_Back_TVShow_Folder</label2>
								<onclick>-</onclick>
								<icon>special://skin/backgrounds/videos.jpg</icon>
								<thumb>$INFO[Skin.String(Home_Custom_Back_TVShow_Folder)]</thumb>
								<visible>!Skin.HasSetting(HomeMenuNoTVShowsButton) + Library.HasContent(TVShows)</visible>
							</item>
							<item id="12">
								<label>31502</label>
								<label2>Home_Custom_Back_TV_Folder</label2>
								<onclick>-</onclick>
								<icon>special://skin/backgrounds/xbmctv.jpg</icon>
								<thumb>$INFO[Skin.String(Home_Custom_Back_TV_Folder)]</thumb>
								<visible>PVR.HasTVChannels</visible>
							</item>
							<item id="13">
								<label>31960</label>
								<label2>Home_Custom_Back_RADIO_Folder</label2>
								<onclick>-</onclick>
								<icon>special://skin/backgrounds/radio.jpg</icon>
								<thumb>$INFO[Skin.String(Home_Custom_Back_RADIO_Folder)]</thumb>
								<visible>PVR.HasRadioChannels</visible>
							</item>
							<item id="35">
								<label>HD-Filme</label>
								<label2>Home_Custom_Back_HD_Folder</label2>
								<onclick>-</onclick>
								<icon>special://skin/backgrounds/hdmovies.jpg</icon>
								<thumb>$INFO[Skin.String(Home_Custom_Back_HD_Folder)]</thumb>
							</item>
							<item id="57">
								<label>Dokus</label>
								<label2>Home_Custom_Back_Docu_Folder</label2>
								<onclick>-</onclick>
								<icon>special://skin/backgrounds/documentary.jpg</icon>
								<thumb>$INFO[Skin.String(Home_Custom_Back_Docu_Folder)]</thumb>
							</item>
							<item id="2">
								<label>2</label>
								<label2>Home_Custom_Back_Music_Folder</label2>
								<onclick>-</onclick>
								<icon>special://skin/backgrounds/music.jpg</icon>
								<thumb>$INFO[Skin.String(Home_Custom_Back_Music_Folder)]</thumb>
							</item>
							<item id="9">
								<label>50026</label>
								<label2>Home_Custom_Back_MusicVideos_Folder</label2>
								<onclick>-</onclick>
								<icon>special://skin/backgrounds/musicvideos.jpg</icon>
								<thumb>$INFO[Skin.String(Home_Custom_Back_MusicVideos_Folder)]</thumb>
							</item>
							<item id="101">
								<label>$INFO[Skin.String(CustomFavourite1.Label)]</label>
								<label2>Home_Custom_Back_Favourite1_Folder</label2>
								<onclick>-</onclick>
								<icon>special://skin/backgrounds/SKINDEFAULT.jpg</icon>
								<thumb>$INFO[Skin.String(Home_Custom_Back_Favourite1_Folder)]</thumb>
								<visible>Skin.HasSetting(favourite1)</visible>
							</item>
							<item id="102">
								<label>$INFO[Skin.String(CustomFavourite2.Label)]</label>
								<label2>Home_Custom_Back_Favourite2_Folder</label2>
								<onclick>-</onclick>
								<icon>special://skin/backgrounds/SKINDEFAULT.jpg</icon>
								<thumb>$INFO[Skin.String(Home_Custom_Back_Favourite2_Folder)]</thumb>
								<visible>Skin.HasSetting(favourite2)</visible>
							</item>							
							<item id="99">
								<label>$INFO[Skin.String(Menu_Custom1_Label)]</label>
								<label2>Menu_Custom1_Folder</label2>
								<onclick>-</onclick>
								<icon>special://skin/backgrounds/custom1.jpg</icon>
								<thumb>$INFO[Skin.String(Menu_Custom1_Folder)]</thumb>
								<visible>Skin.HasSetting(Menu_Custom1)</visible>
							</item>
							<item id="199">
								<label>$INFO[Skin.String(Menu_Custom2_Label)]</label>
								<label2>Menu_Custom2_Folder</label2>
								<onclick>-</onclick>
								<icon>special://skin/backgrounds/custom2.jpg</icon>
								<thumb>$INFO[Skin.String(Menu_Custom2_Folder)]</thumb>
								<visible>Skin.HasSetting(Menu_Custom2)</visible>
							</item>
							<item id="3">
								<label>1</label>
								<label2>Home_Custom_Back_Pictures_Folder</label2>
								<onclick>-</onclick>
								<icon>special://skin/backgrounds/pictures.jpg</icon>
								<thumb>$INFO[Skin.String(Home_Custom_Back_Pictures_Folder)]</thumb>
							</item>
							<item id="4">
								<label>0</label>
								<label2>Home_Custom_Back_Programs_Folder</label2>
								<onclick>-</onclick>
								<icon>special://skin/backgrounds/programs.jpg</icon>
								<thumb>$INFO[Skin.String(Home_Custom_Back_Programs_Folder)]</thumb>
							</item>
							<item id="5">
								<label>8</label>
								<label2>Home_Custom_Back_Weather_Folder</label2>
								<onclick>-</onclick>
								<icon>special://skin/backgrounds/weather.jpg</icon>
								<thumb>$INFO[Skin.String(Home_Custom_Back_Weather_Folder)]</thumb>
							</item>
							<item id="7">
								<label>13000</label>
								<label2>Home_Custom_Back_Settings_Folder</label2>
								<onclick>-</onclick>
								<icon>special://skin/backgrounds/settings.jpg</icon>
								<thumb>$INFO[Skin.String(Home_Custom_Back_Settings_Folder)]</thumb>
							</item>
							<item id="8">
								<label>24001</label>
								<label2>Home_Custom_Back_Addons_Folder</label2>
								<onclick>-</onclick>
								<icon>special://skin/backgrounds/Addons.jpg</icon>
								<thumb>$INFO[Skin.String(Home_Custom_Back_Addons_Folder)]</thumb>
							</item>
							<item id="23">
								<label>$INFO[Skin.String(Menu_Custom8_Label)]</label>
								<label2>Home_Custom_Back_Fav_Folder</label2>
								<onclick>-</onclick>
								<icon>s$INFO[Skin.String(Menu_Custom8_Folder)]</icon>
								<thumb>$INFO[Skin.String(Home_Custom_Back_Fav_Folder)]</thumb>
								<visible>Skin.HasSetting(Menu_Custom8)</visible>
							</item>
							<item id="24">
								<label>$INFO[Skin.String(Menu_Custom9_Label)]</label>
								<label2>Home_Custom_Back_Fav2_Folder</label2>
								<onclick>-</onclick>
								<icon>special://skin/backgrounds/videos.jpg</icon>
								<thumb>$INFO[Skin.String(Home_Custom_Back_Fav2_Folder)]</thumb>
								<visible>Skin.HasSetting(Menu_Custom9)</visible>
							</item>							
							<item id="9">
								<label>341</label>
								<label2>Home_Custom_Back_PlayDisc_Folder</label2>
								<onclick>-</onclick>
								<icon>special://skin/backgrounds/playdisc.jpg</icon>
								<thumb>$INFO[Skin.String(Home_Custom_Back_PlayDisc_Folder)]</thumb>
							</item>							
						</content>
					</control>
					<control type="image">
						<left>85</left>
						<top>100</top>
						<width>580</width>
						<height>435</height>
						<texture>black-back.png</texture>
					</control>
					<control type="group">
						<left>95</left>
						<top>110</top>
						<control id="300" type="button">
							<description>Single Image button</description>
							<left>5</left>
							<top>0</top>
							<width>180</width>
							<height>40</height>
							<label>Single</label>
							<font>font12_title</font>
							<textcolor>grey2</textcolor>
							<focusedcolor>white</focusedcolor>
							<align>center</align>
							<texturenofocus border="5">button-nofocus.png</texturenofocus>
							<texturefocus border="5">button-focus.png</texturefocus>
							<onclick>Skin.SetImage($INFO[Container(9005).ListItem.Label2])</onclick>
							<onleft>302</onleft>
							<onright>301</onright>
							<onup>9004</onup>
							<ondown>9004</ondown>
						</control>
						<control id="301" type="button">
							<description>Multi Image button</description>
							<left>190</left>
							<top>0</top>
							<width>180</width>
							<height>40</height>
							<label>Multi</label>
							<font>font12_title</font>
							<textcolor>grey2</textcolor>
							<focusedcolor>white</focusedcolor>
							<align>center</align>
							<texturenofocus border="5">button-nofocus.png</texturenofocus>
							<texturefocus border="5">button-focus.png</texturefocus>
							<onclick>Skin.SetPath($INFO[Container(9005).ListItem.Label2])</onclick>
							<onleft>300</onleft>
							<onright>302</onright>
							<onup>9004</onup>
							<ondown>9004</ondown>
						</control>
						<control id="302" type="button">
							<description>Default Image button</description>
							<left>375</left>
							<top>0</top>
							<width>180</width>
							<height>40</height>
							<label>571</label>
							<font>font12_title</font>
							<textcolor>grey2</textcolor>
							<focusedcolor>white</focusedcolor>
							<align>center</align>
							<texturenofocus border="5">button-nofocus.png</texturenofocus>
							<texturefocus border="5">button-focus.png</texturefocus>
							<onclick>Skin.Reset($INFO[Container(9005).ListItem.Label2])</onclick>
							<onleft>301</onleft>
							<onright>300</onright>
							<onup>9004</onup>
							<ondown>9004</ondown>
						</control>
						<control type="multiimage">
							<left>0</left>
							<top>50</top>
							<width>560</width>
							<height>335</height>
							<imagepath background="true">$INFO[Container(9005).ListItem.Icon]</imagepath>
							<timeperimage>6000</timeperimage>
							<randomize>true</randomize>
							<fadetime>500</fadetime>
						</control>
					</control>
				</control>	
			</control>
		</control>
		<include>CommonNowPlaying</include>
		<include>MainWindowMouseButtons</include>
		<include>BehindDialogFadeOut</include>
		<include>Clock</include>
	</controls>
</window>