<?xml version="1.0" encoding="UTF-8" standalone="yes"?>
<addon id="plugin.video.filmstarts" name="Filmstarts" version="0.6.5" provider-name="L0RE">
    <requires>
        <import addon="xbmc.python" version="2.24.0"/>
    </requires>
    <extension point="xbmc.python.pluginsource" library="default.py">
        <provides>video</provides>
    </extension>
  <extension point="xbmc.addon.metadata">
    <summary lang="de">Film und Serien (Trailer, Making of,Teaser,...)  von http://www.filmstarts.de/</summary>
    <summary lang="en">Film an Series (Trailer, Making of,Teaser,...) from http://www.filmstarts.de/</summary>
    <description lang="en">Film an Series (Trailer, Making of,Teaser,...) from http://www.filmstarts.de/</description>
    <description lang="de">Film und Serien (Trailer, Making of,Teaser,...) von http://www.filmstarts.de/</description>
    <website></website>
    <license>GNU GENERAL PUBLIC LICENSE. Version 2, June 1991</license>
    <source>https://github.com/kodinerds/repo/tree/master/addons/plugin.video.filmstarts</source>
    <forum>https://www.kodinerds.net/index.php/Thread/53743-RERelease-filmstarts/</forum>
    <email>andreas at vogler dot name</email>
    <platform>all</platform>
  </extension>
</addon>
