<?xml version="1.0" encoding="UTF-8" standalone="yes"?>
<addon id="plugin.video.aod" name="Anime on Demand" version="0.1" provider-name="L0RE">
    <requires>
        <import addon="xbmc.python" version="2.1.0"/>
    </requires>
    <extension point="xbmc.python.pluginsource" library="default.py">
        <provides>video</provides>
    </extension>
  <extension point="xbmc.addon.metadata">
    <summary lang="en">Videos of the  Anime Portal www.anime-on-demand.de</summary>
    <summary lang="de">Videos des Anime Portal www.anime-on-demand.de</summary>
    <description lang="en">Videos of the  Anime Portal www.anime-on-demand.de. You need an Account that must be set in the Setttings. It Shows only Videos that are avaibe</description>
    <description lang="de">Videos von dem Portal www.anime-on-demand.de . Man muss eine Kennung haben. Es werden dann nur Videos angezeigt die man gekauft hat</description>
    <website></website>
    <source>https://github.com/kodinerds/repo/tree/master/addons/plugin.video.aod</source>
    <forum>http://www.kodinerds.net/index.php/Thread/46939-Repo-Lost-Found</forum>
    <email>andreas at vogler dot name</email>
    <platform>all</platform>
  </extension>
</addon>
