<?xml version="1.0" encoding="UTF-8" standalone="yes"?>
<addon id="plugin.video.daisuki" name="Daisuki" version="0.3.2" provider-name="L0RE">
    <requires>
        <import addon="xbmc.python" version="2.1.0"/>
    </requires>
    <extension point="xbmc.python.pluginsource" library="default.py">
        <provides>video</provides>
    </extension>
  <extension point="xbmc.addon.metadata">
    <summary lang="en">Videos from Daisuki</summary>
    <summary lang="de">Videos von Daisuki</summary>
    <description lang="en">Videos from Daisuki</description>
    <description lang="de">Videos von Daisuki</description>
    <website></website>
    <source>https://github.com/kodinerds/repo/tree/master/addons/plugin.video.daisuki</source>
    <forum>http://www.kodinerds.net/</forum>
    <email>andreas at vogler dot name</email>
    <platform>all</platform>
  </extension>
</addon>
