<?xml version="1.0" encoding="utf-8" standalone="yes"?>
<window id="3000">
    <defaultcontrol always="false">5002</defaultcontrol>
    <backgroundcolor>background</backgroundcolor>
    <controls>    
        <include>DefaultBackground</include>
        <control type="group" id="20">
         <control type="image" id="9898">
	    <posx>730</posx>
	    <posy>300</posy>
	    <width>335</width>
	    <height>215</height>
	    <texture colordiffuse="30FFFFFF">my yahtzee.png</texture>
         </control>
         <control type="button" id="5002">
            <top>100</top>
            <left>120l</left>
            <width>200</width>
            <height>70</height>
            <label>$ADDON[script.game.yahtzee 3001]</label>
            <texturefocus>button_active.png</texturefocus>
            <texturenofocus>button.png</texturenofocus>
            <align>center</align>
            <aligny>center</aligny>
            <onright>5200</onright>
	    <ondown>5003</ondown>
          </control>
          <control type="button" id="5003">
            <top>150</top>
            <left>120l</left>
            <width>200</width>
            <height>70</height>
            <label>$ADDON[script.game.yahtzee 3002]</label>
            <texturefocus>button_active.png</texturefocus>
            <texturenofocus>button.png</texturenofocus>
            <align>center</align>
            <aligny>center</aligny>
            <onright>5200</onright>
            <onup>5002</onup>
	    <ondown>5004</ondown>
          </control>
          <control type="button" id="5004">
            <top>200</top>
            <left>120l</left>
            <width>200</width>
            <height>70</height>
            <label>$ADDON[script.game.yahtzee 3003]</label>
            <texturefocus>button_active.png</texturefocus>
            <texturenofocus>button.png</texturenofocus>
            <align>center</align>
            <aligny>center</aligny>
            <onright>5200</onright>
            <onup>5003</onup>
            <ondown>5005</ondown>
           </control>
          
        <control type="image" id="6005">
            <posx>120</posx>
            <posy>250</posy>
            <width>200</width>
            <height>70</height>
            <texture>t_button.png</texture>
        </control> 
          <control type="button" id="5005">
            <top>250</top>
            <left>120l</left>
            <width>200</width>
            <height>70</height>
            <label>$ADDON[script.game.yahtzee 3004]</label>
            <texturefocus></texturefocus>
            <texturenofocus></texturenofocus>
            <alttexturefocus></alttexturefocus>
            <alttexturenofocus></alttexturenofocus>
            <align>center</align>
            <aligny>center</aligny>
            <onright>5200</onright>
            <onup>5004</onup>
	    <ondown>5008</ondown>
          </control>

          <control type="label" id="5006">
            <top>300</top>
            <left>120l</left>
            <width>200</width>
            <height>70</height>
            <align>center</align>
            <aligny>center</aligny>
            <label>#Yahtzee_Player</label>
          </control>
          <control type="label" id="5007">
            <top>350</top>
            <left>120l</left>
            <width>200</width>
            <height>70</height>
            <align>center</align>
            <aligny>center</aligny>
            <label>#Yahtzee_Try</label>
          </control>
  
          <control type="button" id="5008">
            <top>400</top>
            <left>120l</left>
            <width>200</width>
            <height>70</height>
            <label>$ADDON[script.game.yahtzee 3009]</label>
            <texturefocus>button_active.png</texturefocus>
            <texturenofocus>button.png</texturenofocus>
            <align>center</align>
            <aligny>center</aligny>
            <onright>5200</onright>
            <onup>5005</onup>
	    <ondown>5009</ondown>
          </control>
          <control type="button" id="5009">
            <top>450</top>
            <left>120l</left>
            <width>200</width>
            <height>70</height>
            <label>$ADDON[script.game.yahtzee 3010]</label>
            <texturefocus>button_active.png</texturefocus>
            <texturenofocus>button.png</texturenofocus>
            <align>center</align>
            <aligny>center</aligny>
            <onright>5200</onright>
            <onup>5008</onup>
	    <ondown>5010</ondown>
          </control>
          <control type="button" id="5010">
            <top>500</top>
            <left>120l</left>
            <width>200</width>
            <height>70</height>
            <label>$ADDON[script.game.yahtzee 3011]</label>
            <texturefocus>button_active.png</texturefocus>
            <texturenofocus>button.png</texturenofocus>
            <align>center</align>
            <aligny>center</aligny>
            <onright>5200</onright>
            <onup>5009</onup>
          </control>
        </control>
        
        
        <control type="image" id="5100">
	  <posx>370</posx>
	  <posy>130</posy>
	  <width>50</width>
	  <height>50</height>
	  <texture>w1.png</texture>
        </control>
        <control type="image" id="5101">
	  <posx>540</posx>
	  <posy>130</posy>
	  <width>50</width>
	  <height>50</height>
	  <texture>w1.png</texture>
        </control>       
        <control type="image" id="5102">
	  <posx>710</posx>
	  <posy>130</posy>
	  <width>50</width>
	  <height>50</height>
	  <texture>w1.png</texture>
        </control>             
        <control type="image" id="5103">
	  <posx>880</posx>
	  <posy>130</posy>
	  <width>50</width>
	  <height>50</height>
	  <texture>w1.png</texture>
        </control>             
        <control type="image" id="5104">
	  <posx>1050</posx>
	  <posy>130</posy>
	  <width>50</width>
	  <height>50</height>
	  <texture>w1.png</texture>
        </control>             
              
        <control type="image" id="5900">
	  <posx>415</posx>
	  <posy>130</posy>
	  <width>125</width>
	  <height>45</height>
	  <texture>t_button.png</texture>
        </control>      
        <control type="button" id="5200">
          <top>130</top>
          <left>420</left>
          <width>105</width>
          <height>45</height>
          <label>$ADDON[script.game.yahtzee 3012]</label>
          <texturefocus></texturefocus>
	  <texturenofocus></texturenofocus>
          <alttexturefocus></alttexturefocus>
          <alttexturenofocus></alttexturenofocus>	  
          <align>center</align>
          <aligny>center</aligny>
          <onright>5201</onright>
          <onleft>5008</onleft>
          <ondown>5300</ondown>
        </control>

        <control type="image" id="5901">
	  <posx>585</posx>
	  <posy>130</posy>
	  <width>125</width>
	  <height>45</height>
	  <texture>t_button.png</texture>
        </control>
        <control type="togglebutton" id="5201">
          <top>130</top>
          <left>590</left>
          <width>105</width>
          <height>45</height>
          <label>$ADDON[script.game.yahtzee 3012]</label>
          <texturefocus></texturefocus>
          <texturenofocus></texturenofocus>
          <alttexturefocus></alttexturefocus>
          <alttexturenofocus></alttexturenofocus>          
          <align>center</align>
          <aligny>center</aligny>
          <onright>5202</onright>
          <onleft>5200</onleft>
          <ondown>5300</ondown>
        </control>
        
        <control type="image" id="5902">
	  <posx>755</posx>
	  <posy>130</posy>
	  <width>125</width>
	  <height>45</height>
	  <texture>t_button.png</texture>
        </control>
        <control type="button" id="5202">
          <top>130</top>
          <left>760</left>
          <width>105</width>
          <height>45</height>
          <label>$ADDON[script.game.yahtzee 3012]</label>
          <texturefocus></texturefocus>
          <texturenofocus></texturenofocus>
          <alttexturefocus></alttexturefocus>
          <alttexturenofocus></alttexturenofocus>          
          <align>center</align>
          <aligny>center</aligny>
          <onright>5203</onright>
          <onleft>5201</onleft>
          <ondown>5300</ondown>
        </control>
        
        <control type="image" id="5903">
	  <posx>925</posx>
	  <posy>130</posy>
	  <width>125</width>
	  <height>45</height>
	  <texture>t_button.png</texture>
        </control>        
        <control type="button" id="5203">
          <top>130</top>
          <left>930</left>
          <width>105</width>
          <height>45</height>
          <label>$ADDON[script.game.yahtzee 3012]</label>
          <texturefocus></texturefocus>
          <texturenofocus></texturenofocus>
          <alttexturefocus></alttexturefocus>
          <alttexturenofocus></alttexturenofocus>          
          <align>center</align>
          <aligny>center</aligny>
          <onright>5204</onright>
          <onleft>5202</onleft>
          <ondown>5300</ondown>
        </control>
        
        <control type="image" id="5904">
	  <posx>1095</posx>
	  <posy>130</posy>
	  <width>125</width>
	  <height>45</height>
	  <texture>t_button.png</texture>
        </control>           
        <control type="button" id="5204">
          <top>130</top>
          <left>1100</left>
          <width>105</width>
          <height>45</height>
          <label>$ADDON[script.game.yahtzee 3012]</label>
          <texturefocus></texturefocus>
          <texturenofocus></texturenofocus>
          <alttexturefocus></alttexturefocus>
          <alttexturenofocus></alttexturenofocus>          
          <align>center</align>
          <aligny>center</aligny>
          <onleft>5203</onleft>
          <ondown>5300</ondown>
        </control>
        
        <control type="button" id="5300">
	   <top>190</top>
	   <left>350</left>
	   <width>220</width>
	   <height>45</height>
	   <label>$ADDON[script.game.yahtzee 3013]</label>
	   <texturefocus>button_active.png</texturefocus>
	   <texturenofocus>button.png</texturenofocus>
	   <align>center</align>
	   <aligny>center</aligny>
	   <onleft>5008</onleft>
	   <onright>5200</onright>
	   <onup>5200</onup>
	   <ondown>5301</ondown>
        </control>
        <control type="button" id="5301">
	   <top>220</top>
	   <left>350</left>
	   <width>220</width>
	   <height>45</height>
	   <label>$ADDON[script.game.yahtzee 3014]</label>
	   <texturefocus>button_active.png</texturefocus>
	   <texturenofocus>button.png</texturenofocus>
	   <align>center</align>
	   <aligny>center</aligny>
	   <onleft>5008</onleft>
	   <onup>5300</onup>
	   <ondown>5302</ondown>
        </control>     
        <control type="button" id="5302">
	   <top>250</top>
	   <left>350</left>
	   <width>220</width>
	   <height>45</height>
	   <label>$ADDON[script.game.yahtzee 3015]</label>
	   <texturefocus>button_active.png</texturefocus>
	   <texturenofocus>button.png</texturenofocus>
	   <align>center</align>
	   <aligny>center</aligny>
	   <onleft>5008</onleft>
	   <onup>5301</onup>
	   <ondown>5303</ondown>
        </control>  
        <control type="button" id="5303">
	   <top>280</top>
	   <left>350</left>
	   <width>220</width>
	   <height>45</height>
	   <label>$ADDON[script.game.yahtzee 3016]</label>
	   <texturefocus>button_active.png</texturefocus>
	   <texturenofocus>button.png</texturenofocus>
	   <align>center</align>
	   <aligny>center</aligny>
	   <onleft>5008</onleft>
	   <onup>5302</onup>
	   <ondown>5304</ondown>
        </control>
        <control type="button" id="5304">
	   <top>310</top>
	   <left>350</left>
	   <width>220</width>
	   <height>45</height>
	   <label>$ADDON[script.game.yahtzee 3017]</label>
	   <texturefocus>button_active.png</texturefocus>
	   <texturenofocus>button.png</texturenofocus>
	   <align>center</align>
	   <aligny>center</aligny>
	   <onleft>5008</onleft>
	   <onup>5303</onup>
	   <ondown>5305</ondown>
        </control>  
        <control type="button" id="5305">
	   <top>340</top>
	   <left>350</left>
	   <width>220</width>
	   <height>45</height>
	   <label>$ADDON[script.game.yahtzee 3018]</label>
	   <texturefocus>button_active.png</texturefocus>
	   <texturenofocus>button.png</texturenofocus>
	   <align>center</align>
	   <aligny>center</aligny>
	   <onleft>5008</onleft>
	   <onup>5304</onup>
	   <ondown>5307</ondown>
        </control>  
        
        <control type="label" id="5006">
	   <top>370</top>
	   <left>350</left>
	   <width>220</width>
	   <height>45</height>
	   <align>center</align>
	   <aligny>center</aligny>
	   <label>$ADDON[script.game.yahtzee 3019]</label>
        </control>
        
        <control type="button" id="5307">
	   <top>430</top>
	   <left>350</left>
	   <width>220</width>
	   <height>45</height>
	   <label>$ADDON[script.game.yahtzee 3020]</label>
	   <texturefocus>button_active.png</texturefocus>
	   <texturenofocus>button.png</texturenofocus>
	   <align>center</align>
	   <aligny>center</aligny>
	   <onleft>5008</onleft>
	   <onup>5305</onup>
	   <ondown>5308</ondown>
        </control>       
        <control type="button" id="5308">
	   <top>460</top>
	   <left>350</left>
	   <width>220</width>
	   <height>45</height>
	   <label>$ADDON[script.game.yahtzee 3021]</label>
	   <texturefocus>button_active.png</texturefocus>
	   <texturenofocus>button.png</texturenofocus>
	   <align>center</align>
	   <aligny>center</aligny>
	   <onleft>5008</onleft>
	   <onup>5307</onup>
	   <ondown>5309</ondown>
        </control>          
        <control type="button" id="5309">
	   <top>490</top>
	   <left>350</left>
	   <width>220</width>
	   <height>45</height>
	   <label>$ADDON[script.game.yahtzee 3022]</label>
	   <texturefocus>button_active.png</texturefocus>
	   <texturenofocus>button.png</texturenofocus>
	   <align>center</align>
	   <aligny>center</aligny>
	   <onleft>5008</onleft>
	   <onup>5308</onup>
	   <ondown>5310</ondown>
        </control>             
        <control type="button" id="5310">
	   <top>520</top>
	   <left>350</left>
	   <width>220</width>
	   <height>45</height>
	   <label>$ADDON[script.game.yahtzee 3023]</label>
	   <texturefocus>button_active.png</texturefocus>
	   <texturenofocus>button.png</texturenofocus>
	   <align>center</align>
	   <aligny>center</aligny>
	   <onleft>5008</onleft>
	   <onup>5309</onup>
	   <ondown>5311</ondown>
        </control>             
        <control type="button" id="5311">
	   <top>550</top>
	   <left>350</left>
	   <width>220</width>
	   <height>45</height>
	   <label>$ADDON[script.game.yahtzee 3024]</label>
	   <texturefocus>button_active.png</texturefocus>
	   <texturenofocus>button.png</texturenofocus>
	   <align>center</align>
	   <aligny>center</aligny>
	   <onleft>5008</onleft>
	   <onup>5310</onup>
	   <ondown>5312</ondown>
        </control>             
        <control type="button" id="5312">
	   <top>580</top>
	   <left>350</left>
	   <width>220</width>
	   <height>45</height>
	   <label>$ADDON[script.game.yahtzee 3025]</label>
	   <texturefocus>button_active.png</texturefocus>
	   <texturenofocus>button.png</texturenofocus>
	   <align>center</align>
	   <aligny>center</aligny>
	   <onleft>5008</onleft>
	   <onup>5311</onup>
	   <ondown>5313</ondown>
        </control>             
        <control type="button" id="5313">
	   <top>610</top>
	   <left>350</left>
	   <width>220</width>
	   <height>45</height>
	   <label>$ADDON[script.game.yahtzee 3026]</label>
	   <texturefocus>button_active.png</texturefocus>
	   <texturenofocus>button.png</texturenofocus>
	   <align>center</align>
	   <aligny>center</aligny>
	   <onleft>5008</onleft>
	   <onup>5312</onup>

        </control>             
        
        <control type="label" id="5314">
	   <top>640</top>
	   <left>350</left>
	   <width>220</width>
	   <height>45</height>
	   <align>center</align>
	   <aligny>center</aligny>
	   <label>$ADDON[script.game.yahtzee 3027]</label>
        </control>     
        
        <control type="label" id="5400">
	   <top>190</top>
	   <left>600</left>
	   <width>100</width>
	   <height>45</height>
	   <align>center</align>
	   <aligny>center</aligny>
	   <label>#P601</label>
        </control>     
        <control type="label" id="5401">
	   <top>220</top>
	   <left>600</left>
	   <width>100</width>
	   <height>45</height>
	   <align>center</align>
	   <aligny>center</aligny>
	   <label>#P602</label>
        </control> 
        <control type="label" id="5402">
	   <top>250</top>
	   <left>600</left>
	   <width>100</width>
	   <height>45</height>
	   <align>center</align>
	   <aligny>center</aligny>
	   <label>#P603</label>
        </control>        
        <control type="label" id="5403">
	   <top>280</top>
	   <left>600</left>
	   <width>100</width>
	   <height>45</height>
	   <align>center</align>
	   <aligny>center</aligny>
	   <label>#P604</label>
        </control> 
        <control type="label" id="5404">
	   <top>310</top>
	   <left>600</left>
	   <width>100</width>
	   <height>45</height>
	   <align>center</align>
	   <aligny>center</aligny>
	   <label>#P605</label>
        </control> 
        <control type="label" id="5405">
	   <top>340</top>
	   <left>600</left>
	   <width>100</width>
	   <height>45</height>
	   <align>center</align>
	   <aligny>center</aligny>
	   <label>#P606</label>
        </control> 
        
        <control type="label" id="5406">
	   <top>370</top>
	   <left>600</left>
	   <width>100</width>
	   <height>45</height>
	   <align>center</align>
	   <aligny>center</aligny>
	   <label>#P607</label>
        </control> 
        
        <control type="label" id="5407">
	   <top>430</top>
	   <left>600</left>
	   <width>100</width>
	   <height>45</height>
	   <align>center</align>
	   <aligny>center</aligny>
	   <label>#P608</label>
        </control>     
        <control type="label" id="5408">
	   <top>460</top>
	   <left>600</left>
	   <width>100</width>
	   <height>45</height>
	   <align>center</align>
	   <aligny>center</aligny>
	   <label>#P609</label>
        </control> 
        <control type="label" id="5409">
	   <top>490</top>
	   <left>600</left>
	   <width>100</width>
	   <height>45</height>
	   <align>center</align>
	   <aligny>center</aligny>
	   <label>#P610</label>
        </control>        
        <control type="label" id="5410">
	   <top>520</top>
	   <left>600</left>
	   <width>100</width>
	   <height>45</height>
	   <align>center</align>
	   <aligny>center</aligny>
	   <label>#P611</label>
        </control> 
        <control type="label" id="5411">
	   <top>550</top>
	   <left>600</left>
	   <width>100</width>
	   <height>45</height>
	   <align>center</align>
	   <aligny>center</aligny>
	   <label>#P612</label>
        </control> 
        <control type="label" id="5412">
	   <top>580</top>
	   <left>600</left>
	   <width>100</width>
	   <height>45</height>
	   <align>center</align>
	   <aligny>center</aligny>
	   <label>#P613</label>
        </control> 
        <control type="label" id="5413">
	   <top>610</top>
	   <left>600</left>
	   <width>100</width>
	   <height>45</height>
	   <align>center</align>
	   <aligny>center</aligny>
	   <label>#P614</label>
        </control>         
        <control type="label" id="5414">
	   <top>640</top>
	   <left>600</left>
	   <width>100</width>
	   <height>45</height>
	   <align>center</align>
	   <aligny>center</aligny>
	   <label>#P615</label>
        </control> 
        
        <control type="label" id="5500">
	   <top>190</top>
	   <left>770</left>
	   <width>100</width>
	   <height>45</height>
	   <align>center</align>
	   <aligny>center</aligny>
	   <label>#P701</label>
        </control>     
        <control type="label" id="5501">
	   <top>220</top>
	   <left>770</left>
	   <width>100</width>
	   <height>45</height>
	   <align>center</align>
	   <aligny>center</aligny>
	   <label>#P702</label>
        </control> 
        <control type="label" id="5502">
	   <top>250</top>
	   <left>770</left>
	   <width>100</width>
	   <height>45</height>
	   <align>center</align>
	   <aligny>center</aligny>
	   <label>#P703</label>
        </control>        
        <control type="label" id="5503">
	   <top>280</top>
	   <left>770</left>
	   <width>100</width>
	   <height>45</height>
	   <align>center</align>
	   <aligny>center</aligny>
	   <label>#P704</label>
        </control> 
        <control type="label" id="5504">
	   <top>310</top>
	   <left>770</left>
	   <width>100</width>
	   <height>45</height>
	   <align>center</align>
	   <aligny>center</aligny>
	   <label>#P705</label>
        </control> 
        <control type="label" id="5505">
	   <top>340</top>
	   <left>770</left>
	   <width>100</width>
	   <height>45</height>
	   <align>center</align>
	   <aligny>center</aligny>
	   <label>#P706</label>
        </control> 
        
        <control type="label" id="5506">
	   <top>370</top>
	   <left>770</left>
	   <width>100</width>
	   <height>45</height>
	   <align>center</align>
	   <aligny>center</aligny>
	   <label>#P707</label>
        </control> 
        
        <control type="label" id="5507">
	   <top>430</top>
	   <left>770</left>
	   <width>100</width>
	   <height>45</height>
	   <align>center</align>
	   <aligny>center</aligny>
	   <label>#P708</label>
        </control>     
        <control type="label" id="5508">
	   <top>460</top>
	   <left>770</left>
	   <width>100</width>
	   <height>45</height>
	   <align>center</align>
	   <aligny>center</aligny>
	   <label>#P709</label>
        </control> 
        <control type="label" id="5509">
	   <top>490</top>
	   <left>770</left>
	   <width>100</width>
	   <height>45</height>
	   <align>center</align>
	   <aligny>center</aligny>
	   <label>#P710</label>
        </control>        
        <control type="label" id="5510">
	   <top>520</top>
	   <left>770</left>
	   <width>100</width>
	   <height>45</height>
	   <align>center</align>
	   <aligny>center</aligny>
	   <label>#P711</label>
        </control> 
        <control type="label" id="5511">
	   <top>550</top>
	   <left>770</left>
	   <width>100</width>
	   <height>45</height>
	   <align>center</align>
	   <aligny>center</aligny>
	   <label>#P712</label>
        </control> 
        <control type="label" id="5512">
	   <top>580</top>
	   <left>770</left>
	   <width>100</width>
	   <height>45</height>
	   <align>center</align>
	   <aligny>center</aligny>
	   <label>#P713</label>
        </control> 
        <control type="label" id="5513">
	   <top>610</top>
	   <left>770</left>
	   <width>100</width>
	   <height>45</height>
	   <align>center</align>
	   <aligny>center</aligny>
	   <label>#P714</label>
        </control>         
        <control type="label" id="5514">
	   <top>640</top>
	   <left>770</left>
	   <width>100</width>
	   <height>45</height>
	   <align>center</align>
	   <aligny>center</aligny>
	   <label>#P715</label>
        </control>         
      
        <control type="label" id="5600">
	   <top>190</top>
	   <left>940</left>
	   <width>100</width>
	   <height>45</height>
	   <align>center</align>
	   <aligny>center</aligny>
	   <label>#P801</label>
        </control>     
        <control type="label" id="5601">
	   <top>220</top>
	   <left>940</left>
	   <width>100</width>
	   <height>45</height>
	   <align>center</align>
	   <aligny>center</aligny>
	   <label>#P802</label>
        </control> 
        <control type="label" id="5602">
	   <top>250</top>
	   <left>940</left>
	   <width>100</width>
	   <height>45</height>
	   <align>center</align>
	   <aligny>center</aligny>
	   <label>#P803</label>
        </control>        
        <control type="label" id="5603">
	   <top>280</top>
	   <left>940</left>
	   <width>100</width>
	   <height>45</height>
	   <align>center</align>
	   <aligny>center</aligny>
	   <label>#P804</label>
        </control> 
        <control type="label" id="5604">
	   <top>310</top>
	   <left>940</left>
	   <width>100</width>
	   <height>45</height>
	   <align>center</align>
	   <aligny>center</aligny>
	   <label>#P805</label>
        </control> 
        <control type="label" id="5605">
	   <top>340</top>
	   <left>940</left>
	   <width>100</width>
	   <height>45</height>
	   <align>center</align>
	   <aligny>center</aligny>
	   <label>#P806</label>
        </control> 
        
        <control type="label" id="5606">
	   <top>370</top>
	   <left>940</left>
	   <width>100</width>
	   <height>45</height>
	   <align>center</align>
	   <aligny>center</aligny>
	   <label>#P807</label>
        </control> 
        
        <control type="label" id="5607">
	   <top>430</top>
	   <left>940</left>
	   <width>100</width>
	   <height>45</height>
	   <align>center</align>
	   <aligny>center</aligny>
	   <label>#P808</label>
        </control>     
        <control type="label" id="5608">
	   <top>460</top>
	   <left>940</left>
	   <width>100</width>
	   <height>45</height>
	   <align>center</align>
	   <aligny>center</aligny>
	   <label>#P809</label>
        </control> 
        <control type="label" id="5609">
	   <top>490</top>
	   <left>940</left>
	   <width>100</width>
	   <height>45</height>
	   <align>center</align>
	   <aligny>center</aligny>
	   <label>#P810</label>
        </control>        
        <control type="label" id="5610">
	   <top>520</top>
	   <left>940</left>
	   <width>100</width>
	   <height>45</height>
	   <align>center</align>
	   <aligny>center</aligny>
	   <label>#P811</label>
        </control> 
        <control type="label" id="5611">
	   <top>550</top>
	   <left>940</left>
	   <width>100</width>
	   <height>45</height>
	   <align>center</align>
	   <aligny>center</aligny>
	   <label>#P812</label>
        </control> 
        <control type="label" id="5612">
	   <top>580</top>
	   <left>940</left>
	   <width>100</width>
	   <height>45</height>
	   <align>center</align>
	   <aligny>center</aligny>
	   <label>#P813</label>
        </control> 
        <control type="label" id="5613">
	   <top>610</top>
	   <left>940</left>
	   <width>100</width>
	   <height>45</height>
	   <align>center</align>
	   <aligny>center</aligny>
	   <label>#P814</label>
        </control>         
        <control type="label" id="5614">
	   <top>640</top>
	   <left>940</left>
	   <width>100</width>
	   <height>45</height>
	   <align>center</align>
	   <aligny>center</aligny>
	   <label>#P815</label>
        </control>     
        
        <control type="label" id="5700">
	   <top>190</top>
	   <left>1110</left>
	   <width>100</width>
	   <height>45</height>
	   <align>center</align>
	   <aligny>center</aligny>
	   <label>#P901</label>
        </control>     
        <control type="label" id="5701">
	   <top>220</top>
	   <left>1110</left>
	   <width>100</width>
	   <height>45</height>
	   <align>center</align>
	   <aligny>center</aligny>
	   <label>#P902</label>
        </control> 
        <control type="label" id="5702">
	   <top>250</top>
	   <left>1110</left>
	   <width>100</width>
	   <height>45</height>
	   <align>center</align>
	   <aligny>center</aligny>
	   <label>#P903</label>
        </control>        
        <control type="label" id="5703">
	   <top>280</top>
	   <left>1110</left>
	   <width>100</width>
	   <height>45</height>
	   <align>center</align>
	   <aligny>center</aligny>
	   <label>#P904</label>
        </control> 
        <control type="label" id="5704">
	   <top>310</top>
	   <left>1110</left>
	   <width>100</width>
	   <height>45</height>
	   <align>center</align>
	   <aligny>center</aligny>
	   <label>#P905</label>
        </control> 
        <control type="label" id="5705">
	   <top>340</top>
	   <left>1110</left>
	   <width>100</width>
	   <height>45</height>
	   <align>center</align>
	   <aligny>center</aligny>
	   <label>#P906</label>
        </control> 
        
        <control type="label" id="5706">
	   <top>370</top>
	   <left>1110</left>
	   <width>100</width>
	   <height>45</height>
	   <align>center</align>
	   <aligny>center</aligny>
	   <label>#P907</label>
        </control> 
        
        <control type="label" id="5707">
	   <top>430</top>
	   <left>1110</left>
	   <width>100</width>
	   <height>45</height>
	   <align>center</align>
	   <aligny>center</aligny>
	   <label>#P908</label>
        </control>     
        <control type="label" id="5708">
	   <top>460</top>
	   <left>1110</left>
	   <width>100</width>
	   <height>45</height>
	   <align>center</align>
	   <aligny>center</aligny>
	   <label>#P909</label>
        </control> 
        <control type="label" id="5709">
	   <top>490</top>
	   <left>1110</left>
	   <width>100</width>
	   <height>45</height>
	   <align>center</align>
	   <aligny>center</aligny>
	   <label>#P910</label>
        </control>        
        <control type="label" id="5710">
	   <top>520</top>
	   <left>1110</left>
	   <width>100</width>
	   <height>45</height>
	   <align>center</align>
	   <aligny>center</aligny>
	   <label>#P911</label>
        </control> 
        <control type="label" id="5711">
	   <top>550</top>
	   <left>1110</left>
	   <width>100</width>
	   <height>45</height>
	   <align>center</align>
	   <aligny>center</aligny>
	   <label>#P912</label>
        </control> 
        <control type="label" id="5712">
	   <top>580</top>
	   <left>1110</left>
	   <width>100</width>
	   <height>45</height>
	   <align>center</align>
	   <aligny>center</aligny>
	   <label>#P913</label>
        </control> 
        <control type="label" id="5713">
	   <top>610</top>
	   <left>1110</left>
	   <width>100</width>
	   <height>45</height>
	   <align>center</align>
	   <aligny>center</aligny>
	   <label>#P914</label>
        </control>         
        <control type="label" id="5714">
	   <top>640</top>
	   <left>1110</left>
	   <width>100</width>
	   <height>45</height>
	   <align>center</align>
	   <aligny>center</aligny>
	   <label>#P915</label>
        </control>     
       
    </controls>
</window>
