<?xml version="1.0" encoding="UTF-8" standalone="yes"?>
<addon id="plugin.video.atv_at" name="ATV.at Mediathek" version="2.5.1" provider-name="PUR3">
	<requires>
    	<import addon="xbmc.python" version="2.1.0"/>
	</requires>
	<extension point="xbmc.python.pluginsource" library="default.py">
        <provides>video</provides>
    </extension>
	<extension point="xbmc.addon.metadata">
	    <summary lang="de">Videos aus der Mediathek von ATV.at</summary>
	    <description lang="de">Schauen Sie ganze Folgen und Bonusclips aus der Mediathek von ATV.at.</description>
	    <platform>all</platform>
	    <language>de</language>
  	</extension>
</addon>
