<?xml version="1.0" encoding="UTF-8" standalone="yes"?>
<addon id="plugin.video.sky_mediathek" name="Sky Mediathek" version="1.0.1" provider-name="PUR3">
	<requires>
		<import addon="xbmc.python" version="2.1.0"/>
	</requires>
	<extension point="xbmc.python.pluginsource" library="default.py">
		<provides>video</provides>
	</extension>
	<extension point="xbmc.addon.metadata">
		<summary lang="de">Sky Mediathek</summary>
		<description lang="de">Neueste Videos aus der Sky Mediathek anschauen.</description>
		<language>de</language>
		<platform>all</platform>
		<license>GNU GENERAL PUBLIC LICENSE. Version 2, June 1991</license>
		<website>www.sky.de/mediathek</website>
	</extension>
</addon>
