<?xml version="1.0" encoding="UTF-8"?>
<includes>
	<!-- Move function -->
	<include name="PositionSelectorMoveFunc">
		<!-- temporary save items -->
		<onclick condition="!String.IsEmpty(Container(211).ListItemNoWrap($PARAM[direction]).Label) + !System.HasAlarm(move) + !String.IsEmpty(Container(211).ListItem.Property(item))">Skin.SetString(ItemLabel,$INFO[Container(211).ListItem.Property(itemlabel)])</onclick>
		<onclick condition="!String.IsEmpty(Container(211).ListItemNoWrap($PARAM[direction]).Label) + !System.HasAlarm(move) + !String.IsEmpty(Container(211).ListItem.Property(item))">Skin.SetString(ItemType,$INFO[Container(211).ListItem.Property(item)])</onclick>
		<onclick condition="!String.IsEmpty(Container(211).ListItemNoWrap($PARAM[direction]).Label) + !System.HasAlarm(move) + !String.IsEmpty(Container(211).ListItem($PARAM[direction]).Property(item))">Skin.SetString(TempItemLabel,$INFO[Container(211).ListItem($PARAM[direction]).Property(itemlabel)])</onclick>
		<onclick condition="!String.IsEmpty(Container(211).ListItemNoWrap($PARAM[direction]).Label) + !System.HasAlarm(move) + !String.IsEmpty(Container(211).ListItem($PARAM[direction]).Property(item))">Skin.SetString(TempItemType,$INFO[Container(211).ListItem($PARAM[direction]).Property(item)])</onclick>
		<!-- save current items to next position -->
		<onclick condition="!String.IsEmpty(Container(211).ListItemNoWrap($PARAM[direction]).Label) + !System.HasAlarm(move)">Skin.SetString($VAR[PositionselectorGroup]_widget_pos_$INFO[Container(211).ListItem($PARAM[direction]).Property(pos)].label,$INFO[Skin.String(ItemLabel)])</onclick>
		<onclick condition="!String.IsEmpty(Container(211).ListItemNoWrap($PARAM[direction]).Label) + !System.HasAlarm(move)">Skin.SetString($VAR[PositionselectorGroup]_widget_pos_$INFO[Container(211).ListItem($PARAM[direction]).Property(pos)],$INFO[Skin.String(ItemType)])</onclick>
		<!-- save temporary items to current postion -->
		<onclick condition="!String.IsEmpty(Container(211).ListItemNoWrap($PARAM[direction]).Label) + !System.HasAlarm(move)">Skin.SetString($VAR[PositionselectorGroup]_widget_pos_$INFO[Container(211).ListItem.Property(pos)].label,$INFO[Skin.String(TempItemLabel)])</onclick>
		<onclick condition="!String.IsEmpty(Container(211).ListItemNoWrap($PARAM[direction]).Label) + !System.HasAlarm(move)">Skin.SetString($VAR[PositionselectorGroup]_widget_pos_$INFO[Container(211).ListItem.Property(pos)],$INFO[Skin.String(TempItemType)])</onclick>
		<!-- clear temp strings -->
		<onclick condition="!String.IsEmpty(Container(211).ListItemNoWrap($PARAM[direction]).Label) + !System.HasAlarm(move)">Skin.Reset(TempItemLabel)</onclick>
		<onclick condition="!String.IsEmpty(Container(211).ListItemNoWrap($PARAM[direction]).Label) + !System.HasAlarm(move)">Skin.Reset(TempItemType)</onclick>
		<onclick condition="!String.IsEmpty(Container(211).ListItemNoWrap($PARAM[direction]).Label) + !System.HasAlarm(move)">Skin.Reset(ItemLabel)</onclick>
		<onclick condition="!String.IsEmpty(Container(211).ListItemNoWrap($PARAM[direction]).Label) + !System.HasAlarm(move)">Skin.Reset(ItemType)</onclick>
		<!-- move and secure a new unwanted input -->
		<onclick condition="!String.IsEmpty(Container(211).ListItemNoWrap($PARAM[direction]).Label) + !System.HasAlarm(move)">Control.Move(211,$PARAM[direction])</onclick>
		<onclick condition="!String.IsEmpty(Container(211).ListItemNoWrap($PARAM[direction]).Label) + !System.HasAlarm(move)">AlarmClock(move,noop,00:01,silent)</onclick>
	</include>

	<!-- List available positions -->
	<include name="PositionSelectorItems">
		<param name="content">MainMenuPositionSelector</param>
		<definition>
			<content>
				<include content="$PARAM[content]">
					<param name="nr" value="1"/>
				</include>
				<include condition="Integer.IsGreaterOrEqual(Window(home).Property(PositionCount),2)" content="$PARAM[content]">
					<param name="nr" value="2"/>
				</include>
				<include condition="Integer.IsGreaterOrEqual(Window(home).Property(PositionCount),3)" content="$PARAM[content]">
					<param name="nr" value="3"/>
				</include>
				<include condition="Integer.IsGreaterOrEqual(Window(home).Property(PositionCount),4)" content="$PARAM[content]">
					<param name="nr" value="4"/>
				</include>
				<include condition="Integer.IsGreaterOrEqual(Window(home).Property(PositionCount),5)" content="$PARAM[content]">
					<param name="nr" value="5"/>
				</include>
				<include condition="Integer.IsGreaterOrEqual(Window(home).Property(PositionCount),6)" content="$PARAM[content]">
					<param name="nr" value="6"/>
				</include>
				<include condition="Integer.IsGreaterOrEqual(Window(home).Property(PositionCount),7)" content="$PARAM[content]">
					<param name="nr" value="7"/>
				</include>
				<include condition="Integer.IsGreaterOrEqual(Window(home).Property(PositionCount),8)" content="$PARAM[content]">
					<param name="nr" value="8"/>
				</include>
				<include condition="Integer.IsGreaterOrEqual(Window(home).Property(PositionCount),9)" content="$PARAM[content]">
					<param name="nr" value="9"/>
				</include>
				<include condition="Integer.IsGreaterOrEqual(Window(home).Property(PositionCount),10)" content="$PARAM[content]">
					<param name="nr" value="10"/>
				</include>
				<include condition="Integer.IsGreaterOrEqual(Window(home).Property(PositionCount),11)" content="$PARAM[content]">
					<param name="nr" value="11"/>
				</include>
				<include condition="Integer.IsGreaterOrEqual(Window(home).Property(PositionCount),12)" content="$PARAM[content]">
					<param name="nr" value="12"/>
				</include>
				<include condition="Integer.IsGreaterOrEqual(Window(home).Property(PositionCount),13)" content="$PARAM[content]">
					<param name="nr" value="13"/>
				</include>
				<include condition="Integer.IsGreaterOrEqual(Window(home).Property(PositionCount),14)" content="$PARAM[content]">
					<param name="nr" value="14"/>
				</include>
				<include condition="Integer.IsGreaterOrEqual(Window(home).Property(PositionCount),15)" content="$PARAM[content]">
					<param name="nr" value="15"/>
				</include>
				<include condition="Integer.IsGreaterOrEqual(Window(home).Property(PositionCount),16)" content="$PARAM[content]">
					<param name="nr" value="16"/>
				</include>
				<include condition="Integer.IsGreaterOrEqual(Window(home).Property(PositionCount),17)" content="$PARAM[content]">
					<param name="nr" value="17"/>
				</include>
				<include condition="Integer.IsGreaterOrEqual(Window(home).Property(PositionCount),18)" content="$PARAM[content]">
					<param name="nr" value="18"/>
				</include>
				<include condition="Integer.IsGreaterOrEqual(Window(home).Property(PositionCount),19)" content="$PARAM[content]">
					<param name="nr" value="19"/>
				</include>
			</content>
		</definition>
	</include>

	<!-- Available custom widgets -->
	<include name="AvailableCustomWidgets">
		<include content="$PARAM[type]SetWidget">
			<param name="label" value="$INFO[Skin.String(UserWidget1_name),,   ($LOCALIZE[31200] 1)]"/>
			<param name="item" value="W_Custom1"/>
			<param name="visible" value="!String.IsEmpty(Skin.String(UserWidget1_name))"/>
		</include>
		<include content="$PARAM[type]SetWidget">
			<param name="label" value="$INFO[Skin.String(UserWidget2_name),,   ($LOCALIZE[31200] 2)]"/>
			<param name="item" value="W_Custom2"/>
			<param name="visible" value="!String.IsEmpty(Skin.String(UserWidget2_name))"/>
		</include>
		<include content="$PARAM[type]SetWidget">
			<param name="label" value="$INFO[Skin.String(UserWidget3_name),,   ($LOCALIZE[31200] 3)]"/>
			<param name="item" value="W_Custom3"/>
			<param name="visible" value="!String.IsEmpty(Skin.String(UserWidget3_name))"/>
		</include>
		<include content="$PARAM[type]SetWidget">
			<param name="label" value="$INFO[Skin.String(UserWidget4_name),,   ($LOCALIZE[31200] 4)]"/>
			<param name="item" value="W_Custom4"/>
			<param name="visible" value="!String.IsEmpty(Skin.String(UserWidget4_name))"/>
		</include>
		<include content="$PARAM[type]SetWidget">
			<param name="label" value="$INFO[Skin.String(UserWidget5_name),,   ($LOCALIZE[31200] 5)]"/>
			<param name="item" value="W_Custom5"/>
			<param name="visible" value="!String.IsEmpty(Skin.String(UserWidget5_name))"/>
		</include>
		<include content="$PARAM[type]SetWidget">
			<param name="label" value="$INFO[Skin.String(UserWidget6_name),,   ($LOCALIZE[31200] 6)]"/>
			<param name="item" value="W_Custom6"/>
			<param name="visible" value="!String.IsEmpty(Skin.String(UserWidget6_name))"/>
		</include>
		<include content="$PARAM[type]SetWidget">
			<param name="label" value="$INFO[Skin.String(UserWidget7_name),,   ($LOCALIZE[31200] 7)]"/>
			<param name="item" value="W_Custom7"/>
			<param name="visible" value="!String.IsEmpty(Skin.String(UserWidget7_name))"/>
		</include>
		<include content="$PARAM[type]SetWidget">
			<param name="label" value="$INFO[Skin.String(UserWidget8_name),,   ($LOCALIZE[31200] 8)]"/>
			<param name="item" value="W_Custom8"/>
			<param name="visible" value="!String.IsEmpty(Skin.String(UserWidget8_name))"/>
		</include>
		<include content="$PARAM[type]SetWidget">
			<param name="label" value="$INFO[Skin.String(UserWidget9_name),,   ($LOCALIZE[31200] 9)]"/>
			<param name="item" value="W_Custom9"/>
			<param name="visible" value="!String.IsEmpty(Skin.String(UserWidget9_name))"/>
		</include>
		<include content="$PARAM[type]SetWidget">
			<param name="label" value="$INFO[Skin.String(UserWidget10_name),,   ($LOCALIZE[31200] 10)]"/>
			<param name="item" value="W_Custom10"/>
			<param name="visible" value="!String.IsEmpty(Skin.String(UserWidget10_name))"/>
		</include>
		<include content="$PARAM[type]SetWidget">
			<param name="label" value="$INFO[Skin.String(UserWidget11_name),,   ($LOCALIZE[31200] 11)]"/>
			<param name="item" value="W_Custom11"/>
			<param name="visible" value="!String.IsEmpty(Skin.String(UserWidget11_name))"/>
		</include>
		<include content="$PARAM[type]SetWidget">
			<param name="label" value="$INFO[Skin.String(UserWidget12_name),,   ($LOCALIZE[31200] 12)]"/>
			<param name="item" value="W_Custom12"/>
			<param name="visible" value="!String.IsEmpty(Skin.String(UserWidget12_name))"/>
		</include>
		<include content="$PARAM[type]SetWidget">
			<param name="label" value="$INFO[Skin.String(UserWidget13_name),,   ($LOCALIZE[31200] 13)]"/>
			<param name="item" value="W_Custom13"/>
			<param name="visible" value="!String.IsEmpty(Skin.String(UserWidget13_name))"/>
		</include>
		<include content="$PARAM[type]SetWidget">
			<param name="label" value="$INFO[Skin.String(UserWidget14_name),,   ($LOCALIZE[31200] 14)]"/>
			<param name="item" value="W_Custom14"/>
			<param name="visible" value="!String.IsEmpty(Skin.String(UserWidget14_name))"/>
		</include>
		<include content="$PARAM[type]SetWidget">
			<param name="label" value="$INFO[Skin.String(UserWidget15_name),,   ($LOCALIZE[31200] 15)]"/>
			<param name="item" value="W_Custom15"/>
			<param name="visible" value="!String.IsEmpty(Skin.String(UserWidget15_name))"/>
		</include>
		<include content="$PARAM[type]SetWidget">
			<param name="label" value="$INFO[Skin.String(UserWidget16_name),,   ($LOCALIZE[31200] 16)]"/>
			<param name="item" value="W_Custom16"/>
			<param name="visible" value="!String.IsEmpty(Skin.String(UserWidget16_name))"/>
		</include>
		<include content="$PARAM[type]SetWidget">
			<param name="label" value="$INFO[Skin.String(UserWidget17_name),,   ($LOCALIZE[31200] 17)]"/>
			<param name="item" value="W_Custom17"/>
			<param name="visible" value="!String.IsEmpty(Skin.String(UserWidget17_name))"/>
		</include>
		<include content="$PARAM[type]SetWidget">
			<param name="label" value="$INFO[Skin.String(UserWidget18_name),,   ($LOCALIZE[31200] 18)]"/>
			<param name="item" value="W_Custom18"/>
			<param name="visible" value="!String.IsEmpty(Skin.String(UserWidget18_name))"/>
		</include>
		<include content="$PARAM[type]SetWidget">
			<param name="label" value="$INFO[Skin.String(UserWidget19_name),,   ($LOCALIZE[31200] 19)]"/>
			<param name="item" value="W_Custom19"/>
			<param name="visible" value="!String.IsEmpty(Skin.String(UserWidget19_name))"/>
		</include>
		<include content="$PARAM[type]SetWidget">
			<param name="label" value="$INFO[Skin.String(UserWidget20_name),,   ($LOCALIZE[31200] 20)]"/>
			<param name="item" value="W_Custom20"/>
			<param name="visible" value="!String.IsEmpty(Skin.String(UserWidget20_name))"/>
		</include>
	</include>

	<!-- Label template -->
	<include name="WidgetItemTemplate">
		<include condition="!String.StartsWith(Skin.String($PARAM[type]_widget_pos_$PARAM[nr]),W_Custom)" content="$PARAM[template]">
			<param name="nr" value="$PARAM[nr]"/>
			<param name="label" value="$INFO[Skin.String($PARAM[type]_widget_pos_$PARAM[nr].label)]"/>
		</include>
		<include condition="String.IsEqual(Skin.String($PARAM[type]_widget_pos_$PARAM[nr]),W_Custom1)" content="$PARAM[template]">
			<param name="nr" value="$PARAM[nr]"/>
			<param name="label" value="$INFO[Skin.String(UserWidget1_name),,   ($LOCALIZE[31200] 1)]"/>
		</include>
		<include condition="String.IsEqual(Skin.String($PARAM[type]_widget_pos_$PARAM[nr]),W_Custom2)" content="$PARAM[template]">
			<param name="nr" value="$PARAM[nr]"/>
			<param name="label" value="$INFO[Skin.String(UserWidget2_name),,   ($LOCALIZE[31200] 2)]"/>
		</include>
		<include condition="String.IsEqual(Skin.String($PARAM[type]_widget_pos_$PARAM[nr]),W_Custom3)" content="$PARAM[template]">
			<param name="nr" value="$PARAM[nr]"/>
			<param name="label" value="$INFO[Skin.String(UserWidget3_name),,   ($LOCALIZE[31200] 3)]"/>
		</include>
		<include condition="String.IsEqual(Skin.String($PARAM[type]_widget_pos_$PARAM[nr]),W_Custom4)" content="$PARAM[template]">
			<param name="nr" value="$PARAM[nr]"/>
			<param name="label" value="$INFO[Skin.String(UserWidget4_name),,   ($LOCALIZE[31200] 4)]"/>
		</include>
		<include condition="String.IsEqual(Skin.String($PARAM[type]_widget_pos_$PARAM[nr]),W_Custom5)" content="$PARAM[template]">
			<param name="nr" value="$PARAM[nr]"/>
			<param name="label" value="$INFO[Skin.String(UserWidget5_name),,   ($LOCALIZE[31200] 5)]"/>
		</include>
		<include condition="String.IsEqual(Skin.String($PARAM[type]_widget_pos_$PARAM[nr]),W_Custom6)" content="$PARAM[template]">
			<param name="nr" value="$PARAM[nr]"/>
			<param name="label" value="$INFO[Skin.String(UserWidget6_name),,   ($LOCALIZE[31200] 6)]"/>
		</include>
		<include condition="String.IsEqual(Skin.String($PARAM[type]_widget_pos_$PARAM[nr]),W_Custom7)" content="$PARAM[template]">
			<param name="nr" value="$PARAM[nr]"/>
			<param name="label" value="$INFO[Skin.String(UserWidget7_name),,   ($LOCALIZE[31200] 7)]"/>
		</include>
		<include condition="String.IsEqual(Skin.String($PARAM[type]_widget_pos_$PARAM[nr]),W_Custom8)" content="$PARAM[template]">
			<param name="nr" value="$PARAM[nr]"/>
			<param name="label" value="$INFO[Skin.String(UserWidget8_name),,   ($LOCALIZE[31200] 8)]"/>
		</include>
		<include condition="String.IsEqual(Skin.String($PARAM[type]_widget_pos_$PARAM[nr]),W_Custom9)" content="$PARAM[template]">
			<param name="nr" value="$PARAM[nr]"/>
			<param name="label" value="$INFO[Skin.String(UserWidget9_name),,   ($LOCALIZE[31200] 9)]"/>
		</include>
		<include condition="String.IsEqual(Skin.String($PARAM[type]_widget_pos_$PARAM[nr]),W_Custom10)" content="$PARAM[template]">
			<param name="nr" value="$PARAM[nr]"/>
			<param name="label" value="$INFO[Skin.String(UserWidget10_name),,   ($LOCALIZE[31200] 10)]"/>
		</include>
		<include condition="String.IsEqual(Skin.String($PARAM[type]_widget_pos_$PARAM[nr]),W_Custom11)" content="$PARAM[template]">
			<param name="nr" value="$PARAM[nr]"/>
			<param name="label" value="$INFO[Skin.String(UserWidget11_name),,   ($LOCALIZE[31200] 11)]"/>
		</include>
		<include condition="String.IsEqual(Skin.String($PARAM[type]_widget_pos_$PARAM[nr]),W_Custom12)" content="$PARAM[template]">
			<param name="nr" value="$PARAM[nr]"/>
			<param name="label" value="$INFO[Skin.String(UserWidget12_name),,   ($LOCALIZE[31200] 12)]"/>
		</include>
		<include condition="String.IsEqual(Skin.String($PARAM[type]_widget_pos_$PARAM[nr]),W_Custom13)" content="$PARAM[template]">
			<param name="nr" value="$PARAM[nr]"/>
			<param name="label" value="$INFO[Skin.String(UserWidget13_name),,   ($LOCALIZE[31200] 13)]"/>
		</include>
		<include condition="String.IsEqual(Skin.String($PARAM[type]_widget_pos_$PARAM[nr]),W_Custom14)" content="$PARAM[template]">
			<param name="nr" value="$PARAM[nr]"/>
			<param name="label" value="$INFO[Skin.String(UserWidget14_name),,   ($LOCALIZE[31200] 14)]"/>
		</include>
		<include condition="String.IsEqual(Skin.String($PARAM[type]_widget_pos_$PARAM[nr]),W_Custom15)" content="$PARAM[template]">
			<param name="nr" value="$PARAM[nr]"/>
			<param name="label" value="$INFO[Skin.String(UserWidget15_name),,   ($LOCALIZE[31200] 15)]"/>
		</include>
		<include condition="String.IsEqual(Skin.String($PARAM[type]_widget_pos_$PARAM[nr]),W_Custom16)" content="$PARAM[template]">
			<param name="nr" value="$PARAM[nr]"/>
			<param name="label" value="$INFO[Skin.String(UserWidget16_name),,   ($LOCALIZE[31200] 16)]"/>
		</include>
		<include condition="String.IsEqual(Skin.String($PARAM[type]_widget_pos_$PARAM[nr]),W_Custom17)" content="$PARAM[template]">
			<param name="nr" value="$PARAM[nr]"/>
			<param name="label" value="$INFO[Skin.String(UserWidget17_name),,   ($LOCALIZE[31200] 17)]"/>
		</include>
		<include condition="String.IsEqual(Skin.String($PARAM[type]_widget_pos_$PARAM[nr]),W_Custom18)" content="$PARAM[template]">
			<param name="nr" value="$PARAM[nr]"/>
			<param name="label" value="$INFO[Skin.String(UserWidget18_name),,   ($LOCALIZE[31200] 18)]"/>
		</include>
		<include condition="String.IsEqual(Skin.String($PARAM[type]_widget_pos_$PARAM[nr]),W_Custom19)" content="$PARAM[template]">
			<param name="nr" value="$PARAM[nr]"/>
			<param name="label" value="$INFO[Skin.String(UserWidget19_name),,   ($LOCALIZE[31200] 19)]"/>
		</include>
		<include condition="String.IsEqual(Skin.String($PARAM[type]_widget_pos_$PARAM[nr]),W_Custom20)" content="$PARAM[template]">
			<param name="nr" value="$PARAM[nr]"/>
			<param name="label" value="$INFO[Skin.String(UserWidget20_name),,   ($LOCALIZE[31200] 20)]"/>
		</include>
	</include>

	<!-- Home Widgets -->
	<include name="HomeWidgetsPositionSelectorTemplate">
		<item>
			<icon>DefaultFolder.png</icon>
			<label>$INFO[Skin.String(home_widget_pos_$PARAM[nr].label)]</label>
			<property name="pos">$NUMBER[$PARAM[nr]]</property>
			<property name="itemlabel">$INFO[Skin.String(home_widget_pos_$PARAM[nr].label)]</property>
			<property name="item">$INFO[Skin.String(home_widget_pos_$PARAM[nr])]</property>
			<onclick>SetProperty(home_widget_position,$PARAM[nr],home)</onclick>
			<onclick>ActivateWindow(1111)</onclick>
			<visible>!String.IsEmpty(Skin.String(home_widget_pos_$PARAM[nr].label))</visible>
		</item>
		<item>
			<icon>DefaultFolderBack.png</icon>
			<label>$LOCALIZE[504]</label>
			<property name="pos">$NUMBER[$PARAM[nr]]</property>
			<property name="itemlabel">$LOCALIZE[504]</property>
			<onclick>noop</onclick>
			<visible>String.IsEmpty(Skin.String(home_widget_pos_$PARAM[nr].label))</visible>
		</item>
	</include>
	<!-- Available home widgets -->
	<include name="HomeAvailableWidgets">
		<include content="HomeSetWidget">
			<param name="label" value="$LOCALIZE[192]"/>
			<param name="setitem" value="false"/>
			<param name="clearitem" value="true"/>
			<param name="icon" value="DefaultAddonNone"/>
		</include>
		<include content="HomeSetWidget">
			<param name="label" value="$LOCALIZE[31080]"/>
			<param name="item" value="W_InProgressMedia"/>
		</include>
		<include content="HomeSetWidget">
			<param name="label" value="$LOCALIZE[31080]   ($LOCALIZE[31208])"/>
			<param name="item" value="W_EmbyCon_InProgressMedia"/>
			<param name="visible" value="System.HasAddon(plugin.video.embycon)"/>
		</include>
		<include content="HomeSetWidget">
			<param name="label" value="$LOCALIZE[19023]"/>
			<param name="item" value="W_PVR"/>
		</include>
		<include content="HomeSetWidget">
			<param name="label" value="$LOCALIZE[31030]"/>
			<param name="item" value="W_RecentPVR"/>
		</include>
		<include content="HomeSetWidget">
			<param name="label" value="$LOCALIZE[31012]"/>
			<param name="item" value="W_NextUp"/>
		</include>
		<include content="HomeSetWidget">
			<param name="label" value="$LOCALIZE[31012]   ($LOCALIZE[31208])"/>
			<param name="item" value="W_EmbyCon_NextUp"/>
		</include>
		<include content="HomeSetWidget">
			<param name="label" value="$LOCALIZE[20386]"/>
			<param name="item" value="W_NewMovies"/>
		</include>
		<include content="HomeSetWidget">
			<param name="label" value="$LOCALIZE[20386]   ($LOCALIZE[31208])"/>
			<param name="item" value="W_EmbyCon_NewMovies"/>
			<param name="visible" value="System.HasAddon(plugin.video.embycon)"/>
		</include>
		<include content="HomeSetWidget">
			<param name="label" value="$LOCALIZE[31081]"/>
			<param name="item" value="W_NewEpisodes"/>
		</include>
		<include content="HomeSetWidget">
			<param name="label" value="$LOCALIZE[31081]   ($LOCALIZE[31208])"/>
			<param name="item" value="W_EmbyCon_NewEpisodes"/>
			<param name="visible" value="System.HasAddon(plugin.video.embycon)"/>
		</include>
		<include content="HomeSetWidget">
			<param name="label" value="$LOCALIZE[359]"/>
			<param name="item" value="W_NewAlbums"/>
		</include>
		<include content="HomeSetWidget">
			<param name="label" value="$LOCALIZE[359]   ($LOCALIZE[31208])"/>
			<param name="item" value="W_EmbyCon_NewAlbums"/>
		</include>
		<include content="AvailableCustomWidgets">
			<param name="type" value="Home"/>
		</include>
	</include>
	<include name="HomeSetWidget">
		<param name="icon">DefaultFolder</param>
		<param name="setitem">true</param>
		<param name="clearitem">false</param>
		<param name="visible">true</param>
		<param name="nr">$INFO[Window(home).Property(home_widget_position)]</param>
		<definition>
			<item>
				<icon>$PARAM[icon].png</icon>
				<label>$PARAM[label]</label>
				<onclick condition="$PARAM[setitem] + String.IsEqual(Skin.String(home_widget_pos_1),$PARAM[item])">Skin.Reset(home_widget_pos_1)</onclick>
				<onclick condition="$PARAM[setitem] + String.IsEqual(Skin.String(home_widget_pos_1),$PARAM[item])">Skin.Reset(home_widget_pos_1.label)</onclick>
				<onclick condition="$PARAM[setitem] + String.IsEqual(Skin.String(home_widget_pos_2),$PARAM[item])">Skin.Reset(home_widget_pos_2)</onclick>
				<onclick condition="$PARAM[setitem] + String.IsEqual(Skin.String(home_widget_pos_2),$PARAM[item])">Skin.Reset(home_widget_pos_2.label)</onclick>
				<onclick condition="$PARAM[setitem] + String.IsEqual(Skin.String(home_widget_pos_3),$PARAM[item])">Skin.Reset(home_widget_pos_3)</onclick>
				<onclick condition="$PARAM[setitem] + String.IsEqual(Skin.String(home_widget_pos_3),$PARAM[item])">Skin.Reset(home_widget_pos_3.label)</onclick>
				<onclick condition="$PARAM[setitem] + String.IsEqual(Skin.String(home_widget_pos_4),$PARAM[item])">Skin.Reset(home_widget_pos_4)</onclick>
				<onclick condition="$PARAM[setitem] + String.IsEqual(Skin.String(home_widget_pos_4),$PARAM[item])">Skin.Reset(home_widget_pos_4.label)</onclick>
				<onclick condition="$PARAM[setitem] + String.IsEqual(Skin.String(home_widget_pos_5),$PARAM[item])">Skin.Reset(home_widget_pos_5)</onclick>
				<onclick condition="$PARAM[setitem] + String.IsEqual(Skin.String(home_widget_pos_5),$PARAM[item])">Skin.Reset(home_widget_pos_5.label)</onclick>
				<onclick condition="$PARAM[setitem] + String.IsEqual(Skin.String(home_widget_pos_6),$PARAM[item])">Skin.Reset(home_widget_pos_6)</onclick>
				<onclick condition="$PARAM[setitem] + String.IsEqual(Skin.String(home_widget_pos_6),$PARAM[item])">Skin.Reset(home_widget_pos_6.label)</onclick>
				<onclick condition="$PARAM[setitem] + String.IsEqual(Skin.String(home_widget_pos_7),$PARAM[item])">Skin.Reset(home_widget_pos_7)</onclick>
				<onclick condition="$PARAM[setitem] + String.IsEqual(Skin.String(home_widget_pos_7),$PARAM[item])">Skin.Reset(home_widget_pos_7.label)</onclick>
				<onclick condition="$PARAM[setitem] + String.IsEqual(Skin.String(home_widget_pos_8),$PARAM[item])">Skin.Reset(home_widget_pos_8)</onclick>
				<onclick condition="$PARAM[setitem] + String.IsEqual(Skin.String(home_widget_pos_8),$PARAM[item])">Skin.Reset(home_widget_pos_8.label)</onclick>
				<onclick condition="$PARAM[setitem] + String.IsEqual(Skin.String(home_widget_pos_9),$PARAM[item])">Skin.Reset(home_widget_pos_9)</onclick>
				<onclick condition="$PARAM[setitem] + String.IsEqual(Skin.String(home_widget_pos_9),$PARAM[item])">Skin.Reset(home_widget_pos_9.label)</onclick>
				<onclick condition="$PARAM[setitem] + String.IsEqual(Skin.String(home_widget_pos_10),$PARAM[item])">Skin.Reset(home_widget_pos_10)</onclick>
				<onclick condition="$PARAM[setitem] + String.IsEqual(Skin.String(home_widget_pos_10),$PARAM[item])">Skin.Reset(home_widget_pos_10.label)</onclick>
				<onclick condition="$PARAM[setitem] + String.IsEqual(Skin.String(home_widget_pos_11),$PARAM[item])">Skin.Reset(home_widget_pos_11)</onclick>
				<onclick condition="$PARAM[setitem] + String.IsEqual(Skin.String(home_widget_pos_11),$PARAM[item])">Skin.Reset(home_widget_pos_11.label)</onclick>
				<onclick condition="$PARAM[setitem] + String.IsEqual(Skin.String(home_widget_pos_12),$PARAM[item])">Skin.Reset(home_widget_pos_12)</onclick>
				<onclick condition="$PARAM[setitem] + String.IsEqual(Skin.String(home_widget_pos_12),$PARAM[item])">Skin.Reset(home_widget_pos_12.label)</onclick>
				<onclick condition="$PARAM[setitem] + String.IsEqual(Skin.String(home_widget_pos_13),$PARAM[item])">Skin.Reset(home_widget_pos_13)</onclick>
				<onclick condition="$PARAM[setitem] + String.IsEqual(Skin.String(home_widget_pos_13),$PARAM[item])">Skin.Reset(home_widget_pos_13.label)</onclick>
				<onclick condition="$PARAM[setitem] + String.IsEqual(Skin.String(home_widget_pos_14),$PARAM[item])">Skin.Reset(home_widget_pos_14)</onclick>
				<onclick condition="$PARAM[setitem] + String.IsEqual(Skin.String(home_widget_pos_14),$PARAM[item])">Skin.Reset(home_widget_pos_14.label)</onclick>
				<onclick condition="$PARAM[setitem] + String.IsEqual(Skin.String(home_widget_pos_15),$PARAM[item])">Skin.Reset(home_widget_pos_15)</onclick>
				<onclick condition="$PARAM[setitem] + String.IsEqual(Skin.String(home_widget_pos_15),$PARAM[item])">Skin.Reset(home_widget_pos_15.label)</onclick>
				<onclick condition="$PARAM[setitem] + String.IsEqual(Skin.String(home_widget_pos_16),$PARAM[item])">Skin.Reset(home_widget_pos_16)</onclick>
				<onclick condition="$PARAM[setitem] + String.IsEqual(Skin.String(home_widget_pos_16),$PARAM[item])">Skin.Reset(home_widget_pos_16.label)</onclick>
				<onclick condition="$PARAM[setitem] + String.IsEqual(Skin.String(home_widget_pos_17),$PARAM[item])">Skin.Reset(home_widget_pos_17)</onclick>
				<onclick condition="$PARAM[setitem] + String.IsEqual(Skin.String(home_widget_pos_17),$PARAM[item])">Skin.Reset(home_widget_pos_17.label)</onclick>
				<onclick condition="$PARAM[setitem]">Skin.SetString(home_widget_pos_$PARAM[nr].label,$PARAM[label])</onclick>
				<onclick condition="$PARAM[setitem]">Skin.SetString(home_widget_pos_$PARAM[nr],$PARAM[item])</onclick>
				<onclick condition="$PARAM[clearitem]">Skin.Reset(home_widget_pos_$PARAM[nr])</onclick>
				<onclick condition="$PARAM[clearitem]">Skin.Reset(home_widget_pos_$PARAM[nr].label)</onclick>
				<onclick>Dialog.Close(1111)</onclick>
				<visible>$PARAM[visible]</visible>
			</item>
		</definition>
	</include>

	<!-- Movie HUB Widgets -->
	<include name="MovieHubWidgetsPositionSelectorTemplate">
		<item>
			<icon>DefaultFolder.png</icon>
			<label>$INFO[Skin.String(moviehub_widget_pos_$PARAM[nr].label)]</label>
			<property name="pos">$NUMBER[$PARAM[nr]]</property>
			<property name="itemlabel">$INFO[Skin.String(moviehub_widget_pos_$PARAM[nr].label)]</property>
			<property name="item">$INFO[Skin.String(moviehub_widget_pos_$PARAM[nr])]</property>
			<onclick>SetProperty(moviehub_widget_position,$PARAM[nr],home)</onclick>
			<onclick>ActivateWindow(1111)</onclick>
			<visible>!String.IsEmpty(Skin.String(moviehub_widget_pos_$PARAM[nr].label))</visible>
		</item>
		<item>
			<icon>DefaultFolderBack.png</icon>
			<label>$LOCALIZE[504]</label>
			<property name="pos">$NUMBER[$PARAM[nr]]</property>
			<property name="itemlabel">$LOCALIZE[504]</property>
			<onclick>noop</onclick>
			<visible>String.IsEmpty(Skin.String(moviehub_widget_pos_$PARAM[nr].label))</visible>
		</item>
	</include>
	<!-- Available moviehub widgets -->
	<include name="MovieHubAvailableWidgets">
		<include content="MovieHubSetWidget">
			<param name="label" value="$LOCALIZE[192]"/>
			<param name="setitem" value="false"/>
			<param name="clearitem" value="true"/>
			<param name="icon" value="DefaultAddonNone"/>
		</include>
		<include content="MovieHubSetWidget">
			<param name="label" value="$LOCALIZE[31080]"/>
			<param name="item" value="W_InProgressMovies"/>
		</include>
		<include content="MovieHubSetWidget">
			<param name="label" value="$LOCALIZE[31080]   ($LOCALIZE[31208])"/>
			<param name="item" value="W_EmbyCon_InProgressMovies"/>
			<param name="visible" value="System.HasAddon(plugin.video.embycon)"/>
		</include>
		<include content="MovieHubSetWidget">
			<param name="label" value="$LOCALIZE[20386]"/>
			<param name="item" value="W_NewMovies"/>
		</include>
		<include content="MovieHubSetWidget">
			<param name="label" value="$LOCALIZE[20386]   ($LOCALIZE[31208])"/>
			<param name="item" value="W_EmbyCon_NewMovies"/>
			<param name="visible" value="System.HasAddon(plugin.video.embycon)"/>
		</include>
		<include content="MovieHubSetWidget">
			<param name="label" value="$LOCALIZE[135]"/>
			<param name="item" value="W_MovieGenres"/>
		</include>
		<include content="MovieHubSetWidget">
			<param name="label" value="$LOCALIZE[135]   ($LOCALIZE[31208])"/>
			<param name="item" value="W_EmbyCon_MovieGenres"/>
			<param name="visible" value="System.HasAddon(plugin.video.embycon)"/>
		</include>
		<include content="MovieHubSetWidget">
			<param name="label" value="$LOCALIZE[31017]"/>
			<param name="item" value="W_RecommendedMovies"/>
		</include>
		<include content="MovieHubSetWidget">
			<param name="label" value="$LOCALIZE[31017]   ($LOCALIZE[31208])"/>
			<param name="item" value="W_EmbyCon_RecommendedMovies"/>
			<param name="visible" value="System.HasAddon(plugin.video.embycon)"/>
		</include>
		<include content="MovieHubSetWidget">
			<param name="label" value="$LOCALIZE[31018]"/>
			<param name="item" value="W_SimilarMovies"/>
		</include>
		<include content="MovieHubSetWidget">
			<param name="label" value="$LOCALIZE[31018]   ($LOCALIZE[31208])"/>
			<param name="item" value="W_EmbyCon_SimilarMovies"/>
			<param name="visible" value="System.HasAddon(plugin.video.embycon)"/>
		</include>
		<include content="MovieHubSetWidget">
			<param name="label" value="$LOCALIZE[31097]"/>
			<param name="item" value="W_Top250Movies"/>
		</include>
		<include content="MovieHubSetWidget">
			<param name="label" value="$LOCALIZE[31062]   ($LOCALIZE[31181])"/>
			<param name="item" value="W_FavMovies"/>
			<param name="visible" value="System.HasAddon(plugin.video.emby)"/>
		</include>
		<include content="MovieHubSetWidget">
			<param name="label" value="$LOCALIZE[31062]   ($LOCALIZE[31208])"/>
			<param name="item" value="W_EmbyCon_FavMovies"/>
			<param name="visible" value="System.HasAddon(plugin.video.embycon)"/>
		</include>
		<include content="AvailableCustomWidgets">
			<param name="type" value="MovieHub"/>
		</include>
	</include>
	<include name="MovieHubSetWidget">
		<param name="icon">DefaultFolder</param>
		<param name="setitem">true</param>
		<param name="clearitem">false</param>
		<param name="visible">true</param>
		<param name="nr">$INFO[Window(home).Property(moviehub_widget_position)]</param>
		<definition>
			<item>
				<icon>$PARAM[icon].png</icon>
				<label>$PARAM[label]</label>
				<onclick condition="$PARAM[setitem] + String.IsEqual(Skin.String(moviehub_widget_pos_1),$PARAM[item])">Skin.Reset(moviehub_widget_pos_1)</onclick>
				<onclick condition="$PARAM[setitem] + String.IsEqual(Skin.String(moviehub_widget_pos_1),$PARAM[item])">Skin.Reset(moviehub_widget_pos_1.label)</onclick>
				<onclick condition="$PARAM[setitem] + String.IsEqual(Skin.String(moviehub_widget_pos_2),$PARAM[item])">Skin.Reset(moviehub_widget_pos_2)</onclick>
				<onclick condition="$PARAM[setitem] + String.IsEqual(Skin.String(moviehub_widget_pos_2),$PARAM[item])">Skin.Reset(moviehub_widget_pos_2.label)</onclick>
				<onclick condition="$PARAM[setitem] + String.IsEqual(Skin.String(moviehub_widget_pos_3),$PARAM[item])">Skin.Reset(moviehub_widget_pos_3)</onclick>
				<onclick condition="$PARAM[setitem] + String.IsEqual(Skin.String(moviehub_widget_pos_3),$PARAM[item])">Skin.Reset(moviehub_widget_pos_3.label)</onclick>
				<onclick condition="$PARAM[setitem] + String.IsEqual(Skin.String(moviehub_widget_pos_4),$PARAM[item])">Skin.Reset(moviehub_widget_pos_4)</onclick>
				<onclick condition="$PARAM[setitem] + String.IsEqual(Skin.String(moviehub_widget_pos_4),$PARAM[item])">Skin.Reset(moviehub_widget_pos_4.label)</onclick>
				<onclick condition="$PARAM[setitem] + String.IsEqual(Skin.String(moviehub_widget_pos_5),$PARAM[item])">Skin.Reset(moviehub_widget_pos_5)</onclick>
				<onclick condition="$PARAM[setitem] + String.IsEqual(Skin.String(moviehub_widget_pos_5),$PARAM[item])">Skin.Reset(moviehub_widget_pos_5.label)</onclick>
				<onclick condition="$PARAM[setitem] + String.IsEqual(Skin.String(moviehub_widget_pos_6),$PARAM[item])">Skin.Reset(moviehub_widget_pos_6)</onclick>
				<onclick condition="$PARAM[setitem] + String.IsEqual(Skin.String(moviehub_widget_pos_6),$PARAM[item])">Skin.Reset(moviehub_widget_pos_6.label)</onclick>
				<onclick condition="$PARAM[setitem] + String.IsEqual(Skin.String(moviehub_widget_pos_7),$PARAM[item])">Skin.Reset(moviehub_widget_pos_7)</onclick>
				<onclick condition="$PARAM[setitem] + String.IsEqual(Skin.String(moviehub_widget_pos_7),$PARAM[item])">Skin.Reset(moviehub_widget_pos_7.label)</onclick>
				<onclick condition="$PARAM[setitem] + String.IsEqual(Skin.String(moviehub_widget_pos_8),$PARAM[item])">Skin.Reset(moviehub_widget_pos_8)</onclick>
				<onclick condition="$PARAM[setitem] + String.IsEqual(Skin.String(moviehub_widget_pos_8),$PARAM[item])">Skin.Reset(moviehub_widget_pos_8.label)</onclick>
				<onclick condition="$PARAM[setitem] + String.IsEqual(Skin.String(moviehub_widget_pos_9),$PARAM[item])">Skin.Reset(moviehub_widget_pos_9)</onclick>
				<onclick condition="$PARAM[setitem] + String.IsEqual(Skin.String(moviehub_widget_pos_9),$PARAM[item])">Skin.Reset(moviehub_widget_pos_9.label)</onclick>
				<onclick condition="$PARAM[setitem] + String.IsEqual(Skin.String(moviehub_widget_pos_10),$PARAM[item])">Skin.Reset(moviehub_widget_pos_10)</onclick>
				<onclick condition="$PARAM[setitem] + String.IsEqual(Skin.String(moviehub_widget_pos_10),$PARAM[item])">Skin.Reset(moviehub_widget_pos_10.label)</onclick>
				<onclick condition="$PARAM[setitem] + String.IsEqual(Skin.String(moviehub_widget_pos_11),$PARAM[item])">Skin.Reset(moviehub_widget_pos_11)</onclick>
				<onclick condition="$PARAM[setitem] + String.IsEqual(Skin.String(moviehub_widget_pos_11),$PARAM[item])">Skin.Reset(moviehub_widget_pos_11.label)</onclick>
				<onclick condition="$PARAM[setitem] + String.IsEqual(Skin.String(moviehub_widget_pos_12),$PARAM[item])">Skin.Reset(moviehub_widget_pos_12)</onclick>
				<onclick condition="$PARAM[setitem] + String.IsEqual(Skin.String(moviehub_widget_pos_12),$PARAM[item])">Skin.Reset(moviehub_widget_pos_12.label)</onclick>
				<onclick condition="$PARAM[setitem] + String.IsEqual(Skin.String(moviehub_widget_pos_13),$PARAM[item])">Skin.Reset(moviehub_widget_pos_13)</onclick>
				<onclick condition="$PARAM[setitem] + String.IsEqual(Skin.String(moviehub_widget_pos_13),$PARAM[item])">Skin.Reset(moviehub_widget_pos_13.label)</onclick>
				<onclick condition="$PARAM[setitem] + String.IsEqual(Skin.String(moviehub_widget_pos_14),$PARAM[item])">Skin.Reset(moviehub_widget_pos_14)</onclick>
				<onclick condition="$PARAM[setitem] + String.IsEqual(Skin.String(moviehub_widget_pos_14),$PARAM[item])">Skin.Reset(moviehub_widget_pos_14.label)</onclick>
				<onclick condition="$PARAM[setitem] + String.IsEqual(Skin.String(moviehub_widget_pos_15),$PARAM[item])">Skin.Reset(moviehub_widget_pos_15)</onclick>
				<onclick condition="$PARAM[setitem] + String.IsEqual(Skin.String(moviehub_widget_pos_15),$PARAM[item])">Skin.Reset(moviehub_widget_pos_15.label)</onclick>
				<onclick condition="$PARAM[setitem] + String.IsEqual(Skin.String(moviehub_widget_pos_16),$PARAM[item])">Skin.Reset(moviehub_widget_pos_16)</onclick>
				<onclick condition="$PARAM[setitem] + String.IsEqual(Skin.String(moviehub_widget_pos_16),$PARAM[item])">Skin.Reset(moviehub_widget_pos_16.label)</onclick>
				<onclick condition="$PARAM[setitem] + String.IsEqual(Skin.String(moviehub_widget_pos_17),$PARAM[item])">Skin.Reset(moviehub_widget_pos_17)</onclick>
				<onclick condition="$PARAM[setitem] + String.IsEqual(Skin.String(moviehub_widget_pos_17),$PARAM[item])">Skin.Reset(moviehub_widget_pos_17.label)</onclick>
				<onclick condition="$PARAM[setitem] + String.IsEqual(Skin.String(moviehub_widget_pos_18),$PARAM[item])">Skin.Reset(moviehub_widget_pos_18)</onclick>
				<onclick condition="$PARAM[setitem] + String.IsEqual(Skin.String(moviehub_widget_pos_18),$PARAM[item])">Skin.Reset(moviehub_widget_pos_18.label)</onclick>
				<onclick condition="$PARAM[setitem] + String.IsEqual(Skin.String(moviehub_widget_pos_19),$PARAM[item])">Skin.Reset(moviehub_widget_pos_19)</onclick>
				<onclick condition="$PARAM[setitem] + String.IsEqual(Skin.String(moviehub_widget_pos_19),$PARAM[item])">Skin.Reset(moviehub_widget_pos_19.label)</onclick>
				<onclick condition="$PARAM[setitem]">Skin.SetString(moviehub_widget_pos_$PARAM[nr].label,$PARAM[label])</onclick>
				<onclick condition="$PARAM[setitem]">Skin.SetString(moviehub_widget_pos_$PARAM[nr],$PARAM[item])</onclick>
				<onclick condition="$PARAM[clearitem]">Skin.Reset(moviehub_widget_pos_$PARAM[nr])</onclick>
				<onclick condition="$PARAM[clearitem]">Skin.Reset(moviehub_widget_pos_$PARAM[nr].label)</onclick>
				<onclick>Dialog.Close(1111)</onclick>
				<visible>$PARAM[visible]</visible>
			</item>
		</definition>
	</include>

	<!-- TV Show HUB Widgets -->
	<include name="TVShowHubWidgetsPositionSelectorTemplate">
		<item>
			<icon>DefaultFolder.png</icon>
			<label>$INFO[Skin.String(tvshowhub_widget_pos_$PARAM[nr].label)]</label>
			<property name="pos">$NUMBER[$PARAM[nr]]</property>
			<property name="itemlabel">$INFO[Skin.String(tvshowhub_widget_pos_$PARAM[nr].label)]</property>
			<property name="item">$INFO[Skin.String(tvshowhub_widget_pos_$PARAM[nr])]</property>
			<onclick>SetProperty(tvshowhub_widget_position,$PARAM[nr],home)</onclick>
			<onclick>ActivateWindow(1111)</onclick>
			<visible>!String.IsEmpty(Skin.String(tvshowhub_widget_pos_$PARAM[nr].label))</visible>
		</item>
		<item>
			<icon>DefaultFolderBack.png</icon>
			<label>$LOCALIZE[504]</label>
			<property name="pos">$NUMBER[$PARAM[nr]]</property>
			<property name="itemlabel">$LOCALIZE[504]</property>
			<onclick>noop</onclick>
			<visible>String.IsEmpty(Skin.String(tvshowhub_widget_pos_$PARAM[nr].label))</visible>
		</item>
	</include>
	<!-- Available tvshowhub widgets -->
	<include name="TVShowHubAvailableWidgets">
		<include content="TVShowHubSetWidget">
			<param name="label" value="$LOCALIZE[192]"/>
			<param name="setitem" value="false"/>
			<param name="clearitem" value="true"/>
			<param name="icon" value="DefaultAddonNone"/>
		</include>
		<include content="TVShowHubSetWidget">
			<param name="label" value="$LOCALIZE[31080]"/>
			<param name="item" value="W_InProgressShows"/>
		</include>
		<include content="TVShowHubSetWidget">
			<param name="label" value="$LOCALIZE[31080]   ($LOCALIZE[31208])"/>
			<param name="item" value="W_EmbyCon_InProgressShows"/>
			<param name="visible" value="System.HasAddon(plugin.video.embycon)"/>
		</include>
		<include content="TVShowHubSetWidget">
			<param name="label" value="$LOCALIZE[31012]"/>
			<param name="item" value="W_NextUp"/>
		</include>
		<include content="TVShowHubSetWidget">
			<param name="label" value="$LOCALIZE[31012]   ($LOCALIZE[31208])"/>
			<param name="item" value="W_EmbyCon_NextUp"/>
			<param name="visible" value="System.HasAddon(plugin.video.embycon)"/>
		</include>
		<include content="TVShowHubSetWidget">
			<param name="label" value="$LOCALIZE[31081]"/>
			<param name="item" value="W_NewEpisodes"/>
		</include>
		<include content="TVShowHubSetWidget">
			<param name="label" value="$LOCALIZE[31081]   ($LOCALIZE[31208])"/>
			<param name="item" value="W_EmbyCon_NewEpisodes"/>
			<param name="visible" value="System.HasAddon(plugin.video.embycon)"/>
		</include>
		<include content="TVShowHubSetWidget">
			<param name="label" value="$LOCALIZE[135]"/>
			<param name="item" value="W_TVShowGenres"/>
		</include>
		<include content="TVShowHubSetWidget">
			<param name="label" value="$LOCALIZE[135]   ($LOCALIZE[31208])"/>
			<param name="item" value="W_EmbyCon_TVShowGenres"/>
			<param name="visible" value="System.HasAddon(plugin.video.embycon)"/>
		</include>
		<include content="TVShowHubSetWidget">
			<param name="label" value="$LOCALIZE[31017]"/>
			<param name="item" value="W_RecommendedShows"/>
		</include>
		<include content="TVShowHubSetWidget">
			<param name="label" value="$LOCALIZE[31017]   ($LOCALIZE[31208])"/>
			<param name="item" value="W_EmbyCon_RecommendedShows"/>
			<param name="visible" value="System.HasAddon(plugin.video.embycon)"/>
		</include>
		<include content="TVShowHubSetWidget">
			<param name="label" value="$LOCALIZE[31098]"/>
			<param name="item" value="W_Top250Shows"/>
		</include>
		<include content="TVShowHubSetWidget">
			<param name="label" value="$LOCALIZE[31064]   ($LOCALIZE[31181])"/>
			<param name="item" value="W_FavShows"/>
			<param name="visible" value="System.HasAddon(plugin.video.emby)"/>
		</include>
		<include content="TVShowHubSetWidget">
			<param name="label" value="$LOCALIZE[31064]   ($LOCALIZE[31208])"/>
			<param name="item" value="W_EmbyCon_FavShows"/>
			<param name="visible" value="System.HasAddon(plugin.video.embycon)"/>
		</include>
		<include content="AvailableCustomWidgets">
			<param name="type" value="TVShowHub"/>
		</include>
	</include>
	<include name="TVShowHubSetWidget">
		<param name="icon">DefaultFolder</param>
		<param name="setitem">true</param>
		<param name="clearitem">false</param>
		<param name="visible">true</param>
		<param name="nr">$INFO[Window(home).Property(tvshowhub_widget_position)]</param>
		<definition>
			<item>
				<icon>$PARAM[icon].png</icon>
				<label>$PARAM[label]</label>
				<onclick condition="$PARAM[setitem] + String.IsEqual(Skin.String(tvshowhub_widget_pos_1),$PARAM[item])">Skin.Reset(tvshowhub_widget_pos_1)</onclick>
				<onclick condition="$PARAM[setitem] + String.IsEqual(Skin.String(tvshowhub_widget_pos_1),$PARAM[item])">Skin.Reset(tvshowhub_widget_pos_1.label)</onclick>
				<onclick condition="$PARAM[setitem] + String.IsEqual(Skin.String(tvshowhub_widget_pos_2),$PARAM[item])">Skin.Reset(tvshowhub_widget_pos_2)</onclick>
				<onclick condition="$PARAM[setitem] + String.IsEqual(Skin.String(tvshowhub_widget_pos_2),$PARAM[item])">Skin.Reset(tvshowhub_widget_pos_2.label)</onclick>
				<onclick condition="$PARAM[setitem] + String.IsEqual(Skin.String(tvshowhub_widget_pos_3),$PARAM[item])">Skin.Reset(tvshowhub_widget_pos_3)</onclick>
				<onclick condition="$PARAM[setitem] + String.IsEqual(Skin.String(tvshowhub_widget_pos_3),$PARAM[item])">Skin.Reset(tvshowhub_widget_pos_3.label)</onclick>
				<onclick condition="$PARAM[setitem] + String.IsEqual(Skin.String(tvshowhub_widget_pos_4),$PARAM[item])">Skin.Reset(tvshowhub_widget_pos_4)</onclick>
				<onclick condition="$PARAM[setitem] + String.IsEqual(Skin.String(tvshowhub_widget_pos_4),$PARAM[item])">Skin.Reset(tvshowhub_widget_pos_4.label)</onclick>
				<onclick condition="$PARAM[setitem] + String.IsEqual(Skin.String(tvshowhub_widget_pos_5),$PARAM[item])">Skin.Reset(tvshowhub_widget_pos_5)</onclick>
				<onclick condition="$PARAM[setitem] + String.IsEqual(Skin.String(tvshowhub_widget_pos_5),$PARAM[item])">Skin.Reset(tvshowhub_widget_pos_5.label)</onclick>
				<onclick condition="$PARAM[setitem] + String.IsEqual(Skin.String(tvshowhub_widget_pos_6),$PARAM[item])">Skin.Reset(tvshowhub_widget_pos_6)</onclick>
				<onclick condition="$PARAM[setitem] + String.IsEqual(Skin.String(tvshowhub_widget_pos_6),$PARAM[item])">Skin.Reset(tvshowhub_widget_pos_6.label)</onclick>
				<onclick condition="$PARAM[setitem] + String.IsEqual(Skin.String(tvshowhub_widget_pos_7),$PARAM[item])">Skin.Reset(tvshowhub_widget_pos_7)</onclick>
				<onclick condition="$PARAM[setitem] + String.IsEqual(Skin.String(tvshowhub_widget_pos_7),$PARAM[item])">Skin.Reset(tvshowhub_widget_pos_7.label)</onclick>
				<onclick condition="$PARAM[setitem] + String.IsEqual(Skin.String(tvshowhub_widget_pos_8),$PARAM[item])">Skin.Reset(tvshowhub_widget_pos_8)</onclick>
				<onclick condition="$PARAM[setitem] + String.IsEqual(Skin.String(tvshowhub_widget_pos_8),$PARAM[item])">Skin.Reset(tvshowhub_widget_pos_8.label)</onclick>
				<onclick condition="$PARAM[setitem] + String.IsEqual(Skin.String(tvshowhub_widget_pos_9),$PARAM[item])">Skin.Reset(tvshowhub_widget_pos_9)</onclick>
				<onclick condition="$PARAM[setitem] + String.IsEqual(Skin.String(tvshowhub_widget_pos_9),$PARAM[item])">Skin.Reset(tvshowhub_widget_pos_9.label)</onclick>
				<onclick condition="$PARAM[setitem] + String.IsEqual(Skin.String(tvshowhub_widget_pos_10),$PARAM[item])">Skin.Reset(tvshowhub_widget_pos_10)</onclick>
				<onclick condition="$PARAM[setitem] + String.IsEqual(Skin.String(tvshowhub_widget_pos_10),$PARAM[item])">Skin.Reset(tvshowhub_widget_pos_10.label)</onclick>
				<onclick condition="$PARAM[setitem] + String.IsEqual(Skin.String(tvshowhub_widget_pos_11),$PARAM[item])">Skin.Reset(tvshowhub_widget_pos_11)</onclick>
				<onclick condition="$PARAM[setitem] + String.IsEqual(Skin.String(tvshowhub_widget_pos_11),$PARAM[item])">Skin.Reset(tvshowhub_widget_pos_11.label)</onclick>
				<onclick condition="$PARAM[setitem] + String.IsEqual(Skin.String(tvshowhub_widget_pos_12),$PARAM[item])">Skin.Reset(tvshowhub_widget_pos_12)</onclick>
				<onclick condition="$PARAM[setitem] + String.IsEqual(Skin.String(tvshowhub_widget_pos_12),$PARAM[item])">Skin.Reset(tvshowhub_widget_pos_12.label)</onclick>
				<onclick condition="$PARAM[setitem] + String.IsEqual(Skin.String(tvshowhub_widget_pos_13),$PARAM[item])">Skin.Reset(tvshowhub_widget_pos_13)</onclick>
				<onclick condition="$PARAM[setitem] + String.IsEqual(Skin.String(tvshowhub_widget_pos_13),$PARAM[item])">Skin.Reset(tvshowhub_widget_pos_13.label)</onclick>
				<onclick condition="$PARAM[setitem] + String.IsEqual(Skin.String(tvshowhub_widget_pos_14),$PARAM[item])">Skin.Reset(tvshowhub_widget_pos_14)</onclick>
				<onclick condition="$PARAM[setitem] + String.IsEqual(Skin.String(tvshowhub_widget_pos_14),$PARAM[item])">Skin.Reset(tvshowhub_widget_pos_14.label)</onclick>
				<onclick condition="$PARAM[setitem] + String.IsEqual(Skin.String(tvshowhub_widget_pos_15),$PARAM[item])">Skin.Reset(tvshowhub_widget_pos_15)</onclick>
				<onclick condition="$PARAM[setitem] + String.IsEqual(Skin.String(tvshowhub_widget_pos_15),$PARAM[item])">Skin.Reset(tvshowhub_widget_pos_15.label)</onclick>
				<onclick condition="$PARAM[setitem] + String.IsEqual(Skin.String(tvshowhub_widget_pos_16),$PARAM[item])">Skin.Reset(tvshowhub_widget_pos_16)</onclick>
				<onclick condition="$PARAM[setitem] + String.IsEqual(Skin.String(tvshowhub_widget_pos_16),$PARAM[item])">Skin.Reset(tvshowhub_widget_pos_16.label)</onclick>
				<onclick condition="$PARAM[setitem] + String.IsEqual(Skin.String(tvshowhub_widget_pos_17),$PARAM[item])">Skin.Reset(tvshowhub_widget_pos_17)</onclick>
				<onclick condition="$PARAM[setitem] + String.IsEqual(Skin.String(tvshowhub_widget_pos_17),$PARAM[item])">Skin.Reset(tvshowhub_widget_pos_17.label)</onclick>
				<onclick condition="$PARAM[setitem] + String.IsEqual(Skin.String(tvshowhub_widget_pos_18),$PARAM[item])">Skin.Reset(tvshowhub_widget_pos_18)</onclick>
				<onclick condition="$PARAM[setitem] + String.IsEqual(Skin.String(tvshowhub_widget_pos_18),$PARAM[item])">Skin.Reset(tvshowhub_widget_pos_18.label)</onclick>
				<onclick condition="$PARAM[setitem] + String.IsEqual(Skin.String(tvshowhub_widget_pos_19),$PARAM[item])">Skin.Reset(tvshowhub_widget_pos_19)</onclick>
				<onclick condition="$PARAM[setitem] + String.IsEqual(Skin.String(tvshowhub_widget_pos_19),$PARAM[item])">Skin.Reset(tvshowhub_widget_pos_19.label)</onclick>
				<onclick condition="$PARAM[setitem]">Skin.SetString(tvshowhub_widget_pos_$PARAM[nr].label,$PARAM[label])</onclick>
				<onclick condition="$PARAM[setitem]">Skin.SetString(tvshowhub_widget_pos_$PARAM[nr],$PARAM[item])</onclick>
				<onclick condition="$PARAM[clearitem]">Skin.Reset(tvshowhub_widget_pos_$PARAM[nr])</onclick>
				<onclick condition="$PARAM[clearitem]">Skin.Reset(tvshowhub_widget_pos_$PARAM[nr].label)</onclick>
				<onclick>Dialog.Close(1111)</onclick>
				<visible>$PARAM[visible]</visible>
			</item>
		</definition>
	</include>

	<!-- Music HUB Widgets -->
	<include name="MusicHubWidgetsPositionSelectorTemplate">
		<item>
			<icon>DefaultFolder.png</icon>
			<label>$INFO[Skin.String(musichub_widget_pos_$PARAM[nr].label)]</label>
			<property name="pos">$NUMBER[$PARAM[nr]]</property>
			<property name="itemlabel">$INFO[Skin.String(musichub_widget_pos_$PARAM[nr].label)]</property>
			<property name="item">$INFO[Skin.String(musichub_widget_pos_$PARAM[nr])]</property>
			<onclick>SetProperty(musichub_widget_position,$PARAM[nr],home)</onclick>
			<onclick>ActivateWindow(1111)</onclick>
			<visible>!String.IsEmpty(Skin.String(musichub_widget_pos_$PARAM[nr].label))</visible>
		</item>
		<item>
			<icon>DefaultFolderBack.png</icon>
			<label>$LOCALIZE[504]</label>
			<property name="pos">$NUMBER[$PARAM[nr]]</property>
			<property name="itemlabel">$LOCALIZE[504]</property>
			<onclick>noop</onclick>
			<visible>String.IsEmpty(Skin.String(musichub_widget_pos_$PARAM[nr].label))</visible>
		</item>
	</include>
	<!-- Available musichub widgets -->
	<include name="MusicHubAvailableWidgets">
		<include content="MusicHubSetWidget">
			<param name="label" value="$LOCALIZE[192]"/>
			<param name="setitem" value="false"/>
			<param name="clearitem" value="true"/>
			<param name="icon" value="DefaultAddonNone"/>
		</include>
		<include content="MusicHubSetWidget">
			<param name="label" value="$LOCALIZE[359]"/>
			<param name="item" value="W_NewAlbums"/>
		</include>
		<include content="MusicHubSetWidget">
			<param name="label" value="$LOCALIZE[359]   ($LOCALIZE[31208])"/>
			<param name="item" value="W_EmbyCon_NewAlbums"/>
			<param name="visible" value="System.HasAddon(plugin.video.embycon)"/>
		</include>
		<include content="MusicHubSetWidget">
			<param name="label" value="$LOCALIZE[517]"/>
			<param name="item" value="W_PlayedAlbums"/>
		</include>
		<include content="MusicHubSetWidget">
			<param name="label" value="$LOCALIZE[31215]"/>
			<param name="item" value="W_OftenPlayedSongs"/>
		</include>
		<include content="MusicHubSetWidget">
			<param name="label" value="$LOCALIZE[31215]   ($LOCALIZE[31208])"/>
			<param name="item" value="W_EmbyCon_OftenPlayedSongs"/>
			<param name="visible" value="System.HasAddon(plugin.video.embycon)"/>
		</include>
		<include content="MusicHubSetWidget">
			<param name="label" value="$LOCALIZE[31212]   ($LOCALIZE[31208])"/>
			<param name="item" value="W_EmbyCon_FavArtists"/>
			<param name="visible" value="System.HasAddon(plugin.video.embycon)"/>
		</include>
		<include content="MusicHubSetWidget">
			<param name="label" value="$LOCALIZE[31213]   ($LOCALIZE[31208])"/>
			<param name="item" value="W_EmbyCon_FavAlbums"/>
			<param name="visible" value="System.HasAddon(plugin.video.embycon)"/>
		</include>
		<include content="MusicHubSetWidget">
			<param name="label" value="$LOCALIZE[31214]   ($LOCALIZE[31208])"/>
			<param name="item" value="W_EmbyCon_FavSongs"/>
			<param name="visible" value="System.HasAddon(plugin.video.embycon)"/>
		</include>
		<include content="AvailableCustomWidgets">
			<param name="type" value="MusicHub"/>
		</include>
	</include>
	<include name="MusicHubSetWidget">
		<param name="icon">DefaultFolder</param>
		<param name="setitem">true</param>
		<param name="clearitem">false</param>
		<param name="visible">true</param>
		<param name="nr">$INFO[Window(home).Property(musichub_widget_position)]</param>
		<definition>
			<item>
				<icon>$PARAM[icon].png</icon>
				<label>$PARAM[label]</label>
				<onclick condition="$PARAM[setitem] + String.IsEqual(Skin.String(musichub_widget_pos_1),$PARAM[item])">Skin.Reset(musichub_widget_pos_1)</onclick>
				<onclick condition="$PARAM[setitem] + String.IsEqual(Skin.String(musichub_widget_pos_1),$PARAM[item])">Skin.Reset(musichub_widget_pos_1.label)</onclick>
				<onclick condition="$PARAM[setitem] + String.IsEqual(Skin.String(musichub_widget_pos_2),$PARAM[item])">Skin.Reset(musichub_widget_pos_2)</onclick>
				<onclick condition="$PARAM[setitem] + String.IsEqual(Skin.String(musichub_widget_pos_2),$PARAM[item])">Skin.Reset(musichub_widget_pos_2.label)</onclick>
				<onclick condition="$PARAM[setitem] + String.IsEqual(Skin.String(musichub_widget_pos_3),$PARAM[item])">Skin.Reset(musichub_widget_pos_3)</onclick>
				<onclick condition="$PARAM[setitem] + String.IsEqual(Skin.String(musichub_widget_pos_3),$PARAM[item])">Skin.Reset(musichub_widget_pos_3.label)</onclick>
				<onclick condition="$PARAM[setitem] + String.IsEqual(Skin.String(musichub_widget_pos_4),$PARAM[item])">Skin.Reset(musichub_widget_pos_4)</onclick>
				<onclick condition="$PARAM[setitem] + String.IsEqual(Skin.String(musichub_widget_pos_4),$PARAM[item])">Skin.Reset(musichub_widget_pos_4.label)</onclick>
				<onclick condition="$PARAM[setitem] + String.IsEqual(Skin.String(musichub_widget_pos_5),$PARAM[item])">Skin.Reset(musichub_widget_pos_5)</onclick>
				<onclick condition="$PARAM[setitem] + String.IsEqual(Skin.String(musichub_widget_pos_5),$PARAM[item])">Skin.Reset(musichub_widget_pos_5.label)</onclick>
				<onclick condition="$PARAM[setitem] + String.IsEqual(Skin.String(musichub_widget_pos_6),$PARAM[item])">Skin.Reset(musichub_widget_pos_6)</onclick>
				<onclick condition="$PARAM[setitem] + String.IsEqual(Skin.String(musichub_widget_pos_6),$PARAM[item])">Skin.Reset(musichub_widget_pos_6.label)</onclick>
				<onclick condition="$PARAM[setitem] + String.IsEqual(Skin.String(musichub_widget_pos_7),$PARAM[item])">Skin.Reset(musichub_widget_pos_7)</onclick>
				<onclick condition="$PARAM[setitem] + String.IsEqual(Skin.String(musichub_widget_pos_7),$PARAM[item])">Skin.Reset(musichub_widget_pos_7.label)</onclick>
				<onclick condition="$PARAM[setitem] + String.IsEqual(Skin.String(musichub_widget_pos_8),$PARAM[item])">Skin.Reset(musichub_widget_pos_8)</onclick>
				<onclick condition="$PARAM[setitem] + String.IsEqual(Skin.String(musichub_widget_pos_8),$PARAM[item])">Skin.Reset(musichub_widget_pos_8.label)</onclick>
				<onclick condition="$PARAM[setitem] + String.IsEqual(Skin.String(musichub_widget_pos_9),$PARAM[item])">Skin.Reset(musichub_widget_pos_9)</onclick>
				<onclick condition="$PARAM[setitem] + String.IsEqual(Skin.String(musichub_widget_pos_9),$PARAM[item])">Skin.Reset(musichub_widget_pos_9.label)</onclick>
				<onclick condition="$PARAM[setitem] + String.IsEqual(Skin.String(musichub_widget_pos_10),$PARAM[item])">Skin.Reset(musichub_widget_pos_10)</onclick>
				<onclick condition="$PARAM[setitem] + String.IsEqual(Skin.String(musichub_widget_pos_10),$PARAM[item])">Skin.Reset(musichub_widget_pos_10.label)</onclick>
				<onclick condition="$PARAM[setitem] + String.IsEqual(Skin.String(musichub_widget_pos_11),$PARAM[item])">Skin.Reset(musichub_widget_pos_11)</onclick>
				<onclick condition="$PARAM[setitem] + String.IsEqual(Skin.String(musichub_widget_pos_11),$PARAM[item])">Skin.Reset(musichub_widget_pos_11.label)</onclick>
				<onclick condition="$PARAM[setitem] + String.IsEqual(Skin.String(musichub_widget_pos_12),$PARAM[item])">Skin.Reset(musichub_widget_pos_12)</onclick>
				<onclick condition="$PARAM[setitem] + String.IsEqual(Skin.String(musichub_widget_pos_12),$PARAM[item])">Skin.Reset(musichub_widget_pos_12.label)</onclick>
				<onclick condition="$PARAM[setitem] + String.IsEqual(Skin.String(musichub_widget_pos_13),$PARAM[item])">Skin.Reset(musichub_widget_pos_13)</onclick>
				<onclick condition="$PARAM[setitem] + String.IsEqual(Skin.String(musichub_widget_pos_13),$PARAM[item])">Skin.Reset(musichub_widget_pos_13.label)</onclick>
				<onclick condition="$PARAM[setitem] + String.IsEqual(Skin.String(musichub_widget_pos_14),$PARAM[item])">Skin.Reset(musichub_widget_pos_14)</onclick>
				<onclick condition="$PARAM[setitem] + String.IsEqual(Skin.String(musichub_widget_pos_14),$PARAM[item])">Skin.Reset(musichub_widget_pos_14.label)</onclick>
				<onclick condition="$PARAM[setitem]">Skin.SetString(musichub_widget_pos_$PARAM[nr].label,$PARAM[label])</onclick>
				<onclick condition="$PARAM[setitem]">Skin.SetString(musichub_widget_pos_$PARAM[nr],$PARAM[item])</onclick>
				<onclick condition="$PARAM[clearitem]">Skin.Reset(musichub_widget_pos_$PARAM[nr])</onclick>
				<onclick condition="$PARAM[clearitem]">Skin.Reset(musichub_widget_pos_$PARAM[nr].label)</onclick>
				<onclick>Dialog.Close(1111)</onclick>
				<visible>$PARAM[visible]</visible>
			</item>
		</definition>
	</include>

</includes>