﻿<?xml version="1.0" encoding="utf-8" standalone="yes"?>
<addon id="plugin.video.tvspielfilm_de" name="TV Spielfilm - Das Beste aus den Mediatheken" version="1.1.0" provider-name="realvito">
	<requires>
		<import addon="xbmc.python" version="2.20.0"/>
		<import addon="plugin.video.arte_tv" optional="true"/>
		<import addon="plugin.video.arteplussept" optional="true"/>
		<import addon="plugin.video.rtlnow" optional="true"/>
	</requires>
	<extension point="xbmc.python.pluginsource" library="default.py">
		<provides>video</provides>
	</extension>
	<extension point="xbmc.addon.metadata">
		<summary lang="en">The best from TV-Spielfilm</summary>
		<summary lang="de">Das Beste aus TV-Spielfilm</summary>
		<description lang="en">@realvito[CR]The best from german Mediatheken, selected and compiled by the magazine TV-Spielfilm (www.tvspielfilm.de).[CR][CR]For more information about all new features see - CHANGELOG.[CR]     HAVE FUN</description>
		<description lang="de">@realvito[CR]Das Beste aus deutschen Mediatheken, ausgewählt und zusammengestellt von der Zeitschrift TV-Spielfilm (www.tvspielfilm.de).[CR][CR]Für mehr Informationen zu allen Neuerungen siehe - CHANGELOG.[CR]     HAVE FUN</description>
		<disclaimer lang="en">The author does not host or distribute any of the content displayed by this addon. The author does not have any affiliation with the content providers.</disclaimer>
		<disclaimer lang="de">Die von diesem Addon dargestellten Inhalte werden von den Erstellern des Addons weder gehostet oder verbreitet, noch stehen die Ersteller in irgendeiner Beziehung zu den Anbietern des Inhalts.</disclaimer>
		<language></language>
		<platform>all</platform>
		<license>GNU GENERAL PUBLIC LICENSE. Version 2, June 1991</license>
		<forum>http://www.kodinerds.net/index.php/Thread/53329-RERELEASE-TVTODAY/</forum>
		<website>http://www.tvspielfilm.de/mediathek/</website>
		<email></email>
		<source>https://github.com/kodinerds/repo/tree/master/plugin.video.tvspielfilm_de</source>
		<assets>
			<icon>icon.png</icon>
			<fanart>fanart.jpg</fanart>
		</assets>
		<news>[B][COLOR orangered]Version 1.1.0  (01.02.2018)[/COLOR][/B][CR]
- fixed: ADDON an die Webseiten-Veränderungen von "http://www.tvspielfilm.de/mediathek/" angepasst (30.01.2018)
- fixed: ARD-Links (m3u8) werden NICHT mehr abgespielt, sondern es werden gleich die ARD-Links (mp4) aufgerufen
- *Webseitenänderung der ARD - dadurch tauchen die "m3u8-Links" jetzt teilweise zweimal auf oder Sie verstecken sich im nächsten Absatz
- optimized: Wiedergabequalität von ARD-Links (mp4), wegen "mp4-Link" Veränderungen angepasst
- added: TVNOW-Links funktionieren wieder und werden jetzt über das "plugin.video.rtlnow" von *L0RE* abgespielt
		</news>
	</extension>
</addon>