<?xml version="1.0" encoding="UTF-8"?>
<includes>
	<include name="PVRSet_View_57">
		<!-- set 56 -->
		<control type="grouplist" id="570">
			<include>Visible_OpenClose</include>
			<visible>Control.IsVisible(57)</visible>
			<include>Bounce_Up_Down</include>
			<width>2130</width>
			<height>100%</height>
			<orientation>vertical</orientation>
			<usecontrolcoords>true</usecontrolcoords>
			<scrolltime tween="sine" easing="out">400</scrolltime>
			<itemgap>-80</itemgap>
			<!-- Meta -->
			<control type="group">
				<width>1920</width>
				<height>1077</height>
				<control type="group">
					<top>128</top>
					<height>435</height>
					<width>1920</width>
					<!-- Thumb -->
					<include>MetaThumbnail</include>
					<!-- meta -->
					<control type="grouplist">
						<left>524</left>
						<orientation>vertical</orientation>
						<height>920</height>
						<width>1326</width>
						<align>top</align>
						<itemgap>0</itemgap>
						<control type="label">
							<height>60</height>
							<label>$INFO[ListItem.Title]</label>
							<font>Reg37</font>
							<shadowcolor>text_shadow</shadowcolor>
						</control>
						<control type="label">
							<height>60</height>
							<label>$VAR[ListItemEpisodeName]</label>
							<font>Reg37</font>
							<shadowcolor>text_shadow</shadowcolor>
						</control>
						<!-- meta -->
						<include>MetaPVRInfos</include>
						<!-- flags -->
						<include content="MetaFlags">
							<param name="type" value="PVRFlags"/>
						</include>
						<!-- buttons -->
						<control type="grouplist" id="100">
							<height>75</height>
							<orientation>horizontal</orientation>
							<itemgap>5</itemgap>
							<onleft>900</onleft>
							<onright>noop</onright>
							<control type="button" id="57101">
								<visible>!String.IsEmpty(ListItem.FileNameAndPath)</visible>
								<include>LightGreyButton</include>
								<label>$VAR[VideoInfoButton8]</label>
								<onup>SetFocus(6666)</onup>
								<onclick>SetFocus(50)</onclick>
								<onclick>Select</onclick>
								<ondown>SetFocus(50)</ondown>
							</control>
							<control type="button" id="56103">
								<visible>!String.IsEmpty(ListItem.Plot)</visible>
								<include>LightGreyButton</include>
								<width>70</width>
								<height>50</height>
								<font>material24</font>
								<label></label>
								<onclick>RunScript(script.skin.helper.service,action=textviewer,header='$ESCINFO[ListItem.Title]',message='$ESCINFO[ListItem.Plot]')</onclick>
								<onup>SetFocus(6666)</onup>
								<ondown>SetFocus(50)</ondown>
							</control>
						</control>
						<control type="label">
							<height>40</height>
							<label>$INFO[ListItem.Genre,$LOCALIZE[515]: ,   ]$INFO[ListItem.Director,$LOCALIZE[20339]: ]</label>
							<font>reg22</font>
							<textcolor>emby</textcolor>
							<shadowcolor>text_shadow</shadowcolor>
						</control>
						<control type="textbox" id="19">
							<height>130</height>
							<align>justify</align>
							<aligny>top</aligny>
							<label>$INFO[ListItem.Plot]</label>
							<font>Light24</font>
							<shadowcolor>text_shadow</shadowcolor>
							<autoscroll>false</autoscroll>
						</control>
					</control>
				</control>
				<control type="group">
					<top>570</top>
					<!-- list -->
					<include content="SquareWidget">
						<param name="id" value="57"/>
						<param name="onup" value="100"/>
						<param name="ondown" value="200"/>
						<param name="headline" value="$VAR[ContainerContent]"/>
						<param name="mainlabel" value="$PARAM[mainlabel]"/>
						<param name="sublabel" value="$PARAM[sublabel]"/>
						<param name="thumblabel" value="$PARAM[thumblabel]"/>
						<param name="use_custom_content" value="false"/>
						<param name="list_name">$LOCALIZE[20434]</param>
					</include>
				</control>
			</control>
		</control>
	</include>
</includes>