<?xml version="1.0" encoding="UTF-8"?>
<includes>
	<!-- Movie -->
	<include name="MetaMovieInfos">
		<param name="width">1040</param>
		<definition>
			<control type="grouplist">
				<height>40</height>
				<width>$PARAM[width]</width>
				<itemgap>5</itemgap>
				<orientation>horizontal</orientation>
				<control type="label">
					<label>$INFO[ListItem.Year]   </label>
					<include>MetaLabel</include>
					<visible>!String.IsEmpty(ListItem.Year)</visible>
				</control>
				<control type="label">
					<label>$VAR[DurationMinutes]   </label>
					<include>MetaLabel</include>
					<visible>!String.IsEmpty(ListItem.Duration)</visible>
				</control>
				<include>MpaaIcon</include>
				<include>CCIcon</include>
				<include>MetaRating</include>
				<include>SkinHelperRatings</include>
			</control>
		</definition>
	</include>
	<!-- TV show -->
	<include name="MetaShowInfos">
		<param name="width">1040</param>
		<definition>
			<control type="grouplist">
				<height>40</height>
				<width>$PARAM[width]</width>
				<itemgap>5</itemgap>
				<orientation>horizontal</orientation>
				<control type="label">
					<label>$INFO[ListItem.Premiered]   </label>
					<include>MetaLabel</include>
					<visible>!String.IsEmpty(ListItem.Premiered)</visible>
				</control>
				<control type="label">
					<label>$INFO[ListItem.Property(TotalSeasons),$LOCALIZE[33054]: ]   </label>
					<include>MetaLabel</include>
					<visible>!String.IsEmpty(ListItem.Property(TotalSeasons))</visible>
				</control>
				<control type="label">
					<label>$INFO[ListItem.Property(TotalEpisodes),$LOCALIZE[20360]: ]   </label>
					<include>MetaLabel</include>
					<visible>!String.IsEmpty(ListItem.Property(TotalEpisodes))</visible>
				</control>
				<include>MpaaIcon</include>
				<include>MetaRating</include>
			</control>
		</definition>
	</include>
	<include name="MetaSeasonInfos">
		<param name="width">1040</param>
		<definition>
			<control type="grouplist">
				<height>40</height>
				<width>$PARAP[width]</width>
				<itemgap>5</itemgap>
				<orientation>horizontal</orientation>
				<control type="label">
					<label>$INFO[Window(home).Property(TVShowPremiered)]   </label>
					<include>MetaLabel</include>
					<visible>!String.IsEmpty(Window(home).Property(TVShowPremiered))</visible>
				</control>
				<control type="label">
					<label>$INFO[Window(home).Property(TVShowTotalSeasons),$LOCALIZE[33054]: ]   </label>
					<include>MetaLabel</include>
					<visible>!String.IsEmpty(Window(home).Property(TVShowTotalSeasons))</visible>
				</control>
				<control type="label">
					<label>$INFO[Window(home).Property(TVShowTotalEpisodes),$LOCALIZE[20360]: ]   </label>
					<include>MetaLabel</include>
					<visible>!String.IsEmpty(Window(home).Property(TVShowTotalEpisodes))</visible>
				</control>
				<include>MpaaIcon</include>
				<include>MetaRating</include>
			</control>
		</definition>
	</include>
	<include name="MetaEpisodeInfos">
		<param name="width">1040</param>
		<definition>
			<control type="grouplist">
				<height>40</height>
				<width>$PARAP[width]</width>
				<itemgap>5</itemgap>
				<orientation>horizontal</orientation>
				<control type="label">
					<label>$INFO[ListItem.Premiered]   </label>
					<include>MetaLabel</include>
					<visible>!String.IsEmpty(ListItem.Premiered)</visible>
				</control>
				<control type="label">
					<label>$VAR[ListItemDuration]   </label>
					<include>MetaLabel</include>
					<visible>!String.IsEmpty(ListItem.Duration)</visible>
				</control>
				<include>MpaaIcon</include>
				<include>CCIcon</include>
				<include>MetaRating</include>
			</control>
		</definition>
	</include>
	<!-- Music -->
	<include name="MetaArtistInfos">
		<param name="width">940</param>
		<definition>
			<control type="grouplist">
				<height>40</height>
				<width>$PARAM[width]</width>
				<itemgap>5</itemgap>
				<orientation>horizontal</orientation>
				<control type="label">
					<include>MetaLabel</include>
					<label>$INFO[ListItem.Property(Artist_Formed),$LOCALIZE[21894]: ]   </label>
					<visible>!String.IsEmpty(ListItem.Property(Artist_Formed))</visible>
				</control>
				<control type="label">
					<include>MetaLabel</include>
					<label>$INFO[ListItem.Property(Artist_Disbanded),$LOCALIZE[21896]: ]   </label>
					<visible>!String.IsEmpty(ListItem.Property(Artist_Disbanded))</visible>
				</control>
				<control type="label">
					<include>MetaLabel</include>
					<label>$INFO[ListItem.Property(Artist_Mood),$LOCALIZE[175]: ]   </label>
					<visible>!String.IsEmpty(ListItem.Property(Artist_Mood))</visible>
				</control>
			</control>
		</definition>
	</include>
	<include name="MetaAlbumInfos">
		<param name="width">940</param>
		<definition>
			<control type="grouplist">
				<height>40</height>
				<width>$PARAM[width]</width>
				<itemgap>5</itemgap>
				<orientation>horizontal</orientation>
				<control type="label">
					<include>MetaLabel</include>
					<label>$INFO[ListItem.Year]   </label>
					<visible>!String.IsEmpty(ListItem.Year)</visible>
				</control>
				<control type="label">
					<include>MetaLabel</include>
					<label>$INFO[Container(200).NumItems,$LOCALIZE[182]: ]   </label>
					<visible>!String.IsEmpty(Container(200).NumItems)</visible>
				</control>
			</control>
		</definition>
	</include>
	<include name="MetaSongInfos">
		<param name="width">940</param>
		<definition>
			<control type="grouplist">
				<height>40</height>
				<width>$PARAM[width]</width>
				<itemgap>5</itemgap>
				<orientation>horizontal</orientation>
				<control type="label">
					<include>MetaLabel</include>
					<label>$LOCALIZE[554]: $INFO[ListItem.Tracknumber]   </label>
					<visible>!String.IsEmpty(ListItem.Tracknumber)</visible>
				</control>
				<control type="label">
					<include>MetaLabel</include>
					<label>$LOCALIZE[180]: $VAR[ListItemDuration]   </label>
					<visible>!String.IsEmpty(ListItem.Duration)</visible>
				</control>
			</control>
		</definition>
	</include>
	<!-- PVR -->
	<include name="MetaPVRInfos">
		<param name="width">100%</param>
		<definition>
			<control type="grouplist">
				<height>40</height>
				<width>$PARAM[width]</width>
				<itemgap>5</itemgap>
				<orientation>horizontal</orientation>
				<control type="label">
					<include>MetaLabel</include>
					<label>$INFO[ListItem.Date]$INFO[ListItem.Endtime, - ]   </label>
					<shadowcolor>text_shadow</shadowcolor>
				</control>
				<control type="label">
					<include>MetaLabel</include>
					<label>$VAR[DurationMinutes]   </label>
					<visible>!String.IsEmpty(ListItem.Duration)</visible>
				</control>
				<control type="label">
					<include>MetaLabel</include>
					<label>$INFO[ListItem.Channelnumber,$LOCALIZE[19029] ]   </label>
					<shadowcolor>text_shadow</shadowcolor>
				</control>
				<control type="label">
					<include>MetaLabel</include>
					<label>$INFO[ListItem.Channelname]   </label>
					<shadowcolor>text_shadow</shadowcolor>
				</control>
			</control>
		</definition>
	</include>
	<!-- Addon -->
	<include name="MetaAddonInfos">
		<param name="width">100%</param>
		<definition>
			<control type="grouplist">
				<height>40</height>
				<width>$PARAM[width]</width>
				<itemgap>5</itemgap>
				<orientation>horizontal</orientation>
				<control type="label">
					<include>MetaLabel</include>
					<label>$LOCALIZE[19114]: $INFO[ListItem.AddonVersion]   </label>
					<visible>!String.IsEmpty(ListItem.AddonVersion)</visible>
				</control>
				<control type="label">
					<include>MetaLabel</include>
					<label>$LOCALIZE[31033]: $INFO[ListItem.AddonCreator]   </label>
					<visible>!String.IsEmpty(ListItem.AddonCreator)</visible>
				</control>
			</control>
		</definition>
	</include>
	<!-- Video -->
	<include name="PlayerVideoInfos">
		<param name="width">1040</param>
		<definition>
			<control type="grouplist">
				<height>40</height>
				<width>$PARAP[width]</width>
				<itemgap>5</itemgap>
				<orientation>horizontal</orientation>
				<control type="label">
					<include>MetaLabel</include>
					<label>$INFO[VideoPlayer.Starttime]$INFO[VideoPlayer.Endtime, - ]   </label>
					<visible>!String.StartsWith(Player.Filenameandpath,pvr://recordings)</visible>
				</control>
				<control type="label">
					<include>MetaLabel</include>
					<label>$VAR[PlayerDurationMinutes]   </label>
					<visible>!String.IsEmpty(Player.Duration)</visible>
				</control>
				<control type="label">
					<include>MetaLabel</include>
					<label>$INFO[VideoPlayer.Channelnumber,$LOCALIZE[19029] ]   </label>
					<visible>VideoPlayer.Content(livetv)</visible>
				</control>
				<control type="label">
					<include>MetaLabel</include>
					<label>$INFO[VideoPlayer.Channelname]   </label>
					<visible>VideoPlayer.Content(livetv)</visible>
				</control>
				<control type="label">
					<include>MetaLabel</include>
					<label>$INFO[VideoPlayer.Year]   </label>
					<visible>!String.IsEmpty(VideoPlayer.Year) + VideoPlayer.Content(movies)</visible>
				</control>
				<include content="MpaaIcon">
					<param name="type" value="VideoPlayer"/>
				</include>
				<include content="CCIcon">
					<param name="visible" value="VideoPlayer.HasSubtitles + !VideoPlayer.Content(livetv)"/>
				</include>
				<include content="MetaRating">
					<param name="type" value="VideoPlayer"/>
				</include>
				<include content="SkinHelperRatings">
					<param name="type" value="Player"/>
				</include>
			</control>
		</definition>
	</include>
	<!-- Art includes -->
	<include name="MetaPoster">
		<control type="group">
			<left>70</left>
			<control type="image">
				<top>-2</top>
				<left>-2</left>
				<width>282</width>
				<height>420</height>
				<texture>items/shadow_poster.png</texture>
			</control>
			<control type="image">
				<width>276</width>
				<height>414</height>
				<texture colordiffuse="green" diffuse="items/mask_poster.png">common/white.jpg</texture>
				<aspectratio scalediffuse="false">stretch</aspectratio>
				<visible>String.IsEmpty(ListItem.Art(poster)) + String.IsEmpty(ListItem.Art(tvshow.poster)) + String.StartsWith(ListItem.Icon,default)</visible>
			</control>
			<control type="image">
				<width>276</width>
				<height>414</height>
				<texture colordiffuse="thumb_background" diffuse="items/mask_poster.png">common/white.jpg</texture>
				<aspectratio scalediffuse="false">stretch</aspectratio>
				<visible>!String.IsEmpty(ListItem.Art(poster)) | !String.IsEmpty(ListItem.Art(tvshow.poster)) | !String.StartsWith(ListItem.Icon,default)</visible>
			</control>
			<control type="textbox">
				<top>10</top>
				<left>10</left>
				<width>256</width>
				<height>394</height>
				<font>Light24</font>
				<align>center</align>
				<aligny>center</aligny>
				<label>$VAR[ListItemTitleLabel]</label>
			</control>
			<control type="image">
				<width>276</width>
				<height>414</height>
				<texture diffuse="items/mask_poster.png" background="true">$VAR[IconPoster]</texture>
				<aspectratio scalediffuse="false">scale</aspectratio>
			</control>
			<control type="group">
				<width>276</width>
				<height>414</height>
				<control type="group">
					<visible>String.IsEqual(ListItem.Overlay,OverlayWatched.png)</visible>
					<right>8</right>
					<top>9</top>
					<width>44</width>
					<height>44</height>
					<control type="image">
						<width>44</width>
						<height>44</height>
						<texture colordiffuse="emby">items/bubble_small.png</texture>
						<aspectratio>keep</aspectratio>
					</control>
					<control type="label">
						<top>9</top>
						<left>2</left>
						<width>44</width>
						<height>44</height>
						<label></label>
						<font>FontAwesome20Light</font>
						<shadowcolor>text_shadow</shadowcolor>
						<align>center</align>
					</control>
				</control>
			</control>
		</control>
	</include>
	<include name="MetaVideoPoster">
		<control type="group">
			<left>70</left>
			<control type="image">
				<top>-2</top>
				<left>-2</left>
				<width>282</width>
				<height>420</height>
				<texture>items/shadow_poster.png</texture>
			</control>
			<control type="image">
				<width>276</width>
				<height>414</height>
				<texture colordiffuse="green" diffuse="items/mask_poster.png">common/white.jpg</texture>
				<aspectratio scalediffuse="false">stretch</aspectratio>
				<visible>String.IsEmpty(Player.Art(poster)) + String.IsEmpty(Player.Art(tvshow.poster)) + String.StartsWith(VideoPlayer.Cover,Default)</visible>
			</control>
			<control type="textbox">
				<top>10</top>
				<left>10</left>
				<width>256</width>
				<height>394</height>
				<font>Light24</font>
				<align>center</align>
				<aligny>center</aligny>
				<label>$VAR[PlayerTitleLabel]</label>
				<visible>String.IsEmpty(Player.Art(poster)) + String.IsEmpty(Player.Art(tvshow.poster)) + String.StartsWith(VideoPlayer.Cover,Default)</visible>
			</control>
			<control type="image">
				<width>276</width>
				<height>414</height>
				<texture diffuse="items/mask_poster.png" background="true">$VAR[PlayerIcon]</texture>
				<aspectratio scalediffuse="false">scale</aspectratio>
			</control>
		</control>
	</include>
	<include name="MetaThumbnail">
		<control type="group">
			<left>70</left>
			<control type="image">
				<width>430</width>
				<height>242</height>
				<texture colordiffuse="green" diffuse="items/mask_wide_db.png">common/white.jpg</texture>
				<aspectratio scalediffuse="false">stretch</aspectratio>
				<visible>String.IsEmpty(ListItem.Art(tvshow.landscape)) + String.IsEmpty(ListItem.Art(landscape)) + String.IsEmpty(ListItem.Art(fanart)) + ![!String.IsEmpty(ListItem.Art(thumb)) + Container.Content(episodes)]</visible>
			</control>
			<control type="image">
				<width>430</width>
				<height>242</height>
				<texture colordiffuse="thumb_background" diffuse="items/mask_wide_db.png">common/white.jpg</texture>
				<aspectratio scalediffuse="false">stretch</aspectratio>
				<visible>![String.IsEmpty(ListItem.Art(tvshow.landscape)) + String.IsEmpty(ListItem.Art(landscape)) + String.IsEmpty(ListItem.Art(fanart)) + ![!String.IsEmpty(ListItem.Art(thumb)) + Container.Content(episodes)]]</visible>
			</control>
			<control type="textbox">
				<top>10</top>
				<left>10</left>
				<width>410</width>
				<height>222</height>
				<font>Light24</font>
				<align>center</align>
				<aligny>center</aligny>
				<label>$INFO[ListItem.Season,S,:]$INFO[ListItem.Episode,E, - ]$INFO[ListItem.Title]</label>
				<visible>String.IsEmpty(ListItem.Art(tvshow.landscape)) + String.IsEmpty(ListItem.Art(landscape)) + String.IsEmpty(ListItem.Art(fanart)) + ![!String.IsEmpty(ListItem.Art(thumb)) + Container.Content(episodes)]</visible>
			</control>
			<control type="image">
				<width>430</width>
				<height>242</height>
				<texture diffuse="items/mask_wide_db.png" background="true">$VAR[IconLandscape]</texture>
				<aspectratio scalediffuse="false">scale</aspectratio>
			</control>
			<control type="group">
				<width>430</width>
				<height>242</height>
				<include>bubble_play</include>
			</control>
		</control>
	</include>
	<include name="MetaSquareThumb">
		<control type="group">
			<left>70</left>
			<width>590</width>
			<control type="image">
				<top>-2</top>
				<left>-2</left>
				<width>346</width>
				<height>346</height>
				<texture>items/shadow_square_db.png</texture>
			</control>
			<control type="image">
				<width>340</width>
				<height>340</height>
				<texture colordiffuse="green" diffuse="items/mask_square_db.png">common/white.jpg</texture>
				<aspectratio scalediffuse="false">stretch</aspectratio>
				<visible>String.IsEmpty(ListItem.Icon) | String.StartsWith(ListItem.Icon,Default)</visible>
			</control>
			<control type="image">
				<width>340</width>
				<height>340</height>
				<texture colordiffuse="thumb_background" diffuse="items/mask_square_db.png">common/white.jpg</texture>
				<aspectratio scalediffuse="false">stretch</aspectratio>
				<visible>!String.IsEmpty(ListItem.Icon) + !String.StartsWith(ListItem.Icon,Default)</visible>
			</control>
			<control type="textbox">
				<top>10</top>
				<left>10</left>
				<width>320</width>
				<height>320</height>
				<font>Light24</font>
				<align>center</align>
				<aligny>center</aligny>
				<label>$INFO[ListItem.Label]</label>
				<visible>String.IsEmpty(ListItem.Icon) | String.StartsWith(ListItem.Icon,Default)</visible>
			</control>
			<control type="image">
				<width>340</width>
				<height>340</height>
				<texture diffuse="items/mask_square_db.png" background="true">$INFO[ListItem.Icon]</texture>
				<aspectratio scalediffuse="false">stretch</aspectratio>
				<visible>!String.StartsWith(ListItem.Icon,Default)</visible>
			</control>
		</control>
	</include>
	<include name="MetaBigThumb">
		<control type="group">
			<left>70</left>
			<width>590</width>
			<control type="group">
				<control type="image">
					<top>-2</top>
					<left>-2</left>
					<width>596</width>
					<height>338</height>
					<texture>items/shadow_wide_big.png</texture>
				</control>
				<control type="image">
					<width>590</width>
					<height>332</height>
					<texture colordiffuse="green" diffuse="items/mask_wide_big.png">common/white.jpg</texture>
					<aspectratio scalediffuse="false">stretch</aspectratio>
					<visible>String.IsEmpty(ListItem.Icon) | String.StartsWith(ListItem.Icon,Default)</visible>
				</control>
				<control type="image">
					<width>590</width>
					<height>332</height>
					<texture colordiffuse="thumb_background" diffuse="items/mask_wide_big.png">common/white.jpg</texture>
					<aspectratio scalediffuse="false">stretch</aspectratio>
					<visible>!String.IsEmpty(ListItem.Icon) + !String.StartsWith(ListItem.Icon,Default)</visible>
				</control>
				<control type="textbox">
					<top>10</top>
					<left>10</left>
					<width>570</width>
					<height>312</height>
					<font>Light24</font>
					<align>center</align>
					<aligny>center</aligny>
					<label>$VAR[MainListLabel]</label>
					<visible>String.IsEmpty(ListItem.Icon) | String.StartsWith(ListItem.Icon,Default)</visible>
				</control>
				<control type="image">
					<width>590</width>
					<height>332</height>
					<texture diffuse="items/mask_wide_db.png" background="true">$INFO[ListItem.Icon]</texture>
					<fadetime>200</fadetime>
					<aspectratio scalediffuse="false">keep</aspectratio>
					<bordersize>20</bordersize>
					<visible>!String.StartsWith(ListItem.Icon,Default)</visible>
				</control>
				<control type="group">
					<width>590</width>
					<height>332</height>
					<include>bubble_overlay</include>
					<include>bubble_play</include>
				</control>
				<include content="progress">
					<param name="top" value="328"/>
					<param name="width" value="590"/>
				</include>
			</control>
		</control>
	</include>
	<include name="MetaVideoBigThumb">
		<control type="group">
			<left>70</left>
			<width>590</width>
			<control type="group">
				<control type="image">
					<top>-2</top>
					<left>-2</left>
					<width>596</width>
					<height>338</height>
					<texture>items/shadow_wide_big.png</texture>
				</control>
				<control type="image">
					<width>590</width>
					<height>332</height>
					<texture colordiffuse="green" diffuse="items/mask_wide_big.png">common/white.jpg</texture>
					<aspectratio scalediffuse="false">stretch</aspectratio>
					<visible>String.IsEmpty(VideoPlayer.Cover) | String.StartsWith(VideoPlayer.Cover,Default)</visible>
				</control>
				<control type="image">
					<width>590</width>
					<height>332</height>
					<texture colordiffuse="darkbutton" diffuse="items/mask_wide_big.png">common/white.jpg</texture>
					<aspectratio scalediffuse="false">stretch</aspectratio>
					<visible>!String.IsEmpty(VideoPlayer.Cover) + !String.StartsWith(VideoPlayer.Cover,Default)</visible>
				</control>
				<control type="textbox">
					<top>10</top>
					<left>10</left>
					<width>570</width>
					<height>312</height>
					<font>Light24</font>
					<align>center</align>#
					<aligny>center</aligny>
					<label>$INFO[VideoPlayer.Channelname]</label>
					<visible>String.IsEmpty(VideoPlayer.Cover) | String.StartsWith(VideoPlayer.Cover,Default)</visible>
				</control>
				<control type="image">
					<width>590</width>
					<height>332</height>
					<texture diffuse="items/mask_wide_db.png" background="true">$VAR[PlayerIcon]</texture>
					<fadetime>200</fadetime>
					<aspectratio scalediffuse="false">keep</aspectratio>
					<bordersize>20</bordersize>							
					<visible>!String.StartsWith(VideoPlayer.Cover,Default)</visible>
				</control>
				<control type="group">
					<width>590</width>
					<height>332</height>
					<include>bubble_overlay</include>
					<include>bubble_play</include>
				</control>
				<include content="PlayerProgress">
					<param name="top" value="328"/>
					<param name="width" value="590"/>
				</include>
			</control>
		</control>
	</include>
	<include name="MetaClearlogo">
		<control type="image">
			<right>70</right>
			<width>400</width>
			<height>155</height>
			<texture background="true">$VAR[ListItemClearlogo]</texture>
			<aspectratio>keep</aspectratio>
		</control>
	</include>
	<include name="MetaPlayerClearlogo">
		<control type="image">
			<right>70</right>
			<width>400</width>
			<height>155</height>
			<texture background="true">$VAR[PlayerClearlogo]</texture>
			<aspectratio>keep</aspectratio>
		</control>
	</include>
	<!-- common includes -->
	<include name="MetaRating">
		<param name="type">ListItem</param>
		<definition>		
			<control type="label">
				<label></label>
				<font>Material26</font>
				<textcolor>red</textcolor>
				<include>MetaLabel</include>
				<visible>!String.IsEmpty($PARAM[type].Rating)</visible>
			</control>
			<control type="label">
				<label>$INFO[$PARAM[type].Rating]   </label>
				<include>MetaLabel</include>
				<visible>!String.IsEmpty($PARAM[type].Rating)</visible>
			</control>
			<control type="label">
				<label></label>
				<font>Material26</font>
				<textcolor>red</textcolor>
				<include>MetaLabel</include>
				<visible>String.IsEmpty($PARAM[type].Rating) + Window.IsVisible(fullscreeninfo) + !String.IsEmpty(Window(home).Property(TvShowRating))</visible>
			</control>
			<control type="label">
				<label>$INFO[Window(home).Property(TvShowRating)]   </label>
				<include>MetaLabel</include>
				<visible>String.IsEmpty($PARAM[type].Rating) + Window.IsVisible(fullscreeninfo) + !String.IsEmpty(Window(home).Property(TvShowRating))</visible>
			</control>
		</definition>
	</include>
	<include name="SkinHelperRatings">
		<param name="type">ListItem</param>
		<definition>			
			<control type="image">								
				<animation effect="slide" end="0,3" time="0" condition="true">Conditional</animation>
				<width>24</width>
				<height>20</height>
				<texture>icons/rating/metacritics_logo.png</texture>
				<aspectratio>keep</aspectratio>
				<visible>!String.IsEmpty(Window(Home).Property(SkinHelper.$PARAM[type].MetaCritic.Rating))</visible>
			</control>
			<control type="label">
				<label>$INFO[Window(Home).Property(SkinHelper.$PARAM[type].MetaCritic.Rating),,%]   </label>
				<include>MetaLabel</include>
				<visible>!String.IsEmpty(Window(Home).Property(SkinHelper.$PARAM[type].MetaCritic.Rating))</visible>
			</control>
			<control type="image">								
				<animation effect="slide" end="0,3" time="0" condition="true">Conditional</animation>
				<width>24</width>
				<height>20</height>
				<texture>icons/rating/rotten_fresh.png</texture>
				<aspectratio>keep</aspectratio>
				<visible>!String.IsEmpty(Window(Home).Property(SkinHelper.$PARAM[type].RottenTomatoes.Rating)) + Integer.IsGreater(Window(Home).Property(SkinHelper.$PARAM[type].RottenTomatoes.Rating),59)</visible>
			</control>e
			<control type="image">								
				<animation effect="slide" end="0,3" time="0" condition="true">Conditional</animation>
				<width>24</width>
				<height>20</height>
				<texture>icons/rating/rotten_rotten.png</texture>
				<aspectratio>keep</aspectratio>
				<visible>!String.IsEmpty(Window(Home).Property(SkinHelper.$PARAM[type].RottenTomatoes.Rating)) + !Integer.IsGreater(Window(Home).Property(SkinHelper.$PARAM[type].RottenTomatoes.Rating),59)</visible>
			</control>
			<control type="label">
				<label>$INFO[Window(Home).Property(SkinHelper.$PARAM[type].RottenTomatoes.Rating),,%]   </label>
				<include>MetaLabel</include>
				<visible>!String.IsEmpty(Window(Home).Property(SkinHelper.$PARAM[type].RottenTomatoes.Rating))</visible>
			</control>
		</definition>
	</include>
	<include name="MpaaIcon">
		<param name="type">ListItem</param>
		<definition>
			<control type="button">
				<width min="24">auto</width>
				<height>28</height>
				<font>med16</font>
				<label>$INFO[$PARAM[type].Mpaa]</label>
				<textoffsetx>10</textoffsetx>
				<align>center</align>
				<textcolor>white</textcolor>
				<disabledcolor>white</disabledcolor>
				<texturefocus border="10" colordiffuse="text_white">icons/rating/mpaa.png</texturefocus>
				<texturenofocus border="10" colordiffuse="text_white">icons/rating/mpaa.png</texturenofocus>
				<enable>false</enable>
				<visible>!String.IsEmpty($PARAM[type].Mpaa)</visible>
			</control>
			<control type="label">
				<width>12</width>
				<height>24</height>
				<label/>
				<visible>!String.IsEmpty($PARAM[type].Mpaa)</visible>
			</control>
			<control type="button">
				<width min="24">auto</width>
				<height>28</height>
				<font>med16</font>
				<label>$INFO[Window(home).Property(EmbyMPAA)]</label>
				<textoffsetx>10</textoffsetx>
				<align>center</align>
				<textcolor>white</textcolor>
				<disabledcolor>white</disabledcolor>
				<texturefocus border="10" colordiffuse="text_white">icons/rating/mpaa.png</texturefocus>
				<texturenofocus border="10" colordiffuse="text_white">icons/rating/mpaa.png</texturenofocus>
				<enable>false</enable>
				<visible>String.IsEmpty($PARAM[type].Mpaa) + !String.IsEmpty(Window(home).Property(EmbyMPAA)) + String.StartsWith($PARAM[type].Path,plugin://plugin.video.embycon)</visible>
			</control>
			<control type="label">
				<width>12</width>
				<height>24</height>
				<label/>
				<visible>String.IsEmpty($PARAM[type].Mpaa) + !String.IsEmpty(Window(home).Property(EmbyMPAA)) + String.StartsWith($PARAM[type].Path,plugin://plugin.video.embycon)</visible>
			</control>
		</definition>
	</include>
	<include name="CCIcon">
		<param name="visible">!String.IsEmpty(ListItem.SubtitleLanguage)</param>
		<definition>
			<control type="button">
				<width min="24">auto</width>
				<height>28</height>
				<font>med16</font>
				<label>CC</label>
				<textoffsetx>10</textoffsetx>
				<align>center</align>
				<disabledcolor>text_white</disabledcolor>
				<texturefocus border="10" colordiffuse="greybutton">items/shadow_smallbutton.png</texturefocus>
				<texturenofocus border="10" colordiffuse="greybutton">items/shadow_smallbutton.png</texturenofocus>
				<enable>false</enable>
				<visible>$PARAM[visible]</visible>
			</control>
			<control type="label">
				<width>9</width>
				<height>24</height>
				<label/>
				<visible>$PARAM[visible]</visible>
			</control>
		</definition>
	</include>
	<include name="MetaGenre">
		<param name="type">ListItem</param>
		<param name="visible">true</param>
		<definition>
			<control type="label">
				<width>auto</width>
				<height>40</height>
				<label>$INFO[ListItem.AddonType,, ]$INFO[$PARAM[type].Genre,$LOCALIZE[515]: ,   ]$INFO[$PARAM[type].Director,$LOCALIZE[20339]: ]</label>
				<font>reg22</font>
				<textcolor>emby</textcolor>
				<shadowcolor>text_shadow</shadowcolor>
				<visible>$PARAM[visible]</visible>
			</control>
		</definition>
	</include>
	<!-- Flags -->
	<include name="MetaFlags">
		<param name="type">MediaFlags</param>
		<definition>
			<control type="grouplist">
				<orientation>horizontal</orientation>
				<height>65</height>
				<itemgap>5</itemgap>
				<width>1040</width>
				<include>$PARAM[type]</include>
			</control>
		</definition>
	</include>
	<include name="MediaFlags">
		<control type="button">
			<include>MetaFlagsButton</include>
			<label>[UPPERCASE]$VAR[ListItemResolution][/UPPERCASE]</label>
			<visible>!String.IsEmpty(ListItem.VideoResolution)</visible>
		</control>
		<control type="button">
			<include>MetaFlagsButton</include>
			<label>[UPPERCASE]$INFO[ListItem.VideoCodec][/UPPERCASE]</label>
			<visible>!String.IsEmpty(ListItem.VideoCodec)</visible>
		</control>
		<control type="button">
			<include>MetaFlagsButton</include>
			<label>$VAR[ListItemAudioChannels]</label>
			<visible>!String.IsEmpty(ListItem.AudioChannels)</visible>
		</control>
		<control type="button">
			<include>MetaFlagsButton</include>
			<label>$VAR[ListItemAudio]</label>
			<visible>!String.IsEmpty(ListItem.AudioChannels) + !String.IsEmpty(ListItem.AudioCodec)</visible>
		</control>
		<control type="button">
			<include>MetaFlagsButton</include>
			<label>$INFO[ListItem.DateAdded,$LOCALIZE[570]: ]</label>
			<visible>!String.IsEmpty(ListItem.DateAdded)</visible>
		</control>
	</include>
	<include name="PlayerFlags">
		<control type="button">
			<include>MetaFlagsButton</include>
			<label>[UPPERCASE]$VAR[PlayerResolution][/UPPERCASE]</label>
			<visible>!String.IsEmpty(VideoPlayer.VideoResolution)</visible>
		</control>
		<control type="button">
			<include>MetaFlagsButton</include>
			<label>[UPPERCASE]$INFO[VideoPlayer.VideoCodec][/UPPERCASE]</label>
			<visible>!String.IsEmpty(VideoPlayer.VideoCodec)</visible>
		</control>
		<control type="button">
			<include>MetaFlagsButton</include>
			<label>$VAR[PlayerAudioChannels]</label>
			<visible>!String.IsEmpty(VideoPlayer.AudioChannels)</visible>
		</control>
		<control type="button">
			<include>MetaFlagsButton</include>
			<label>$VAR[PlayerAudio]</label>
			<visible>!String.IsEmpty(VideoPlayer.AudioChannels) + !String.IsEmpty(VideoPlayer.AudioCodec)</visible>
		</control>
	</include>
	<include name="PVRFlags">
		<control type="button">
			<include>MetaFlagsButton</include>
			<label>$LOCALIZE[31161]</label>
			<visible>!ListItem.IsEncrypted</visible>
		</control>
		<control type="button">
			<include>MetaFlagsButton</include>
			<label>$LOCALIZE[31022]</label>
			<visible>ListItem.IsEncrypted</visible>
		</control>
		<control type="button">
			<include>MetaFlagsButton</include>
			<label>$LOCALIZE[31023]</label>
			<visible>ListItem.IsRecording</visible>
		</control>
		<control type="button">
			<include>MetaFlagsButton</include>
			<label>$LOCALIZE[31024]</label>
			<visible>ListItem.HasTimer</visible>
		</control>
		<control type="button">
			<include>MetaFlagsButton</include>
			<label>$LOCALIZE[31025]</label>
			<visible>ListItem.HasTimerSchedule</visible>
		</control>
	</include>
	<include name="AddonFlags">
		<control type="button">
			<include>MetaFlagsButton</include>
			<label>$LOCALIZE[31035]</label>
			<visible>!String.IsEmpty(ListItem.AddonBroken)</visible>
		</control>
		<control type="button">
			<include>MetaFlagsButton</include>
			<label>$LOCALIZE[289] $INFO[ListItem.AddonSize]</label>
			<visible>!String.IsEmpty(ListItem.AddonSize)</visible>
		</control>
		<control type="button">
			<include>MetaFlagsButton</include>
			<label>$LOCALIZE[12013]: $INFO[ListItem.AddonInstallDate]</label>
			<visible>!String.IsEmpty(ListItem.AddonInstallDate)</visible>
		</control>
		<control type="button">
			<include>MetaFlagsButton</include>
			<label>$LOCALIZE[12014]: $INFO[ListItem.AddonLastUpdated]</label>
			<visible>!String.IsEmpty(ListItem.AddonLastUpdated)</visible>
		</control>
	</include>
</includes>