<?xml version="1.0" encoding="UTF-8"?>
<includes>
	<include name="Episode_View_55">
		<!-- season 55 -->
		<control type="grouplist" id="550">
			<include>Visible_OpenClose</include>
			<include>Bounce_Up_Down</include>
			<visible>Control.IsVisible(55)</visible>
			<width>2130</width>
			<height>100%</height>
			<orientation>vertical</orientation>
			<usecontrolcoords>true</usecontrolcoords>
			<scrolltime tween="sine" easing="out">400</scrolltime>
			<itemgap>-80</itemgap>
			<!-- Meta -->
			<control type="group">
				<width>1920</width>
				<height>960</height>
				<control type="group">
					<top>128</top>
					<height>435</height>
					<width>1920</width>
					<!-- thumb -->
					<include>MetaThumbnail</include>
					<!-- meta -->
					<control type="grouplist">
						<left>524</left>
						<orientation>vertical</orientation>
						<height>500</height>
						<align>top</align>
						<itemgap>0</itemgap>
						<right>70</right>
						<control type="label">
							<width>886</width>
							<height>60</height>
							<label>$INFO[ListItem.TvShowTitle]</label>
							<font>Reg37</font>
							<shadowcolor>text_shadow</shadowcolor>
						</control>
						<control type="label">
							<width>886</width>
							<height>60</height>
							<label>$INFO[ListItem.Season,S,:]$INFO[ListItem.Episode,E, - ]$INFO[ListItem.Title]</label>
							<font>Reg37</font>
							<shadowcolor>text_shadow</shadowcolor>
						</control>
						<!-- meta -->
						<include content="MetaEpisodeInfos">
							<param name="width" value="886"/>
						</include>
						<!-- buttons -->
						<control type="grouplist" id="100">
							<height>65</height>
							<orientation>horizontal</orientation>
							<itemgap>5</itemgap>
							<onright>noop</onright>
							<onleft>9999</onleft>
							<control type="button" id="101">
								<include>LightGreyButton</include>
								<label>$LOCALIZE[31069]</label>
								<onup>SetFocus(6666)</onup>
								<ondown>SetFocus(54)</ondown>
								<onclick>back</onclick>
							</control>
							<control type="button" id="103">
								<visible>Control.IsVisible(96)</visible>
								<include>LightGreyButton</include>
								<label>$LOCALIZE[31013]</label>
								<onclick>RunScript(script.skin.helper.service,action=textviewer,header='$ESCINFO[ListItem.TVShowTitle]',message='$ESCVAR[TinyInfoDialogPlot]')</onclick>
								<onup>SetFocus(6666)</onup>
								<ondown>SetFocus(54)</ondown>
							</control>
							<control type="togglebutton" id="102">
								<include>LightGreyButton</include>
								<width>70</width>
								<height>50</height>
								<font>material24</font>
								<altlabel>[B][/B]</altlabel>
								<label>[B][COLOR red][/COLOR][/B]</label>
								<onclick>ToggleWatched</onclick>
								<onup>SetFocus(6666)</onup>
								<ondown>SetFocus(54)</ondown>
								<selected>!String.IsEqual(ListItem.Overlay,OverlayWatched.png)</selected>
							</control>
						</control>
						<control type="textbox">
							<width>100%</width>
							<height>125</height>
							<align>justify</align>
							<aligny>top</aligny>
							<label>$INFO[ListItem.Plot]</label>
							<font>Light24</font>
							<shadowcolor>text_shadow</shadowcolor>
							<autoscroll>false</autoscroll>
							<pagecontrol>96</pagecontrol>
						</control>
						<control type="label">
							<height>15</height>
						</control>
						<!-- flags -->
						<include>MetaFlags</include>
					</control>
					<!-- logo -->
					<include>MetaClearlogo</include>
				</control>
				<control type="group">
					<top>524</top>
					<!-- Episodes -->
					<include content="WideWidget">
						<param name="id" value="55"/>
						<param name="onup" value="100"/>
						<param name="ondown" value="1000"/>
						<param name="sublabel" value=""/>
						<param name="sortby" value="playcount"/>
						<param name="sortorder" value="descending"/>
						<param name="headline" value="$LOCALIZE[20360]"/>
						<param name="use_custom_content" value="false"/>				
						<param name="content_visibility" value="Container.Content(episodes) + [!String.StartsWith(Container.FolderPath,plugin://) | String.StartsWith(Container.FolderPath,plugin://plugin.video.embycon)]"/>
						<param name="list_name" value="$LOCALIZE[20359]"/>
						<param name="height" value="438"/>
					</include>
				</control>
			</control>
			<!-- Cast -->
			<include content="CastWidget">
				<param name="id" value="1000"/>
				<param name="onup" value="55"/>
				<param name="ondown" value="SetProperty(BounceDown,1,home)"/>
				<param name="onback" value="55"/>
				<param name="mainlabel" value="$INFO[ListItem.Label]"/>
				<param name="sublabel" value="$INFO[ListItem.Label2]"/>
				<param name="headline" value="$LOCALIZE[206]"/>
				<param name="content" value="$VAR[View_Cast_Content]"/>
			</include>
		</control>
		<!-- Hidden scrollbar -->
		<control id="96" type="scrollbar">
			<left>-1200</left>
			<width>100</width>
			<height>1</height>
			<showonepage>false</showonepage>
			<orientation>vertical</orientation>
			<visible>Control.IsVisible(55)</visible>
		</control>
	</include>
</includes>