<?xml version="1.0" encoding="UTF-8"?>
<includes>
    <include name="HomeSubMenuCommonValues">
        <left>105</left>
        <top>-113</top>
        <width>1755</width>
        <height>52</height>
        <align>center</align>
        <aligny>center</aligny>
        <onleft>9010</onleft>
        <onright>9010</onright>
        <onup>290</onup>
        <ondown>Control.SetFocus(9000)</ondown>
        <itemgap>8</itemgap>
        <orientation>Horizontal</orientation>
        <animation type="Conditional" condition="ControlGroup(9001).HasFocus()">
            <effect type="fade" start="0" end="100" time="100" />
        </animation>
        <animation type="Conditional" condition="!ControlGroup(9001).HasFocus()">
            <effect type="slide" start="0,-30" end="0,0" time="200" tween="quadratic" easing="out" />
            <effect type="fade" start="100" end="0" time="100" />
        </animation>
    </include>
    <include name="ButtonHomeSubCommonValues">
        <height>39</height>
        <width max="405" min="225">auto</width>
        <textwidth>auto</textwidth>
        <align>center</align>
        <aligny>center</aligny>
        <textcolor>grey3</textcolor>
        <focusedcolor>white</focusedcolor>
        <texturefocus>BlackBack.png</texturefocus>
        <texturenofocus>-</texturenofocus>
        <pulseonselect>false</pulseonselect>
    </include>
    <include name="HomeSubSettingsButton">
		<control type="button" id="$PARAM[id1]">
			<include>ButtonHomeSubCommonValues</include>
			<label>24001</label>
			<onclick>ActivateWindow(Pictures,Addons,return)</onclick>
			<visible>String.IsEqual(Container(9000).ListItem.Property(homemenu_category),$LOCALIZE[1])|[!Skin.HasSetting(Home_Picture_Button)+String.IsEqual(Container(9000).ListItem.Property(homemenu_id),picture)]</visible>
		</control>
		<control type="button" id="$PARAM[id2]">
			<include>ButtonHomeSubCommonValues</include>
			<label>21417</label>
			<onclick>SetProperty(HomeButton,$INFO[Container(9000).ListItem.Property(homemenu_id)],home)</onclick>
			<onclick>ActivateWindow(1501)</onclick>
		</control>
	</include>
    <include name="HomeSubMenuMusic">
        <control type="grouplist" id="9010">
            <include>HomeSubMenuCommonValues</include>
            <onleft>9010</onleft>
            <onright>9010</onright>
            <onup>8002</onup>
            <visible>String.IsEqual(Container(9000).ListItem.Property(homemenu_id),music)</visible>
            <control type="button" id="80100">
                <description>Refresh Button</description>
                <height>39</height>
                <width>39</width>
                <align>center</align>
                <aligny>center</aligny>
                <texturefocus>buttons/RefreshFO.png</texturefocus>
                <texturenofocus>buttons/RefreshNF.png</texturenofocus>
                <pulseonselect>false</pulseonselect>
                <label>-</label>
                <onclick>Control.SetFocus(9000)</onclick>
                <onclick>ActivateWindow(1142)</onclick>
				<visible>[String.Contains(Container(9000).ListItem.Property(homemenu_path),music)|String.Contains(Container(9000).ListItem.Property(homemenu_path),audio)]|!Skin.HasSetting(Home_Music_Button)</visible>
            </control>
            <control type="button" id="80101">
                <description>Refresh Button</description>
                <height>39</height>
                <width>39</width>
                <align>center</align>
                <aligny>center</aligny>
                <texturefocus>buttons/RefreshFO.png</texturefocus>
                <texturenofocus>buttons/RefreshNF.png</texturenofocus>
                <pulseonselect>false</pulseonselect>
                <label>-</label>
                <onclick>Control.SetFocus(9000)</onclick>
                <onclick>ActivateWindow(1141)</onclick>
				<visible>String.Contains(Container(9000).ListItem.Property(homemenu_path),video)+Skin.HasSetting(Home_Music_Button)</visible>
            </control>
            <control type="button" id="80104">
                <include>ButtonHomeSubCommonValues</include>
                <label>589</label>
                <onclick>PlayerControl(partymode(music))</onclick>
                <onclick>fullscreen</onclick>
                <visible>Library.HasContent(Music)</visible>
                <visible>!Skin.HasSetting(SubMenu_Music_NoPartymodeButton)</visible>
				<visible>!Skin.HasSetting(Home_Music_Button)</visible>
            </control>
            <control type="button" id="80105">
                <include>ButtonHomeSubCommonValues</include>
                <label>133</label>
                <onclick>ActivateWindow(Music,Artists,return)</onclick>
                <visible>Library.HasContent(Music)</visible>
                <visible>!Skin.HasSetting(SubMenu_Music_NoArtistButton)</visible>
				<visible>!Skin.HasSetting(Home_Music_Button)</visible>
            </control>
            <control type="button" id="80106">
                <include>ButtonHomeSubCommonValues</include>
                <label>132</label>
                <onclick>ActivateWindow(music,Albums,return)</onclick>
                <visible>Library.HasContent(Music)</visible>
                <visible>!Skin.HasSetting(SubMenu_Music_NoAlbumButton)</visible>
				<visible>!Skin.HasSetting(Home_Music_Button)</visible>
            </control>
            <control type="button" id="80107">
                <include>ButtonHomeSubCommonValues</include>
                <label>134</label>
                <onclick>ActivateWindow(music,Songs,return)</onclick>
                <visible>Library.HasContent(Music)</visible>
                <visible>!Skin.HasSetting(SubMenu_Music_NoSongsButton)</visible>
				<visible>!Skin.HasSetting(Home_Music_Button)</visible>
            </control>
            <control type="button" id="80108">
                <include>ButtonHomeSubCommonValues</include>
                <label>744</label>
                <onclick>ActivateWindow(Music,Files,return)</onclick>
				<visible>!Skin.HasSetting(Home_Music_Button)</visible>
            </control>
            <control type="button" id="80109">
                <include>ButtonHomeSubCommonValues</include>
                <label>14022</label>
                <onclick>ActivateWindow(music,root)</onclick>
                <visible>Library.HasContent(Music)</visible>
                <visible>!Skin.HasSetting(SubMenu_Music_NoLibraryButton)</visible>
				<visible>!Skin.HasSetting(Home_Music_Button)</visible>
            </control>
            <control type="button" id="80110">
                <include>ButtonHomeSubCommonValues</include>
                <label>24001</label>
                <onclick>ActivateWindow(music,Addons,return)</onclick>
                <visible>Library.HasContent(Music)</visible>
                <visible>!Skin.HasSetting(SubMenu_Music_NoAddonButton)</visible>
				<visible>!Skin.HasSetting(Home_Music_Button)</visible>
            </control>
            <control type="button" id="80111">
                <include>ButtonHomeSubCommonValues</include>
                <label>24001</label>
                <onclick>ActivateWindow(Music,Addons,return)</onclick>
                <visible>!Library.HasContent(Music)</visible>
                <visible>!Skin.HasSetting(SubMenu_Music_NoAddonButton)</visible>
				<visible>!Skin.HasSetting(Home_Music_Button)</visible>
            </control>
			<include content="HomeSubSettingsButton">
				<param name="id1" value="80112" />
				<param name="id2" value="80113" />
			</include>
        </control>
    </include>
    <include name="HomeSubMenuVideos">
        <control type="grouplist" id="9010">
            <include>HomeSubMenuCommonValues</include>
            <onleft>9010</onleft>
            <onright>9010</onright>
            <visible>String.IsEqual(Container(9000).ListItem.Property(homemenu_id),videos)</visible>
            <control type="button" id="80115">
                <description>Refresh Button</description>
                <height>39</height>
                <width>39</width>
                <align>center</align>
                <aligny>center</aligny>
                <texturefocus>buttons/RefreshFO.png</texturefocus>
                <texturenofocus>buttons/RefreshNF.png</texturenofocus>
                <pulseonselect>false</pulseonselect>
                <label>-</label>
                <onclick>Control.SetFocus(9000)</onclick>
                <onclick>ActivateWindow(1142)</onclick>
				<visible>[String.Contains(Container(9000).ListItem.Property(homemenu_path),music)|String.Contains(Container(9000).ListItem.Property(homemenu_path),audio)]+Skin.HasSetting(Home_Video_Button)</visible>
            </control>
            <control type="button" id="80116">
                <description>Refresh Button</description>
                <height>39</height>
                <width>39</width>
                <align>center</align>
                <aligny>center</aligny>
                <texturefocus>buttons/RefreshFO.png</texturefocus>
                <texturenofocus>buttons/RefreshNF.png</texturenofocus>
                <pulseonselect>false</pulseonselect>
                <label>-</label>
                <onclick>Control.SetFocus(9000)</onclick>
                <onclick>ActivateWindow(1141)</onclick>
				<visible>String.Contains(Container(9000).ListItem.Property(homemenu_path),video)|!Skin.HasSetting(Home_Video_Button)</visible>
            </control>
            <control type="button" id="80117">
                <include>ButtonHomeSubCommonValues</include>
                <label>342</label>
                <onclick>ActivateWindow(Videos,MovieTitles,return)</onclick>
                <visible>Library.HasContent(Movies)</visible>
                <visible>!Skin.HasSetting(SubMenu_Video_NoMovieButton)</visible>
				<visible>!Skin.HasSetting(Home_Video_Button)</visible>
            </control>
            <control type="button" id="80118">
                <include>ButtonHomeSubCommonValues</include>
                <label>20343</label>
                <onclick>ActivateWindow(Videos,TvShowTitles,return)</onclick>
                <visible>Library.HasContent(TVShows)</visible>
                <visible>!Skin.HasSetting(SubMenu_Video_NoTVShowButton)</visible>
				<visible>!Skin.HasSetting(Home_Video_Button)</visible>
            </control>
            <control type="button" id="80119">
                <include>ButtonHomeSubCommonValues</include>
                <label>20389</label>
                <onclick>ActivateWindow(Videos,MusicVideoTitles,return)</onclick>
                <visible>Library.HasContent(MusicVideos)</visible>
                <visible>!Skin.HasSetting(SubMenu_Video_NoMusicvideoButton)</visible>
				<visible>!Skin.HasSetting(Home_Video_Button)</visible>
            </control>
            <control type="button" id="80120">
                <include>ButtonHomeSubCommonValues</include>
                <label>744</label>
                <onclick>ActivateWindow(Videos,Files,return)</onclick>
				<visible>!Skin.HasSetting(Home_Video_Button)</visible>
            </control>
            <control type="button" id="80121">
                <include>ButtonHomeSubCommonValues</include>
                <label>14022</label>
                <onclick>ActivateWindow(Videos,Root)</onclick>
                <visible>Library.HasContent(Video)</visible>
                <visible>!Skin.HasSetting(SubMenu_Video_NoLibraryButton)</visible>
				<visible>!Skin.HasSetting(Home_Video_Button)</visible>
            </control>
            <control type="button" id="80122">
                <include>ButtonHomeSubCommonValues</include>
                <label>24001</label>
                <onclick>ActivateWindow(Videos,Addons,return)</onclick>
                <visible>!Skin.HasSetting(SubMenu_Video_NoVideoAddonButton)</visible>
				<visible>!Skin.HasSetting(Home_Video_Button)</visible>
            </control>
			<include content="HomeSubSettingsButton">
				<param name="id1" value="80124" />
				<param name="id2" value="80125" />
			</include>
        </control>
    </include>
    <include name="HomeSubMenuMovies">
        <control type="grouplist" id="9010">
            <include>HomeSubMenuCommonValues</include>
            <onleft>9010</onleft>
            <onright>9010</onright>
            <visible>String.IsEqual(Container(9000).ListItem.Property(homemenu_id),movies)</visible>
            <control type="button" id="80129">
                <description>Refresh Button</description>
                <height>39</height>
                <width>39</width>
                <align>center</align>
                <aligny>center</aligny>
                <texturefocus>buttons/RefreshFO.png</texturefocus>
                <texturenofocus>buttons/RefreshNF.png</texturenofocus>
                <pulseonselect>false</pulseonselect>
                <label>-</label>
                <onclick>Control.SetFocus(9000)</onclick>
                <onclick>ActivateWindow(1142)</onclick>
				<visible>[String.Contains(Container(9000).ListItem.Property(homemenu_path),music)|String.Contains(Container(9000).ListItem.Property(homemenu_path),audio)]+Skin.HasSetting(Home_Movie_Button)</visible>
            </control>
            <control type="button" id="80130">
                <description>Refresh Button</description>
                <height>39</height>
                <width>39</width>
                <align>center</align>
                <aligny>center</aligny>
                <texturefocus>buttons/RefreshFO.png</texturefocus>
                <texturenofocus>buttons/RefreshNF.png</texturenofocus>
                <pulseonselect>false</pulseonselect>
                <label>-</label>
                <onclick>Control.SetFocus(9000)</onclick>
                <onclick>ActivateWindow(1141)</onclick>
				<visible>String.Contains(Container(9000).ListItem.Property(homemenu_path),video)|!Skin.HasSetting(Home_Movie_Button)</visible>
            </control>
            <control type="button" id="80131">
                <include>ButtonHomeSubCommonValues</include>
                <label>20434</label>
                <onclick>ActivateWindow(Videos,MovieSets,return)</onclick>
                <visible>Library.HasContent(MovieSets)</visible>
                <visible>!Skin.HasSetting(SubMenu_Movie_NoSetButton)</visible>
				<visible>!Skin.HasSetting(Home_Movie_Button)</visible>
            </control>
            <control type="button" id="80132">
                <include>ButtonHomeSubCommonValues</include>
                <label>369</label>
                <onclick>ActivateWindow(Videos,MovieTitles,return)</onclick>
                <visible>!Skin.HasSetting(SubMenu_Movie_NoTitleButton)</visible>
				<visible>!Skin.HasSetting(Home_Movie_Button)</visible>
            </control>
            <control type="button" id="80133">
                <include>ButtonHomeSubCommonValues</include>
                <label>135</label>
                <onclick>ActivateWindow(Videos,MovieGenres,return)</onclick>
                <visible>!Skin.HasSetting(SubMenu_Movie_NoGenreButton)</visible>
				<visible>!Skin.HasSetting(Home_Movie_Button)</visible>
            </control>
            <control type="button" id="80134">
                <include>ButtonHomeSubCommonValues</include>
                <label>652</label>
                <onclick>ActivateWindow(Videos,MovieYears,return)</onclick>
                <visible>!Skin.HasSetting(SubMenu_Movie_NoGenreButton)</visible>
				<visible>!Skin.HasSetting(Home_Movie_Button)</visible>
            </control>
            <control type="button" id="80135">
                <include>ButtonHomeSubCommonValues</include>
                <label>344</label>
                <onclick>ActivateWindow(Videos,MovieActors,return)</onclick>
                <visible>!Skin.HasSetting(SubMenu_Movie_NoActorButton)</visible>
				<visible>!Skin.HasSetting(Home_Movie_Button)</visible>
            </control>
            <control type="button" id="80136">
                <include>ButtonHomeSubCommonValues</include>
                <label>24001</label>
                <onclick>ActivateWindow(Videos,Addons,return)</onclick>
                <visible>!Skin.HasSetting(SubMenu_Movie_NoAddonButton)</visible>
				<visible>!Skin.HasSetting(Home_Movie_Button)</visible>
            </control>
            <control type="button" id="80137">
                <include>ButtonHomeSubCommonValues</include>
                <label>744</label>
                <onclick>ActivateWindow(Videos,Files,return)</onclick>
				<visible>!Skin.HasSetting(Home_Movie_Button)</visible>
            </control>
			<include content="HomeSubSettingsButton">
				<param name="id1" value="80138" />
				<param name="id2" value="80139" />
			</include>
        </control>
    </include>
    <include name="HomeSubMenuDashboard">
        <!-- Dashboard -->
        <control type="grouplist" id="9010">
			<onup>8009</onup>
            <include>HomeSubMenuCommonValues</include>
            <onleft>9010</onleft>
            <onright>9010</onright>
            <visible>String.IsEqual(Container(9000).ListItem.Property(homemenu_id),dashboard)</visible>
            <control type="button" id="80140">
                <include>ButtonHomeSubCommonValues</include>
                <label>21417</label>
                <onclick>SetProperty(HomeButton,dashboard)</onclick>
                <onclick>ActivateWindow(1500)</onclick>
            </control>
        </control>
    </include>
    <include name="HomeSubMenuTVShows">
        <control type="grouplist" id="9010">
            <include>HomeSubMenuCommonValues</include>
            <onleft>9010</onleft>
            <onright>9010</onright>
            <visible>String.IsEqual(Container(9000).ListItem.Property(homemenu_id),tvshow)</visible>
            <control type="button" id="80145">
                <description>Refresh Button</description>
                <height>39</height>
                <width>39</width>
                <align>center</align>
                <aligny>center</aligny>
                <texturefocus>buttons/RefreshFO.png</texturefocus>
                <texturenofocus>buttons/RefreshNF.png</texturenofocus>
                <pulseonselect>false</pulseonselect>
                <label>-</label>
                <onclick>Control.SetFocus(9000)</onclick>
                <onclick>ActivateWindow(1142)</onclick>
				<visible>[String.Contains(Container(9000).ListItem.Property(homemenu_path),music)|String.Contains(Container(9000).ListItem.Property(homemenu_path),audio)]+Skin.HasSetting(Home_TVShow_Button)</visible>
            </control>
            <control type="button" id="80146">
                <description>Refresh Button</description>
                <height>39</height>
                <width>39</width>
                <align>center</align>
                <aligny>center</aligny>
                <texturefocus>buttons/RefreshFO.png</texturefocus>
                <texturenofocus>buttons/RefreshNF.png</texturenofocus>
                <pulseonselect>false</pulseonselect>
                <label>-</label>
                <onclick>Control.SetFocus(9000)</onclick>
                <onclick>ActivateWindow(1141)</onclick>
				<visible>String.Contains(Container(9000).ListItem.Property(homemenu_path),video)|!Skin.HasSetting(Home_TVShow_Button)</visible>
            </control>
            <control type="button" id="80147">
                <include>ButtonHomeSubCommonValues</include>
                <label>369</label>
                <onclick>ActivateWindow(Videos,TVShowTitles,return)</onclick>
                <visible>!Skin.HasSetting(SubMenu_TVShow_NoTitleButton)</visible>
				<visible>!Skin.HasSetting(Home_TVShow_Button)</visible>
            </control>
            <control type="button" id="80148">
                <include>ButtonHomeSubCommonValues</include>
                <label>135</label>
                <onclick>ActivateWindow(Videos,TVShowGenres,return)</onclick>
                <visible>!Skin.HasSetting(SubMenu_TVShow_NoGenreButton)</visible>
				<visible>!Skin.HasSetting(Home_TVShow_Button)</visible>
            </control>
            <control type="button" id="80149">
                <include>ButtonHomeSubCommonValues</include>
                <label>652</label>
                <onclick>ActivateWindow(Videos,TVShowYears,return)</onclick>
                <visible>!Skin.HasSetting(SubMenu_TVShow_NoYearButton)</visible>
				<visible>!Skin.HasSetting(Home_TVShow_Button)</visible>
            </control>
            <control type="button" id="80150">
                <include>ButtonHomeSubCommonValues</include>
                <label>344</label>
                <onclick>ActivateWindow(Videos,TVShowActors,return)</onclick>
                <visible>!Skin.HasSetting(SubMenu_TVShow_NoActorButton)</visible>
				<visible>!Skin.HasSetting(Home_TVShow_Button)</visible>
            </control>
			<include content="HomeSubSettingsButton">
				<param name="id1" value="80152" />
				<param name="id2" value="80153" />
			</include>
        </control>
    </include>
    <include name="HomeSubMenuMusicVideos">
        <control type="grouplist" id="9010">
            <include>HomeSubMenuCommonValues</include>
            <onleft>9010</onleft>
            <onright>9010</onright>
            <visible>String.IsEqual(Container(9000).ListItem.Property(homemenu_id),musicvideo)</visible>
            <control type="button" id="80156">
                <description>Refresh Button</description>
                <height>39</height>
                <width>39</width>
                <align>center</align>
                <aligny>center</aligny>
                <texturefocus>buttons/RefreshFO.png</texturefocus>
                <texturenofocus>buttons/RefreshNF.png</texturenofocus>
                <pulseonselect>false</pulseonselect>
                <label>-</label>
                <onclick>Control.SetFocus(9000)</onclick>
                <onclick>ActivateWindow(1142)</onclick>
				<visible>[String.Contains(Container(9000).ListItem.Property(homemenu_path),music)|String.Contains(Container(9000).ListItem.Property(homemenu_path),audio)]+Skin.HasSetting(Home_MusicVideo_Button)</visible>
            </control>
            <control type="button" id="80157">
                <description>Refresh Button</description>
                <height>39</height>
                <width>39</width>
                <align>center</align>
                <aligny>center</aligny>
                <texturefocus>buttons/RefreshFO.png</texturefocus>
                <texturenofocus>buttons/RefreshNF.png</texturenofocus>
                <pulseonselect>false</pulseonselect>
                <label>-</label>
                <onclick>Control.SetFocus(9000)</onclick>
                <onclick>ActivateWindow(1141)</onclick>
				<visible>String.Contains(Container(9000).ListItem.Property(homemenu_path),video)+!Skin.HasSetting(Home_Music_Button)|!Skin.HasSetting(Home_MusicVideo_Button)</visible>
            </control>
            <control type="button" id="80158">
                <include>ButtonHomeSubCommonValues</include>
                <label>369</label>
                <onclick>ActivateWindow(Videos,MusicVideosTitles,return)</onclick>
                <visible>!Skin.HasSetting(SubMenu_MusicVideo_NoTitleButton)</visible>
				<visible>!Skin.HasSetting(Home_MusicVideo_Button)</visible>
            </control>
            <control type="button" id="80159">
                <include>ButtonHomeSubCommonValues</include>
                <label>135</label>
                <onclick>ActivateWindow(Videos,MusicVideosGenres,return)</onclick>
                <visible>!Skin.HasSetting(SubMenu_MusicVideo_NoGenreButton)</visible>
				<visible>!Skin.HasSetting(Home_MusicVideo_Button)</visible>
            </control>
			<include content="HomeSubSettingsButton">
				<param name="id1" value="80161" />
				<param name="id2" value="80162" />
			</include>
        </control>
    </include>
    <include name="HomeSubMenuPictures">
        <control type="grouplist" id="9010">
            <include>HomeSubMenuCommonValues</include>
            <onleft>9010</onleft>
            <onright>9010</onright>
            <visible>String.IsEqual(Container(9000).ListItem.Property(homemenu_id),picture)</visible>
            <control type="button" id="80170">
                <description>Refresh Button</description>
                <height>39</height>
                <width>39</width>
                <align>center</align>
                <aligny>center</aligny>
                <texturefocus>buttons/RefreshFO.png</texturefocus>
                <texturenofocus>buttons/RefreshNF.png</texturenofocus>
                <pulseonselect>false</pulseonselect>
                <label>-</label>
                <onclick>Control.SetFocus(9000)</onclick>
                <onclick>ActivateWindow(1142)</onclick>
				<visible>String.Contains(Container(9000).ListItem.Property(homemenu_path),music)|String.Contains(Container(9000).ListItem.Property(homemenu_path),audio)</visible>
            </control>
            <control type="button" id="80171">
                <description>Refresh Button</description>
                <height>39</height>
                <width>39</width>
                <align>center</align>
                <aligny>center</aligny>
                <texturefocus>buttons/RefreshFO.png</texturefocus>
                <texturenofocus>buttons/RefreshNF.png</texturenofocus>
                <pulseonselect>false</pulseonselect>
                <label>-</label>
                <onclick>Control.SetFocus(9000)</onclick>
                <onclick>ActivateWindow(1141)</onclick>
				<visible>String.Contains(Container(9000).ListItem.Property(homemenu_path),video)</visible>
            </control>
			<include content="HomeSubSettingsButton">
				<param name="id1" value="80172" />
				<param name="id2" value="80173" />
			</include>
        </control>
    </include>
    <include name="HomeSubMenuWeather">
        <control type="grouplist" id="9010">
            <itemgap>75</itemgap>
            <include>HomeSubMenuCommonValues</include>
            <onleft>9010</onleft>
            <onright>9010</onright>
            <onup>3005</onup>
            <visible>String.IsEqual(Container(9000).ListItem.Property(homemenu_id),weather)</visible>
            <control type="button" id="80180">
                <description>Toggle Weather Fanart Homemenu</description>
                <include>ButtonHomeSubCommonValues</include>
                <label>$VAR[WidgetsWeatherFanart]</label>
                <onclick>Skin.ToggleSetting(WeatherFanartHome)</onclick>
                <enable>!String.IsEmpty(Weather.Plugin)+!String.IsEmpty(Skin.String(weatherfanart.path))</enable>
            </control>
            <control type="button" id="80181">
                <description>Toggle Weather Fanart Homemenu</description>
                <include>ButtonHomeSubCommonValues</include>
                <label>51469</label>
                <onclick>RunScript(script.image.resource.select,property=weatherfanart&amp;type=resource.images.weatherfanart)</onclick>
                <visible>System.HasAddon(script.image.resource.select)</visible>
            </control>
            <control type="button" id="80182">
                <include>ButtonHomeSubCommonValues</include>
                <label>Warnungen</label>
                <onclick>ActivateWindow(1700)</onclick>
            </control>
            <control type="button" id="80183">
                <include>ButtonHomeSubCommonValues</include>
                <label>21417</label>
                <onclick>SetProperty(HomeButton,weather)</onclick>
                <onclick>ActivateWindow(1500)</onclick>
            </control>
        </control>
    </include>
    <include name="HomeSubMenuPlayDisc">
        <control type="grouplist" id="9010">
            <include>HomeSubMenuCommonValues</include>
            <onleft>9010</onleft>
            <onright>9010</onright>
            <visible>String.IsEqual(Container(9000).ListItem.Property(homemenu_id),playdisc)</visible>
            <control type="button" id="80190">
                <include>ButtonHomeSubCommonValues</include>
                <label>Rip</label>
                <onclick>RipCD</onclick>
				<visible>System.HasMediadvd</visible>
            </control>
            <control type="button" id="80191">
                <include>ButtonHomeSubCommonValues</include>
                <label>13391</label>
                <onclick>EjectTray()</onclick>
                <onclick>SetFocus(9000)</onclick>
				<visible>System.HasMediadvd</visible>
            </control>
			<include content="HomeSubSettingsButton">
				<param name="id1" value="80192" />
				<param name="id2" value="80193" />
			</include>
        </control>
    </include>
    <include name="HomeSubMenuCustom1">
        <control type="grouplist" id="9010">
            <include>HomeSubMenuCommonValues</include>
            <visible>String.IsEqual(Container(9000).ListItem.Property(homemenu_id),custom1)</visible>
            <control type="button" id="80195">
                <description>Refresh Button</description>
                <height>39</height>
                <width>39</width>
                <align>center</align>
                <aligny>center</aligny>
                <texturefocus>buttons/RefreshFO.png</texturefocus>
                <texturenofocus>buttons/RefreshNF.png</texturenofocus>
                <pulseonselect>false</pulseonselect>
                <label>-</label>
                <onclick>Control.SetFocus(9000)</onclick>
                <onclick>ActivateWindow(1142)</onclick>
				<visible>String.Contains(Container(9000).ListItem.Property(homemenu_path),music)|String.Contains(Container(9000).ListItem.Property(homemenu_path),audio)</visible>
            </control>
            <control type="button" id="80196">
                <description>Refresh Button</description>
                <height>39</height>
                <width>39</width>
                <align>center</align>
                <aligny>center</aligny>
                <texturefocus>buttons/RefreshFO.png</texturefocus>
                <texturenofocus>buttons/RefreshNF.png</texturenofocus>
                <pulseonselect>false</pulseonselect>
                <label>-</label>
                <onclick>Control.SetFocus(9000)</onclick>
                <onclick>ActivateWindow(1141)</onclick>
				<visible>String.Contains(Container(9000).ListItem.Property(homemenu_path),video)</visible>
            </control>
			<include content="HomeSubSettingsButton">
				<param name="id1" value="80198" />
				<param name="id2" value="80199" />
			</include>
        </control>
    </include>
    <include name="HomeSubMenuCustom2">
        <control type="grouplist" id="9010">
            <include>HomeSubMenuCommonValues</include>
            <visible>String.IsEqual(Container(9000).ListItem.Property(homemenu_id),custom2)</visible>
            <control type="button" id="80200">
                <description>Refresh Button</description>
                <height>39</height>
                <width>39</width>
                <align>center</align>
                <aligny>center</aligny>
                <texturefocus>buttons/RefreshFO.png</texturefocus>
                <texturenofocus>buttons/RefreshNF.png</texturenofocus>
                <pulseonselect>false</pulseonselect>
                <label>-</label>
                <onclick>Control.SetFocus(9000)</onclick>
                <onclick>ActivateWindow(1142)</onclick>
				<visible>String.Contains(Container(9000).ListItem.Property(homemenu_path),music)|String.Contains(Container(9000).ListItem.Property(homemenu_path),audio)</visible>
            </control>
            <control type="button" id="80201">
                <description>Refresh Button</description>
                <height>39</height>
                <width>39</width>
                <align>center</align>
                <aligny>center</aligny>
                <texturefocus>buttons/RefreshFO.png</texturefocus>
                <texturenofocus>buttons/RefreshNF.png</texturenofocus>
                <pulseonselect>false</pulseonselect>
                <label>-</label>
                <onclick>Control.SetFocus(9000)</onclick>
                <onclick>ActivateWindow(1141)</onclick>
				<visible>String.Contains(Container(9000).ListItem.Property(homemenu_path),video)</visible>
            </control>
			<include content="HomeSubSettingsButton">
				<param name="id1" value="80202" />
				<param name="id2" value="80203" />
			</include>
        </control>
    </include>
    <include name="HomeSubMenuCustom3">
        <control type="grouplist" id="9010">
            <include>HomeSubMenuCommonValues</include>
            <visible>String.IsEqual(Container(9000).ListItem.Property(homemenu_id),custom3)</visible>
            <control type="button" id="80210">
                <description>Refresh Button</description>
                <height>39</height>
                <width>39</width>
                <align>center</align>
                <aligny>center</aligny>
                <texturefocus>buttons/RefreshFO.png</texturefocus>
                <texturenofocus>buttons/RefreshNF.png</texturenofocus>
                <pulseonselect>false</pulseonselect>
                <label>-</label>
                <onclick>Control.SetFocus(9000)</onclick>
                <onclick>ActivateWindow(1142)</onclick>
				<visible>String.Contains(Container(9000).ListItem.Property(homemenu_path),music)|String.Contains(Container(9000).ListItem.Property(homemenu_path),audio)</visible>
            </control>
            <control type="button" id="80211">
                <description>Refresh Button</description>
                <height>39</height>
                <width>39</width>
                <align>center</align>
                <aligny>center</aligny>
                <texturefocus>buttons/RefreshFO.png</texturefocus>
                <texturenofocus>buttons/RefreshNF.png</texturenofocus>
                <pulseonselect>false</pulseonselect>
                <label>-</label>
                <onclick>Control.SetFocus(9000)</onclick>
                <onclick>ActivateWindow(1141)</onclick>
				<visible>String.Contains(Container(9000).ListItem.Property(homemenu_path),video)</visible>
            </control>
			<include content="HomeSubSettingsButton">
				<param name="id1" value="80212" />
				<param name="id2" value="80213" />
			</include>
        </control>
    </include>
    <include name="HomeSubMenuCustom4">
        <control type="grouplist" id="9010">
            <include>HomeSubMenuCommonValues</include>
            <visible>String.IsEqual(Container(9000).ListItem.Property(homemenu_id),custom4)</visible>
            <control type="button" id="80220">
                <description>Refresh Button</description>
                <height>39</height>
                <width>39</width>
                <align>center</align>
                <aligny>center</aligny>
                <texturefocus>buttons/RefreshFO.png</texturefocus>
                <texturenofocus>buttons/RefreshNF.png</texturenofocus>
                <pulseonselect>false</pulseonselect>
                <label>-</label>
                <onclick>Control.SetFocus(9000)</onclick>
                <onclick>ActivateWindow(1142)</onclick>
				<visible>String.Contains(Container(9000).ListItem.Property(homemenu_path),music)|String.Contains(Container(9000).ListItem.Property(homemenu_path),audio)</visible>
            </control>
            <control type="button" id="80221">
                <description>Refresh Button</description>
                <height>39</height>
                <width>39</width>
                <align>center</align>
                <aligny>center</aligny>
                <texturefocus>buttons/RefreshFO.png</texturefocus>
                <texturenofocus>buttons/RefreshNF.png</texturenofocus>
                <pulseonselect>false</pulseonselect>
                <label>-</label>
                <onclick>Control.SetFocus(9000)</onclick>
                <onclick>ActivateWindow(1141)</onclick>
				<visible>String.Contains(Container(9000).ListItem.Property(homemenu_path),video)</visible>
            </control>
			<include content="HomeSubSettingsButton">
				<param name="id1" value="80222" />
				<param name="id2" value="80223" />
			</include>
        </control>
    </include>
    <include name="HomeSubMenuCustom5">
        <control type="grouplist" id="9010">
            <include>HomeSubMenuCommonValues</include>
            <visible>String.IsEqual(Container(9000).ListItem.Property(homemenu_id),custom5)</visible>
            <control type="button" id="80230">
                <description>Refresh Button</description>
                <height>39</height>
                <width>39</width>
                <align>center</align>
                <aligny>center</aligny>
                <texturefocus>buttons/RefreshFO.png</texturefocus>
                <texturenofocus>buttons/RefreshNF.png</texturenofocus>
                <pulseonselect>false</pulseonselect>
                <label>-</label>
                <onclick>Control.SetFocus(9000)</onclick>
                <onclick>ActivateWindow(1142)</onclick>
				<visible>String.Contains(Container(9000).ListItem.Property(homemenu_path),music)|String.Contains(Container(9000).ListItem.Property(homemenu_path),audio)</visible>
            </control>
            <control type="button" id="80231">
                <description>Refresh Button</description>
                <height>39</height>
                <width>39</width>
                <align>center</align>
                <aligny>center</aligny>
                <texturefocus>buttons/RefreshFO.png</texturefocus>
                <texturenofocus>buttons/RefreshNF.png</texturenofocus>
                <pulseonselect>false</pulseonselect>
                <label>-</label>
                <onclick>Control.SetFocus(9000)</onclick>
                <onclick>ActivateWindow(1141)</onclick>
				<visible>String.Contains(Container(9000).ListItem.Property(homemenu_path),video)</visible>
            </control>
			<include content="HomeSubSettingsButton">
				<param name="id1" value="80232" />
				<param name="id2" value="80233" />
			</include>
        </control>
    </include>
    <include name="HomeSubMenuCustom6">
        <control type="grouplist" id="9010">
            <include>HomeSubMenuCommonValues</include>
            <visible>String.IsEqual(Container(9000).ListItem.Property(homemenu_id),custom6)</visible>
            <control type="button" id="80240">
                <description>Refresh Button</description>
                <height>39</height>
                <width>39</width>
                <align>center</align>
                <aligny>center</aligny>
                <texturefocus>buttons/RefreshFO.png</texturefocus>
                <texturenofocus>buttons/RefreshNF.png</texturenofocus>
                <pulseonselect>false</pulseonselect>
                <label>-</label>
                <onclick>Control.SetFocus(9000)</onclick>
                <onclick>ActivateWindow(1142)</onclick>
				<visible>String.Contains(Container(9000).ListItem.Property(homemenu_path),music)|String.Contains(Container(9000).ListItem.Property(homemenu_path),audio)</visible>
            </control>
            <control type="button" id="80241">
                <description>Refresh Button</description>
                <height>39</height>
                <width>39</width>
                <align>center</align>
                <aligny>center</aligny>
                <texturefocus>buttons/RefreshFO.png</texturefocus>
                <texturenofocus>buttons/RefreshNF.png</texturenofocus>
                <pulseonselect>false</pulseonselect>
                <label>-</label>
                <onclick>Control.SetFocus(9000)</onclick>
                <onclick>ActivateWindow(1141)</onclick>
				<visible>String.Contains(Container(9000).ListItem.Property(homemenu_path),video)</visible>
            </control>
			<include content="HomeSubSettingsButton">
				<param name="id1" value="80242" />
				<param name="id2" value="80243" />
			</include>
        </control>
    </include>
    <include name="HomeSubMenuCustom7">
        <control type="grouplist" id="9010">
            <include>HomeSubMenuCommonValues</include>
            <visible>String.IsEqual(Container(9000).ListItem.Property(homemenu_id),custom7)</visible>
            <control type="button" id="80250">
                <description>Refresh Button</description>
                <height>39</height>
                <width>39</width>
                <align>center</align>
                <aligny>center</aligny>
                <texturefocus>buttons/RefreshFO.png</texturefocus>
                <texturenofocus>buttons/RefreshNF.png</texturenofocus>
                <pulseonselect>false</pulseonselect>
                <label>-</label>
                <onclick>Control.SetFocus(9000)</onclick>
                <onclick>ActivateWindow(1142)</onclick>
				<visible>String.Contains(Container(9000).ListItem.Property(homemenu_path),music)|String.Contains(Container(9000).ListItem.Property(homemenu_path),audio)</visible>
            </control>
            <control type="button" id="80251">
                <description>Refresh Button</description>
                <height>39</height>
                <width>39</width>
                <align>center</align>
                <aligny>center</aligny>
                <texturefocus>buttons/RefreshFO.png</texturefocus>
                <texturenofocus>buttons/RefreshNF.png</texturenofocus>
                <pulseonselect>false</pulseonselect>
                <label>-</label>
                <onclick>Control.SetFocus(9000)</onclick>
                <onclick>ActivateWindow(1141)</onclick>
				<visible>String.Contains(Container(9000).ListItem.Property(homemenu_path),video)</visible>
            </control>
			<include content="HomeSubSettingsButton">
				<param name="id1" value="80252" />
				<param name="id2" value="80253" />
			</include>
        </control>
    </include>
    <include name="HomeSubMenuCustom8">
        <control type="grouplist" id="9010">
            <include>HomeSubMenuCommonValues</include>
            <visible>String.IsEqual(Container(9000).ListItem.Property(homemenu_id),custom8)</visible>
            <control type="button" id="80260">
                <description>Refresh Button</description>
                <height>39</height>
                <width>39</width>
                <align>center</align>
                <aligny>center</aligny>
                <texturefocus>buttons/RefreshFO.png</texturefocus>
                <texturenofocus>buttons/RefreshNF.png</texturenofocus>
                <pulseonselect>false</pulseonselect>
                <label>-</label>
                <onclick>Control.SetFocus(9000)</onclick>
                <onclick>ActivateWindow(1142)</onclick>
				<visible>String.Contains(Container(9000).ListItem.Property(homemenu_path),music)|String.Contains(Container(9000).ListItem.Property(homemenu_path),audio)</visible>
            </control>
            <control type="button" id="80261">
                <description>Refresh Button</description>
                <height>39</height>
                <width>39</width>
                <align>center</align>
                <aligny>center</aligny>
                <texturefocus>buttons/RefreshFO.png</texturefocus>
                <texturenofocus>buttons/RefreshNF.png</texturenofocus>
                <pulseonselect>false</pulseonselect>
                <label>-</label>
                <onclick>Control.SetFocus(9000)</onclick>
                <onclick>ActivateWindow(1141)</onclick>
				<visible>String.Contains(Container(9000).ListItem.Property(homemenu_path),video)</visible>
            </control>
			<include>HomeSubSettingsButton</include>
        </control>
    </include>
    <include name="HomeSubMenuCustom9">
        <control type="grouplist" id="9010">
            <include>HomeSubMenuCommonValues</include>
            <visible>String.IsEqual(Container(9000).ListItem.Property(homemenu_id),custom9)</visible>
            <control type="button" id="80270">
                <description>Refresh Button</description>
                <height>39</height>
                <width>39</width>
                <align>center</align>
                <aligny>center</aligny>
                <texturefocus>buttons/RefreshFO.png</texturefocus>
                <texturenofocus>buttons/RefreshNF.png</texturenofocus>
                <pulseonselect>false</pulseonselect>
                <label>-</label>
                <onclick>Control.SetFocus(9000)</onclick>
                <onclick>ActivateWindow(1142)</onclick>
				<visible>String.Contains(Container(9000).ListItem.Property(homemenu_path),music)|String.Contains(Container(9000).ListItem.Property(homemenu_path),audio)</visible>
            </control>
            <control type="button" id="80271">
                <description>Refresh Button</description>
                <height>39</height>
                <width>39</width>
                <align>center</align>
                <aligny>center</aligny>
                <texturefocus>buttons/RefreshFO.png</texturefocus>
                <texturenofocus>buttons/RefreshNF.png</texturenofocus>
                <pulseonselect>false</pulseonselect>
                <label>-</label>
                <onclick>Control.SetFocus(9000)</onclick>
                <onclick>ActivateWindow(1141)</onclick>
				<visible>String.Contains(Container(9000).ListItem.Property(homemenu_path),video)</visible>
            </control>
			<include content="HomeSubSettingsButton">
				<param name="id1" value="80272" />
				<param name="id2" value="80273" />
			</include>
        </control>
    </include>
    <include name="HomeSubMenuSystem">
		<control type="grouplist" id="9010">
			<include>HomeSubMenuCommonValues</include>
			<onleft>9010</onleft>
			<onright>9010</onright>
			<visible>StringCompare(Container(9000).ListItem.Property(homemenu_id),setting)</visible>
			<control type="button" id="80280">
				<include>ButtonHomeSubCommonValues</include>
				<label>20077</label>
				<onclick>ActivateWindow(skinsettings)</onclick>
				<visible>!Skin.HasSetting(SubMenu_Music_NoSkinSettingButton)</visible>
			</control>
			<control type="button" id="80281">
				<include>ButtonHomeSubCommonValues</include>
				<label>LibreELEC</label>
				<onclick>RunAddon(service.libreelec.settings)</onclick>
				<visible>System.HasAddon(service.libreelec.settings)</visible>
				<visible>!Skin.HasSetting(SubMenu_Music_NoLibreelecButton)</visible>
			</control>
			<control type="button" id="80282">
			<include>ButtonHomeSubCommonValues</include>
				<label>OpenELEC</label>
				<onclick>RunAddon(service.openelec.settings)</onclick>
				<visible>System.HasAddon(service.openelec.settings)</visible>
				<visible>!Skin.HasSetting(SubMenu_Music_NoLibreelecButton)</visible>
			</control>
			<control type="button" id="80283">
				<include>ButtonHomeSubCommonValues</include>
				<label>7</label>
				<onclick>ActivateWindow(FileManager)</onclick>
				<visible>!Skin.HasSetting(SubMenu_Music_NoFilemanagerButton)</visible>
			</control>
			<control type="button" id="80284">
				<include>ButtonHomeSubCommonValues</include>
				<label>13200</label>
				<onclick>ActivateWindow(Profiles)</onclick>
				<visible>!Skin.HasSetting(SubMenu_Music_NoProfileButton)</visible>
			</control>
			<control type="button" id="80285">
				<include>ButtonHomeSubCommonValues</include>
				<label>130</label>
				<onclick>ActivateWindow(SystemInfo)</onclick>
				<visible>!Skin.HasSetting(SubMenu_Music_NoSystemInfoButton)</visible>
			</control>
			<control type="button" id="80286">
				<include>ButtonHomeSubCommonValues</include>
				<label>14114</label>
				<onclick>ActivateWindow(EventLog,events://,return)</onclick>
				<visible>system.getbool(eventlog.enabled)</visible>
			</control>
			<include content="HomeSubSettingsButton">
				<param name="id1" value="80288" />
				<param name="id2" value="80289" />
			</include>
		</control>
    </include>
    <include name="HomeSubMenuLiveTV">
        <control type="grouplist" id="9010">
            <include>HomeSubMenuCommonValues</include>
            <onleft>9010</onleft>
            <onright>9010</onright>
            <visible>String.IsEqual(Container(9000).ListItem.Property(homemenu_id),pvr)</visible>
            <control type="button" id="80290">
                <include>ButtonHomeSubCommonValues</include>
                <label>19023</label>
                <onclick>ActivateWindow(TVChannels)</onclick>
            </control>
            <control type="button" id="80291">
                <include>ButtonHomeSubCommonValues</include>
                <label>19069</label>
                <onclick>ActivateWindow(TVGuide)</onclick>
            </control>
            <control type="button" id="80292">
                <include>ButtonHomeSubCommonValues</include>
                <label>19163</label>
                <onclick>ActivateWindow(TVRecordings)</onclick>
            </control>
            <control type="button" id="80293">
                <include>ButtonHomeSubCommonValues</include>
                <label>19040</label>
                <onclick>ActivateWindow(TVTimers)</onclick>
            </control>
            <control type="button" id="80294">
                <include>ButtonHomeSubCommonValues</include>
                <label>137</label>
                <onclick>ActivateWindow(TVSearch)</onclick>
            </control>
            <control type="button" id="80295">
                <include>ButtonHomeSubCommonValues</include>
                <label>21417</label>
                <onclick>SetProperty(HomeButton,livetv)</onclick>
                <onclick>ActivateWindow(1500)</onclick>
            </control>
        </control>
    </include>
    <include name="HomeSubMenuRadio">
        <control type="grouplist" id="9010">
            <include>HomeSubMenuCommonValues</include>
            <onleft>9010</onleft>
            <onright>9010</onright>
            <visible>String.IsEqual(Container(9000).ListItem.Property(homemenu_id),radio)</visible>
            <control type="button" id="80300">
                <include>ButtonHomeSubCommonValues</include>
                <label>19019</label>
                <onclick>ActivateWindow(RadioChannels)</onclick>
            </control>
            <control type="button" id="80301">
                <include>ButtonHomeSubCommonValues</include>
                <label>22020</label>
                <onclick>ActivateWindow(RadioGuide)</onclick>
            </control>
            <control type="button" id="80302">
                <include>ButtonHomeSubCommonValues</include>
                <label>19163</label>
                <onclick>ActivateWindow(RadioRecordings)</onclick>
            </control>
            <control type="button" id="80303">
                <include>ButtonHomeSubCommonValues</include>
                <label>19040</label>
                <onclick>ActivateWindow(RadioTimers)</onclick>
            </control>
            <control type="button" id="80304">
                <include>ButtonHomeSubCommonValues</include>
                <label>137</label>
                <onclick>ActivateWindow(RadioSearch)</onclick>
            </control>
            <control type="button" id="80305">
                <include>ButtonHomeSubCommonValues</include>
                <label>21417</label>
                <onclick>SetProperty(HomeButton,radio)</onclick>
                <onclick>ActivateWindow(1500)</onclick>
            </control>
        </control>
    </include>
    <include name="HomeSubMenuNews">
        <control type="grouplist" id="9010">
            <include>HomeSubMenuCommonValues</include>
            <visible>String.IsEqual(Container(9000).ListItem.Property(homemenu_id),news)</visible>
            <control type="button" id="80310">
                <include>ButtonHomeSubCommonValues</include>
                <label>Tagesschau</label>
                <onclick>RunScript(plugin.program.newscenter,&quot;?methode=play_tagesschau&quot;)</onclick>
                <visible>String.Contains(Window(Home).Property(NewsCenter.Visible.Tagesschau),true)</visible>
            </control>
            <control type="button" id="80311">
                <include>ButtonHomeSubCommonValues</include>
                <label>Tagesschau 100s</label>
                <onclick>RunScript(plugin.program.newscenter,&quot;?methode=play_tagesschau_100&quot;)</onclick>
                <visible>String.Contains(Window(Home).Property(NewsCenter.Visible.Tagesschau100),true)</visible>
            </control>
            <control type="button" id="80312">
                <include>ButtonHomeSubCommonValues</include>
                <label>Wetteronline</label>
                <onclick>RunScript(plugin.program.newscenter,&quot;?methode=play_wetteronline&quot;)</onclick>
                <visible>String.Contains(Window(Home).Property(NewsCenter.Visible.Wetter60),true)</visible>
            </control>
            <control type="button" id="80313">
                <include>ButtonHomeSubCommonValues</include>
                <label>Wetterinfo</label>
                <onclick>RunScript(plugin.program.newscenter,&quot;?methode=play_wetterinfo&quot;)</onclick>
                <visible>String.Contains(Window(Home).Property(NewsCenter.Visible.WetterInfo),true)</visible>
            </control>
            <control type="button" id="80314">
                <include>ButtonHomeSubCommonValues</include>
                <label>Logo Nachrichten</label>
                <onclick>RunScript(plugin.program.newscenter,&quot;?methode=play_kinder_nachrichten&quot;)</onclick>
                <visible>String.Contains(Window(Home).Property(NewsCenter.Visible.KinderNachrichten),true)</visible>
            </control>
            <control type="button" id="80315">
                <include>ButtonHomeSubCommonValues</include>
                <label>21417</label>
                <onclick>SetProperty(HomeButton,news)</onclick>
                <onclick>ActivateWindow(1500)</onclick>
            </control>
        </control>
    </include>
    <include name="submenu">
        <control type="group">
            <include>openclose</include>
            <include>opencloseslideup</include>
            <left>0</left>
            <top>897</top>
			<height>40</height>
            <ondown>9000</ondown>
            <control type="group">
                <left>-15</left>
                <top>-129</top>
                <animation type="Conditional" condition="ControlGroup(9001).HasFocus()">
                    <effect type="fade" start="0" end="100" time="200" />
                </animation>
                <animation type="Conditional" condition="!ControlGroup(9001).HasFocus()">
                    <effect type="slide" start="0,-30" end="0,0" time="200" tween="quadratic" easing="out" />
                    <effect type="fade" start="100" end="0" time="200" />
                </animation>
                <control type="image">
                    <left>-15</left>
                    <top>16</top>
                    <width>1950</width>
                    <height>52</height>
                    <texture background="true">BackSilver.png</texture>
                </control>
                <control type="image">
                    <left>-15</left>
                    <top>16</top>
                    <width>1950</width>
                    <height>1</height>
                    <texture background="true">Separator2.png</texture>
                </control>
                <control type="image">
                    <left>0</left>
                    <top>16</top>
                    <width>300</width>
                    <height>63</height>
                    <texture background="true">SideFade.png</texture>
                </control>
                <control type="image">
                    <left>1642</left>
                    <top>16</top>
                    <width>300</width>
                    <height>63</height>
                    <texture flipx="true">SideFade.png</texture>
                </control>
            </control>
        </control>
    </include>
    <include name="submenucontent">
        <control type="group" id="9001">
            <include>openclose</include>
            <include>opencloseslideup</include>
            <left>0</left>
            <top>897</top>
			<height>80</height>
            <ondown>9000</ondown>
            <control type="group">
                <left>0</left>
                <top>3</top>
				<height>200</height>
                <include>HomeSubMenuVideos</include>
                <include>HomeSubMenuMovies</include>
                <include>HomeSubMenuTVShows</include>
                <include>HomeSubMenuMusicVideos</include>
                <include>HomeSubMenuMusic</include>
                <include>HomeSubMenuSystem</include>
                <include>HomeSubMenuPlayDisc</include>
                <include>HomeSubMenuPictures</include>
                <include>HomeSubMenuLiveTV</include>
                <include>HomeSubMenuRadio</include>
                <include>HomeSubMenuWeather</include>
                <include>HomeSubMenuDashboard</include>
                <include>HomeSubMenuCustom1</include>
                <include>HomeSubMenuCustom2</include>
                <include>HomeSubMenuCustom3</include>
                <include>HomeSubMenuCustom4</include>
                <include>HomeSubMenuCustom6</include>
                <include>HomeSubMenuCustom7</include>
                <include>HomeSubMenuCustom8</include>
                <include>HomeSubMenuCustom9</include>
                <include>HomeSubMenuCustom5</include>
                <include>HomeSubMenuNews</include>
            </control>
        </control>
    </include>
</includes>
