<?xml version="1.0" encoding="UTF-8"?>
<window>
	<!-- mediasource -->
	<defaultcontrol always="true">10</defaultcontrol>
	<controls>
		<include>DialogBackgroundImage</include>
		<!-- Main group -->
		<control type="group">
			<include>DialogAnimation</include>
			<centerleft>50%</centerleft>
			<centertop>50%</centertop>
			<width>1337</width>
			<height>480</height>
			<control type="image">
				<width>1337</width>
				<height>480</height>
				<texture>dialogs/network_back.png</texture>
			</control>
			<!-- Heading -->
			<control type="label" id="0">
				<left>40</left>
				<top>14</top>
				<height>30</height>
				<width>867</width>
				<aligny>center</aligny>
				<font>Bold30</font>
				<label>1021</label>
				<scroll>true</scroll>
				<textcolor>ffdadada</textcolor>
			</control>
			<!-- Left group -->
			<control type="list" id="10">
				<top>60</top>
				<width>937</width>
				<height>336</height>
				<onleft>noop</onleft>
				<onright>9001</onright>
				<onup>noop</onup>
				<ondown>12</ondown>
				<scrolltime>0</scrolltime>
				<orientation>vertical</orientation>
				<itemlayout height="84" width="937">
					<control type="image">
						<width>937</width>
						<height>84</height>
						<texture border="3">settings/button_no_focus.png</texture>
					</control>
					<control type="label">
						<left>40</left>
						<width>778</width>
						<height>84</height>
						<font>Light32</font>
						<textcolor>ff505153</textcolor>
						<label>$INFO[ListItem.Label]</label>
					</control>
				</itemlayout>
				<focusedlayout height="84" width="937">
					<control type="image">
						<width>937</width>
						<height>84</height>
						<texture border="3">settings/button_focus.png</texture>
					</control>
					<control type="label">
						<left>40</left>
						<width>778</width>
						<height>84</height>
						<font>Light32</font>
						<scroll>true</scroll>
						<textcolor>ffffaf37</textcolor>
						<label>$INFO[ListItem.Label]</label>
						<visible>Control.HasFocus(10)</visible>
					</control>
					<control type="label">
						<left>40</left>
						<width>778</width>
						<height>84</height>
						<font>Light32</font>
						<scroll>true</scroll>
						<textcolor>ffffffff</textcolor>
						<label>$INFO[ListItem.Label]</label>
						<visible>!Control.HasFocus(10)</visible>
					</control>
				</focusedlayout>
			</control>
			<!-- Name -->
			<control type="edit" id="12">
				<top>396</top>
				<width>937</width>
				<height>84</height>
				<onup>10</onup>
				<onleft>noop</onleft>
				<onright>9001</onright>
				<ondown>noop</ondown>
				<font>Light32</font>
				<textoffsetx>40</textoffsetx>
				<textcolor>ff505153</textcolor>
				<focusedcolor>ffffaf37</focusedcolor>
				<texturefocus border="3">settings/button_focus.png</texturefocus>
				<texturenofocus border="3">settings/button_no_focus.png</texturenofocus>
				<hinttext>$LOCALIZE[1022]</hinttext>
			</control>
			<!-- Right grouplist -->
			<control type="grouplist" id="9001">
				<right>24</right>
				<bottom>33</bottom>
				<width>351</width>
				<height>420</height>
				<onleft>10</onleft>
				<onright>noop</onright>
				<onup>noop</onup>
				<ondown>noop</ondown>
				<onback>10</onback>
				<itemgap>10</itemgap>
				<align>right</align>
				<!-- Browse -->
				<control type="button" id="11">
					<width>351</width>
					<height>76</height>
					<aligny>top</aligny>
					<font>Med24</font>
					<textoffsetx>23</textoffsetx>
					<textoffsety>27</textoffsety>
					<label>1024</label>
					<visible>Control.IsEnabled(11)</visible>
				</control>
				<!-- Add -->
				<control type="button" id="13">
					<width>351</width>
					<height>76</height>
					<aligny>top</aligny>
					<font>Med24</font>
					<textoffsetx>23</textoffsetx>
					<textoffsety>27</textoffsety>
					<label>15019</label>
					<visible>Control.IsEnabled(13)</visible>
				</control>
				<!-- Remove -->
				<control type="button" id="14">
					<width>351</width>
					<height>76</height>
					<aligny>top</aligny>
					<font>Med24</font>
					<textoffsetx>23</textoffsetx>
					<textoffsety>27</textoffsety>
					<label>1210</label>
					<visible>Control.IsEnabled(14)</visible>
				</control>
				<!-- Cancel Button -->
				<control type="button" id="19">
					<width>351</width>
					<height>76</height>
					<aligny>top</aligny>
					<font>Med24</font>
					<textoffsetx>23</textoffsetx>
					<textoffsety>27</textoffsety>
					<label>222</label>
					<visible>Control.IsEnabled(19)</visible>
				</control>
				<!-- OK Button -->
				<control type="button" id="18">
					<width>351</width>
					<height>76</height>
					<aligny>top</aligny>
					<font>Med24</font>
					<textoffsetx>23</textoffsetx>
					<textoffsety>27</textoffsety>
					<label>186</label>
					<visible>Control.IsEnabled(18)</visible>
				</control>
			</control>
		</control>
	</controls>
</window>