<settings>
    <setting id="UserWidget1_layout" value="HomePosterWidget" label="$LOCALIZE[20021]" icon="defaultwidgetlayout.png" />
    <setting id="UserWidget1_layout" value="HomeWideWidget" label="$LOCALIZE[31004]" icon="defaultwidgetlayout.png" />
    <setting id="UserWidget1_layout" value="HomeSquareWidget" label="$LOCALIZE[31005]" icon="defaultwidgetlayout.png" />
    <setting id="UserWidget2_layout" value="HomePosterWidget" label="$LOCALIZE[20021]" icon="defaultwidgetlayout.png" />
    <setting id="UserWidget2_layout" value="HomeWideWidget" label="$LOCALIZE[31004]" icon="defaultwidgetlayout.png" />
    <setting id="UserWidget2_layout" value="HomeSquareWidget" label="$LOCALIZE[31005]" icon="defaultwidgetlayout.png" />
    <setting id="UserWidget3_layout" value="HomePosterWidget" label="$LOCALIZE[20021]" icon="defaultwidgetlayout.png" />
    <setting id="UserWidget3_layout" value="HomeWideWidget" label="$LOCALIZE[31004]" icon="defaultwidgetlayout.png" />
    <setting id="UserWidget3_layout" value="HomeSquareWidget" label="$LOCALIZE[31005]" icon="defaultwidgetlayout.png" />
    <setting id="UserWidget4_layout" value="HomePosterWidget" label="$LOCALIZE[20021]" icon="defaultwidgetlayout.png" />
    <setting id="UserWidget4_layout" value="HomeWideWidget" label="$LOCALIZE[31004]" icon="defaultwidgetlayout.png" />
    <setting id="UserWidget4_layout" value="HomeSquareWidget" label="$LOCALIZE[31005]" icon="defaultwidgetlayout.png" />
    <setting id="UserWidget5_layout" value="HomePosterWidget" label="$LOCALIZE[20021]" icon="defaultwidgetlayout.png" />
    <setting id="UserWidget5_layout" value="HomeWideWidget" label="$LOCALIZE[31004]" icon="defaultwidgetlayout.png" />
    <setting id="UserWidget5_layout" value="HomeSquareWidget" label="$LOCALIZE[31005]" icon="defaultwidgetlayout.png" />
    <setting id="UserWidget6_layout" value="HomePosterWidget" label="$LOCALIZE[20021]" icon="defaultwidgetlayout.png" />
    <setting id="UserWidget6_layout" value="HomeWideWidget" label="$LOCALIZE[31004]" icon="defaultwidgetlayout.png" />
    <setting id="UserWidget6_layout" value="HomeSquareWidget" label="$LOCALIZE[31005]" icon="defaultwidgetlayout.png" />

    <setting id="UserMovieHub1_target" value="videos" label="$LOCALIZE[3]" icon="defaultwidgetlayout.png" />
    <setting id="UserMovieHub1_target" value="music" label="$LOCALIZE[2]" icon="defaultwidgetlayout.png" />
    <setting id="UserMovieHub1_target" value="programs" label="$LOCALIZE[0]" icon="defaultwidgetlayout.png" />
    <setting id="UserMovieHub2_target" value="videos" label="$LOCALIZE[3]" icon="defaultwidgetlayout.png" />
    <setting id="UserMovieHub2_target" value="music" label="$LOCALIZE[2]" icon="defaultwidgetlayout.png" />
    <setting id="UserMovieHub2_target" value="programs" label="$LOCALIZE[0]" icon="defaultwidgetlayout.png" />
    <setting id="UserMovieHub3_target" value="videos" label="$LOCALIZE[3]" icon="defaultwidgetlayout.png" />
    <setting id="UserMovieHub3_target" value="music" label="$LOCALIZE[2]" icon="defaultwidgetlayout.png" />
    <setting id="UserMovieHub3_target" value="programs" label="$LOCALIZE[0]" icon="defaultwidgetlayout.png" />
    <setting id="UserMovieHub4_target" value="videos" label="$LOCALIZE[3]" icon="defaultwidgetlayout.png" />
    <setting id="UserMovieHub4_target" value="music" label="$LOCALIZE[2]" icon="defaultwidgetlayout.png" />
    <setting id="UserMovieHub4_target" value="programs" label="$LOCALIZE[0]" icon="defaultwidgetlayout.png" />
    <setting id="UserMovieHub5_target" value="videos" label="$LOCALIZE[3]" icon="defaultwidgetlayout.png" />
    <setting id="UserMovieHub5_target" value="music" label="$LOCALIZE[2]" icon="defaultwidgetlayout.png" />
    <setting id="UserMovieHub5_target" value="programs" label="$LOCALIZE[0]" icon="defaultwidgetlayout.png" />
    <setting id="UserMovieHub6_target" value="videos" label="$LOCALIZE[3]" icon="defaultwidgetlayout.png" />
    <setting id="UserMovieHub6_target" value="music" label="$LOCALIZE[2]" icon="defaultwidgetlayout.png" />
    <setting id="UserMovieHub6_target" value="programs" label="$LOCALIZE[0]" icon="defaultwidgetlayout.png" />

    <setting id="UserTHShowHub1_target" value="videos" label="$LOCALIZE[3]" icon="defaultwidgetlayout.png" />
    <setting id="UserTHShowHub1_target" value="music" label="$LOCALIZE[2]" icon="defaultwidgetlayout.png" />
    <setting id="UserTHShowHub1_target" value="programs" label="$LOCALIZE[0]" icon="defaultwidgetlayout.png" />
    <setting id="UserTHShowHub2_target" value="videos" label="$LOCALIZE[3]" icon="defaultwidgetlayout.png" />
    <setting id="UserTHShowHub2_target" value="music" label="$LOCALIZE[2]" icon="defaultwidgetlayout.png" />
    <setting id="UserTHShowHub2_target" value="programs" label="$LOCALIZE[0]" icon="defaultwidgetlayout.png" />
    <setting id="UserTHShowHub3_target" value="videos" label="$LOCALIZE[3]" icon="defaultwidgetlayout.png" />
    <setting id="UserTHShowHub3_target" value="music" label="$LOCALIZE[2]" icon="defaultwidgetlayout.png" />
    <setting id="UserTHShowHub3_target" value="programs" label="$LOCALIZE[0]" icon="defaultwidgetlayout.png" />
    <setting id="UserTHShowHub4_target" value="videos" label="$LOCALIZE[3]" icon="defaultwidgetlayout.png" />
    <setting id="UserTHShowHub4_target" value="music" label="$LOCALIZE[2]" icon="defaultwidgetlayout.png" />
    <setting id="UserTHShowHub4_target" value="programs" label="$LOCALIZE[0]" icon="defaultwidgetlayout.png" />
    <setting id="UserTHShowHub5_target" value="videos" label="$LOCALIZE[3]" icon="defaultwidgetlayout.png" />
    <setting id="UserTHShowHub5_target" value="music" label="$LOCALIZE[2]" icon="defaultwidgetlayout.png" />
    <setting id="UserTHShowHub5_target" value="programs" label="$LOCALIZE[0]" icon="defaultwidgetlayout.png" />
    <setting id="UserTHShowHub6_target" value="videos" label="$LOCALIZE[3]" icon="defaultwidgetlayout.png" />
    <setting id="UserTHShowHub6_target" value="music" label="$LOCALIZE[2]" icon="defaultwidgetlayout.png" />
    <setting id="UserTHShowHub6_target" value="programs" label="$LOCALIZE[0]" icon="defaultwidgetlayout.png" />

</settings>