<?xml version="1.0" encoding="UTF-8"?>
<window>
	<defaultcontrol>100</defaultcontrol>
	<include>PropertyIncludes</include>
	<controls>
		<include content="DiffuseMask"/>
		<control type="group">
			<visible>!Window.IsVisible(selectdialog)</visible>
			<include>Dialog_PopupOpenClose</include>
			<include>Visible_PopupOpenClose</include>
			<centerleft>50%</centerleft>
			<width>584</width>
			<centertop>50%</centertop>
			<height>982</height>
			<control type="grouplist" id="100">
				<orientation>vertical</orientation>
				<height>auto</height>
				<align>center</align>
				<itemgap>0</itemgap>
				<onright>18</onright>
				<onleft>18</onleft>
				<usecontrolcoords>true</usecontrolcoords>
				<control type="image">
					<width>100%</width>
					<height>61</height>
					<texture border="65,0,65,0" colordiffuse="context_color">dialogs/context/top.png</texture>
				</control>
				<control type="button" id="15">
					<include content="ContextButton"/>
				</control>
				<control type="button" id="16">
					<include content="ContextButton"/>
					<ondown>17</ondown>
				</control>
				<control type="group" id="101">
					<width>100%</width>
					<height>50</height>
					<control type="image">
						<width>100%</width>
						<height>50</height>
						<texture border="65,0,65,0" colordiffuse="context_color">dialogs/context/middle.png</texture>
					</control>
					<control type="grouplist" >
						<height>50</height>
						<align>left</align>
						<onright>20</onright>
						<onleft>17</onleft>
						<ondown>noop</ondown>
						<orientation>horizontal</orientation>
						<control type="edit" id="17">
							<width>454</width>
							<include>NoTextures</include>
							<include>CommonButton</include>
							<hinttext>[COLOR disabled]$LOCALIZE[31008][/COLOR]</hinttext>
							<focusedcolor>accent</focusedcolor>
							<onup>16</onup>
							<ondown>18</ondown>
						</control>
						<control type="button" id="20">
							<width>70</width>
							<include>NoTextures</include>
							<focusedcolor>accent</focusedcolor>
							<font>Material24</font>
							<align>right</align>
							<label></label>
							<onup>16</onup>
							<ondown>18</ondown>
						</control>
					</control>
				</control>
				<control type="group" id="102">
					<width>100%</width>
					<height>62</height>
					<control type="image">
						<width>100%</width>
						<height>62</height>
						<texture border="65,0,65,0" colordiffuse="context_color">dialogs/context/middle.png</texture>
					</control>
					<control type="grouplist">
						<top>10</top>
						<left>15</left>
						<right>15</right>
						<height>50</height>
						<align>center</align>
						<onright>19</onright>
						<onleft>18</onleft>
						<ondown>noop</ondown>
						<orientation>horizontal</orientation>
						<control type="button" id="18">
							<height>50</height>
							<include content="LightGreyButton">
								<param name="align-left" value="false"/>
							</include>
							<label>186</label>
							<onup>17</onup>
						</control>
						<control type="button" id="19">
							<height>50</height>
							<include content="LightGreyButton">
								<param name="align-left" value="false"/>
							</include>
							<label>222</label>
							<onup>17</onup>
						</control>
					</control>
				</control>
				<control type="image">
					<width>100%</width>
					<height>61</height>
					<texture border="65,0,65,0" colordiffuse="context_color">dialogs/context/bottom.png</texture>
				</control>
			</control>
		</control>
	</controls>
</window>
