<?xml version="1.0" encoding="UTF-8"?>
<window>
	<defaultcontrol>1000</defaultcontrol>
	<backgroundcolor>background</backgroundcolor>
	<menucontrol>6666</menucontrol>
	<controls>
		<control type="label" id="2">
			<include>HiddenObject</include>
		</control>
		<include>Background</include>
		<!-- left -->
		<control type="group">
			<include>Window_OpenClose</include>
			<!-- left -->
			<include content="ContentPanel">
			</include>
			<control type="group">
				<top>112</top>
				<include content="SideMenuHeadline">
					<param name="nr">1</param>
					<param name="label">$LOCALIZE[138]</param>
				</include>
				<control type="grouplist" id="1000">
					<description>button area</description>
					<left>0</left>
					<top>55</top>
					<bottom>130</bottom>
					<width>470</width>
					<usecontrolcoords>true</usecontrolcoords>
					<onleft>9999</onleft>
					<onright>noop</onright>
					<onup>6666</onup>
					<ondown>noop</ondown>
					<control type="button" id="95">
						<description>Default Category Button</description>
						<width>400</width>
						<height>50</height>
						<align>left</align>
						<aligny>center</aligny>
						<font>Reg22</font>
						<textoffsetx>50</textoffsetx>
						<textcolor>panel_text</textcolor>
						<focusedcolor>panel_text</focusedcolor>
						<selectedcolor>panel_text</selectedcolor>
						<shadowcolor>text_shadow</shadowcolor>
						<texturefocus colordiffuse="panel_hover">common/white.jpg</texturefocus>
						<include>NoTextures</include>
						<label>$LOCALIZE[20037]</label>
					</control>
					<control type="button" id="94">
						<description>Default Category Button</description>
						<width>400</width>
						<height>50</height>
						<align>left</align>
						<aligny>center</aligny>
						<font>Reg22</font>
						<textoffsetx>50</textoffsetx>
						<textcolor>panel_text</textcolor>
						<focusedcolor>panel_text</focusedcolor>
						<selectedcolor>panel_text</selectedcolor>
						<shadowcolor>text_shadow</shadowcolor>
						<texturefocus colordiffuse="panel_hover">common/white.jpg</texturefocus>
						<include>NoTextures</include>
						<label>$LOCALIZE[13277]</label>
					</control>
					<control type="button" id="96">
						<description>Default Category Button</description>
						<width>400</width>
						<height>50</height>
						<align>left</align>
						<aligny>center</aligny>
						<font>Reg22</font>
						<textoffsetx>50</textoffsetx>
						<textcolor>panel_text</textcolor>
						<focusedcolor>panel_text</focusedcolor>
						<selectedcolor>panel_text</selectedcolor>
						<shadowcolor>text_shadow</shadowcolor>
						<texturefocus colordiffuse="panel_hover">common/white.jpg</texturefocus>
						<include>NoTextures</include>
						<label>$LOCALIZE[13279]</label>
					</control>
					<control type="button" id="97">
						<description>Default Category Button</description>
						<width>400</width>
						<height>50</height>
						<align>left</align>
						<aligny>center</aligny>
						<font>Reg22</font>
						<textoffsetx>50</textoffsetx>
						<textcolor>panel_text</textcolor>
						<focusedcolor>panel_text</focusedcolor>
						<selectedcolor>panel_text</selectedcolor>
						<shadowcolor>text_shadow</shadowcolor>
						<texturefocus colordiffuse="panel_hover">common/white.jpg</texturefocus>
						<include>NoTextures</include>
						<label>$LOCALIZE[13280]</label>
					</control>
					<control type="button" id="98">
						<description>Default Category Button</description>
						<width>400</width>
						<height>50</height>
						<align>left</align>
						<aligny>center</aligny>
						<font>Reg22</font>
						<textoffsetx>50</textoffsetx>
						<textcolor>panel_text</textcolor>
						<focusedcolor>panel_text</focusedcolor>
						<selectedcolor>panel_text</selectedcolor>
						<shadowcolor>text_shadow</shadowcolor>
						<texturefocus colordiffuse="panel_hover">common/white.jpg</texturefocus>
						<include>NoTextures</include>
						<label>$LOCALIZE[13281]</label>
					</control>
					<control type="button" id="99">
						<description>Default Category Button</description>
						<width>400</width>
						<height>50</height>
						<align>left</align>
						<aligny>center</aligny>
						<font>Reg22</font>
						<textoffsetx>50</textoffsetx>
						<textcolor>panel_text</textcolor>
						<focusedcolor>panel_text</focusedcolor>
						<selectedcolor>panel_text</selectedcolor>
						<shadowcolor>text_shadow</shadowcolor>
						<texturefocus colordiffuse="panel_hover">common/white.jpg</texturefocus>
						<include>NoTextures</include>
						<label>$LOCALIZE[19191]</label>
					</control>
					<control type="button" id="100">
						<description>Default Category Button</description>
						<width>400</width>
						<height>50</height>
						<align>left</align>
						<aligny>center</aligny>
						<font>Reg22</font>
						<textoffsetx>50</textoffsetx>
						<textcolor>panel_text</textcolor>
						<focusedcolor>panel_text</focusedcolor>
						<selectedcolor>panel_text</selectedcolor>
						<shadowcolor>text_shadow</shadowcolor>
						<texturefocus colordiffuse="panel_hover">common/white.jpg</texturefocus>
						<include>NoTextures</include>
						<label>$LOCALIZE[12389]</label>
						<onclick>RunScript(script.skin.helper.service,action=textviewer,header='$ESCINFO[Control.GetLabel(40)]',message='$ESCINFO[Control.GetLabel(30)]')</onclick>
					</control>
				</control>
			</control>
		</control>
		<!-- right -->
		<control type="group">
			<include>Window_OpenClose</include>
			<control type="grouplist">
				<left>500</left>
				<right>100</right>
				<centertop>50%</centertop>
				<height max="940">auto</height>
				<orientation>vertical</orientation>
				<itemgap>20</itemgap>
				<align>center</align>
				<!-- heading -->
				<control type="group">
					<height>50</height>
					<control type="label" id="40">
						<width>100%</width>
						<height>48</height>
						<font>Reg24</font>
						<aligny>center</aligny>
						<textoffsetx>5</textoffsetx>
						<textcolor>text_white</textcolor>
						<label>$LOCALIZE[33063]</label>
					</control>
					<control type="image">
						<width>100%</width>
						<top>45</top>
						<height>2</height>
						<texture colordiffuse="lightgrey">common/white.jpg</texture>
						<aspectratio>stretch</aspectratio>
					</control>
					<control type="image">
						<width>100%</width>
						<top>45</top>
						<height>2</height>
						<texture colordiffuse="emby">common/white.jpg</texture>
						<aspectratio>stretch</aspectratio>
						<include>WindowOpen_GreenBar</include>
					</control>
				</control>
				<!-- list -->
				<control type="group">
					<height>770</height>
					<control type="image">
						<height>770</height>
						<texture colordiffuse="thumb_background">common/white.jpg</texture>
						<aspectratio>stretch</aspectratio>
					</control>
					<control type="grouplist">
						<centerleft>50%</centerleft>
						<top>10</top>
						<height>750</height>
						<onup>6666</onup>
						<onleft>100</onleft>
						<onright>noop</onright>
						<ondown>noop</ondown>
						<pagecontrol>70</pagecontrol>
						<scrolltime>200</scrolltime>
					</control>
					<control type="grouplist">
						<centerleft>50%</centerleft>
						<top>10</top>
						<height>750</height>
						<onup>6666</onup>
						<onleft>100</onleft>
						<onright>noop</onright>
						<ondown>noop</ondown>
						<scrolltime>200</scrolltime>
						<usecontrolcoords>true</usecontrolcoords>
						<control type="label" id="3">
							<height>50</height>
							<font>med22</font>
							<textoffsetx>35</textoffsetx>
							<textcolor>white</textcolor>
							<shadowcolor>text_shadow</shadowcolor>
							<aligny>center</aligny>
							<visible>!String.IsEmpty(Control.GetLabel(3))</visible>
						</control>
						<control type="label" id="4">
							<height>50</height>
							<font>med22</font>
							<textoffsetx>35</textoffsetx>
							<textcolor>white</textcolor>
							<shadowcolor>text_shadow</shadowcolor>
							<aligny>center</aligny>
							<visible>!String.IsEmpty(Control.GetLabel(4))</visible>
						</control>
						<control type="label" id="5">
							<height>50</height>
							<font>med22</font>
							<textoffsetx>35</textoffsetx>
							<textcolor>white</textcolor>
							<shadowcolor>text_shadow</shadowcolor>
							<aligny>center</aligny>
							<visible>!String.IsEmpty(Control.GetLabel(5))</visible>
						</control>
						<control type="label" id="6">
							<height>50</height>
							<font>med22</font>
							<textoffsetx>35</textoffsetx>
							<textcolor>white</textcolor>
							<shadowcolor>text_shadow</shadowcolor>
							<aligny>center</aligny>
							<visible>!String.IsEmpty(Control.GetLabel(6))</visible>
						</control>
						<control type="label" id="7">
							<height>50</height>
							<font>med22</font>
							<textoffsetx>35</textoffsetx>
							<textcolor>white</textcolor>
							<shadowcolor>text_shadow</shadowcolor>
							<aligny>center</aligny>
							<visible>!String.IsEmpty(Control.GetLabel(7))</visible>
						</control>
						<control type="label" id="8">
							<height>50</height>
							<font>med22</font>
							<textoffsetx>35</textoffsetx>
							<textcolor>white</textcolor>
							<shadowcolor>text_shadow</shadowcolor>
							<aligny>center</aligny>
							<visible>!String.IsEmpty(Control.GetLabel(8))</visible>
						</control>
						<control type="label" id="9">
							<height>50</height>
							<font>med22</font>
							<textoffsetx>35</textoffsetx>
							<textcolor>white</textcolor>
							<shadowcolor>text_shadow</shadowcolor>
							<aligny>center</aligny>
							<visible>!String.IsEmpty(Control.GetLabel(9))</visible>
						</control>
						<control type="label" id="10">
							<height>50</height>
							<font>med22</font>
							<textoffsetx>35</textoffsetx>
							<textcolor>white</textcolor>
							<shadowcolor>text_shadow</shadowcolor>
							<aligny>center</aligny>
							<visible>!String.IsEmpty(Control.GetLabel(10))</visible>
						</control>
						<control type="label" id="11">
							<height>50</height>
							<font>med22</font>
							<textoffsetx>35</textoffsetx>
							<textcolor>white</textcolor>
							<shadowcolor>text_shadow</shadowcolor>
							<aligny>center</aligny>
							<visible>!String.IsEmpty(Control.GetLabel(11))</visible>
						</control>
						<control type="label" id="12">
							<height>50</height>
							<font>med22</font>
							<textoffsetx>35</textoffsetx>
							<textcolor>white</textcolor>
							<shadowcolor>text_shadow</shadowcolor>
							<aligny>center</aligny>
							<visible>!String.IsEmpty(Control.GetLabel(12))</visible>
						</control>
						<control type="label">
							<height>50</height>
							<font>med22</font>
							<textoffsetx>20</textoffsetx>
							<textcolor>panel_text</textcolor>
							<shadowcolor>text_shadow</shadowcolor>
							<aligny>center</aligny>
							<label>$LOCALIZE[19114]</label>
							<visible>ControlGroup(1000).HasFocus(95)</visible>
						</control>
						<control type="label" id="52">
							<height>50</height>
							<font>med22</font>
							<textoffsetx>35</textoffsetx>
							<textcolor>white</textcolor>
							<shadowcolor>text_shadow</shadowcolor>
							<aligny>center</aligny>
							<visible>ControlGroup(1000).HasFocus(95)</visible>
						</control>
						<control type="label" id="53">
							<height>50</height>
							<font>med22</font>
							<textoffsetx>35</textoffsetx>
							<textcolor>white</textcolor>
							<shadowcolor>text_shadow</shadowcolor>
							<aligny>center</aligny>
							<visible>ControlGroup(1000).HasFocus(95)</visible>
						</control>
						<!-- CPU and memory bar -->
						<control type="label">
							<height>50</height>
							<font>med22</font>
							<textoffsetx>20</textoffsetx>
							<textcolor>panel_text</textcolor>
							<shadowcolor>text_shadow</shadowcolor>
							<aligny>center</aligny>
							<label>$LOCALIZE[565]</label>
							<visible>ControlGroup(1000).HasFocus(98)</visible>
						</control>
						<control type="label">
							<height>50</height>
							<font>med22</font>
							<textoffsetx>35</textoffsetx>
							<textcolor>white</textcolor>
							<shadowcolor>text_shadow</shadowcolor>
							<aligny>center</aligny>
							<label>$LOCALIZE[13271] $INFO[System.CPUUsage]</label>
							<visible>ControlGroup(1000).HasFocus(98)</visible>
						</control>
						<control type="progress">
							<top>10</top>
							<left>35</left>
							<right>35</right>
							<height>16</height>
							<texturebg colordiffuse="black" border="2">common/ProgressBack.png</texturebg>
							<lefttexture>-</lefttexture>
							<midtexture colordiffuse="emby"  border="2">common/ProgressBar.png</midtexture>
							<info>System.CPUUsage</info>
							<visible>ControlGroup(1000).HasFocus(98)</visible>
						</control>
						<control type="label">
							<top>10</top>
							<height>50</height>
							<font>med22</font>
							<textoffsetx>35</textoffsetx>
							<textcolor>white</textcolor>
							<shadowcolor>text_shadow</shadowcolor>
							<aligny>center</aligny>
							<label>$LOCALIZE[31045]: $INFO[system.memory(used)] / $INFO[system.memory(total)] - $INFO[system.memory(used.percent)]</label>
							<visible>ControlGroup(1000).HasFocus(98)</visible>
						</control>
						<control type="progress">
							<top>10</top>
							<left>35</left>
							<right>35</right>
							<height>16</height>
							<texturebg colordiffuse="black" border="2">common/ProgressBack.png</texturebg>
							<lefttexture>-</lefttexture>
							<midtexture colordiffuse="emby"  border="2">common/ProgressBar.png</midtexture>
							<info>system.memory(used)</info>
							<visible>ControlGroup(1000).HasFocus(98)</visible>
						</control>
						<!-- privacy policy -->
						<control type="label">
							<top>10</top>
						</control>
						<control type="group">
							<left>35</left>
							<right>35</right>
							<control type="textbox" id="30">
								<height>750</height>
								<width>auto</width>
								<font>med22</font>
								<textcolor>white</textcolor>
								<shadowcolor>text_shadow</shadowcolor>
								<aligny>center</aligny>
								<pagecontrol>70</pagecontrol>
								<scroll>true</scroll>
							</control>
						</control>
						<!-- dont know what this label does -->
						<control type="label" id="2">
							<height>50</height>
							<font>med22</font>
							<textoffsetx>35</textoffsetx>
							<textcolor>white</textcolor>
							<shadowcolor>text_shadow</shadowcolor>
							<aligny>center</aligny>
						</control>
					</control>
				</control>
			</control>
		</control>
		<!-- header bar -->
		<include content="HeaderBar">		
			<param name="id">1000</param>
			<param name="enabled">false</param>
			<param name="sidebar_id">9999</param>
		</include>
		<!-- side panel -->
		<include content="SidePanel">
			<param name="onright">1000</param>
		</include>
	</controls>
</window>
