<?xml version="1.0" encoding="UTF-8" standalone="yes"?>
<addon id="service.fritz.automation" name="Fritz Automation" version="0.1.3" provider-name="L0RE">
    <requires>
        <import addon="xbmc.python" version="2.20.0"/>
    </requires>
    <extension point="xbmc.service" library="service.py" start="login" />
	<extension point="xbmc.python.pluginsource" library="service.py" >
	    <provides>executable</provides>
    </extension>
    <extension point="xbmc.addon.metadata">
    <summary lang="en">Stom von einer FritzSteckdose über die Fritzbox ab/an schalten unter bestimmten bedinungen</summary>
    <summary lang="de">Stom von einer FritzSteckdose über die Fritzbox ab/an schalten unter bestimmten bedinungen</summary>
    <description lang="en">Stom von einer FritzSteckdose über die Fritzbox ab/an schalten unter bestimmten bedinungen</description>
    <description lang="de">Stom von einer FritzSteckdose über die Fritzbox ab/an schalten unter bestimmten bedinungen</description>
    <website></website>
    <source>https://github.com/kodinerds/repo/tree/master/addons/service.fritz.automation</source>
    <forum>http://www.kodinerds.net/index.php/Thread/46939-Repo-Lost-Found/</forum>
    <email>andreas at vogler dot name</email>
    <platform>all</platform>
  </extension>
</addon>
