<?xml version="1.0" encoding="UTF-8"?>
<window>
	<defaultcontrol always="true">100</defaultcontrol>
	<menucontrol>6666</menucontrol>
	<backgroundcolor>background</backgroundcolor>
	<include>PropertyIncludes</include>
	<controls>
		<include>Background</include>
		<control type="group" id="50">
			<!-- left -->
			<control type="group">
				<include>Window_OpenClose</include>
				<include content="ContentPanel"/>
				<control type="group">
					<top>112</top>
					<control type="grouplist" id="100">
						<left>0</left>
						<top>0</top>
						<bottom>130</bottom>
						<width>400</width>
						<usecontrolcoords>true</usecontrolcoords>
						<onleft>900</onleft>
						<onup>6666</onup>
						<ondown>noop</ondown>
						<include content="SideHeadline">
							<param name="nr">1</param>
							<param name="label">$LOCALIZE[31249]</param>
						</include>
						<control type="button" id="101">
							<width>400</width>
							<height>50</height>
							<align>left</align>
							<aligny>center</aligny>
							<font>Reg22</font>
							<textoffsetx>50</textoffsetx>
							<textcolor>panel_textcolor</textcolor>
							<focusedcolor>panel_textcolor</focusedcolor>
							<selectedcolor>panel_textcolor</selectedcolor>
							<texturefocus colordiffuse="panel_focus">common/white.jpg</texturefocus>
							<include>NoTextures</include>
							<label>$LOCALIZE[31247]</label>
							<onright>200</onright>
						</control>
						<control type="button" id="102">
							<width>400</width>
							<height>50</height>
							<align>left</align>
							<aligny>center</aligny>
							<font>Reg22</font>
							<textoffsetx>50</textoffsetx>
							<textcolor>panel_textcolor</textcolor>
							<focusedcolor>panel_textcolor</focusedcolor>
							<selectedcolor>panel_textcolor</selectedcolor>
							<texturefocus colordiffuse="panel_focus">common/white.jpg</texturefocus>
							<include>NoTextures</include>
							<label>$LOCALIZE[31125]</label>
							<onright>300</onright>
						</control>
						<include content="SideHeadline">
							<param name="nr">2</param>
							<param name="label">$LOCALIZE[128]</param>
						</include>
						<control type="button" id="103">
							<width>400</width>
							<height>50</height>
							<align>left</align>
							<aligny>center</aligny>
							<font>Reg22</font>
							<textoffsetx>50</textoffsetx>
							<textcolor>panel_textcolor</textcolor>
							<focusedcolor>panel_textcolor</focusedcolor>
							<selectedcolor>panel_textcolor</selectedcolor>
							<texturefocus colordiffuse="panel_focus">common/white.jpg</texturefocus>
							<include>NoTextures</include>
							<label>$LOCALIZE[480]</label>
							<onright>400</onright>
						</control>
						<control type="button" id="104">
							<width>400</width>
							<height>50</height>
							<align>left</align>
							<aligny>center</aligny>
							<font>Reg22</font>
							<textoffsetx>50</textoffsetx>
							<textcolor>panel_textcolor</textcolor>
							<focusedcolor>panel_textcolor</focusedcolor>
							<selectedcolor>panel_textcolor</selectedcolor>
							<texturefocus colordiffuse="panel_focus">common/white.jpg</texturefocus>
							<include>NoTextures</include>
							<label>$LOCALIZE[31134]</label>
							<onright>500</onright>
						</control>
						<control type="button" id="105">
							<width>400</width>
							<height>50</height>
							<align>left</align>
							<aligny>center</aligny>
							<font>Reg22</font>
							<textoffsetx>50</textoffsetx>
							<textcolor>panel_textcolor</textcolor>
							<focusedcolor>panel_textcolor</focusedcolor>
							<selectedcolor>panel_textcolor</selectedcolor>
							<texturefocus colordiffuse="panel_focus">common/white.jpg</texturefocus>
							<include>NoTextures</include>
							<label>$LOCALIZE[31224]</label>
							<onright>600</onright>
						</control>
					</control>
				</control>
			</control>
			<!-- right  -->
			<control type="group">
				<include>Window_OpenClose</include>
				<top>122</top>
				<bottom>122</bottom>
				<control type="group">
					<left>400</left>
					<right>0</right>
					<bottom>0</bottom>
					<control type="image">
						<top>-1</top>
						<height>1</height>
						<texture colordiffuse="grid_border">common/white.jpg</texture>
						<aspectratio>stretch</aspectratio>
					</control>
					<control type="image">
						<bottom>-1</bottom>
						<height>1</height>
						<texture colordiffuse="grid_border">common/white.jpg</texture>
						<aspectratio>stretch</aspectratio>
					</control>
				</control>
				<control type="textbox">
					<bottom>-96</bottom>
					<left>500</left>
					<right>100</right>
					<height>76</height>
					<font>reg22</font>
					<label>$VAR[SettingHelpText]</label>
				</control>
				<!-- menus widgets -->
				<control type="grouplist" id="200">
					<visible>ControlGroup(100).HasFocus(101)</visible>
					<left>500</left>
					<right>100</right>
					<height>100%</height>
					<onup>6666</onup>
					<onleft>100</onleft>
					<onright>noop</onright>
					<ondown>noop</ondown>
					<pagecontrol>60</pagecontrol>
					<scrolltime>200</scrolltime>
					<itemgap>0</itemgap>
					<!-- main menu -->
					<include content="SkinSettingsHeadlineLabel">
						<param name="id" value="201"/>
						<param name="label" value="$LOCALIZE[10000]"/>
					</include>
					<control type="button" id="202">
						<include>SettingsButton</include>
						<label>$LOCALIZE[31244]</label>
						<onclick>RunScript(script.skinshortcuts,type=manage&amp;group=mainmenu)</onclick>
						<enable>!Skin.HasSetting(HideMainMenu)</enable>
					</control>
					<control type="button" id="203">
						<include>SettingsButton</include>
						<onclick>SetProperty(PositionCount,18,home)</onclick>
						<onclick>SetProperty(SelectorContent,HomeWidgets,home)</onclick>
						<onclick>ActivateWindow(1110)</onclick>
						<enable>!Skin.HasSetting(HomePanelLayout)</enable>
						<label>$LOCALIZE[31245]</label>
					</control>
					<control type="radiobutton" id="204">
						<include>SettingsButton</include>
						<onclick>Skin.ToggleSetting(HomePanelLayout)</onclick>
						<selected>Skin.HasSetting(HomePanelLayout)</selected>
						<label>$LOCALIZE[31153]</label>
						<enable>!Skin.HasSetting(HideMainMenu)</enable>
					</control>
					<control type="radiobutton" id="205">
						<include>SettingsButton</include>
						<onclick>Skin.ToggleSetting(HideMainMenu)</onclick>
						<selected>Skin.HasSetting(HideMainMenu)</selected>
						<enable>!Skin.HasSetting(HomePanelLayout)</enable>
						<label>$LOCALIZE[31254]</label>
					</control>
					<!-- movie -->
					<include content="SkinSettingsHeadlineLabel">
						<param name="id" value="211"/>
						<param name="label" value="$LOCALIZE[31173]"/>
					</include>
					<control type="button" id="212">
						<include>SettingsButton</include>
						<label>$LOCALIZE[31244]</label>
						<onclick>RunScript(script.skinshortcuts,type=manage&amp;group=moviehub)</onclick>
					</control>
					<control type="button" id="214">
						<include>SettingsButton</include>
						<onclick>SetProperty(PositionCount,19,home)</onclick>
						<onclick>SetProperty(SelectorContent,MovieHubWidgets,home)</onclick>
						<onclick>ActivateWindow(1110)</onclick>
						<label>$LOCALIZE[31245]</label>
					</control>
					<!-- tvshows -->
					<include content="SkinSettingsHeadlineLabel">
						<param name="id" value="221"/>
						<param name="label" value="$LOCALIZE[31172]"/>
					</include>
					<control type="button" id="222">
						<include>SettingsButton</include>
						<label>$LOCALIZE[31244]</label>
						<onclick>RunScript(script.skinshortcuts,type=manage&amp;group=tvshowhub)</onclick>
					</control>
					<control type="button" id="223">
						<include>SettingsButton</include>
						<onclick>SetProperty(PositionCount,20,home)</onclick>
						<onclick>SetProperty(SelectorContent,TVShowHubWidgets,home)</onclick>
						<onclick>ActivateWindow(1110)</onclick>
						<label>$LOCALIZE[31245]</label>
					</control>
					<!-- music -->
					<include content="SkinSettingsHeadlineLabel">
						<param name="id" value="241"/>
						<param name="label" value="$LOCALIZE[31174]"/>
					</include>
					<control type="button" id="242">
						<include>SettingsButton</include>
						<label>$LOCALIZE[31244]</label>
						<onclick>RunScript(script.skinshortcuts,type=manage&amp;group=musichub)</onclick>
					</control>
					<control type="button" id="243">
						<include>SettingsButton</include>
						<onclick>SetProperty(PositionCount,15,home)</onclick>
						<onclick>SetProperty(SelectorContent,MusicHubWidgets,home)</onclick>
						<onclick>ActivateWindow(1110)</onclick>
						<label>$LOCALIZE[31245]</label>
					</control>
					<control type="label">
						<height>50</height>
					</control>
				</control>
				<!-- Widgets -->
				<control type="grouplist" id="300">
					<visible>ControlGroup(100).HasFocus(102)</visible>
					<left>500</left>
					<right>100</right>
					<height>100%</height>
					<onup>6666</onup>
					<onleft>100</onleft>
					<onright>noop</onright>
					<ondown>noop</ondown>
					<pagecontrol>60</pagecontrol>
					<scrolltime>200</scrolltime>
					<itemgap>0</itemgap>
					<include content="CustomWidgetTemplate">
						<param name="id" value="801"/>
						<param name="nr" value="1"/>
					</include>
					<include content="CustomWidgetTemplate">
						<param name="id" value="802"/>
						<param name="nr" value="2"/>
					</include>
					<include content="CustomWidgetTemplate">
						<param name="id" value="803"/>
						<param name="nr" value="3"/>
					</include>
					<include content="CustomWidgetTemplate">
						<param name="id" value="804"/>
						<param name="nr" value="4"/>
					</include>
					<include content="CustomWidgetTemplate">
						<param name="id" value="805"/>
						<param name="nr" value="5"/>
					</include>
					<include content="CustomWidgetTemplate">
						<param name="id" value="806"/>
						<param name="nr" value="6"/>
					</include>
					<include content="CustomWidgetTemplate">
						<param name="id" value="807"/>
						<param name="nr" value="7"/>
					</include>
					<include content="CustomWidgetTemplate">
						<param name="id" value="808"/>
						<param name="nr" value="8"/>
					</include>
					<include content="CustomWidgetTemplate">
						<param name="id" value="809"/>
						<param name="nr" value="9"/>
					</include>
					<include content="CustomWidgetTemplate">
						<param name="id" value="810"/>
						<param name="nr" value="10"/>
					</include>
					<include content="CustomWidgetTemplate">
						<param name="id" value="811"/>
						<param name="nr" value="11"/>
					</include>
					<include content="CustomWidgetTemplate">
						<param name="id" value="812"/>
						<param name="nr" value="12"/>
					</include>
					<include content="CustomWidgetTemplate">
						<param name="id" value="813"/>
						<param name="nr" value="13"/>
					</include>
					<include content="CustomWidgetTemplate">
						<param name="id" value="814"/>
						<param name="nr" value="14"/>
					</include>
					<include content="CustomWidgetTemplate">
						<param name="id" value="815"/>
						<param name="nr" value="15"/>
					</include>
					<include content="CustomWidgetTemplate">
						<param name="id" value="816"/>
						<param name="nr" value="16"/>
					</include>
					<include content="CustomWidgetTemplate">
						<param name="id" value="817"/>
						<param name="nr" value="17"/>
					</include>
					<include content="CustomWidgetTemplate">
						<param name="id" value="818"/>
						<param name="nr" value="18"/>
					</include>
					<include content="CustomWidgetTemplate">
						<param name="id" value="819"/>
						<param name="nr" value="19"/>
					</include>
					<include content="CustomWidgetTemplate">
						<param name="id" value="820"/>
						<param name="nr" value="20"/>
					</include>
					<control type="label">
						<height>50</height>
					</control>
				</control>
				<!-- appearancesettings -->
				<control type="grouplist" id="400">
					<visible>ControlGroup(100).HasFocus(103)</visible>
					<left>500</left>
					<right>100</right>
					<height>100%</height>
					<onup>6666</onup>
					<onleft>100</onleft>
					<onright>noop</onright>
					<ondown>noop</ondown>
					<pagecontrol>60</pagecontrol>
					<scrolltime>200</scrolltime>
					<itemgap>0</itemgap>
					<!-- colors -->
					<include content="SkinSettingsHeadlineLabel">
						<param name="id" value="401"/>
						<param name="label" value="$LOCALIZE[31266]"/>
					</include>
					<control type="radiobutton" id="402">
						<radiowidth>40</radiowidth>
						<radioheight>35</radioheight>
						<textureradioonfocus colordiffuse="$VAR[AccentColor]">icons/misc/radio20_on_fo.png</textureradioonfocus>
						<textureradioonnofocus colordiffuse="$VAR[AccentColor]">icons/misc/radio20_on.png</textureradioonnofocus>
						<textureradioofffocus colordiffuse="$VAR[AccentColor]">icons/misc/radio20_on_fo.png</textureradioofffocus>
						<textureradiooffnofocus colordiffuse="$VAR[AccentColor]">icons/misc/radio20_on.png</textureradiooffnofocus>
						<textureradioondisabled colordiffuse="$VAR[AccentColor]">icons/misc/radio20_on_fo.png</textureradioondisabled>
						<textureradiooffdisabled colordiffuse="$VAR[AccentColor]">icons/misc/radio20_on.png</textureradiooffdisabled>
						<include>SettingsButton</include>
						<onclick condition="!System.HasAddon(script.skin.helper.colorpicker)">InstallAddon(script.skin.helper.colorpicker)</onclick>
						<onclick condition="System.HasAddon(script.skin.helper.colorpicker)">RunScript(script.skin.helper.colorpicker,skinstring=color_accent,palette=rainbow)</onclick>
						<label>$LOCALIZE[31267]</label>
						<label2>$VAR[AccentColorLabel]</label2>
					</control>
					<control type="radiobutton" id="403">
						<textureradioonfocus colordiffuse="$VAR[PlayerAccentColor]">icons/misc/radio20_on_fo.png</textureradioonfocus>
						<textureradioonnofocus colordiffuse="$VAR[PlayerAccentColor]">icons/misc/radio20_on.png</textureradioonnofocus>
						<textureradioofffocus colordiffuse="$VAR[PlayerAccentColor]">icons/misc/radio20_on_fo.png</textureradioofffocus>
						<textureradiooffnofocus colordiffuse="$VAR[PlayerAccentColor]">icons/misc/radio20_on.png</textureradiooffnofocus>
						<textureradioondisabled colordiffuse="$VAR[PlayerAccentColor]">icons/misc/radio20_on_fo.png</textureradioondisabled>
						<textureradiooffdisabled colordiffuse="$VAR[PlayerAccentColor]">icons/misc/radio20_on.png</textureradiooffdisabled>
						<include>SettingsButton</include>
						<onclick condition="!System.HasAddon(script.skin.helper.colorpicker)">InstallAddon(script.skin.helper.colorpicker)</onclick>
						<onclick condition="System.HasAddon(script.skin.helper.colorpicker)">RunScript(script.skin.helper.colorpicker,skinstring=color_player_accent,palette=rainbow)</onclick>
						<label>$LOCALIZE[31268]</label>
						<label2>$VAR[PlayerAccentColorLabel]</label2>
					</control>
					<control type="radiobutton" id="404">
						<textureradioonfocus colordiffuse="$VAR[ThumbFallbackColor]">icons/misc/radio20_on_fo.png</textureradioonfocus>
						<textureradioonnofocus colordiffuse="$VAR[ThumbFallbackColor]">icons/misc/radio20_on.png</textureradioonnofocus>
						<textureradioofffocus colordiffuse="$VAR[ThumbFallbackColor]">icons/misc/radio20_on_fo.png</textureradioofffocus>
						<textureradiooffnofocus colordiffuse="$VAR[ThumbFallbackColor]">icons/misc/radio20_on.png</textureradiooffnofocus>
						<textureradioondisabled colordiffuse="$VAR[ThumbFallbackColor]">icons/misc/radio20_on_fo.png</textureradioondisabled>
						<textureradiooffdisabled colordiffuse="$VAR[ThumbFallbackColor]">icons/misc/radio20_on.png</textureradiooffdisabled>
						<include>SettingsButton</include>
						<onclick condition="!System.HasAddon(script.skin.helper.colorpicker)">InstallAddon(script.skin.helper.colorpicker)</onclick>
						<onclick condition="System.HasAddon(script.skin.helper.colorpicker)">RunScript(script.skin.helper.colorpicker,skinstring=color_thumb_fallback,palette=rainbow)</onclick>
						<label>$LOCALIZE[31269]</label>
						<label2>$VAR[ThumbFallbackColorLabel]</label2>
					</control>
					<control type="radiobutton" id="405">
						<textureradioonfocus colordiffuse="$VAR[ButtonAccentColor]">icons/misc/radio20_on_fo.png</textureradioonfocus>
						<textureradioonnofocus colordiffuse="$VAR[ButtonAccentColor]">icons/misc/radio20_on.png</textureradioonnofocus>
						<textureradioofffocus colordiffuse="$VAR[ButtonAccentColor]">icons/misc/radio20_on_fo.png</textureradioofffocus>
						<textureradiooffnofocus colordiffuse="$VAR[ButtonAccentColor]">icons/misc/radio20_on.png</textureradiooffnofocus>
						<textureradioondisabled colordiffuse="$VAR[ButtonAccentColor]">icons/misc/radio20_on_fo.png</textureradioondisabled>
						<textureradiooffdisabled colordiffuse="$VAR[ButtonAccentColor]">icons/misc/radio20_on.png</textureradiooffdisabled>
						<include>SettingsButton</include>
						<onclick condition="!System.HasAddon(script.skin.helper.colorpicker)">InstallAddon(script.skin.helper.colorpicker)</onclick>
						<onclick condition="System.HasAddon(script.skin.helper.colorpicker)">RunScript(script.skin.helper.colorpicker,skinstring=button_focus_accent,palette=rainbow)</onclick>
						<label>$LOCALIZE[31270]</label>
						<label2>$VAR[ButtonAccentColorLabel]</label2>
					</control>
					<!-- background -->
					<include content="SkinSettingsHeadlineLabel">
						<param name="id" value="410"/>
						<param name="label" value="$LOCALIZE[33068]"/>
					</include>
					<control type="button" id="411">
						<include>SettingsButton</include>
						<onclick condition="String.IsEqual(Skin.String(AlphaBackground),10)">Skin.Reset(AlphaBackground)</onclick>
						<onclick condition="String.IsEqual(Skin.String(AlphaBackground),20)">Skin.SetString(AlphaBackground,10)</onclick>
						<onclick condition="String.IsEqual(Skin.String(AlphaBackground),30)">Skin.SetString(AlphaBackground,20)</onclick>
						<onclick condition="String.IsEqual(Skin.String(AlphaBackground),40)">Skin.SetString(AlphaBackground,30)</onclick>
						<onclick condition="String.IsEqual(Skin.String(AlphaBackground),50)">Skin.SetString(AlphaBackground,40)</onclick>
						<onclick condition="String.IsEqual(Skin.String(AlphaBackground),60)">Skin.SetString(AlphaBackground,50)</onclick>
						<onclick condition="String.IsEqual(Skin.String(AlphaBackground),70)">Skin.SetString(AlphaBackground,60)</onclick>
						<onclick condition="String.IsEqual(Skin.String(AlphaBackground),80)">Skin.SetString(AlphaBackground,70)</onclick>
						<onclick condition="String.IsEqual(Skin.String(AlphaBackground),90)">Skin.SetString(AlphaBackground,80)</onclick>
						<onclick condition="String.IsEmpty(Skin.String(AlphaBackground)) | String.IsEqual(Skin.String(AlphaBackground),100)">Skin.SetString(AlphaBackground,90)</onclick>
						<label>$LOCALIZE[31271]</label>
						<label2>$VAR[BackgroundOpacity,,%]</label2>
						<enable>!Skin.HasSetting(HideBackground) | !Skin.HasSetting(HideBackgroundPlayback)</enable>
					</control>
					<control type="radiobutton" id="412">
						<include>SettingsButton</include>
						<onclick>Skin.ToggleSetting(HideBackground)</onclick>
						<selected>!Skin.HasSetting(HideBackground)</selected>
						<label>$LOCALIZE[31087]</label>
					</control>
					<control type="radiobutton" id="413">
						<include>SettingsButton</include>
						<onclick>Skin.ToggleSetting(HideBackgroundPlayback)</onclick>
						<selected>!Skin.HasSetting(HideBackgroundPlayback)</selected>
						<label>$LOCALIZE[31088]</label>
					</control>
					<include content="SkinSettingsHeadlineLabel">
						<param name="id" value="420"/>
						<param name="label" value="$LOCALIZE[33070]"/>
					</include>
					<control type="radiobutton" id="421">
						<include>SettingsButton</include>
						<onclick>Skin.ToggleSetting(ShowStaticBackgroundImage)</onclick>
						<selected>Skin.HasSetting(ShowStaticBackgroundImage)</selected>
						<onclick condition="Skin.HasSetting(ShowRandomBackgroundImage)">Skin.ToggleSetting(ShowRandomBackgroundImage)</onclick>
						<label>$LOCALIZE[31104]</label>
					</control>
					<control type="button" id="422">
						<textcolor>$VAR[AccentColor]</textcolor>
						<texturenofocus colordiffuse="panel_subitem">common/white.jpg</texturenofocus>
						<include>SettingsButton</include>
						<onclick>Skin.SetImage(StaticBackgroundImage)</onclick>
						<label>• $LOCALIZE[573]</label>
						<label2>$INFO[Skin.String(StaticBackgroundImage)]</label2>
						<enable>Skin.HasSetting(ShowStaticBackgroundImage)</enable>
						<visible>Skin.HasSetting(ShowStaticBackgroundImage)</visible>
					</control>
					<control type="radiobutton" id="423">
						<textcolor>$VAR[AccentColor]</textcolor>
						<texturenofocus colordiffuse="panel_subitem">common/white.jpg</texturenofocus>
						<include>SettingsButton</include>
						<onclick>Skin.SetImage(ShowStaticBackgroundImageGlobally)</onclick>
						<label>• $LOCALIZE[31222]</label>
						<selected>Skin.HasSetting(ShowStaticBackgroundImageGlobally)</selected>
						<visible>Skin.HasSetting(ShowStaticBackgroundImage)</visible>
					</control>
					<control type="radiobutton" id="424">
						<include>SettingsButton</include>
						<onclick>Skin.ToggleSetting(ShowRandomBackgroundImage)</onclick>
						<onclick condition="Skin.HasSetting(ShowStaticBackgroundImage)">Skin.ToggleSetting(ShowStaticBackgroundImage)</onclick>
						<selected>Skin.HasSetting(ShowRandomBackgroundImage)</selected>
						<label>$LOCALIZE[31195]</label>
					</control>
					<control type="button" id="425">
						<textcolor>$VAR[AccentColor]</textcolor>
						<texturenofocus colordiffuse="panel_subitem">common/white.jpg</texturenofocus>
						<include>SettingsButton</include>
						<onclick>Skin.SetPath(RandomBackgroundImage)</onclick>
						<label>• $LOCALIZE[573]</label>
						<label2>$INFO[Skin.String(RandomBackgroundImage)]</label2>
						<enable>Skin.HasSetting(ShowRandomBackgroundImage)</enable>
						<visible>Skin.HasSetting(ShowRandomBackgroundImage)</visible>
					</control>
					<!-- header -->
					<include content="SkinSettingsHeadlineLabel">
						<param name="id" value="430"/>
						<param name="label" value="$LOCALIZE[31109]"/>
					</include>
					<control type="radiobutton" id="431">
						<include>SettingsButton</include>
						<onclick>Skin.ToggleSetting(CustomDeviceName)</onclick>
						<selected>Skin.HasSetting(CustomDeviceName)</selected>
						<label>$LOCALIZE[31117]</label>
					</control>
					<control type="button" id="432">
						<textcolor>$VAR[AccentColor]</textcolor>
						<texturenofocus colordiffuse="panel_subitem">common/white.jpg</texturenofocus>
						<include>SettingsButton</include>
						<onclick>Skin.SetString(CustomDeviceName_label)</onclick>
						<label>• $LOCALIZE[21899]</label>
						<label2>$VAR[HeaderCustomDeviceName]</label2>
						<visible>Skin.HasSetting(CustomDeviceName)</visible>
					</control>
					<control type="radiobutton" id="433">
						<include>SettingsButton</include>
						<onclick>Skin.ToggleSetting(HideHeaderWeather)</onclick>
						<selected>!Skin.HasSetting(HideHeaderWeather)</selected>
						<label>$LOCALIZE[31110]</label>
					</control>
					<!-- global widget settings -->
					<include content="SkinSettingsHeadlineLabel">
						<param name="id" value="440"/>
						<param name="label" value="$LOCALIZE[31083]"/>
					</include>
					<control type="radiobutton" id="441">
						<include>SettingsButton</include>
						<onclick>Skin.ToggleSetting(HideEmbyConLabel)</onclick>
						<selected>!Skin.HasSetting(HideEmbyConLabel)</selected>
						<label>$LOCALIZE[31085]</label>
					</control>
					<!-- playback -->
					<include content="SkinSettingsHeadlineLabel">
						<param name="id" value="450"/>
						<param name="label" value="$LOCALIZE[14086]"/>
					</include>
					<control type="radiobutton" id="451">
						<include>SettingsButton</include>
						<onclick>Skin.ToggleSetting(StartMusicFullscreen)</onclick>
						<selected>Skin.HasSetting(StartMusicFullscreen)</selected>
						<label>$LOCALIZE[31250]</label>
					</control>
					<control type="radiobutton" id="452">
						<include>SettingsButton</include>
						<label>$LOCALIZE[31231]</label>
						<selected>!Skin.HasSetting(DoNotPauseOnInfo)</selected>
						<onclick>Skin.ToggleSetting(DoNotPauseOnInfo)</onclick>
					</control>
					<!-- misc -->
					<include content="SkinSettingsHeadlineLabel">
						<param name="id" value="460"/>
						<param name="label" value="$LOCALIZE[31001]"/>
					</include>
					<control type="radiobutton" id="461">
						<include>SettingsButton</include>
						<onclick>Skin.ToggleSetting(KioskMode)</onclick>
						<selected>Skin.HasSetting(KioskMode)</selected>
						<label>$LOCALIZE[31112]</label>
					</control>
					<control type="radiobutton" id="462">
						<include>SettingsButton</include>
						<onclick>Skin.ToggleSetting(HideLibraryEditButtons)</onclick>
						<selected>!Skin.HasSetting(HideLibraryEditButtons)</selected>
						<label>$LOCALIZE[31155]</label>
					</control>
					<control type="radiobutton" id="463">
						<include>SettingsButton</include>
						<onclick>Skin.ToggleSetting(HideHolidayTheme)</onclick>
						<selected>!Skin.HasSetting(HideHolidayTheme)</selected>
						<label>$LOCALIZE[31015]</label>
					</control>
					<control type="radiobutton" id="464">
						<include>SettingsButton</include>
						<onclick>Skin.ToggleSetting(JumpToFirstPage)</onclick>
						<selected>Skin.HasSetting(JumpToFirstPage)</selected>
						<label>$LOCALIZE[31221]</label>
					</control>
					<control type="radiobutton" id="465">
						<include>SettingsButton</include>
						<label>$LOCALIZE[31230]</label>
						<selected>Skin.HasSetting(HideUnwatchedThumbs)</selected>
						<onclick>Skin.ToggleSetting(HideUnwatchedThumbs)</onclick>
					</control>
					<control type="button" id="466">
						<include>SettingsButton</include>
						<label>$LOCALIZE[31228]</label>
						<label2>[COLOR $VAR[AccentColor]]$VAR[SearchProvider][/COLOR]</label2>
						<onclick>Skin.ToggleSetting(UseGlobalsearch)</onclick>
					</control>
					<control type="button" id="467">
						<include>SettingsButton</include>
						<label>$LOCALIZE[31238]</label>
						<label2>[COLOR $VAR[AccentColor]]$VAR[CastSearchProvider][/COLOR]</label2>
						<onclick>Skin.ToggleSetting(DoNotUseExtendedInfo)</onclick>
					</control>
					<control type="label">
						<height>50</height>
					</control>
				</control>
				<!-- side panel -->
				<control type="grouplist" id="500">
					<visible>ControlGroup(100).HasFocus(104)</visible>
					<left>500</left>
					<right>100</right>
					<height>100%</height>
					<onup>6666</onup>
					<onleft>100</onleft>
					<onright>noop</onright>
					<ondown>noop</ondown>
					<pagecontrol>60</pagecontrol>
					<scrolltime>200</scrolltime>
					<itemgap>0</itemgap>
					<!-- local / embycon source -->
					<include content="SkinSettingsHeadlineLabel">
						<param name="id" value="499"/>
						<param name="label" value="$LOCALIZE[14211]"/>
					</include>
					<control type="radiobutton" id="450">
						<include>SettingsButton</include>
						<onclick>Skin.ToggleSetting(HideSPMovies)</onclick>
						<selected>!Skin.HasSetting(HideSPMovies)</selected>
						<label>$LOCALIZE[31135]</label>
					</control>
					<control type="radiobutton" id="451">
						<include>SettingsButton</include>
						<onclick>Skin.ToggleSetting(HideSPTVshows)</onclick>
						<selected>!Skin.HasSetting(HideSPTVshows)</selected>
						<label>$LOCALIZE[31136]</label>
					</control>
					<control type="radiobutton" id="452">
						<include>SettingsButton</include>
						<onclick>Skin.ToggleSetting(HideSPVideos)</onclick>
						<selected>!Skin.HasSetting(HideSPVideos)</selected>
						<label>$LOCALIZE[31137]</label>
					</control>
					<control type="radiobutton" id="453">
						<include>SettingsButton</include>
						<onclick>Skin.ToggleSetting(HideSPPVR)</onclick>
						<selected>!Skin.HasSetting(HideSPPVR)</selected>
						<label>$LOCALIZE[31138]</label>
					</control>
					<control type="radiobutton" id="454">
						<include>SettingsButton</include>
						<onclick>Skin.ToggleSetting(HideSPMusic)</onclick>
						<selected>!Skin.HasSetting(HideSPMusic)</selected>
						<label>$LOCALIZE[31139]</label>
					</control>
					<control type="radiobutton" id="455">
						<include>SettingsButton</include>
						<onclick>Skin.ToggleSetting(HideSPMusicvideos)</onclick>
						<selected>!Skin.HasSetting(HideSPMusicvideos)</selected>
						<label>$LOCALIZE[31168]</label>
					</control>
					<control type="radiobutton" id="456">
						<include>SettingsButton</include>
						<onclick>Skin.ToggleSetting(HideSPPictures)</onclick>
						<selected>!Skin.HasSetting(HideSPPictures)</selected>
						<label>$LOCALIZE[31140]</label>
					</control>
					<!-- misc -->
					<include content="SkinSettingsHeadlineLabel">
						<param name="id" value="460"/>
						<param name="label" value="$LOCALIZE[31001]"/>
					</include>
					<control type="radiobutton" id="461">
						<include>SettingsButton</include>
						<onclick>Skin.ToggleSetting(HideSPAddons)</onclick>
						<selected>!Skin.HasSetting(HideSPAddons)</selected>
						<label>$LOCALIZE[31141]</label>
					</control>
					<control type="radiobutton" id="462">
						<include>SettingsButton</include>
						<onclick>Skin.ToggleSetting(HideSPFavourites)</onclick>
						<selected>!Skin.HasSetting(HideSPFavourites)</selected>
						<label>$LOCALIZE[31142]</label>
					</control>
					<control type="radiobutton" id="463">
						<include>SettingsButton</include>
						<onclick>Skin.ToggleSetting(HideSPWeather)</onclick>
						<selected>!Skin.HasSetting(HideSPWeather)</selected>
						<label>$LOCALIZE[31143]</label>
					</control>
					<!-- system -->
					<include content="SkinSettingsHeadlineLabel">
						<param name="id" value="470"/>
						<param name="label" value="$LOCALIZE[13000]"/>
					</include>
					<control type="radiobutton" id="471">
						<include>SettingsButton</include>
						<onclick>Skin.ToggleSetting(HideSPVideoUpdate)</onclick>
						<selected>!Skin.HasSetting(HideSPVideoUpdate)</selected>
						<label>$LOCALIZE[31113]</label>
					</control>
					<control type="radiobutton" id="472">
						<include>SettingsButton</include>
						<onclick>Skin.ToggleSetting(HideSPMusicUpdate)</onclick>
						<selected>!Skin.HasSetting(HideSPMusicUpdate)</selected>
						<label>$LOCALIZE[31114]</label>
					</control>
					<control type="radiobutton" id="473">
						<include>SettingsButton</include>
						<onclick>Skin.ToggleSetting(HideSPAddonUpdate)</onclick>
						<selected>!Skin.HasSetting(HideSPAddonUpdate)</selected>
						<label>$LOCALIZE[31144]</label>
					</control>
					<control type="radiobutton" id="474">
						<include>SettingsButton</include>
						<onclick>Skin.ToggleSetting(HideSPDebug)</onclick>
						<selected>!Skin.HasSetting(HideSPDebug)</selected>
						<label>$LOCALIZE[31145]</label>
					</control>
					<control type="radiobutton" id="475">
						<include>SettingsButton</include>
						<onclick>Skin.ToggleSetting(HideSPReload)</onclick>
						<selected>!Skin.HasSetting(HideSPReload)</selected>
						<label>$LOCALIZE[31146]</label>
					</control>
					<control type="label">
						<height>50</height>
					</control>
				</control>
				<!-- Power menu -->
				<control type="grouplist" id="600">
					<visible>ControlGroup(100).HasFocus(105)</visible>
					<left>500</left>
					<right>100</right>
					<height>100%</height>
					<onup>6666</onup>
					<onleft>100</onleft>
					<onright>noop</onright>
					<ondown>noop</ondown>
					<pagecontrol>60</pagecontrol>
					<scrolltime>200</scrolltime>
					<itemgap>0</itemgap>
					<!-- shortcuts -->
					<include content="SkinSettingsHeadlineLabel">
						<param name="id" value="601"/>
						<param name="label" value="$LOCALIZE[111]"/>
					</include>
					<control type="radiobutton" id="602">
						<include>SettingsButton</include>
						<onclick>Skin.ToggleSetting(HidePowerExit)</onclick>
						<selected>!Skin.HasSetting(HidePowerExit)</selected>
						<visible>!System.Platform.Android</visible>
						<label>$LOCALIZE[13012]</label>
					</control>
					<control type="radiobutton" id="603">
						<include>SettingsButton</include>
						<onclick>Skin.ToggleSetting(HidePowerSettings)</onclick>
						<selected>!Skin.HasSetting(HidePowerSettings)</selected>
						<label>$LOCALIZE[5]</label>
						<visible>System.ShowExitButton</visible>
					</control>
					<control type="radiobutton" id="604">
						<include>SettingsButton</include>
						<onclick>Skin.ToggleSetting(HidePowerOff)</onclick>
						<selected>!Skin.HasSetting(HidePowerOff)</selected>
						<label>$LOCALIZE[13016]</label>
						<visible>System.CanPowerDown</visible>
					</control>
					<control type="radiobutton" id="605">
						<include>SettingsButton</include>
						<onclick>Skin.ToggleSetting(HidePowerTimer)</onclick>
						<selected>!Skin.HasSetting(HidePowerTimer)</selected>
						<label>$LOCALIZE[20150] / $LOCALIZE[20151]</label>
						<visible>System.CanPowerDown | System.CanSuspend | System.CanHibernate</visible>
					</control>
					<control type="radiobutton" id="606">
						<include>SettingsButton</include>
						<onclick>Skin.ToggleSetting(HidePowerSuspend)</onclick>
						<selected>!Skin.HasSetting(HidePowerSuspend)</selected>
						<label>$LOCALIZE[13011]</label>
						<visible>System.CanSuspend</visible>
					</control>
					<control type="radiobutton" id="607">
						<include>SettingsButton</include>
						<onclick>Skin.ToggleSetting(HidePowerHibernate)</onclick>
						<selected>!Skin.HasSetting(HidePowerHibernate)</selected>
						<label>$LOCALIZE[13010]</label>
						<visible>System.CanHibernate</visible>
					</control>
					<control type="radiobutton" id="608">
						<include>SettingsButton</include>
						<onclick>Skin.ToggleSetting(HidePowerReboot)</onclick>
						<selected>!Skin.HasSetting(HidePowerReboot)</selected>
						<label>$LOCALIZE[13013]</label>
						<visible>System.CanReboot</visible>
					</control>
					<control type="radiobutton" id="609">
						<include>SettingsButton</include>
						<onclick>Skin.ToggleSetting(HidePowerRebootNAND)</onclick>
						<selected>!Skin.HasSetting(HidePowerRebootNAND)</selected>
						<label>$LOCALIZE[13013] (NAND)</label>
						<visible>System.CanReboot + System.HasAddon(service.libreelec.settings)</visible>
					</control>
					<control type="radiobutton" id="610">
						<include>SettingsButton</include>
						<onclick>Skin.ToggleSetting(HidePowerIdleShutdown)</onclick>
						<selected>!Skin.HasSetting(HidePowerIdleShutdown)</selected>
						<label>$LOCALIZE[13017] / $LOCALIZE[13018]</label>
						<visible>System.HasShutdown</visible>
					</control>
				</control>
			</control>
		</control>
		<!-- scrollbar -->
		<include content="Scrollbar">
			<param name="id" value="60"/>
			<param name="visible" value="true"/>
			<param name="top" value="122"/>
			<param name="bottom" value="122"/>
			<param name="width" value="10"/>
		</include>
		<!-- header bar -->
		<include content="HeaderBar">
			<param name="id">50</param>
			<param name="auto_hide">false</param>
		</include>
		<!-- side panel -->
		<include content="SidePanel">
			<param name="onright">50</param>
		</include>
	</controls>
</window>
