<?xml version="1.0" encoding="UTF-8"?>
<includes>
	<!-- Home -->
	<include name="WidgetCall">
		<include condition="String.IsEmpty(Skin.String(home_widget_pos_$PARAM[pos]))" content="WidgetDummy">
			<param name="id" value="$PARAM[id]"/>
			<param name="onup" value="$PARAM[onup]"/>
			<param name="ondown" value="$PARAM[ondown]"/>
		</include>
		<include condition="String.IsEqual(Skin.String(home_widget_pos_$PARAM[pos]),W_InProgressMedia)" content="W_InProgressMedia">
			<param name="id" value="$PARAM[id]"/>
			<param name="onup" value="$PARAM[onup]"/>
			<param name="ondown" value="$PARAM[ondown]"/>
		</include>
		<include condition="String.IsEqual(Skin.String(home_widget_pos_$PARAM[pos]),W_EmbyCon_InProgressMedia)" content="W_EmbyCon_InProgressMedia">
			<param name="id" value="$PARAM[id]"/>
			<param name="onup" value="$PARAM[onup]"/>
			<param name="ondown" value="$PARAM[ondown]"/>
		</include>
		<include condition="String.IsEqual(Skin.String(home_widget_pos_$PARAM[pos]),W_PVR)" content="W_PVR">
			<param name="id" value="$PARAM[id]"/>
			<param name="onup" value="$PARAM[onup]"/>
			<param name="ondown" value="$PARAM[ondown]"/>
		</include>
		<include condition="String.IsEqual(Skin.String(home_widget_pos_$PARAM[pos]),W_RecentPVR)" content="W_RecentPVR">
			<param name="id" value="$PARAM[id]"/>
			<param name="onup" value="$PARAM[onup]"/>
			<param name="ondown" value="$PARAM[ondown]"/>
		</include>
		<include condition="String.IsEqual(Skin.String(home_widget_pos_$PARAM[pos]),W_NextUp)" content="W_NextUp">
			<param name="id" value="$PARAM[id]"/>
			<param name="onup" value="$PARAM[onup]"/>
			<param name="ondown" value="$PARAM[ondown]"/>
		</include>
		<include condition="String.IsEqual(Skin.String(home_widget_pos_$PARAM[pos]),W_EmbyCon_NextUp)" content="W_EmbyCon_NextUp">
			<param name="id" value="$PARAM[id]"/>
			<param name="onup" value="$PARAM[onup]"/>
			<param name="ondown" value="$PARAM[ondown]"/>
		</include>
		<include condition="String.IsEqual(Skin.String(home_widget_pos_$PARAM[pos]),W_NewMovies)" content="W_NewMovies">
			<param name="id" value="$PARAM[id]"/>
			<param name="onup" value="$PARAM[onup]"/>
			<param name="ondown" value="$PARAM[ondown]"/>
		</include>
		<include condition="String.IsEqual(Skin.String(home_widget_pos_$PARAM[pos]),W_EmbyCon_NewMovies)" content="W_EmbyCon_NewMovies">
			<param name="id" value="$PARAM[id]"/>
			<param name="onup" value="$PARAM[onup]"/>
			<param name="ondown" value="$PARAM[ondown]"/>
		</include>
		<include condition="String.IsEqual(Skin.String(home_widget_pos_$PARAM[pos]),W_NewEpisodes)" content="W_NewEpisodes">
			<param name="id" value="$PARAM[id]"/>
			<param name="onup" value="$PARAM[onup]"/>
			<param name="ondown" value="$PARAM[ondown]"/>
		</include>
		<include condition="String.IsEqual(Skin.String(home_widget_pos_$PARAM[pos]),W_EmbyCon_NewEpisodes)" content="W_EmbyCon_NewEpisodes">
			<param name="id" value="$PARAM[id]"/>
			<param name="onup" value="$PARAM[onup]"/>
			<param name="ondown" value="$PARAM[ondown]"/>
		</include>
		<include condition="String.IsEqual(Skin.String(home_widget_pos_$PARAM[pos]),W_NewAlbums)" content="W_NewAlbums">
			<param name="id" value="$PARAM[id]"/>
			<param name="onup" value="$PARAM[onup]"/>
			<param name="ondown" value="$PARAM[ondown]"/>
		</include>
		<include condition="String.IsEqual(Skin.String(home_widget_pos_$PARAM[pos]),W_EmbyCon_NewAlbums)" content="W_EmbyCon_NewAlbums">
			<param name="id" value="$PARAM[id]"/>
			<param name="onup" value="$PARAM[onup]"/>
			<param name="ondown" value="$PARAM[ondown]"/>
		</include>
		<include condition="String.IsEqual(Skin.String(home_widget_pos_$PARAM[pos]),W_Fav)" content="W_Fav">
			<param name="id" value="$PARAM[id]"/>
			<param name="onup" value="$PARAM[onup]"/>
			<param name="ondown" value="$PARAM[ondown]"/>
		</include>
		<include condition="String.IsEqual(Skin.String(home_widget_pos_$PARAM[pos]),W_MixedByGenre)" content="W_MixedByGenre">
			<param name="id" value="$PARAM[id]"/>
			<param name="onup" value="$PARAM[onup]"/>
			<param name="ondown" value="$PARAM[ondown]"/>
		</include>
		<include condition="String.StartsWith(Skin.String(home_widget_pos_$PARAM[pos]),W_Custom)" content="CustomWidgetsCall">
			<param name="type" value="home"/>
			<param name="pos" value="$PARAM[pos]"/>
			<param name="id" value="$PARAM[id]"/>
			<param name="onup" value="$PARAM[onup]"/>
			<param name="ondown" value="$PARAM[ondown]"/>
		</include>
	</include>

	<!-- Movie hub -->
	<include name="WidgetCallMovies">
		<include condition="String.IsEmpty(Skin.String(moviehub_widget_pos_$PARAM[pos]))" content="WidgetDummy">
			<param name="id" value="$PARAM[id]"/>
			<param name="onup" value="$PARAM[onup]"/>
			<param name="ondown" value="$PARAM[ondown]"/>
		</include>
		<include condition="String.IsEqual(Skin.String(moviehub_widget_pos_$PARAM[pos]),W_InProgressMovies)" content="W_InProgressMovies">
			<param name="id" value="$PARAM[id]"/>
			<param name="onup" value="$PARAM[onup]"/>
			<param name="ondown" value="$PARAM[ondown]"/>
		</include>
		<include condition="String.IsEqual(Skin.String(moviehub_widget_pos_$PARAM[pos]),W_EmbyCon_InProgressMovies)" content="W_EmbyCon_InProgressMovies">
			<param name="id" value="$PARAM[id]"/>
			<param name="onup" value="$PARAM[onup]"/>
			<param name="ondown" value="$PARAM[ondown]"/>
		</include>
		<include condition="String.IsEqual(Skin.String(moviehub_widget_pos_$PARAM[pos]),W_NewMovies)" content="W_NewMovies">
			<param name="id" value="$PARAM[id]"/>
			<param name="onup" value="$PARAM[onup]"/>
			<param name="ondown" value="$PARAM[ondown]"/>
		</include>
		<include condition="String.IsEqual(Skin.String(moviehub_widget_pos_$PARAM[pos]),W_EmbyCon_NewMovies)" content="W_EmbyCon_NewMovies">
			<param name="id" value="$PARAM[id]"/>
			<param name="onup" value="$PARAM[onup]"/>
			<param name="ondown" value="$PARAM[ondown]"/>
		</include>
		<include condition="String.IsEqual(Skin.String(moviehub_widget_pos_$PARAM[pos]),W_MovieGenres)" content="W_MovieGenres">
			<param name="id" value="$PARAM[id]"/>
			<param name="onup" value="$PARAM[onup]"/>
			<param name="ondown" value="$PARAM[ondown]"/>
		</include>
		<include condition="String.IsEqual(Skin.String(moviehub_widget_pos_$PARAM[pos]),W_EmbyCon_MovieGenres)" content="W_EmbyCon_MovieGenres">
			<param name="id" value="$PARAM[id]"/>
			<param name="onup" value="$PARAM[onup]"/>
			<param name="ondown" value="$PARAM[ondown]"/>
		</include>
		<include condition="String.IsEqual(Skin.String(moviehub_widget_pos_$PARAM[pos]),W_RecommendedMovies)" content="W_RecommendedMovies">
			<param name="id" value="$PARAM[id]"/>
			<param name="onup" value="$PARAM[onup]"/>
			<param name="ondown" value="$PARAM[ondown]"/>
		</include>
		<include condition="String.IsEqual(Skin.String(moviehub_widget_pos_$PARAM[pos]),W_EmbyCon_RecommendedMovies)" content="W_EmbyCon_RecommendedMovies">
			<param name="id" value="$PARAM[id]"/>
			<param name="onup" value="$PARAM[onup]"/>
			<param name="ondown" value="$PARAM[ondown]"/>
		</include>
		<include condition="String.IsEqual(Skin.String(moviehub_widget_pos_$PARAM[pos]),W_SimilarMovies)" content="W_SimilarMovies">
			<param name="id" value="$PARAM[id]"/>
			<param name="onup" value="$PARAM[onup]"/>
			<param name="ondown" value="$PARAM[ondown]"/>
		</include>
		<include condition="String.IsEqual(Skin.String(moviehub_widget_pos_$PARAM[pos]),W_EmbyCon_SimilarMovies)" content="W_EmbyCon_SimilarMovies">
			<param name="id" value="$PARAM[id]"/>
			<param name="onup" value="$PARAM[onup]"/>
			<param name="ondown" value="$PARAM[ondown]"/>
		</include>
		<include condition="String.IsEqual(Skin.String(moviehub_widget_pos_$PARAM[pos]),W_FavMovies)" content="W_FavMovies">
			<param name="id" value="$PARAM[id]"/>
			<param name="onup" value="$PARAM[onup]"/>
			<param name="ondown" value="$PARAM[ondown]"/>
		</include>
		<include condition="String.IsEqual(Skin.String(moviehub_widget_pos_$PARAM[pos]),W_EmbyCon_FavMovies)" content="W_EmbyCon_FavMovies">
			<param name="id" value="$PARAM[id]"/>
			<param name="onup" value="$PARAM[onup]"/>
			<param name="ondown" value="$PARAM[ondown]"/>
		</include>
		<include condition="String.IsEqual(Skin.String(moviehub_widget_pos_$PARAM[pos]),W_Fav)" content="W_Fav">
			<param name="id" value="$PARAM[id]"/>
			<param name="onup" value="$PARAM[onup]"/>
			<param name="ondown" value="$PARAM[ondown]"/>
		</include>
		<include condition="String.IsEqual(Skin.String(moviehub_widget_pos_$PARAM[pos]),W_MoviesByGenre)" content="W_MoviesByGenre">
			<param name="id" value="$PARAM[id]"/>
			<param name="onup" value="$PARAM[onup]"/>
			<param name="ondown" value="$PARAM[ondown]"/>
		</include>
		<include condition="String.StartsWith(Skin.String(moviehub_widget_pos_$PARAM[pos]),W_Custom)" content="CustomWidgetsCall">
			<param name="type" value="moviehub"/>
			<param name="pos" value="$PARAM[pos]"/>
			<param name="id" value="$PARAM[id]"/>
			<param name="onup" value="$PARAM[onup]"/>
			<param name="ondown" value="$PARAM[ondown]"/>
		</include>
	</include>

	<!-- TV show hub -->
	<include name="WidgetCallTVShows">
		<include condition="String.IsEmpty(Skin.String(tvshowhub_widget_pos_$PARAM[pos]))" content="WidgetDummy">
			<param name="id" value="$PARAM[id]"/>
			<param name="onup" value="$PARAM[onup]"/>
			<param name="ondown" value="$PARAM[ondown]"/>
		</include>
		<include condition="String.IsEqual(Skin.String(tvshowhub_widget_pos_$PARAM[pos]),W_InProgressShows)" content="W_InProgressShows">
			<param name="id" value="$PARAM[id]"/>
			<param name="onup" value="$PARAM[onup]"/>
			<param name="ondown" value="$PARAM[ondown]"/>
		</include>
		<include condition="String.IsEqual(Skin.String(tvshowhub_widget_pos_$PARAM[pos]),W_EmbyCon_InProgressShows)" content="W_EmbyCon_InProgressShows">
			<param name="id" value="$PARAM[id]"/>
			<param name="onup" value="$PARAM[onup]"/>
			<param name="ondown" value="$PARAM[ondown]"/>
		</include>
		<include condition="String.IsEqual(Skin.String(tvshowhub_widget_pos_$PARAM[pos]),W_NextUp)" content="W_NextUp">
			<param name="id" value="$PARAM[id]"/>
			<param name="onup" value="$PARAM[onup]"/>
			<param name="ondown" value="$PARAM[ondown]"/>
		</include>
		<include condition="String.IsEqual(Skin.String(tvshowhub_widget_pos_$PARAM[pos]),W_EmbyCon_NextUp)" content="W_EmbyCon_NextUp">
			<param name="id" value="$PARAM[id]"/>
			<param name="onup" value="$PARAM[onup]"/>
			<param name="ondown" value="$PARAM[ondown]"/>
		</include>
		<include condition="String.IsEqual(Skin.String(tvshowhub_widget_pos_$PARAM[pos]),W_NewEpisodes)" content="W_NewEpisodes">
			<param name="id" value="$PARAM[id]"/>
			<param name="onup" value="$PARAM[onup]"/>
			<param name="ondown" value="$PARAM[ondown]"/>
		</include>
		<include condition="String.IsEqual(Skin.String(tvshowhub_widget_pos_$PARAM[pos]),W_EmbyCon_NewEpisodes)" content="W_EmbyCon_NewEpisodes">
			<param name="id" value="$PARAM[id]"/>
			<param name="onup" value="$PARAM[onup]"/>
			<param name="ondown" value="$PARAM[ondown]"/>
		</include>
		<include condition="String.IsEqual(Skin.String(tvshowhub_widget_pos_$PARAM[pos]),W_TVShowGenres)" content="W_TVShowGenres">
			<param name="id" value="$PARAM[id]"/>
			<param name="onup" value="$PARAM[onup]"/>
			<param name="ondown" value="$PARAM[ondown]"/>
		</include>
		<include condition="String.IsEqual(Skin.String(tvshowhub_widget_pos_$PARAM[pos]),W_EmbyCon_TVShowGenres)" content="W_EmbyCon_TVShowGenres">
			<param name="id" value="$PARAM[id]"/>
			<param name="onup" value="$PARAM[onup]"/>
			<param name="ondown" value="$PARAM[ondown]"/>
		</include>
		<include condition="String.IsEqual(Skin.String(tvshowhub_widget_pos_$PARAM[pos]),W_RecommendedShows)" content="W_RecommendedShows">
			<param name="id" value="$PARAM[id]"/>
			<param name="onup" value="$PARAM[onup]"/>
			<param name="ondown" value="$PARAM[ondown]"/>
		</include>
		<include condition="String.IsEqual(Skin.String(tvshowhub_widget_pos_$PARAM[pos]),W_SimilarShows)" content="W_SimilarShows">
			<param name="id" value="$PARAM[id]"/>
			<param name="onup" value="$PARAM[onup]"/>
			<param name="ondown" value="$PARAM[ondown]"/>
		</include>
		<include condition="String.IsEqual(Skin.String(tvshowhub_widget_pos_$PARAM[pos]),W_EmbyCon_RecommendedShows)" content="W_EmbyCon_RecommendedShows">
			<param name="id" value="$PARAM[id]"/>
			<param name="onup" value="$PARAM[onup]"/>
			<param name="ondown" value="$PARAM[ondown]"/>
		</include>
		<include condition="String.IsEqual(Skin.String(tvshowhub_widget_pos_$PARAM[pos]),W_FavShows)" content="W_FavShows">
			<param name="id" value="$PARAM[id]"/>
			<param name="onup" value="$PARAM[onup]"/>
			<param name="ondown" value="$PARAM[ondown]"/>
		</include>
		<include condition="String.IsEqual(Skin.String(tvshowhub_widget_pos_$PARAM[pos]),W_EmbyCon_FavShows)" content="W_EmbyCon_FavShows">
			<param name="id" value="$PARAM[id]"/>
			<param name="onup" value="$PARAM[onup]"/>
			<param name="ondown" value="$PARAM[ondown]"/>
		</include>
		<include condition="String.IsEqual(Skin.String(tvshowhub_widget_pos_$PARAM[pos]),W_Fav)" content="W_Fav">
			<param name="id" value="$PARAM[id]"/>
			<param name="onup" value="$PARAM[onup]"/>
			<param name="ondown" value="$PARAM[ondown]"/>
		</include>
		<include condition="String.IsEqual(Skin.String(tvshowhub_widget_pos_$PARAM[pos]),W_TVShowsByGenre)" content="W_TVShowsByGenre">
			<param name="id" value="$PARAM[id]"/>
			<param name="onup" value="$PARAM[onup]"/>
			<param name="ondown" value="$PARAM[ondown]"/>
		</include>
		<include condition="String.StartsWith(Skin.String(tvshowhub_widget_pos_$PARAM[pos]),W_Custom)" content="CustomWidgetsCall">
			<param name="type" value="tvshowhub"/>
			<param name="pos" value="$PARAM[pos]"/>
			<param name="id" value="$PARAM[id]"/>
			<param name="onup" value="$PARAM[onup]"/>
			<param name="ondown" value="$PARAM[ondown]"/>
		</include>
	</include>

	<!-- music show hub -->
	<include name="WidgetCallMusic">
		<include condition="String.IsEmpty(Skin.String(musichub_widget_pos_$PARAM[pos]))" content="WidgetDummy">
			<param name="id" value="$PARAM[id]"/>
			<param name="onup" value="$PARAM[onup]"/>
			<param name="ondown" value="$PARAM[ondown]"/>
		</include>
		<include condition="String.IsEqual(Skin.String(musichub_widget_pos_$PARAM[pos]),W_NewAlbums)" content="W_NewAlbums">
			<param name="id" value="$PARAM[id]"/>
			<param name="onup" value="$PARAM[onup]"/>
			<param name="ondown" value="$PARAM[ondown]"/>
		</include>
		<include condition="String.IsEqual(Skin.String(musichub_widget_pos_$PARAM[pos]),W_EmbyCon_NewAlbums)" content="W_EmbyCon_NewAlbums">
			<param name="id" value="$PARAM[id]"/>
			<param name="onup" value="$PARAM[onup]"/>
			<param name="ondown" value="$PARAM[ondown]"/>
		</include>
		<include condition="String.IsEqual(Skin.String(musichub_widget_pos_$PARAM[pos]),W_PlayedAlbums)" content="W_PlayedAlbums">
			<param name="id" value="$PARAM[id]"/>
			<param name="onup" value="$PARAM[onup]"/>
			<param name="ondown" value="$PARAM[ondown]"/>
		</include>
		<include condition="String.IsEqual(Skin.String(musichub_widget_pos_$PARAM[pos]),W_OftenPlayedSongs)" content="W_OftenPlayedSongs">
			<param name="id" value="$PARAM[id]"/>
			<param name="onup" value="$PARAM[onup]"/>
			<param name="ondown" value="$PARAM[ondown]"/>
		</include>
		<include condition="String.IsEqual(Skin.String(musichub_widget_pos_$PARAM[pos]),W_EmbyCon_FavArtists)" content="W_EmbyCon_FavArtists">
			<param name="id" value="$PARAM[id]"/>
			<param name="onup" value="$PARAM[onup]"/>
			<param name="ondown" value="$PARAM[ondown]"/>
		</include>
		<include condition="String.IsEqual(Skin.String(musichub_widget_pos_$PARAM[pos]),W_EmbyCon_FavAlbums)" content="W_EmbyCon_FavAlbums">
			<param name="id" value="$PARAM[id]"/>
			<param name="onup" value="$PARAM[onup]"/>
			<param name="ondown" value="$PARAM[ondown]"/>
		</include>
		<include condition="String.IsEqual(Skin.String(musichub_widget_pos_$PARAM[pos]),W_EmbyCon_FavSongs)" content="W_EmbyCon_FavSongs">
			<param name="id" value="$PARAM[id]"/>
			<param name="onup" value="$PARAM[onup]"/>
			<param name="ondown" value="$PARAM[ondown]"/>
		</include>
		<include condition="String.IsEqual(Skin.String(musichub_widget_pos_$PARAM[pos]),W_EmbyCon_OftenPlayedSongs)" content="W_EmbyCon_OftenPlayedSongs">
			<param name="id" value="$PARAM[id]"/>
			<param name="onup" value="$PARAM[onup]"/>
			<param name="ondown" value="$PARAM[ondown]"/>
		</include>
		<include condition="String.IsEqual(Skin.String(musichub_widget_pos_$PARAM[pos]),W_Fav)" content="W_Fav">
			<param name="id" value="$PARAM[id]"/>
			<param name="onup" value="$PARAM[onup]"/>
			<param name="ondown" value="$PARAM[ondown]"/>
		</include>
		<include condition="String.StartsWith(Skin.String(musichub_widget_pos_$PARAM[pos]),W_Custom)" content="CustomWidgetsCall">
			<param name="type" value="musichub"/>
			<param name="pos" value="$PARAM[pos]"/>
			<param name="id" value="$PARAM[id]"/>
			<param name="onup" value="$PARAM[onup]"/>
			<param name="ondown" value="$PARAM[ondown]"/>
		</include>
	</include>

	<!-- Template for custom widgets -->
	<include name="CustomWidgetsCall">
		<include condition="String.IsEqual(Skin.String($PARAM[type]_widget_pos_$PARAM[pos]),W_Custom1)" content="W_Custom1">
			<param name="id" value="$PARAM[id]"/>
			<param name="onup" value="$PARAM[onup]"/>
			<param name="ondown" value="$PARAM[ondown]"/>
		</include>
		<include condition="String.IsEqual(Skin.String($PARAM[type]_widget_pos_$PARAM[pos]),W_Custom2)" content="W_Custom2">
			<param name="id" value="$PARAM[id]"/>
			<param name="onup" value="$PARAM[onup]"/>
			<param name="ondown" value="$PARAM[ondown]"/>
		</include>
		<include condition="String.IsEqual(Skin.String($PARAM[type]_widget_pos_$PARAM[pos]),W_Custom3)" content="W_Custom3">
			<param name="id" value="$PARAM[id]"/>
			<param name="onup" value="$PARAM[onup]"/>
			<param name="ondown" value="$PARAM[ondown]"/>
		</include>
		<include condition="String.IsEqual(Skin.String($PARAM[type]_widget_pos_$PARAM[pos]),W_Custom4)" content="W_Custom4">
			<param name="id" value="$PARAM[id]"/>
			<param name="onup" value="$PARAM[onup]"/>
			<param name="ondown" value="$PARAM[ondown]"/>
		</include>
		<include condition="String.IsEqual(Skin.String($PARAM[type]_widget_pos_$PARAM[pos]),W_Custom5)" content="W_Custom5">
			<param name="id" value="$PARAM[id]"/>
			<param name="onup" value="$PARAM[onup]"/>
			<param name="ondown" value="$PARAM[ondown]"/>
		</include>
		<include condition="String.IsEqual(Skin.String($PARAM[type]_widget_pos_$PARAM[pos]),W_Custom6)" content="W_Custom6">
			<param name="id" value="$PARAM[id]"/>
			<param name="onup" value="$PARAM[onup]"/>
			<param name="ondown" value="$PARAM[ondown]"/>
		</include>
		<include condition="String.IsEqual(Skin.String($PARAM[type]_widget_pos_$PARAM[pos]),W_Custom7)" content="W_Custom7">
			<param name="id" value="$PARAM[id]"/>
			<param name="onup" value="$PARAM[onup]"/>
			<param name="ondown" value="$PARAM[ondown]"/>
		</include>
		<include condition="String.IsEqual(Skin.String($PARAM[type]_widget_pos_$PARAM[pos]),W_Custom8)" content="W_Custom8">
			<param name="id" value="$PARAM[id]"/>
			<param name="onup" value="$PARAM[onup]"/>
			<param name="ondown" value="$PARAM[ondown]"/>
		</include>
		<include condition="String.IsEqual(Skin.String($PARAM[type]_widget_pos_$PARAM[pos]),W_Custom9)" content="W_Custom9">
			<param name="id" value="$PARAM[id]"/>
			<param name="onup" value="$PARAM[onup]"/>
			<param name="ondown" value="$PARAM[ondown]"/>
		</include>
		<include condition="String.IsEqual(Skin.String($PARAM[type]_widget_pos_$PARAM[pos]),W_Custom10)" content="W_Custom10">
			<param name="id" value="$PARAM[id]"/>
			<param name="onup" value="$PARAM[onup]"/>
			<param name="ondown" value="$PARAM[ondown]"/>
		</include>
		<include condition="String.IsEqual(Skin.String($PARAM[type]_widget_pos_$PARAM[pos]),W_Custom11)" content="W_Custom11">
			<param name="id" value="$PARAM[id]"/>
			<param name="onup" value="$PARAM[onup]"/>
			<param name="ondown" value="$PARAM[ondown]"/>
		</include>
		<include condition="String.IsEqual(Skin.String($PARAM[type]_widget_pos_$PARAM[pos]),W_Custom12)" content="W_Custom12">
			<param name="id" value="$PARAM[id]"/>
			<param name="onup" value="$PARAM[onup]"/>
			<param name="ondown" value="$PARAM[ondown]"/>
		</include>
		<include condition="String.IsEqual(Skin.String($PARAM[type]_widget_pos_$PARAM[pos]),W_Custom13)" content="W_Custom13">
			<param name="id" value="$PARAM[id]"/>
			<param name="onup" value="$PARAM[onup]"/>
			<param name="ondown" value="$PARAM[ondown]"/>
		</include>
		<include condition="String.IsEqual(Skin.String($PARAM[type]_widget_pos_$PARAM[pos]),W_Custom14)" content="W_Custom14">
			<param name="id" value="$PARAM[id]"/>
			<param name="onup" value="$PARAM[onup]"/>
			<param name="ondown" value="$PARAM[ondown]"/>
		</include>
		<include condition="String.IsEqual(Skin.String($PARAM[type]_widget_pos_$PARAM[pos]),W_Custom15)" content="W_Custom15">
			<param name="id" value="$PARAM[id]"/>
			<param name="onup" value="$PARAM[onup]"/>
			<param name="ondown" value="$PARAM[ondown]"/>
		</include>
		<include condition="String.IsEqual(Skin.String($PARAM[type]_widget_pos_$PARAM[pos]),W_Custom16)" content="W_Custom16">
			<param name="id" value="$PARAM[id]"/>
			<param name="onup" value="$PARAM[onup]"/>
			<param name="ondown" value="$PARAM[ondown]"/>
		</include>
		<include condition="String.IsEqual(Skin.String($PARAM[type]_widget_pos_$PARAM[pos]),W_Custom17)" content="W_Custom17">
			<param name="id" value="$PARAM[id]"/>
			<param name="onup" value="$PARAM[onup]"/>
			<param name="ondown" value="$PARAM[ondown]"/>
		</include>
		<include condition="String.IsEqual(Skin.String($PARAM[type]_widget_pos_$PARAM[pos]),W_Custom18)" content="W_Custom18">
			<param name="id" value="$PARAM[id]"/>
			<param name="onup" value="$PARAM[onup]"/>
			<param name="ondown" value="$PARAM[ondown]"/>
		</include>
		<include condition="String.IsEqual(Skin.String($PARAM[type]_widget_pos_$PARAM[pos]),W_Custom19)" content="W_Custom19">
			<param name="id" value="$PARAM[id]"/>
			<param name="onup" value="$PARAM[onup]"/>
			<param name="ondown" value="$PARAM[ondown]"/>
		</include>
		<include condition="String.IsEqual(Skin.String($PARAM[type]_widget_pos_$PARAM[pos]),W_Custom20)" content="W_Custom20">
			<param name="id" value="$PARAM[id]"/>
			<param name="onup" value="$PARAM[onup]"/>
			<param name="ondown" value="$PARAM[ondown]"/>
		</include>
	</include>

	<!-- Emby movie hub widgets -->
	<include name="WidgetCallEmbyMovies">
		<include condition="String.IsEmpty(Skin.String(embymoviehub_widget_pos_$PARAM[pos]))" content="WidgetDummy">
			<param name="id" value="$PARAM[id]"/>
			<param name="onup" value="$PARAM[onup]"/>
			<param name="ondown" value="$PARAM[ondown]"/>
			<param name="nr" value="$PARAM[nr]"/>
		</include>
		<include condition="String.IsEqual(Skin.String(embymoviehub_widget_pos_$PARAM[pos]),W_EmbyHub_InProgressMovies)" content="W_EmbyHub_InProgressMovies">
			<param name="id" value="$PARAM[id]"/>
			<param name="onup" value="$PARAM[onup]"/>
			<param name="ondown" value="$PARAM[ondown]"/>
			<param name="nr" value="$PARAM[nr]"/>
		</include>
		<include condition="String.IsEqual(Skin.String(embymoviehub_widget_pos_$PARAM[pos]),W_EmbyHub_NewMovies)" content="W_EmbyHub_NewMovies">
			<param name="id" value="$PARAM[id]"/>
			<param name="onup" value="$PARAM[onup]"/>
			<param name="ondown" value="$PARAM[ondown]"/>
			<param name="nr" value="$PARAM[nr]"/>
		</include>
		<include condition="String.IsEqual(Skin.String(embymoviehub_widget_pos_$PARAM[pos]),W_EmbyHub_RecommendedMovies)" content="W_EmbyHub_RecommendedMovies">
			<param name="id" value="$PARAM[id]"/>
			<param name="onup" value="$PARAM[onup]"/>
			<param name="ondown" value="$PARAM[ondown]"/>
			<param name="nr" value="$PARAM[nr]"/>
		</include>
		<include condition="String.IsEqual(Skin.String(embymoviehub_widget_pos_$PARAM[pos]),W_EmbyHub_SimilarMovies)" content="W_EmbyHub_SimilarMovies">
			<param name="id" value="$PARAM[id]"/>
			<param name="onup" value="$PARAM[onup]"/>
			<param name="ondown" value="$PARAM[ondown]"/>
			<param name="nr" value="$PARAM[nr]"/>
		</include>
		<include condition="String.IsEqual(Skin.String(embymoviehub_widget_pos_$PARAM[pos]),W_EmbyHub_MoviesByGenre)" content="W_EmbyHub_MoviesByGenre">
			<param name="id" value="$PARAM[id]"/>
			<param name="onup" value="$PARAM[onup]"/>
			<param name="ondown" value="$PARAM[ondown]"/>
			<param name="nr" value="$PARAM[nr]"/>
		</include>
		<include condition="String.IsEqual(Skin.String(embymoviehub_widget_pos_$PARAM[pos]),W_EmbyHub_RandomMovies)" content="W_EmbyHub_RandomMovies">
			<param name="id" value="$PARAM[id]"/>
			<param name="onup" value="$PARAM[onup]"/>
			<param name="ondown" value="$PARAM[ondown]"/>
			<param name="nr" value="$PARAM[nr]"/>
		</include>
	</include>

	<!-- Emby tvshow hub widgets -->
	<include name="WidgetCallEmbyShows">
		<include condition="String.IsEmpty(Skin.String(embytvshowhub_widget_pos_$PARAM[pos]))" content="WidgetDummy">
			<param name="id" value="$PARAM[id]"/>
			<param name="onup" value="$PARAM[onup]"/>
			<param name="ondown" value="$PARAM[ondown]"/>
			<param name="nr" value="$PARAM[nr]"/>
		</include>
		<include condition="String.IsEqual(Skin.String(embytvshowhub_widget_pos_$PARAM[pos]),W_EmbyHub_InprogressEpisodes)" content="W_EmbyHub_InprogressEpisodes">
			<param name="id" value="$PARAM[id]"/>
			<param name="onup" value="$PARAM[onup]"/>
			<param name="ondown" value="$PARAM[ondown]"/>
			<param name="nr" value="$PARAM[nr]"/>
		</include>
		<include condition="String.IsEqual(Skin.String(embytvshowhub_widget_pos_$PARAM[pos]),W_EmbyHub_NewEpisodes)" content="W_EmbyHub_NewEpisodes">
			<param name="id" value="$PARAM[id]"/>
			<param name="onup" value="$PARAM[onup]"/>
			<param name="ondown" value="$PARAM[ondown]"/>
			<param name="nr" value="$PARAM[nr]"/>
		</include>
		<include condition="String.IsEqual(Skin.String(embytvshowhub_widget_pos_$PARAM[pos]),W_EmbyHub_NextUp)" content="W_EmbyHub_NextUp">
			<param name="id" value="$PARAM[id]"/>
			<param name="onup" value="$PARAM[onup]"/>
			<param name="ondown" value="$PARAM[ondown]"/>
			<param name="nr" value="$PARAM[nr]"/>
		</include>
		<include condition="String.IsEqual(Skin.String(embytvshowhub_widget_pos_$PARAM[pos]),W_EmbyHub_RecommendedShows)" content="W_EmbyHub_RecommendedShows">
			<param name="id" value="$PARAM[id]"/>
			<param name="onup" value="$PARAM[onup]"/>
			<param name="ondown" value="$PARAM[ondown]"/>
			<param name="nr" value="$PARAM[nr]"/>
		</include>
		<include condition="String.IsEqual(Skin.String(embytvshowhub_widget_pos_$PARAM[pos]),W_EmbyHub_SimilarShows)" content="W_EmbyHub_SimilarShows">
			<param name="id" value="$PARAM[id]"/>
			<param name="onup" value="$PARAM[onup]"/>
			<param name="ondown" value="$PARAM[ondown]"/>
			<param name="nr" value="$PARAM[nr]"/>
		</include>
		<include condition="String.IsEqual(Skin.String(embytvshowhub_widget_pos_$PARAM[pos]),W_EmbyHub_TVShowsByGenre)" content="W_EmbyHub_TVShowsByGenre">
			<param name="id" value="$PARAM[id]"/>
			<param name="onup" value="$PARAM[onup]"/>
			<param name="ondown" value="$PARAM[ondown]"/>
			<param name="nr" value="$PARAM[nr]"/>
		</include>
		<include condition="String.IsEqual(Skin.String(embytvshowhub_widget_pos_$PARAM[pos]),W_EmbyHub_RandomShows)" content="W_EmbyHub_RandomShows">
			<param name="id" value="$PARAM[id]"/>
			<param name="onup" value="$PARAM[onup]"/>
			<param name="ondown" value="$PARAM[ondown]"/>
			<param name="nr" value="$PARAM[nr]"/>
		</include>
	</include>

	<!-- EmbyCon movie hub widgets -->
	<include name="WidgetCallEmbyConMovies">
		<include condition="String.IsEmpty(Skin.String(embyconmoviehub_widget_pos_$PARAM[pos]))" content="WidgetDummy">
			<param name="id" value="$PARAM[id]"/>
			<param name="onup" value="$PARAM[onup]"/>
			<param name="ondown" value="$PARAM[ondown]"/>
			<param name="nr" value="$PARAM[nr]"/>
		</include>
		<include condition="String.IsEqual(Skin.String(embyconmoviehub_widget_pos_$PARAM[pos]),W_EmbyConHub_InProgressMovies)" content="W_EmbyConHub_InProgressMovies">
			<param name="id" value="$PARAM[id]"/>
			<param name="onup" value="$PARAM[onup]"/>
			<param name="ondown" value="$PARAM[ondown]"/>
			<param name="nr" value="$PARAM[nr]"/>
		</include>
		<include condition="String.IsEqual(Skin.String(embyconmoviehub_widget_pos_$PARAM[pos]),W_EmbyConHub_NewMovies)" content="W_EmbyConHub_NewMovies">
			<param name="id" value="$PARAM[id]"/>
			<param name="onup" value="$PARAM[onup]"/>
			<param name="ondown" value="$PARAM[ondown]"/>
			<param name="nr" value="$PARAM[nr]"/>
		</include>
		<include condition="String.IsEqual(Skin.String(embyconmoviehub_widget_pos_$PARAM[pos]),W_EmbyConHub_RecommendedMovies)" content="W_EmbyConHub_RecommendedMovies">
			<param name="id" value="$PARAM[id]"/>
			<param name="onup" value="$PARAM[onup]"/>
			<param name="ondown" value="$PARAM[ondown]"/>
			<param name="nr" value="$PARAM[nr]"/>
		</include>
		<include condition="String.IsEqual(Skin.String(embyconmoviehub_widget_pos_$PARAM[pos]),W_EmbyConHub_MovieGenres)" content="W_EmbyConHub_MovieGenres">
			<param name="id" value="$PARAM[id]"/>
			<param name="onup" value="$PARAM[onup]"/>
			<param name="ondown" value="$PARAM[ondown]"/>
			<param name="nr" value="$PARAM[nr]"/>
		</include>
		<include condition="String.IsEqual(Skin.String(embyconmoviehub_widget_pos_$PARAM[pos]),W_EmbyConHub_RandomMovies)" content="W_EmbyConHub_RandomMovies">
			<param name="id" value="$PARAM[id]"/>
			<param name="onup" value="$PARAM[onup]"/>
			<param name="ondown" value="$PARAM[ondown]"/>
			<param name="nr" value="$PARAM[nr]"/>
		</include>
	</include>

	<!-- EmbyCon tvshow hub widgets -->
	<include name="WidgetCallEmbyConTVShows">
		<include condition="String.IsEmpty(Skin.String(embycontvshowhub_widget_pos_$PARAM[pos]))" content="WidgetDummy">
			<param name="id" value="$PARAM[id]"/>
			<param name="onup" value="$PARAM[onup]"/>
			<param name="ondown" value="$PARAM[ondown]"/>
			<param name="nr" value="$PARAM[nr]"/>
		</include>
		<include condition="String.IsEqual(Skin.String(embycontvshowhub_widget_pos_$PARAM[pos]),W_EmbyConHub_InProgressShows)" content="W_EmbyConHub_InProgressShows">
			<param name="id" value="$PARAM[id]"/>
			<param name="onup" value="$PARAM[onup]"/>
			<param name="ondown" value="$PARAM[ondown]"/>
			<param name="nr" value="$PARAM[nr]"/>
		</include>
		<include condition="String.IsEqual(Skin.String(embycontvshowhub_widget_pos_$PARAM[pos]),W_EmbyConHub_NextUp)" content="W_EmbyConHub_NextUp">
			<param name="id" value="$PARAM[id]"/>
			<param name="onup" value="$PARAM[onup]"/>
			<param name="ondown" value="$PARAM[ondown]"/>
			<param name="nr" value="$PARAM[nr]"/>
		</include>
		<include condition="String.IsEqual(Skin.String(embycontvshowhub_widget_pos_$PARAM[pos]),W_EmbyConHub_NewEpisodes)" content="W_EmbyConHub_NewEpisodes">
			<param name="id" value="$PARAM[id]"/>
			<param name="onup" value="$PARAM[onup]"/>
			<param name="ondown" value="$PARAM[ondown]"/>
			<param name="nr" value="$PARAM[nr]"/>
		</include>
		<include condition="String.IsEqual(Skin.String(embycontvshowhub_widget_pos_$PARAM[pos]),W_EmbyConHub_RecommendedShows)" content="W_EmbyConHub_RecommendedShows">
			<param name="id" value="$PARAM[id]"/>
			<param name="onup" value="$PARAM[onup]"/>
			<param name="ondown" value="$PARAM[ondown]"/>
			<param name="nr" value="$PARAM[nr]"/>
		</include>
		<include condition="String.IsEqual(Skin.String(embycontvshowhub_widget_pos_$PARAM[pos]),W_EmbyConHub_RandomShows)" content="W_EmbyConHub_RandomShows">
			<param name="id" value="$PARAM[id]"/>
			<param name="onup" value="$PARAM[onup]"/>
			<param name="ondown" value="$PARAM[ondown]"/>
			<param name="nr" value="$PARAM[nr]"/>
		</include>
		<include condition="String.IsEqual(Skin.String(embycontvshowhub_widget_pos_$PARAM[pos]),W_EmbyConHub_TVShowGenres)" content="W_EmbyConHub_TVShowGenres">
			<param name="id" value="$PARAM[id]"/>
			<param name="onup" value="$PARAM[onup]"/>
			<param name="ondown" value="$PARAM[ondown]"/>
			<param name="nr" value="$PARAM[nr]"/>
		</include>
	</include>

	<!-- EmbyCon music hub widgets -->
	<include name="WidgetCallEmbyConMusic">
		<include condition="String.IsEmpty(Skin.String(embyconmusichub_widget_pos_$PARAM[pos]))" content="WidgetDummy">
			<param name="id" value="$PARAM[id]"/>
			<param name="onup" value="$PARAM[onup]"/>
			<param name="ondown" value="$PARAM[ondown]"/>
			<param name="nr" value="$PARAM[nr]"/>
		</include>
		<include condition="String.IsEqual(Skin.String(embyconmusichub_widget_pos_$PARAM[pos]),W_EmbyConHub_NewAlbums)" content="W_EmbyConHub_NewAlbums">
			<param name="id" value="$PARAM[id]"/>
			<param name="onup" value="$PARAM[onup]"/>
			<param name="ondown" value="$PARAM[ondown]"/>
			<param name="nr" value="$PARAM[nr]"/>
		</include>
		<include condition="String.IsEqual(Skin.String(embyconmusichub_widget_pos_$PARAM[pos]),W_EmbyConHub_PlayedSongs)" content="W_EmbyConHub_PlayedSongs">
			<param name="id" value="$PARAM[id]"/>
			<param name="onup" value="$PARAM[onup]"/>
			<param name="ondown" value="$PARAM[ondown]"/>
			<param name="nr" value="$PARAM[nr]"/>
		</include>
		<include condition="String.IsEqual(Skin.String(embyconmusichub_widget_pos_$PARAM[pos]),W_EmbyConHub_OftenPlayed)" content="W_EmbyConHub_OftenPlayed">
			<param name="id" value="$PARAM[id]"/>
			<param name="onup" value="$PARAM[onup]"/>
			<param name="ondown" value="$PARAM[ondown]"/>
			<param name="nr" value="$PARAM[nr]"/>
		</include>
		<include condition="String.IsEqual(Skin.String(embyconmusichub_widget_pos_$PARAM[pos]),W_EmbyConHub_FavArtists)" content="W_EmbyConHub_FavArtists">
			<param name="id" value="$PARAM[id]"/>
			<param name="onup" value="$PARAM[onup]"/>
			<param name="ondown" value="$PARAM[ondown]"/>
			<param name="nr" value="$PARAM[nr]"/>
		</include>
		<include condition="String.IsEqual(Skin.String(embyconmusichub_widget_pos_$PARAM[pos]),W_EmbyConHub_FavAlbums)" content="W_EmbyConHub_FavAlbums">
			<param name="id" value="$PARAM[id]"/>
			<param name="onup" value="$PARAM[onup]"/>
			<param name="ondown" value="$PARAM[ondown]"/>
			<param name="nr" value="$PARAM[nr]"/>
		</include>
		<include condition="String.IsEqual(Skin.String(embyconmusichub_widget_pos_$PARAM[pos]),W_EmbyConHub_FavSongs)" content="W_EmbyConHub_FavSongs">
			<param name="id" value="$PARAM[id]"/>
			<param name="onup" value="$PARAM[onup]"/>
			<param name="ondown" value="$PARAM[ondown]"/>
			<param name="nr" value="$PARAM[nr]"/>
		</include>
	</include>

</includes>