<?xml version="1.0" encoding="UTF-8"?>
<window id="1122">
	<defaultcontrol always="true">100</defaultcontrol>
	<menucontrol>6666</menucontrol>
	<backgroundcolor>background</backgroundcolor>
	<controls>
		<!-- background -->
		<include>Background</include>
		<!-- hub -->
		<control type="grouplist" id="10">
			<include>Window_OpenClose</include>
			<defaultcontrol>10000</defaultcontrol>
			<width>100%</width>
			<height>100%</height>
			<itemgap>-160</itemgap>
			<orientation>vertical</orientation>
			<usecontrolcoords>true</usecontrolcoords>
			<scrolltime tween="sine" easing="out">400</scrolltime>
			<pagecontrol>17</pagecontrol>
			<include>Bounce_Up_Down</include>
			<include content="WidgetSpacer">
				<param name="id" value="101"/>
			</include>
			<control type="group">
				<width>1920</width>
				<height>300</height>
				<control type="group">
					<include content="widget_headline">
						<param name="headline">$LOCALIZE[2]</param>
						<param name="left">65</param>
					</include>
					<control type="grouplist" id="100">
						<top>90</top>
						<left>69</left>
						<height>50</height>
						<orientation>horizontal</orientation>
						<itemgap>5</itemgap>
						<onright>noop</onright>
						<onleft>900</onleft>
						<onup>6666</onup>
						<ondown>200</ondown>
						<control type="button" id="101">
							<visible>Library.HasContent(music) + !Skin.HasSetting(HideMusicHubArtistButton)</visible>
							<label>$LOCALIZE[133]</label>
							<onclick>ActivateWindow(music,library://music/artists.xml/,return)</onclick>
							<onup>6666</onup>
							<ondown>200</ondown>
						</control>
						<control type="button" id="102">
							<visible>Library.HasContent(music) + !Skin.HasSetting(HideMusicHubAlbumButton)</visible>
							<label>$LOCALIZE[132]</label>
							<onclick>ActivateWindow(music,library://music/albums.xml/,return)</onclick>
							<onup>6666</onup>
							<ondown>200</ondown>
						</control>
						<control type="button" id="103">
							<visible>Library.HasContent(music) + !Skin.HasSetting(HideMusicHubSongButton)</visible>
							<label>$LOCALIZE[134]</label>
							<onclick>ActivateWindow(music,library://music/songs.xml/,return)</onclick>
							<onup>6666</onup>
							<ondown>200</ondown>
						</control>
						<control type="button" id="104">
							<visible>Library.HasContent(music) + !Skin.HasSetting(HideMusicHubPlaylistButton)</visible>
							<label>$LOCALIZE[136]</label>
							<onclick>ActivateWindow(music,special://musicplaylists/,return)</onclick>
							<onup>6666</onup>
							<ondown>200</ondown>
						</control>
						<control type="button" id="105">
							<visible>!Skin.HasSetting(HideMusicHubLibraryButton)</visible>
							<label>$LOCALIZE[14022]</label>
							<onclick>ActivateWindow(music,musicdb://root,return)</onclick>
							<onup>6666</onup>
							<ondown>200</ondown>
						</control>
						<control type="button" id="106">
							<visible>Library.HasContent(MusicVideos) + !Skin.HasSetting(HideMusicHubMusicvideoButton)</visible>
							<label>$LOCALIZE[20389]</label>
							<onclick>ActivateWindow(videos,library://video/musicvideos/titles.xml/,return)</onclick>
							<onup>6666</onup>
							<ondown>200</ondown>
						</control>
						<control type="button" id="107">
							<visible>System.HasAddon(plugin.video.embycon) + !Skin.HasSetting(HideEmbyConHubButtons) + !Skin.HasSetting(HideMusicHubEmbyConButton)</visible>
							<label>$LOCALIZE[133] [COLOR FF505050](EmbyCon)[/COLOR]</label>
							<onclick>ActivateWindow(10025,&quot;plugin://plugin.video.embycon/?media_type=MusicArtists&amp;mode=GET_CONTENT&amp;url=%7bserver%7d%2femby%2fArtists%2fAlbumArtists%3fRecursive%3dtrue%26ImageTypeLimit%3d1%26EnableImageTypes%3dPrimary%2cBackdrop%2cBanner%2cThumb%26format%3djson&quot;,return)</onclick>
							<onup>6666</onup>
							<ondown>200</ondown>
						</control>
						<control type="button" id="108">
							<visible>System.HasAddon(plugin.video.embycon) + !Skin.HasSetting(HideEmbyConHubButtons) + !Skin.HasSetting(HideMusicHubEmbyConButton)</visible>
							<label>$LOCALIZE[132] [COLOR FF505050](EmbyCon)[/COLOR]</label>
							<onclick>ActivateWindow(10025,&quot;plugin://plugin.video.embycon/?media_type=MusicAlbums&amp;mode=GET_CONTENT&amp;url=%7bserver%7d%2femby%2fUsers%2f%7buserid%7d%2fItems%3fRecursive%3dtrue%26IncludeItemTypes%3dMusicAlbum%26ImageTypeLimit%3d1%26EnableImageTypes%3dPrimary%2cBackdrop%2cBanner%2cThumb%26format%3djson&quot;,return)</onclick>
							<onup>6666</onup>
							<ondown>200</ondown>
						</control>
						<include content="CustomHubShortcutTemplate">
							<param name="id" value="110"/>
							<param name="type" value="Music"/>
							<param name="nr" value="1"/>
						</include>
						<include content="CustomHubShortcutTemplate">
							<param name="id" value="111"/>
							<param name="type" value="Music"/>
							<param name="nr" value="2"/>
						</include>
						<include content="CustomHubShortcutTemplate">
							<param name="id" value="112"/>
							<param name="type" value="Music"/>
							<param name="nr" value="3"/>
						</include>
						<include content="CustomHubShortcutTemplate">
							<param name="id" value="113"/>
							<param name="type" value="Music"/>
							<param name="nr" value="4"/>
						</include>
						<include content="CustomHubShortcutTemplate">
							<param name="id" value="114"/>
							<param name="type" value="Music"/>
							<param name="nr" value="5"/>
						</include>
						<include content="CustomHubShortcutTemplate">
							<param name="id" value="115"/>
							<param name="type" value="Music"/>
							<param name="nr" value="6"/>
						</include>
						<control type="button" id="198">
							<visible>[Library.HasContent(music) | [!Skin.HasSetting(HideEmbyConHubButtons) + System.HasAddon(plugin.video.embycon)]] + !Skin.HasSetting(HideMusicHubSearchButton)</visible>
							<label>$LOCALIZE[137]</label>
							<include>search_action</include>
							<onup>6666</onup>
							<ondown>200</ondown>
						</control>
						<control type="button" id="199">
							<visible>![Library.HasContent(music) + !Skin.HasSetting(HideMusicHubArtistButton)] + ![Library.HasContent(music) + !Skin.HasSetting(HideMusicHubAlbumButton)] + ![Library.HasContent(music) + !Skin.HasSetting(HideMusicHubSongButton)] + ![Library.HasContent(music) + !Skin.HasSetting(HideMusicHubPlaylistButton)] + ![Library.HasContent(MusicVideos) + !Skin.HasSetting(HideMusicHubMusicvideoButton)] + Skin.HasSetting(HideMusicHubLibraryButton) + !Skin.HasSetting(UserMusicHub1) + !Skin.HasSetting(UserMusicHub2) + !Skin.HasSetting(UserMusicHub3) + !Skin.HasSetting(UserMusicHub4) + !Skin.HasSetting(UserMusicHub5) + !Skin.HasSetting(UserMusicHub6)</visible>
							<label>$LOCALIZE[31028]</label>
							<onclick>ActivateWindow(skinsettings)</onclick>
							<onup>6666</onup>
							<ondown>200</ondown>
						</control>
					</control>
				</control>
			</control>

			<include content="HomeSquareWidget">
				<param name="visible" value="!Skin.HasSetting(HideMusicWidgetNewAlbums)"/>
				<param name="id" value="200"/>
				<param name="onup" value="100"/>
				<param name="ondown" value="201"/>
				<param name="headline" value="$LOCALIZE[359]"/>
				<param name="widget_target" value="music"/>
				<param name="content" value="musicdb://recentlyaddedalbums/"/>
			</include>

			<include content="HomeSquareWidget">
				<param name="visible" value="!Skin.HasSetting(HideMusicWidgetPlayedAlbums)"/>
				<param name="id" value="201"/>
				<param name="onup" value="200"/>
				<param name="ondown" value="202"/>
				<param name="headline" value="$LOCALIZE[517]"/>
				<param name="widget_target" value="music"/>
				<param name="sortby" value="lastplayed"/>
				<param name="sortorder" value="descending"/>
				<param name="content" value="musicdb://recentlyplayedalbums/"/>
			</include>

			<include content="HomeSquareWidget">
				<param name="visible" value="!Skin.HasSetting(HideMusicWidgetRecommended)"/>
				<param name="id" value="202"/>
				<param name="onup" value="201"/>
				<param name="ondown" value="203"/>
				<param name="headline" value="$LOCALIZE[31017]"/>
				<param name="widget_target" value="music"/>
				<param name="content" value="plugin://script.skin.helper.widgets/?action=recommended&amp;mediatype=albums&amp;reload=$INFO[Window(Home).Property(widgetreload-music)]"/>
			</include>

			<include content="HomeWideWidget">
				<param name="visible" value="!Skin.HasSetting(HideMusicWidgetMusicVideos)"/>
				<param name="id" value="203"/>
				<param name="onup" value="201"/>
				<param name="ondown" value="214"/>
				<param name="headline" value="$LOCALIZE[20390]"/>
				<param name="widget_target" value="videos"/>
				<param name="content" value="videodb://recentlyaddedmusicvideos"/>
			</include>
			<!-- User Widget 1 -->
			<include condition="String.IsEqual(Skin.String(UserMusicWidget1_layout),HomePosterWidget) | String.IsEmpty(Skin.String(UserMusicWidget1_layout))" content="HomePosterWidget">
				<param name="visible" value="Skin.HasSetting(UserMusicWidget1)"/>
				<param name="id" value="214"/>
				<param name="onup" value="203"/>
				<param name="ondown" value="215"/>
				<param name="headline" value="$INFO[Skin.String(UserMusicWidget1_name)]"/>
				<param name="widget_target" value="$INFO[Skin.String(UserMusicWidget1_target)]"/>
				<param name="content" value="$VAR[UserMusicWidget1_content]"/>
			</include>
			<include condition="String.IsEqual(Skin.String(UserMusicWidget1_layout),HomeWideWidget)" content="HomeWideWidget">
				<param name="visible" value="Skin.HasSetting(UserMusicWidget1)"/>
				<param name="id" value="214"/>
				<param name="onup" value="203"/>
				<param name="ondown" value="215"/>
				<param name="headline" value="$INFO[Skin.String(UserMusicWidget1_name)]"/>
				<param name="widget_target" value="$INFO[Skin.String(UserMusicWidget1_target)]"/>
				<param name="content" value="$VAR[UserMusicWidget1_content]"/>
			</include>
			<include condition="String.IsEqual(Skin.String(UserMusicWidget1_layout),HomeSquareWidget)" content="HomeSquareWidget">
				<param name="visible" value="Skin.HasSetting(UserMusicWidget1)"/>
				<param name="id" value="214"/>
				<param name="onup" value="203"/>
				<param name="ondown" value="215"/>
				<param name="headline" value="$INFO[Skin.String(UserMusicWidget1_name)]"/>
				<param name="widget_target" value="$INFO[Skin.String(UserMusicWidget1_target)]"/>
				<param name="content" value="$VAR[UserMusicWidget1_content]"/>
			</include>
			<!-- User Widget 2 -->
			<include condition="String.IsEqual(Skin.String(UserMusicWidget2_layout),HomePosterWidget) | String.IsEmpty(Skin.String(UserMusicWidget2_layout))" content="HomePosterWidget">
				<param name="visible" value="Skin.HasSetting(UserMusicWidget2)"/>
				<param name="id" value="215"/>
				<param name="onup" value="214"/>
				<param name="ondown" value="216"/>
				<param name="headline" value="$INFO[Skin.String(UserMusicWidget2_name)]"/>
				<param name="widget_target" value="$INFO[Skin.String(UserMusicWidget2_target)]"/>
				<param name="content" value="$VAR[UserMusicWidget2_content]"/>
			</include>
			<include condition="String.IsEqual(Skin.String(UserMusicWidget2_layout),HomeWideWidget)" content="HomeWideWidget">
				<param name="visible" value="Skin.HasSetting(UserMusicWidget2)"/>
				<param name="id" value="215"/>
				<param name="onup" value="214"/>
				<param name="ondown" value="216"/>
				<param name="headline" value="$INFO[Skin.String(UserMusicWidget2_name)]"/>
				<param name="widget_target" value="$INFO[Skin.String(UserMusicWidget2_target)]"/>
				<param name="content" value="$VAR[UserMusicWidget2_content]"/>
			</include>
			<include condition="String.IsEqual(Skin.String(UserMusicWidget2_layout),HomeSquareWidget)" content="HomeSquareWidget">
				<param name="visible" value="Skin.HasSetting(UserMusicWidget2)"/>
				<param name="id" value="215"/>
				<param name="onup" value="214"/>
				<param name="ondown" value="216"/>
				<param name="headline" value="$INFO[Skin.String(UserMusicWidget2_name)]"/>
				<param name="widget_target" value="$INFO[Skin.String(UserMusicWidget2_target)]"/>
				<param name="content" value="$VAR[UserMusicWidget2_content]"/>
			</include>
			<!-- User Widget 3 -->
			<include condition="String.IsEqual(Skin.String(UserMusicWidget3_layout),HomePosterWidget) | String.IsEmpty(Skin.String(UserMusicWidget3_layout))" content="HomePosterWidget">
				<param name="visible" value="Skin.HasSetting(UserMusicWidget3)"/>
				<param name="id" value="216"/>
				<param name="onup" value="215"/>
				<param name="ondown" value="217"/>
				<param name="headline" value="$INFO[Skin.String(UserMusicWidget3_name)]"/>
				<param name="widget_target" value="$INFO[Skin.String(UserMusicWidget3_target)]"/>
				<param name="content" value="$VAR[UserMusicWidget3_content]"/>
			</include>
			<include condition="String.IsEqual(Skin.String(UserMusicWidget3_layout),HomeWideWidget)" content="HomeWideWidget">
				<param name="visible" value="Skin.HasSetting(UserMusicWidget3)"/>
				<param name="id" value="216"/>
				<param name="onup" value="215"/>
				<param name="ondown" value="217"/>
				<param name="headline" value="$INFO[Skin.String(UserMusicWidget3_name)]"/>
				<param name="widget_target" value="$INFO[Skin.String(UserMusicWidget3_target)]"/>
				<param name="content" value="$VAR[UserMusicWidget3_content]"/>
			</include>
			<include condition="String.IsEqual(Skin.String(UserMusicWidget3_layout),HomeSquareWidget)" content="HomeSquareWidget">
				<param name="visible" value="Skin.HasSetting(UserMusicWidget3)"/>
				<param name="id" value="216"/>
				<param name="onup" value="215"/>
				<param name="ondown" value="217"/>
				<param name="headline" value="$INFO[Skin.String(UserMusicWidget3_name)]"/>
				<param name="widget_target" value="$INFO[Skin.String(UserMusicWidget3_target)]"/>
				<param name="content" value="$VAR[UserMusicWidget3_content]"/>
			</include>
			<!-- User Widget 4 -->
			<include condition="String.IsEqual(Skin.String(UserMusicWidget4_layout),HomePosterWidget) | String.IsEmpty(Skin.String(UserMusicWidget4_layout))" content="HomePosterWidget">
				<param name="visible" value="Skin.HasSetting(UserMusicWidget4)"/>
				<param name="id" value="217"/>
				<param name="onup" value="216"/>
				<param name="ondown" value="218"/>
				<param name="headline" value="$INFO[Skin.String(UserMusicWidget4_name)]"/>
				<param name="widget_target" value="$INFO[Skin.String(UserMusicWidget4_target)]"/>
				<param name="content" value="$VAR[UserMusicWidget4_content]"/>
			</include>
			<include condition="String.IsEqual(Skin.String(UserMusicWidget4_layout),HomeWideWidget)" content="HomeWideWidget">
				<param name="visible" value="Skin.HasSetting(UserMusicWidget4)"/>
				<param name="id" value="217"/>
				<param name="onup" value="216"/>
				<param name="ondown" value="218"/>
				<param name="headline" value="$INFO[Skin.String(UserMusicWidget4_name)]"/>
				<param name="widget_target" value="$INFO[Skin.String(UserMusicWidget4_target)]"/>
				<param name="content" value="$VAR[UserMusicWidget4_content]"/>
			</include>
			<include condition="String.IsEqual(Skin.String(UserMusicWidget4_layout),HomeSquareWidget)" content="HomeSquareWidget">
				<param name="visible" value="Skin.HasSetting(UserMusicWidget4)"/>
				<param name="id" value="217"/>
				<param name="onup" value="216"/>
				<param name="ondown" value="218"/>
				<param name="headline" value="$INFO[Skin.String(UserMusicWidget4_name)]"/>
				<param name="widget_target" value="$INFO[Skin.String(UserMusicWidget4_target)]"/>
				<param name="content" value="$VAR[UserMusicWidget4_content]"/>
			</include>
			<!-- User Widget 5 -->
			<include condition="String.IsEqual(Skin.String(UserMusicWidget5_layout),HomePosterWidget) | String.IsEmpty(Skin.String(UserMusicWidget5_layout))" content="HomePosterWidget">
				<param name="visible" value="Skin.HasSetting(UserMusicWidget5)"/>
				<param name="id" value="218"/>
				<param name="onup" value="217"/>
				<param name="ondown" value="219"/>
				<param name="headline" value="$INFO[Skin.String(UserMusicWidget5_name)]"/>
				<param name="widget_target" value="$INFO[Skin.String(UserMusicWidget5_target)]"/>
				<param name="content" value="$VAR[UserMusicWidget5_content]"/>
			</include>
			<include condition="String.IsEqual(Skin.String(UserMusicWidget5_layout),HomeWideWidget)" content="HomeWideWidget">
				<param name="visible" value="Skin.HasSetting(UserMusicWidget5)"/>
				<param name="id" value="218"/>
				<param name="onup" value="217"/>
				<param name="ondown" value="219"/>
				<param name="headline" value="$INFO[Skin.String(UserMusicWidget5_name)]"/>
				<param name="widget_target" value="$INFO[Skin.String(UserMusicWidget5_target)]"/>
				<param name="content" value="$VAR[UserMusicWidget5_content]"/>
			</include>
			<include condition="String.IsEqual(Skin.String(UserMusicWidget5_layout),HomeSquareWidget)" content="HomeSquareWidget">
				<param name="visible" value="Skin.HasSetting(UserMusicWidget5)"/>
				<param name="id" value="218"/>
				<param name="onup" value="217"/>
				<param name="ondown" value="219"/>
				<param name="headline" value="$INFO[Skin.String(UserMusicWidget5_name)]"/>
				<param name="widget_target" value="$INFO[Skin.String(UserMusicWidget5_target)]"/>
				<param name="content" value="$VAR[UserMusicWidget5_content]"/>
			</include>
			<!-- User Widget 6 -->
			<include condition="String.IsEqual(Skin.String(UserMusicWidget6_layout),HomePosterWidget) | String.IsEmpty(Skin.String(UserMusicWidget6_layout))" content="HomePosterWidget">
				<param name="visible" value="Skin.HasSetting(UserMusicWidget6)"/>
				<param name="id" value="219"/>
				<param name="onup" value="218"/>
				<param name="ondown" value="SetProperty(BounceDown,1,home)"/>
				<param name="headline" value="$INFO[Skin.String(UserMusicWidget6_name)]"/>
				<param name="widget_target" value="$INFO[Skin.String(UserMusicWidget6_target)]"/>
				<param name="content" value="$VAR[UserMusicWidget6_content]"/>
			</include>
			<include condition="String.IsEqual(Skin.String(UserMusicWidget6_layout),HomeWideWidget)" content="HomeWideWidget">
				<param name="visible" value="Skin.HasSetting(UserMusicWidget6)"/>
				<param name="id" value="219"/>
				<param name="onup" value="218"/>
				<param name="ondown" value="SetProperty(BounceDown,1,home)"/>
				<param name="headline" value="$INFO[Skin.String(UserMusicWidget6_name)]"/>
				<param name="widget_target" value="$INFO[Skin.String(UserMusicWidget6_target)]"/>
				<param name="content" value="$VAR[UserMusicWidget6_content]"/>
			</include>
			<include condition="String.IsEqual(Skin.String(UserMusicWidget6_layout),HomeSquareWidget)" content="HomeSquareWidget">
				<param name="visible" value="Skin.HasSetting(UserMusicWidget6)"/>
				<param name="id" value="219"/>
				<param name="onup" value="218"/>
				<param name="ondown" value="SetProperty(BounceDown,1,home)"/>
				<param name="headline" value="$INFO[Skin.String(UserMusicWidget6_name)]"/>
				<param name="widget_target" value="$INFO[Skin.String(UserMusicWidget6_target)]"/>
				<param name="content" value="$VAR[UserMusicWidget6_content]"/>
			</include>
		</control>
		<!-- header bar -->
		<include content="HeaderBar">
			<param name="id">10</param>
		</include>
		<!-- side panel -->
		<include content="SidePanel"/>
	</controls>
</window>
