﻿<?xml version="1.0" encoding="utf-8" standalone="yes"?>
<addon id="plugin.video.tele5_de" name="Tele5 Mediathek" version="1.3.0~beta" provider-name="L0RE">
	<requires>
		<import addon="xbmc.python" version="2.24.0"/>
		<import addon="script.module.beautifulsoup4" version="4.3.2"/>
	</requires>
	<extension point="xbmc.python.pluginsource" library="default.py">
		<provides>video</provides>
	</extension>
	<extension point="xbmc.addon.metadata">
		<summary lang="en">Tele5 - Mediathek</summary>
		<summary lang="de">Tele5 - Mediathek</summary>
		<description lang="en">Discover the official Tele 5 entertainment program! Enjoy full episodes of original series, movies or exclusive videos.[CR]Hollywood classics like Ben Hur or Spartacus, Hollywood stars like Kirk Douglas or Clint Eastwood, all of which have shaped Hollywood, are featured regularly in the Tele5 media library.</description>
		<description lang="de">Das offizielle Tele 5 Unterhaltungsprogramm entdecken! Freuen Sie sich auf vollständige Episoden von Original-Serien, Filmen oder exklusiven Videos.[CR]Hollywood-Klassiker wie Ben Hur oder Spartacus, Hollywood-Stars wie Kirk Douglas oder Clint Eastwood, die ganz Hollywood geprägt haben, gibt es regelmäßig in der Tele5 Mediathek.</description>
		<disclaimer lang="en">The author does not host or distribute any of the content displayed by this addon. The author does not have any affiliation with the content providers.</disclaimer>
		<disclaimer lang="de">Die von diesem Addon dargestellten Inhalte werden von den Erstellern des Addons weder gehostet oder verbreitet, noch stehen die Ersteller in irgendeiner Beziehung zu den Anbietern des Inhalts.</disclaimer>
		<language></language>
		<platform>all</platform>
		<license>GNU GENERAL PUBLIC LICENSE. Version 3, June 2007</license>
		<forum>https://www.kodinerds.net/index.php/Thread/55451-L0REs-Blog/</forum>
		<website>https://www.tele5.de</website>
		<email></email>
		<source>https://github.com/kodinerds/repo/tree/master/plugin.video.tele5_de</source>
		<assets>
			<icon>icon.png</icon>
			<fanart>fanart.jpg</fanart>
		</assets>
		<news>[B][COLOR orangered]Version 1.3.0  (07.07.2018)[/COLOR][/B] by realvito[CR]
- fixed: WebSeite wurde zum Teil verändert und ist zu "https" gewechselt
- fixed: Manche Videos werden nicht abgespielt (Tele5 nutzt vereinzelt den nexxPLAYER) zurzeit Wiedergabe möglich ?!
- fixed: KODI-18/Win/64bit~alpha3-Nightly macht stellenweise Probleme mit Umlauten + Sonderzeichen
- optimized: Script komplett überarbeitet
- optimized: Normale LOG-Meldungen eingefügt, falls Fehler im Addon auftreten
- removed: Rubrik "Lucha Underground" existiert nicht mehr
- added: Addon kompatibel mit PYTHON-Vers.3 gemacht (für KODI-19 >) :-)
		</news>
	</extension>
</addon>