<?xml version="1.0" encoding="UTF-8"?>
<includes>
	<!-- Home -->
	<include name="WidgetCall">
		<include condition="String.IsEmpty(Skin.String(home_widget_pos_$PARAM[pos]))" content="WidgetDummy">
			<param name="id" value="$PARAM[id]"/>
			<param name="onup" value="$PARAM[onup]"/>
			<param name="ondown" value="$PARAM[ondown]"/>
		</include>
		<include condition="String.IsEqual(Skin.String(home_widget_pos_$PARAM[pos]),W_InProgressMedia)" content="W_InProgressMedia">
			<param name="id" value="$PARAM[id]"/>
			<param name="onup" value="$PARAM[onup]"/>
			<param name="ondown" value="$PARAM[ondown]"/>
		</include>
		<include condition="String.IsEqual(Skin.String(home_widget_pos_$PARAM[pos]),W_EmbyCon_InProgressMedia)" content="W_EmbyCon_InProgressMedia">
			<param name="id" value="$PARAM[id]"/>
			<param name="onup" value="$PARAM[onup]"/>
			<param name="ondown" value="$PARAM[ondown]"/>
		</include>
		<include condition="String.IsEqual(Skin.String(home_widget_pos_$PARAM[pos]),W_PVR)" content="W_PVR">
			<param name="id" value="$PARAM[id]"/>
			<param name="onup" value="$PARAM[onup]"/>
			<param name="ondown" value="$PARAM[ondown]"/>
		</include>
		<include condition="String.IsEqual(Skin.String(home_widget_pos_$PARAM[pos]),W_RecentPVR)" content="W_RecentPVR">
			<param name="id" value="$PARAM[id]"/>
			<param name="onup" value="$PARAM[onup]"/>
			<param name="ondown" value="$PARAM[ondown]"/>
		</include>
		<include condition="String.IsEqual(Skin.String(home_widget_pos_$PARAM[pos]),W_NextUp)" content="W_NextUp">
			<param name="id" value="$PARAM[id]"/>
			<param name="onup" value="$PARAM[onup]"/>
			<param name="ondown" value="$PARAM[ondown]"/>
		</include>
		<include condition="String.IsEqual(Skin.String(home_widget_pos_$PARAM[pos]),W_EmbyCon_NextUp)" content="W_EmbyCon_NextUp">
			<param name="id" value="$PARAM[id]"/>
			<param name="onup" value="$PARAM[onup]"/>
			<param name="ondown" value="$PARAM[ondown]"/>
		</include>
		<include condition="String.IsEqual(Skin.String(home_widget_pos_$PARAM[pos]),W_NewMovies)" content="W_NewMovies">
			<param name="id" value="$PARAM[id]"/>
			<param name="onup" value="$PARAM[onup]"/>
			<param name="ondown" value="$PARAM[ondown]"/>
		</include>
		<include condition="String.IsEqual(Skin.String(home_widget_pos_$PARAM[pos]),W_EmbyCon_NewMovies)" content="W_EmbyCon_NewMovies">
			<param name="id" value="$PARAM[id]"/>
			<param name="onup" value="$PARAM[onup]"/>
			<param name="ondown" value="$PARAM[ondown]"/>
		</include>
		<include condition="String.IsEqual(Skin.String(home_widget_pos_$PARAM[pos]),W_NewEpisodes)" content="W_NewEpisodes">
			<param name="id" value="$PARAM[id]"/>
			<param name="onup" value="$PARAM[onup]"/>
			<param name="ondown" value="$PARAM[ondown]"/>
		</include>
		<include condition="String.IsEqual(Skin.String(home_widget_pos_$PARAM[pos]),W_EmbyCon_NewEpisodes)" content="W_EmbyCon_NewEpisodes">
			<param name="id" value="$PARAM[id]"/>
			<param name="onup" value="$PARAM[onup]"/>
			<param name="ondown" value="$PARAM[ondown]"/>
		</include>
		<include condition="String.IsEqual(Skin.String(home_widget_pos_$PARAM[pos]),W_NewAlbums)" content="W_NewAlbums">
			<param name="id" value="$PARAM[id]"/>
			<param name="onup" value="$PARAM[onup]"/>
			<param name="ondown" value="$PARAM[ondown]"/>
		</include>
		<include condition="String.IsEqual(Skin.String(home_widget_pos_$PARAM[pos]),W_EmbyCon_NewAlbums)" content="W_EmbyCon_NewAlbums">
			<param name="id" value="$PARAM[id]"/>
			<param name="onup" value="$PARAM[onup]"/>
			<param name="ondown" value="$PARAM[ondown]"/>
		</include>
		<include condition="String.IsEqual(Skin.String(home_widget_pos_$PARAM[pos]),W_HomeCustom1)" content="W_HomeCustom1">
			<param name="id" value="$PARAM[id]"/>
			<param name="onup" value="$PARAM[onup]"/>
			<param name="ondown" value="$PARAM[ondown]"/>
		</include>
		<include condition="String.IsEqual(Skin.String(home_widget_pos_$PARAM[pos]),W_HomeCustom2)" content="W_HomeCustom2">
			<param name="id" value="$PARAM[id]"/>
			<param name="onup" value="$PARAM[onup]"/>
			<param name="ondown" value="$PARAM[ondown]"/>
		</include>
		<include condition="String.IsEqual(Skin.String(home_widget_pos_$PARAM[pos]),W_HomeCustom3)" content="W_HomeCustom3">
			<param name="id" value="$PARAM[id]"/>
			<param name="onup" value="$PARAM[onup]"/>
			<param name="ondown" value="$PARAM[ondown]"/>
		</include>
		<include condition="String.IsEqual(Skin.String(home_widget_pos_$PARAM[pos]),W_HomeCustom4)" content="W_HomeCustom4">
			<param name="id" value="$PARAM[id]"/>
			<param name="onup" value="$PARAM[onup]"/>
			<param name="ondown" value="$PARAM[ondown]"/>
		</include>
		<include condition="String.IsEqual(Skin.String(home_widget_pos_$PARAM[pos]),W_HomeCustom5)" content="W_HomeCustom5">
			<param name="id" value="$PARAM[id]"/>
			<param name="onup" value="$PARAM[onup]"/>
			<param name="ondown" value="$PARAM[ondown]"/>
		</include>
		<include condition="String.IsEqual(Skin.String(home_widget_pos_$PARAM[pos]),W_HomeCustom6)" content="W_HomeCustom6">
			<param name="id" value="$PARAM[id]"/>
			<param name="onup" value="$PARAM[onup]"/>
			<param name="ondown" value="$PARAM[ondown]"/>
		</include>
	</include>

	<!-- Movie hub -->
	<include name="WidgetCallMovies">
		<include condition="String.IsEmpty(Skin.String(moviehub_widget_pos_$PARAM[pos]))" content="WidgetDummy">
			<param name="id" value="$PARAM[id]"/>
			<param name="onup" value="$PARAM[onup]"/>
			<param name="ondown" value="$PARAM[ondown]"/>
		</include>
		<include condition="String.IsEqual(Skin.String(moviehub_widget_pos_$PARAM[pos]),W_InProgressMovies)" content="W_InProgressMovies">
			<param name="id" value="$PARAM[id]"/>
			<param name="onup" value="$PARAM[onup]"/>
			<param name="ondown" value="$PARAM[ondown]"/>
		</include>
		<include condition="String.IsEqual(Skin.String(moviehub_widget_pos_$PARAM[pos]),W_EmbyCon_InProgressMovies)" content="W_EmbyCon_InProgressMovies">
			<param name="id" value="$PARAM[id]"/>
			<param name="onup" value="$PARAM[onup]"/>
			<param name="ondown" value="$PARAM[ondown]"/>
		</include>
		<include condition="String.IsEqual(Skin.String(moviehub_widget_pos_$PARAM[pos]),W_NewMovies)" content="W_NewMovies">
			<param name="id" value="$PARAM[id]"/>
			<param name="onup" value="$PARAM[onup]"/>
			<param name="ondown" value="$PARAM[ondown]"/>
		</include>
		<include condition="String.IsEqual(Skin.String(moviehub_widget_pos_$PARAM[pos]),W_EmbyCon_NewMovies)" content="W_EmbyCon_NewMovies">
			<param name="id" value="$PARAM[id]"/>
			<param name="onup" value="$PARAM[onup]"/>
			<param name="ondown" value="$PARAM[ondown]"/>
		</include>
		<include condition="String.IsEqual(Skin.String(moviehub_widget_pos_$PARAM[pos]),W_MovieGenres)" content="W_MovieGenres">
			<param name="id" value="$PARAM[id]"/>
			<param name="onup" value="$PARAM[onup]"/>
			<param name="ondown" value="$PARAM[ondown]"/>
		</include>
		<include condition="String.IsEqual(Skin.String(moviehub_widget_pos_$PARAM[pos]),W_EmbyCon_MovieGenres)" content="W_EmbyCon_MovieGenres">
			<param name="id" value="$PARAM[id]"/>
			<param name="onup" value="$PARAM[onup]"/>
			<param name="ondown" value="$PARAM[ondown]"/>
		</include>
		<include condition="String.IsEqual(Skin.String(moviehub_widget_pos_$PARAM[pos]),W_RecommendedMovies)" content="W_RecommendedMovies">
			<param name="id" value="$PARAM[id]"/>
			<param name="onup" value="$PARAM[onup]"/>
			<param name="ondown" value="$PARAM[ondown]"/>
		</include>
		<include condition="String.IsEqual(Skin.String(moviehub_widget_pos_$PARAM[pos]),W_EmbyCon_RecommendedMovies)" content="W_EmbyCon_RecommendedMovies">
			<param name="id" value="$PARAM[id]"/>
			<param name="onup" value="$PARAM[onup]"/>
			<param name="ondown" value="$PARAM[ondown]"/>
		</include>
		<include condition="String.IsEqual(Skin.String(moviehub_widget_pos_$PARAM[pos]),W_SimilarMovies)" content="W_SimilarMovies">
			<param name="id" value="$PARAM[id]"/>
			<param name="onup" value="$PARAM[onup]"/>
			<param name="ondown" value="$PARAM[ondown]"/>
		</include>
		<include condition="String.IsEqual(Skin.String(moviehub_widget_pos_$PARAM[pos]),W_EmbyCon_SimilarMovies)" content="W_EmbyCon_SimilarMovies">
			<param name="id" value="$PARAM[id]"/>
			<param name="onup" value="$PARAM[onup]"/>
			<param name="ondown" value="$PARAM[ondown]"/>
		</include>
		<include condition="String.IsEqual(Skin.String(moviehub_widget_pos_$PARAM[pos]),W_Top250Movies)" content="W_Top250Movies">
			<param name="id" value="$PARAM[id]"/>
			<param name="onup" value="$PARAM[onup]"/>
			<param name="ondown" value="$PARAM[ondown]"/>
		</include>
		<include condition="String.IsEqual(Skin.String(moviehub_widget_pos_$PARAM[pos]),W_FavMovies)" content="W_FavMovies">
			<param name="id" value="$PARAM[id]"/>
			<param name="onup" value="$PARAM[onup]"/>
			<param name="ondown" value="$PARAM[ondown]"/>
		</include>
		<include condition="String.IsEqual(Skin.String(moviehub_widget_pos_$PARAM[pos]),W_EmbyCon_FavMovies)" content="W_EmbyCon_FavMovies">
			<param name="id" value="$PARAM[id]"/>
			<param name="onup" value="$PARAM[onup]"/>
			<param name="ondown" value="$PARAM[ondown]"/>
		</include>
		<include condition="String.IsEqual(Skin.String(moviehub_widget_pos_$PARAM[pos]),W_MovieHubCustom1)" content="W_MovieHubCustom1">
			<param name="id" value="$PARAM[id]"/>
			<param name="onup" value="$PARAM[onup]"/>
			<param name="ondown" value="$PARAM[ondown]"/>
		</include>
		<include condition="String.IsEqual(Skin.String(moviehub_widget_pos_$PARAM[pos]),W_MovieHubCustom2)" content="W_MovieHubCustom2">
			<param name="id" value="$PARAM[id]"/>
			<param name="onup" value="$PARAM[onup]"/>
			<param name="ondown" value="$PARAM[ondown]"/>
		</include>
		<include condition="String.IsEqual(Skin.String(moviehub_widget_pos_$PARAM[pos]),W_MovieHubCustom3)" content="W_MovieHubCustom3">
			<param name="id" value="$PARAM[id]"/>
			<param name="onup" value="$PARAM[onup]"/>
			<param name="ondown" value="$PARAM[ondown]"/>
		</include>
		<include condition="String.IsEqual(Skin.String(moviehub_widget_pos_$PARAM[pos]),W_MovieHubCustom4)" content="W_MovieHubCustom4">
			<param name="id" value="$PARAM[id]"/>
			<param name="onup" value="$PARAM[onup]"/>
			<param name="ondown" value="$PARAM[ondown]"/>
		</include>
		<include condition="String.IsEqual(Skin.String(moviehub_widget_pos_$PARAM[pos]),W_MovieHubCustom5)" content="W_MovieHubCustom5">
			<param name="id" value="$PARAM[id]"/>
			<param name="onup" value="$PARAM[onup]"/>
			<param name="ondown" value="$PARAM[ondown]"/>
		</include>
		<include condition="String.IsEqual(Skin.String(moviehub_widget_pos_$PARAM[pos]),W_MovieHubCustom6)" content="W_MovieHubCustom6">
			<param name="id" value="$PARAM[id]"/>
			<param name="onup" value="$PARAM[onup]"/>
			<param name="ondown" value="$PARAM[ondown]"/>
		</include>
	</include>

	<!-- TV show hub -->
	<include name="WidgetCallTVShows">
		<include condition="String.IsEmpty(Skin.String(tvshowhub_widget_pos_$PARAM[pos]))" content="WidgetDummy">
			<param name="id" value="$PARAM[id]"/>
			<param name="onup" value="$PARAM[onup]"/>
			<param name="ondown" value="$PARAM[ondown]"/>
		</include>
		<include condition="String.IsEqual(Skin.String(tvshowhub_widget_pos_$PARAM[pos]),W_InProgressShows)" content="W_InProgressShows">
			<param name="id" value="$PARAM[id]"/>
			<param name="onup" value="$PARAM[onup]"/>
			<param name="ondown" value="$PARAM[ondown]"/>
		</include>
		<include condition="String.IsEqual(Skin.String(tvshowhub_widget_pos_$PARAM[pos]),W_EmbyCon_InProgressShows)" content="W_EmbyCon_InProgressShows">
			<param name="id" value="$PARAM[id]"/>
			<param name="onup" value="$PARAM[onup]"/>
			<param name="ondown" value="$PARAM[ondown]"/>
		</include>
		<include condition="String.IsEqual(Skin.String(tvshowhub_widget_pos_$PARAM[pos]),W_NextUp)" content="W_NextUp">
			<param name="id" value="$PARAM[id]"/>
			<param name="onup" value="$PARAM[onup]"/>
			<param name="ondown" value="$PARAM[ondown]"/>
		</include>
		<include condition="String.IsEqual(Skin.String(tvshowhub_widget_pos_$PARAM[pos]),W_EmbyCon_NextUp)" content="W_EmbyCon_NextUp">
			<param name="id" value="$PARAM[id]"/>
			<param name="onup" value="$PARAM[onup]"/>
			<param name="ondown" value="$PARAM[ondown]"/>
		</include>
		<include condition="String.IsEqual(Skin.String(tvshowhub_widget_pos_$PARAM[pos]),W_NewEpisodes)" content="W_NewEpisodes">
			<param name="id" value="$PARAM[id]"/>
			<param name="onup" value="$PARAM[onup]"/>
			<param name="ondown" value="$PARAM[ondown]"/>
		</include>
		<include condition="String.IsEqual(Skin.String(tvshowhub_widget_pos_$PARAM[pos]),W_EmbyCon_NewEpisodes)" content="W_EmbyCon_NewEpisodes">
			<param name="id" value="$PARAM[id]"/>
			<param name="onup" value="$PARAM[onup]"/>
			<param name="ondown" value="$PARAM[ondown]"/>
		</include>
		<include condition="String.IsEqual(Skin.String(tvshowhub_widget_pos_$PARAM[pos]),W_TVShowGenres)" content="W_TVShowGenres">
			<param name="id" value="$PARAM[id]"/>
			<param name="onup" value="$PARAM[onup]"/>
			<param name="ondown" value="$PARAM[ondown]"/>
		</include>
		<include condition="String.IsEqual(Skin.String(tvshowhub_widget_pos_$PARAM[pos]),W_EmbyCon_TVShowGenres)" content="W_EmbyCon_TVShowGenres">
			<param name="id" value="$PARAM[id]"/>
			<param name="onup" value="$PARAM[onup]"/>
			<param name="ondown" value="$PARAM[ondown]"/>
		</include>
		<include condition="String.IsEqual(Skin.String(tvshowhub_widget_pos_$PARAM[pos]),W_RecommendedShows)" content="W_RecommendedShows">
			<param name="id" value="$PARAM[id]"/>
			<param name="onup" value="$PARAM[onup]"/>
			<param name="ondown" value="$PARAM[ondown]"/>
		</include>
		<include condition="String.IsEqual(Skin.String(tvshowhub_widget_pos_$PARAM[pos]),W_EmbyCon_RecommendedShows)" content="W_EmbyCon_RecommendedShows">
			<param name="id" value="$PARAM[id]"/>
			<param name="onup" value="$PARAM[onup]"/>
			<param name="ondown" value="$PARAM[ondown]"/>
		</include>
		<include condition="String.IsEqual(Skin.String(tvshowhub_widget_pos_$PARAM[pos]),W_Top250Shows)" content="W_Top250Shows">
			<param name="id" value="$PARAM[id]"/>
			<param name="onup" value="$PARAM[onup]"/>
			<param name="ondown" value="$PARAM[ondown]"/>
		</include>
		<include condition="String.IsEqual(Skin.String(tvshowhub_widget_pos_$PARAM[pos]),W_FavShows)" content="W_FavShows">
			<param name="id" value="$PARAM[id]"/>
			<param name="onup" value="$PARAM[onup]"/>
			<param name="ondown" value="$PARAM[ondown]"/>
		</include>
		<include condition="String.IsEqual(Skin.String(tvshowhub_widget_pos_$PARAM[pos]),W_EmbyCon_FavShows)" content="W_EmbyCon_FavShows">
			<param name="id" value="$PARAM[id]"/>
			<param name="onup" value="$PARAM[onup]"/>
			<param name="ondown" value="$PARAM[ondown]"/>
		</include>
		<include condition="String.IsEqual(Skin.String(tvshowhub_widget_pos_$PARAM[pos]),W_TVShowHubCustom1)" content="W_TVShowHubCustom1">
			<param name="id" value="$PARAM[id]"/>
			<param name="onup" value="$PARAM[onup]"/>
			<param name="ondown" value="$PARAM[ondown]"/>
		</include>
		<include condition="String.IsEqual(Skin.String(tvshowhub_widget_pos_$PARAM[pos]),W_TVShowHubCustom2)" content="W_TVShowHubCustom2">
			<param name="id" value="$PARAM[id]"/>
			<param name="onup" value="$PARAM[onup]"/>
			<param name="ondown" value="$PARAM[ondown]"/>
		</include>
		<include condition="String.IsEqual(Skin.String(tvshowhub_widget_pos_$PARAM[pos]),W_TVShowHubCustom3)" content="W_TVShowHubCustom3">
			<param name="id" value="$PARAM[id]"/>
			<param name="onup" value="$PARAM[onup]"/>
			<param name="ondown" value="$PARAM[ondown]"/>
		</include>
		<include condition="String.IsEqual(Skin.String(tvshowhub_widget_pos_$PARAM[pos]),W_TVShowHubCustom4)" content="W_TVShowHubCustom4">
			<param name="id" value="$PARAM[id]"/>
			<param name="onup" value="$PARAM[onup]"/>
			<param name="ondown" value="$PARAM[ondown]"/>
		</include>
		<include condition="String.IsEqual(Skin.String(tvshowhub_widget_pos_$PARAM[pos]),W_TVShowHubCustom5)" content="W_TVShowHubCustom5">
			<param name="id" value="$PARAM[id]"/>
			<param name="onup" value="$PARAM[onup]"/>
			<param name="ondown" value="$PARAM[ondown]"/>
		</include>
		<include condition="String.IsEqual(Skin.String(tvshowhub_widget_pos_$PARAM[pos]),W_TVShowHubCustom6)" content="W_TVShowHubCustom6">
			<param name="id" value="$PARAM[id]"/>
			<param name="onup" value="$PARAM[onup]"/>
			<param name="ondown" value="$PARAM[ondown]"/>
		</include>
	</include>

	<!-- music show hub -->
	<include name="WidgetCallMusic">
		<include condition="String.IsEmpty(Skin.String(musichub_widget_pos_$PARAM[pos]))" content="WidgetDummy">
			<param name="id" value="$PARAM[id]"/>
			<param name="onup" value="$PARAM[onup]"/>
			<param name="ondown" value="$PARAM[ondown]"/>
		</include>
		<include condition="String.IsEqual(Skin.String(musichub_widget_pos_$PARAM[pos]),W_NewAlbums)" content="W_NewAlbums">
			<param name="id" value="$PARAM[id]"/>
			<param name="onup" value="$PARAM[onup]"/>
			<param name="ondown" value="$PARAM[ondown]"/>
		</include>
		<include condition="String.IsEqual(Skin.String(musichub_widget_pos_$PARAM[pos]),W_EmbyCon_NewAlbums)" content="W_EmbyCon_NewAlbums">
			<param name="id" value="$PARAM[id]"/>
			<param name="onup" value="$PARAM[onup]"/>
			<param name="ondown" value="$PARAM[ondown]"/>
		</include>
		<include condition="String.IsEqual(Skin.String(musichub_widget_pos_$PARAM[pos]),W_PlayedAlbums)" content="W_PlayedAlbums">
			<param name="id" value="$PARAM[id]"/>
			<param name="onup" value="$PARAM[onup]"/>
			<param name="ondown" value="$PARAM[ondown]"/>
		</include>
		<include condition="String.IsEqual(Skin.String(musichub_widget_pos_$PARAM[pos]),W_OftenPlayedSongs)" content="W_OftenPlayedSongs">
			<param name="id" value="$PARAM[id]"/>
			<param name="onup" value="$PARAM[onup]"/>
			<param name="ondown" value="$PARAM[ondown]"/>
		</include>
		<include condition="String.IsEqual(Skin.String(musichub_widget_pos_$PARAM[pos]),W_EmbyCon_FavArtists)" content="W_EmbyCon_FavArtists">
			<param name="id" value="$PARAM[id]"/>
			<param name="onup" value="$PARAM[onup]"/>
			<param name="ondown" value="$PARAM[ondown]"/>
		</include>
		<include condition="String.IsEqual(Skin.String(musichub_widget_pos_$PARAM[pos]),W_EmbyCon_FavAlbums)" content="W_EmbyCon_FavAlbums">
			<param name="id" value="$PARAM[id]"/>
			<param name="onup" value="$PARAM[onup]"/>
			<param name="ondown" value="$PARAM[ondown]"/>
		</include>
		<include condition="String.IsEqual(Skin.String(musichub_widget_pos_$PARAM[pos]),W_EmbyCon_FavSongs)" content="W_EmbyCon_FavSongs">
			<param name="id" value="$PARAM[id]"/>
			<param name="onup" value="$PARAM[onup]"/>
			<param name="ondown" value="$PARAM[ondown]"/>
		</include>
		<include condition="String.IsEqual(Skin.String(musichub_widget_pos_$PARAM[pos]),W_EmbyCon_OftenPlayedSongs)" content="W_EmbyCon_OftenPlayedSongs">
			<param name="id" value="$PARAM[id]"/>
			<param name="onup" value="$PARAM[onup]"/>
			<param name="ondown" value="$PARAM[ondown]"/>
		</include>
		<include condition="String.IsEqual(Skin.String(musichub_widget_pos_$PARAM[pos]),W_MusicHubCustom1)" content="W_MusicHubCustom1">
			<param name="id" value="$PARAM[id]"/>
			<param name="onup" value="$PARAM[onup]"/>
			<param name="ondown" value="$PARAM[ondown]"/>
		</include>
		<include condition="String.IsEqual(Skin.String(musichub_widget_pos_$PARAM[pos]),W_MusicHubCustom2)" content="W_MusicHubCustom2">
			<param name="id" value="$PARAM[id]"/>
			<param name="onup" value="$PARAM[onup]"/>
			<param name="ondown" value="$PARAM[ondown]"/>
		</include>
		<include condition="String.IsEqual(Skin.String(musichub_widget_pos_$PARAM[pos]),W_MusicHubCustom3)" content="W_MusicHubCustom3">
			<param name="id" value="$PARAM[id]"/>
			<param name="onup" value="$PARAM[onup]"/>
			<param name="ondown" value="$PARAM[ondown]"/>
		</include>
		<include condition="String.IsEqual(Skin.String(musichub_widget_pos_$PARAM[pos]),W_MusicHubCustom4)" content="W_MusicHubCustom4">
			<param name="id" value="$PARAM[id]"/>
			<param name="onup" value="$PARAM[onup]"/>
			<param name="ondown" value="$PARAM[ondown]"/>
		</include>
		<include condition="String.IsEqual(Skin.String(musichub_widget_pos_$PARAM[pos]),W_MusicHubCustom5)" content="W_MusicHubCustom5">
			<param name="id" value="$PARAM[id]"/>
			<param name="onup" value="$PARAM[onup]"/>
			<param name="ondown" value="$PARAM[ondown]"/>
		</include>
		<include condition="String.IsEqual(Skin.String(musichub_widget_pos_$PARAM[pos]),W_MusicHubCustom6)" content="W_MusicHubCustom6">
			<param name="id" value="$PARAM[id]"/>
			<param name="onup" value="$PARAM[onup]"/>
			<param name="ondown" value="$PARAM[ondown]"/>
		</include>
	</include>
</includes>