<?xml version="1.0" encoding="UTF-8"?>
<window type="buttonmenu" id="1140">
    <defaultcontrol always="true">10</defaultcontrol>
    <coordinates>
        <system>1</system>
        <left>0</left>
        <top>0</top>
    </coordinates>
    <include>openclose</include>
    <include>openclosefanart</include>
    <controls>
        <include>BlackBack</include>
        <control type="group">
            <visible>Window.IsVisible(home)</visible>
            <control type="image">
                <left>0</left>
                <top>0</top>
                <width>900</width>
                <height>1080</height>
                <texture background="true">SideFade.png</texture>
            </control>
            <control type="image">
                <left>0</left>
                <top>0</top>
                <width>1920</width>
                <height>1080</height>
                <texture background="true">helpscreen/helpscreen_home.png</texture>
            </control>
            <control type="textbox">
                <left>120</left>
                <top>120</top>
                <width>900</width>
                <height>375</height>
                <align>left</align>
                <label>51152</label>
            </control>
            <control type="textbox">
                <left>660</left>
                <top>645</top>
                <width>225</width>
                <height>90</height>
                <align>right</align>
                <textcolor>grey</textcolor>
                <label>51154</label>
            </control>
            <control type="textbox">
                <left>660</left>
                <top>915</top>
                <width>225</width>
                <height>150</height>
                <align>right</align>
                <textcolor>grey</textcolor>
                <label>51156</label>
            </control>
            <control type="label">
                <left>1395</left>
                <top>405</top>
                <width>375</width>
                <height>45</height>
                <align>left</align>
                <textcolor>grey</textcolor>
                <label>51158</label>
            </control>
            <control type="button" id="10">
                <left>120</left>
                <top>375</top>
                <label>186</label>
                <onclick>Skin.SetBool(firstrun_horizonzv)</onclick>
                <onclick>Close.Dialog(all,true)</onclick>
                <onclick>Control.SetFocus(9000)</onclick>
            </control>
        </control>
        <control type="group">
            <visible>!Window.IsVisible(home)</visible>
            <control type="image">
                <left>-15</left>
                <top>555</top>
                <width>1950</width>
                <height>525</height>
                <texture background="true">Shadow.png</texture>
            </control>
            <control type="image">
                <left>0</left>
                <top>0</top>
                <width>1920</width>
                <height>1080</height>
                <texture background="true">helpscreen/helpscreen_mynavs.png</texture>
            </control>
            <control type="textbox">
                <left>510</left>
                <top>720</top>
                <width>900</width>
                <height>375</height>
                <align>left</align>
                <label>51160</label>
            </control>
            <control type="textbox">
                <left>60</left>
                <top>315</top>
                <width>375</width>
                <height>150</height>
                <align>left</align>
                <textcolor>grey</textcolor>
                <label>51162</label>
            </control>
            <control type="textbox">
                <left>435r</left>
                <top>315</top>
                <width>375</width>
                <height>150</height>
                <align>right</align>
                <textcolor>grey</textcolor>
                <label>51164</label>
            </control>
            <control type="button" id="10">
                <left>510</left>
                <top>975</top>
                <label>186</label>
                <onclick>Skin.SetBool(firstrun1_horizonzv)</onclick>
                <onclick>Close.Dialog(all,true)</onclick>
                <onclick>Control.SetFocus(777)</onclick>
            </control>
        </control>
    </controls>
</window>
