<?xml version="1.0" encoding="UTF-8"?>
<window type="dialog" id="4118">
<defaultcontrol always="true">9060</defaultcontrol>
  <controls>
	    <!--========================================================================================-->
        <!--================================ GENERAL SETTINGS ======================================-->
		<!--========================================================================================-->
		<control type="group" id="9010">
		<control type="image">
		  <left>-20</left>
		  <top>-20</top>
		  <width>200</width>
		  <height>1100</height>
		  <texture background="true">skin/button_klein.png</texture>
		  <bordertexture border="10">ThumbShadow.png</bordertexture>
		  <bordersize>6</bordersize>
		  <colordiffuse>$VAR[BackColorBackground]</colordiffuse>
		</control>
		<control type="image">
		  <left>165</left>
		  <top>-20</top>
		  <width>800</width>
		  <height>1100</height>
		  <texture background="true">skin/button_klein.png</texture>
		  <bordertexture border="10">ThumbShadow.png</bordertexture>
		  <bordersize>6</bordersize>
		  <colordiffuse>$VAR[BackColorBackground]</colordiffuse>
		</control>
		<control type="label">
		  <left>195</left>
		  <top>65</top>
		  <width>700</width>
		  <height>38</height>
		  <font>primal_60_Title</font>
		  <textcolor>$VAR[ColorFontNormal]</textcolor>
		  <shadowcolor>$VAR[ColorFontShadow]</shadowcolor>
		  <align>left</align>
		  <aligny>center</aligny>
		  <label>[UPPERCASE]Einstellung[/UPPERCASE]</label>
		</control>
		<control type="button" id="9059">
		  <description>Close Window button</description>
		  <left>850</left>
		  <top>55</top>
		  <width>60</width>
		  <height>60</height>
		  <label></label>
		  <onclick>PreviousMenu</onclick>
		  <texturefocus>default/close_selected.png</texturefocus>
		  <texturenofocus>default/close.png</texturenofocus>
		  <onleft>9060</onleft>
		  <onright>9000</onright>
		  <onup>1860</onup>
	 	  <ondown>9060</ondown>
	    </control>
		<include>Animation.ZoomIn</include>
        <control type="grouplist" id="9001">
		<visible>Container(9060).Hasfocus(1)</visible>
          <left>172</left>
		  <top>160</top>
		  <width>787</width>
		  <height>880</height>
          <itemgap>2</itemgap>
          <pagecontrol>63</pagecontrol>
          <onleft>9060</onleft>
          <onright>63</onright>
          <onup>9059</onup>
          <ondown>9001</ondown>
          <control type="radiobutton" id="1007">
            <description>Enable Kiosk Mode (disable slideout menu)</description>
            <width>787</width>
            <height>60</height>
            <font>primal_20</font>
            <label>50087</label>
			<textoffsetx>30</textoffsetx>
			<textwidth>600</textwidth>
            <onclick>Skin.ToggleSetting(kiosk)</onclick>
            <selected>Skin.HasSetting(kiosk)</selected>
          </control>
		  <control type="label" id="106">
			<width>787</width>
			<height>60</height>
			<font>primal_20_Bold</font>
			<label>512</label>
			<textcolor>$VAR[ColorFontSelected]</textcolor>
			<shadowcolor>$VAR[ColorFontShadow]</shadowcolor>
			<align>left</align>
			<aligny>center</aligny>
			<textoffsetx>30</textoffsetx>
		  </control>
		  <control type="radiobutton" id="1014">
			<width>787</width>
			<height>60</height>
			<font>primal_20</font>
			<label>50097</label>
			<textoffsetx>30</textoffsetx>
			<textwidth>600</textwidth>
			<onclick>Skin.ToggleSetting(Use_Startup_Playlist)</onclick>
			<selected>Skin.HasSetting(Use_Startup_Playlist)</selected>
			<enable>!Skin.HasSetting(Use_Startup_VideoPlaylist)</enable>
		  </control>
		  <control type="button" id="108">
			<description>Startup Music Playlist Path</description>
			<width>787</width>
			<height>60</height>
			<font>primal_20</font>
			<label>50098</label>
			<textoffsetx>30</textoffsetx>
			<textwidth>600</textwidth>
			<label2>$INFO[Skin.String(Startup_Playlist_Path)]</label2>
			<onclick>Skin.SetFile(Startup_Playlist_Path,,special://MusicPlaylists/)</onclick>
			<enable>Skin.HasSetting(Use_Startup_Playlist)</enable>
		  </control>
		  <control type="radiobutton" id="1015">
			<width>787</width>
			<height>60</height>
			<font>primal_20</font>
			<label>50099</label>
			<textoffsetx>30</textoffsetx>
			<textwidth>600</textwidth>
			<onclick>Skin.ToggleSetting(Use_Startup_Favorites)</onclick>
			<selected>Skin.HasSetting(Use_Startup_Favorites)</selected>
			<enable>!Skin.HasSetting(Use_Startup_Favorit)</enable>
		  </control>
		  <control type="button" id="1016">
			<description>Startup Favorit Path</description>
			<width>787</width>
			<height>60</height>
			<font>primal_20</font>
			<label>50100</label>
			<textoffsetx>30</textoffsetx>
			<textwidth>600</textwidth>
			<label2>$INFO[Skin.String(Startup_Favorites_Path)]</label2>
			<onclick>Skin.SetFile(Startup_Favorites_Path,,addons://sources/audio/)</onclick>
			<enable>Skin.HasSetting(Use_Startup_Favorites)</enable>
		  </control>
		  <control type="radiobutton" id="1017">
			<width>787</width>
			<height>60</height>
			<font>primal_20</font>
			<label>50101</label>
			<textoffsetx>30</textoffsetx>
			<textwidth>600</textwidth>
			<onclick>Skin.ToggleSetting(Use_Startup_VideoPlaylist)</onclick>
			<selected>Skin.HasSetting(Use_Startup_VideoPlaylist)</selected>
			<enable>!Skin.HasSetting(Use_Startup_Playlist)</enable>
		  </control>
		  <control type="button" id="1079">
			<description>Startup Video Playlist Path</description>
			<width>787</width>
			<height>60</height>
			<font>primal_20</font>
			<label>50102</label>
			<textoffsetx>30</textoffsetx>
			<textwidth>600</textwidth>
			<label2>$INFO[Skin.String(Startup_VideoPlaylist_Path)]</label2>
			<onclick>Skin.SetFile(Startup_VideoPlaylist_Path,,special://VideoPlaylists/)</onclick>
			<enable>Skin.HasSetting(Use_Startup_VideoPlaylist)</enable>
		  </control>
		  <control type="label" id="1081">
			<width>787</width>
			<height>60</height>
			<font>primal_20_Bold</font>
			<label>50105</label>
			<textoffsetx>30</textoffsetx>
			<textcolor>$VAR[ColorFontSelected]</textcolor>
			<shadowcolor>$VAR[ColorFontShadow]</shadowcolor>
			<align>left</align>
			<aligny>center</aligny>
          </control>
          <control type="radiobutton" id="1082">
			<description>Set Focus Offset</description>
			<width>787</width>
			<height>60</height>
			<font>primal_20</font>
			<label>50106</label>
			<textoffsetx>30</textoffsetx>
			<textwidth>600</textwidth>
			<onclick>Skin.ToggleSetting(customstartupfocus)</onclick>
			<selected>Skin.HasSetting(customstartupfocus)</selected>
          </control>
          <control type="button" id="1011">
			<label> - $LOCALIZE[41170]</label>
			<label2>[COLOR=selected]$INFO[Skin.String(CustomFocusOffset)][/COLOR]</label2>
			<width>787</width>
			<height>60</height>
			<font>primal_20</font>
			<textoffsetx>30</textoffsetx>
			<textwidth>600</textwidth>
			<onclick>Skin.SetString(CustomFocusOffset)</onclick>
			<visible>Skin.HasSetting(customstartupfocus)</visible>
          </control>          
		  <control type="label" id="100006">
			<width>787</width>
			<height>60</height>
			<font>primal_20_Bold</font>
			<label>$LOCALIZE[50132]</label>
			<textoffsetx>30</textoffsetx>
			<textcolor>$VAR[ColorFontSelected]</textcolor>
			<shadowcolor>$VAR[ColorFontShadow]</shadowcolor>
			<align>left</align>
			<aligny>center</aligny>
		  </control>
		  <control type="radiobutton" id="100014">
			<description>TV Tunes</description>
			<width>787</width>
			<height>60</height>
			<font>primal_20</font>
			<label>$LOCALIZE[50140]</label>
			<textoffsetx>30</textoffsetx>
			<textwidth>600</textwidth>
			<onclick>Skin.ToggleSetting(tv_theme)</onclick>
			<selected>Skin.HasSetting(tv_theme)</selected>
		  </control>
	    </control>
	    <!--========================================================================================-->
        <!--========================================== HOME ========================================-->
		<!--========================================================================================-->
		<control type="grouplist" id="9002">
		<include>Animation.ZoomIn</include>
		  <visible>Container(9060).Hasfocus(2)</visible>
		  <left>172</left>
		  <top>160</top>
		  <width>787</width>
		  <height>880</height>
		  <itemgap>2</itemgap>
		  <pagecontrol>65</pagecontrol>
		  <onleft>9060</onleft>
		  <onright>65</onright>
		  <onup>9059</onup>
		  <ondown>9002</ondown>
		<control type="button" id="3039">
		  <description>Home Menü Button</description>
		  <width>787</width>
		  <height>60</height>
		  <font>primal_20</font>
		  <label>$LOCALIZE[50108]</label>
		  <textoffsetx>30</textoffsetx>
		  <textwidth>600</textwidth>
		  <onclick>ActivateWindow(4114)</onclick>
		</control>
		<control type="button" id="3040">
		  <description>Home Menü Button</description>
		  <width>787</width>
		  <height>60</height>
		  <font>primal_20</font>
		  <label>$LOCALIZE[50398]</label>
		  <textoffsetx>30</textoffsetx>
		  <textwidth>600</textwidth>
		  <onclick>ActivateWindow(4115)</onclick>
		</control>
		<control type="button" id="3041">
		  <description>Farbsettings</description>
		  <width>787</width>
		  <height>60</height>
		  <font>primal_20</font>
		  <label>$LOCALIZE[50408]</label>
		  <textoffsetx>30</textoffsetx>
		  <textwidth>600</textwidth>
		  <onclick>ActivateWindow(4106)</onclick>
		</control>
		<control type="radiobutton" id="3042">
		  <label>$LOCALIZE[50409]</label>
		  <width>787</width>
		  <height>60</height>
		  <font>primal_20</font>
		  <textoffsetx>30</textoffsetx>
		  <textwidth>600</textwidth>
		  <onclick>Skin.ToggleSetting(homebigrandomwidget)</onclick>
		  <selected>Skin.HasSetting(homebigrandomwidget)</selected>
		</control>
		<control type="radiobutton" id="3043">
		  <label>$LOCALIZE[50394]</label>
		  <width>787</width>
		  <height>60</height>
		  <font>primal_20</font>
		  <textoffsetx>30</textoffsetx>
		  <textwidth>600</textwidth>
		  <onclick>Skin.ToggleSetting(HomeMusicFanart)</onclick>
		  <onclick>Skin.Reset(HomeMusicExtraFanart)</onclick>
		  <onclick>Skin.Reset(ArtistslideshowHome)</onclick>
		  <selected>Skin.HasSetting(HomeMusicFanart)</selected>
		</control>
		<control type="radiobutton" id="3044">
		  <label>$LOCALIZE[50393]</label>
		  <width>787</width>
		  <height>60</height>
		  <font>primal_20</font>
		  <textoffsetx>30</textoffsetx>
		  <textwidth>600</textwidth>
		  <onclick>Skin.ToggleSetting(ArtistslideshowHome)</onclick>
		  <onclick>Skin.Reset(HomeMusicFanart)</onclick>
		  <onclick>Skin.Reset(HomeMusicExtraFanart)</onclick>
		  <selected>Skin.HasSetting(ArtistslideshowHome)</selected>
		</control>
		<control type="radiobutton" id="3045">
		  <label>$LOCALIZE[50392]</label>
		  <width>787</width>
		  <height>60</height>
		  <font>primal_20</font>
		  <textoffsetx>30</textoffsetx>
		  <textwidth>600</textwidth>
		  <onclick>Skin.ToggleSetting(HomeMusicExtraFanart)</onclick>
		  <onclick>Skin.Reset(HomeMusicFanart)</onclick>
		  <onclick>Skin.Reset(ArtistslideshowHome)</onclick>
		  <selected>Skin.HasSetting(HomeMusicExtraFanart)</selected>
		</control>
		<control type="radiobutton" id="3046">
		  <label>$LOCALIZE[50391]</label>
		  <width>787</width>
		  <height>60</height>
		  <font>primal_20</font>
		  <textoffsetx>30</textoffsetx>
		  <textwidth>600</textwidth>
		  <onclick>Skin.ToggleSetting(GrabFanart)</onclick>
		  <selected>Skin.HasSetting(GrabFanart)</selected>
		</control>
		<control type="radiobutton" id="3047">
		  <width>787</width>
		  <height>60</height>
		  <font>primal_20</font>
		  <textoffsetx>30</textoffsetx>
		  <textwidth>600</textwidth>
		  <label>$LOCALIZE[50120]</label>
		  <onclick>Skin.ToggleSetting(WheaterMultiFanart)</onclick>
		  <selected>Skin.HasSetting(WheaterMultiFanart)</selected>
		</control>
		<control type="radiobutton" id="3048">
		  <width>787</width>
		  <height>60</height>
		  <font>primal_20</font>
		  <textoffsetx>30</textoffsetx>
		  <textwidth>600</textwidth>
		  <label>$LOCALIZE[50307]</label>
		  <onclick>Skin.ToggleSetting(homenocolorbutton)</onclick>
		  <selected>Skin.HasSetting(homenocolorbutton)</selected>
		</control>
		<control type="radiobutton" id="3049">
		  <label>$LOCALIZE[50390]</label>
		  <width>787</width>
		  <height>60</height>
		  <font>primal_20</font>
		  <textoffsetx>30</textoffsetx>
		  <textwidth>600</textwidth>
		  <onclick>Skin.ToggleSetting(NoWidgets)</onclick>
		  <selected>Skin.HasSetting(NoWidgets)</selected>
		</control>
		<control type="button" id="3050">
		  <description>Widget Pictures Path</description>
		  <width>787</width>
		  <height>60</height>
		  <font>primal_20</font>
		  <textoffsetx>30</textoffsetx>
		  <textwidth>600</textwidth>
		  <label>Bilder Widget - $LOCALIZE[49973] $INFO[Skin.String(Pictures_Folder_Path)]</label>
		  <onclick>Skin.Reset(Pictures_Folder_Path)</onclick>
		  <onclick>Skin.SetPath(Pictures_Folder_Path)</onclick>
		</control>	
		<control type="radiobutton" id="3051">
		  <label>NoInstallAddons</label>
		  <width>787</width>
		  <height>60</height>
		  <font>primal_20</font>
		  <textoffsetx>30</textoffsetx>
		  <textwidth>600</textwidth>
		  <onclick>Skin.ToggleSetting(NoInstallAddons)</onclick>
		  <selected>Skin.HasSetting(NoInstallAddons)</selected>
		</control>	
		<control type="radiobutton" id="3052">
		  <label>$LOCALIZE[50411]</label>
		  <width>787</width>
		  <height>60</height>
		  <font>primal_20</font>
		  <textoffsetx>30</textoffsetx>
		  <textwidth>600</textwidth>
		  <onclick>Skin.ToggleSetting(VisualisationHome)</onclick>
		  <selected>Skin.HasSetting(VisualisationHome)</selected>
		</control>	
		<control type="radiobutton" id="3053">
		  <label>$LOCALIZE[50413]</label>
		  <width>787</width>
		  <height>60</height>
		  <font>primal_20</font>
		  <textoffsetx>30</textoffsetx>
		  <textwidth>600</textwidth>
		  <onclick>Skin.ToggleSetting(widgetsichtbar)</onclick>
		  <selected>Skin.HasSetting(widgetsichtbar)</selected>
		</control>
	   </control>
	   </control>
	
	  <!--========================================================================================-->
	  <!--=============================== HOME WINDOW SETTINGS ===================================-->
	  <!--========================================================================================-->
	  <control type="grouplist" id="9003">
		<include>Animation.ZoomIn</include>
		<visible>Container(9060).Hasfocus(3)</visible>
		<left>172</left>
		<top>160</top>
		<width>787</width>
		<height>880</height>
		<itemgap>2</itemgap>
		<pagecontrol>2640</pagecontrol>
		<onleft>9060</onleft>
		<onright>2640</onright>
		<onup>9059</onup>
		<ondown>9004</ondown>	
		<control type="radiobutton" id="3091">
		  <description>Music Path for Artist Logos</description>
		  <font>primal_20</font>
		  <width>787</width>
		  <height>60</height>
		  <label>50308</label>
		  <textoffsetx>30</textoffsetx>
		  <textwidth>600</textwidth>
		  <onclick>Skin.ToggleSetting(MusicPath)</onclick>
		  <selected>Skin.HasSetting(MusicPath)</selected>
		</control>
		<control type="button" id="3092">
		  <description>Music Artist Logo Set Path</description>
		  <label>$LOCALIZE[49973] $INFO[Skin.String(Music_Folder_Path)]</label>
		  <width>787</width>
		  <height>60</height>
		  <font>primal_20</font>
		  <textoffsetx>30</textoffsetx>
		  <textwidth>600</textwidth>
		  <onclick>Skin.Reset(Music_Folder_Path)</onclick>
		  <onclick>Skin.SetPath(Music_Folder_Path)</onclick>
		  <visible>Skin.HasSetting(MusicPath)</visible>
		</control>
		<control type="radiobutton" id="3093">
		  <font>primal_20</font>
		  <width>787</width>
		  <height>60</height>
		  <label>$LOCALIZE[50388]</label>
		  <textoffsetx>30</textoffsetx>
		  <textwidth>600</textwidth>
		  <onclick>Skin.ToggleSetting(viewnoscrollbar)</onclick>
		  <selected>Skin.HasSetting(viewnoscrollbar)</selected>
		</control>	
		<control type="radiobutton" id="3094">
		  <font>primal_20</font>
		  <width>787</width>
		  <height>60</height>
		  <label>$LOCALIZE[50135]</label>
		  <textoffsetx>30</textoffsetx>
		  <textwidth>600</textwidth>
		  <onclick>Skin.ToggleSetting(NoPlotScroll)</onclick>
		  <selected>Skin.HasSetting(NoPlotScroll)</selected>
		</control>	
		<control type="radiobutton" id="3095">
		  <width>787</width>
		  <height>60</height>
		  <font>primal_20</font>
		  <label>$LOCALIZE[50402]</label>
		  <textoffsetx>30</textoffsetx>
		  <textwidth>600</textwidth>
		  <onclick>Skin.ToggleSetting(PlotFontBig)</onclick>
		  <selected>Skin.HasSetting(PlotFontBig)</selected>
		</control>	
		<control type="radiobutton" id="3096">
		  <width>787</width>
		  <height>60</height>
		  <font>primal_20</font>
		  <label>$LOCALIZE[50396]</label>
		  <textoffsetx>30</textoffsetx>
		  <textwidth>600</textwidth>
		  <onclick>Skin.ToggleSetting(RatingColor)</onclick>
		  <selected>Skin.HasSetting(RatingColor)</selected>
		</control>
		<control type="radiobutton" id="3097">
		  <width>787</width>
		  <height>60</height>
		  <font>primal_20</font>
		  <label>Touch Control Button on/off</label>
		  <textoffsetx>30</textoffsetx>
		  <textwidth>600</textwidth>
		  <onclick>Skin.ToggleSetting(touchcontrol)</onclick>
		  <selected>Skin.HasSetting(touchcontrol)</selected>
		</control>
	  </control>
	  
	  <!--========================================================================================-->
	  <!--====================== VISUALISATION WINDOW SETTINGS ===================================-->
	  <!--========================================================================================-->
	  <control type="grouplist" id="9004">
		<include>Animation.ZoomIn</include>
		<visible>Container(9060).Hasfocus(4)</visible>
		<left>172</left>
		<top>160</top>
		<width>787</width>
		<height>880</height>
		<itemgap>2</itemgap>
		<pagecontrol>2640</pagecontrol>
		<onleft>9060</onleft>
		<onright>2640</onright>
		<onup>9059</onup>
		<ondown>9005</ondown>	
		<control type="radiobutton" id="4443">
		  <description>Musik Info Panel</description>
		  <font>primal_20</font>
		  <width>787</width>
		  <height>60</height>
		  <label>$LOCALIZE[50311]</label>
		  <textoffsetx>30</textoffsetx>
		  <textwidth>600</textwidth>
		  <onclick>Skin.ToggleSetting(musikinfopanel)</onclick>
		  <selected>Skin.HasSetting(musikinfopanel)</selected>
		</control>
		<control type="radiobutton" id="4444">
		  <description>Musik Info Panel</description>
		  <font>primal_20</font>
		  <width>787</width>
		  <height>60</height>
		  <label>dauerhaft</label>
		  <textoffsetx>30</textoffsetx>
		  <textwidth>600</textwidth>
		  <onclick>Skin.ToggleSetting(durableinfo)</onclick>
		  <selected>Skin.HasSetting(durableinfo)</selected>
		</control>
		<control type="radiobutton" id="4445">
		  <description>Musik Visualisation</description>
		  <font>primal_20</font>
		  <width>787</width>
		  <height>60</height>
		  <label>$LOCALIZE[50312]</label>
		  <textoffsetx>30</textoffsetx>
		  <textwidth>600</textwidth>
		  <onclick>Skin.ToggleSetting(musikvisualisation)</onclick>
		  <selected>Skin.HasSetting(musikvisualisation)</selected>
		</control>
		<control type="radiobutton" id="4446">
		  <description>Enable CDArt animation on music visualization screen</description>
		  <font>primal_20</font>
		  <width>787</width>
		  <height>60</height>
		  <label>50088</label>
		  <textoffsetx>30</textoffsetx>
		  <textwidth>600</textwidth>
		  <onclick>Skin.ToggleSetting(visualisationcdart)</onclick>
		  <selected>Skin.HasSetting(visualisationcdart)</selected>
		</control>
		<control type="radiobutton" id="4447">
		  <description>Script Artist Slide Show</description>
		  <font>primal_20</font>
		  <width>787</width>
		  <height>60</height>
		  <label>50091</label>
		  <textoffsetx>30</textoffsetx>
		  <textwidth>600</textwidth>
		  <onclick>Skin.ToggleSetting(Artistslideshow)</onclick>
		  <selected>Skin.HasSetting(Artistslideshow)</selected>
		  <enable>!Skin.HasSetting(Custombackground) + !Skin.HasSetting(BlackBackground) + !Skin.HasSetting(CDWallNoVisualisation)</enable>
		</control>
		<control type="button" id="4448">
		  <description>Script Artist Slide Show</description>
		  <font>primal_20</font>
		  <width>787</width>
		  <height>60</height>
		  <label>50092</label>
		  <textoffsetx>30</textoffsetx>
		  <textwidth>600</textwidth>
		  <onclick>Addon.OpenSettings(script.artistslideshow)</onclick>
		  <enable>Skin.HasSetting(Artistslideshow)</enable>
		</control>
		<control type="radiobutton" id="4449">
		  <font>primal_20</font>
		  <width>787</width>
		  <height>60</height>
		  <label>50093</label>
		  <textoffsetx>30</textoffsetx>
		  <textwidth>600</textwidth>
		  <onclick>Skin.ToggleSetting(CDWallNoVisualisation)</onclick>
		  <selected>Skin.HasSetting(CDWallNoVisualisation)</selected>
		  <enable>!Skin.HasSetting(Custombackground) + !Skin.HasSetting(BlackBackground) + !Skin.HasSetting(Artistslideshow)</enable>
		</control>
		<control type="button" id="4410">
		  <description>CD Wall Picture Path</description>
		  <font>primal_20</font>
		  <width>787</width>
		  <height>60</height>
		  <label>50094</label>
		  <textoffsetx>30</textoffsetx>
		  <textwidth>600</textwidth>
		  <label2>$INFO[Skin.String(CDWall_Folder_Path)]</label2>
		  <onclick>Skin.SetPath(CDWall_Folder_Path)</onclick>
		  <enable>Skin.HasSetting(CDWallNoVisualisation)</enable>
		</control>
		<control type="radiobutton" id="4411">
		  <description>Custom background</description>
		  <font>primal_20</font>
		  <width>787</width>
		  <height>60</height>
		  <label>50095</label>
		  <textoffsetx>30</textoffsetx>
		  <textwidth>600</textwidth>
		  <onclick>Skin.ToggleSetting(CustomBackground)</onclick>
		  <selected>Skin.HasSetting(CustomBackground)</selected>
		  <enable>!Skin.HasSetting(Artistslideshow) + !Skin.HasSetting(BlackBackground) + !Skin.HasSetting(CDWallNoVisualisation)</enable>
	  </control>
	  <control type="radiobutton" id="4412">
		  <description>Black background</description>
		  <font>primal_20</font>
		  <width>787</width>
		  <height>60</height>
		  <label>50096</label>
		  <textoffsetx>30</textoffsetx>
		  <textwidth>600</textwidth>
		  <onclick>Skin.ToggleSetting(BlackBackground)</onclick>
		  <selected>Skin.HasSetting(BlackBackground)</selected>
		  <enable>!Skin.HasSetting(Artistslideshow) + !Skin.HasSetting(CustomBackground) + !Skin.HasSetting(CDWallNoVisualisation)</enable>
	  </control>
	  </control>
	  
	   <!--========================================================================================-->
	  <!--====================== VISUALISATION WINDOW SETTINGS ===================================-->
	  <!--========================================================================================-->
	  <control type="grouplist" id="9005">
		<include>Animation.ZoomIn</include>
		<visible>Container(9060).Hasfocus(5)</visible>
		<left>172</left>
		<top>160</top>
		<width>787</width>
		<height>880</height>
		<itemgap>2</itemgap>
		<pagecontrol>2640</pagecontrol>
		<onleft>9060</onleft>
		<onright>2640</onright>
		<onup>9059</onup>
		<ondown>9005</ondown>	
		<control type="textbox">
		  <left>60</left>
		  <width>757</width>
		  <height>120</height>
		  <font>primal_15</font>
		  <align>center</align>
		  <shadowcolor>$VAR[ColorFontShadow]</shadowcolor>
		  <label>[COLOR $VAR[ColorFontSelected]]Hier kannst du alle Addons/Plugins installieren, die vom Skin unterstützt werden. Natürlich kannst du auch jedes andere Addon installieren was dir gefällt aber es wird nicht zwingend mit Destiny harmonieren. Hast du das Addon installiert, wird es hier ausgeblendet![/COLOR]</label>
		</control>
		<control type="togglebutton" id="4453">
		  <font>primal_20</font>
		  <width>787</width>
		  <height>60</height>
		  <label>Amazon VOD</label>
		  <textoffsetx>30</textoffsetx>
		  <textwidth>600</textwidth>
		  <onclick>InstallAddon(plugin.video.amazon-test)</onclick>
		  <visible>System.HasAddon(plugin.video.amazon-test)</visible>
		</control>
		<control type="button" id="4454">
		  <font>primal_20</font>
		  <width>787</width>
		  <height>60</height>
		  <label>Radio</label>
		  <textoffsetx>30</textoffsetx>
		  <textwidth>600</textwidth>
		  <onclick>InstallAddon(plugin.audio.radio_de)</onclick>
		  <visible>!System.HasAddon(plugin.audio.radio_de)</visible>
		</control>
		<control type="button" id="4455">
		  <font>primal_20</font>
		  <width>787</width>
		  <height>60</height>
		  <label>NewsCenter</label>
		  <textoffsetx>30</textoffsetx>
		  <textwidth>600</textwidth>
		  <onclick>InstallAddon(plugin.program.newscenter)</onclick>
		  <visible>!System.HasAddon(plugin.program.newscenter)</visible>
		</control>
		<control type="button" id="4456">
		  <font>primal_20</font>
		  <width>787</width>
		  <height>60</height>
		  <label>maxdome</label>
		  <textoffsetx>30</textoffsetx>
		  <textwidth>600</textwidth>
		  <onclick>InstallAddon(plugin.video.maxdome)</onclick>
		  <visible>!System.HasAddon(plugin.video.maxdome)</visible>
		</control>
		<control type="button" id="4457">
		  <font>primal_20</font>
		  <width>787</width>
		  <height>60</height>
		  <label>MediathekView</label>
		  <textoffsetx>30</textoffsetx>
		  <textwidth>600</textwidth>
		  <onclick>InstallAddon(plugin.video.mediathekview)</onclick>
		  <visible>!System.HasAddon(plugin.video.mediathekview)</visible>
		</control>
		<control type="button" id="4458">
		  <font>primal_20</font>
		  <width>787</width>
		  <height>60</height>
		  <label>Netflix</label>
		  <textoffsetx>30</textoffsetx>
		  <textwidth>600</textwidth>
		  <onclick>InstallAddon(plugin.video.netflix)</onclick>
		  <visible>!System.HasAddon(plugin.video.netflix)</visible>
		</control>
		<control type="button" id="4459">
		  <font>primal_20</font>
		  <width>787</width>
		  <height>60</height>
		  <label>YouTube</label>
		  <textoffsetx>30</textoffsetx>
		  <textwidth>600</textwidth>
		  <onclick>InstallAddon(plugin.video.youtube)</onclick>
		  <visible>!System.HasAddon(plugin.video.youtube)</visible>
		</control>
		<control type="button" id="4460">
		  <font>primal_20</font>
		  <width>787</width>
		  <height>60</height>
		  <label>Amazon Prime Music</label>
		  <textoffsetx>30</textoffsetx>
		  <textwidth>600</textwidth>
		  <onclick>InstallAddon(pplugin.audio.prime_music)</onclick>
		  <visible>!System.HasAddon(plugin.audio.prime_music)</visible>
		</control>
		<control type="button" id="4461">
		  <font>primal_20</font>
		  <width>787</width>
		  <height>60</height>
		  <label>repository.netflix</label>
		  <textoffsetx>30</textoffsetx>
		  <textwidth>600</textwidth>
		  <onclick>InstallAddon(repository.netflix)</onclick>
		  <visible>!System.HasAddon(repository.netflix)</visible>
	  </control>
	  <control type="button" id="4462">
		  <font>primal_20</font>
		  <width>787</width>
		  <height>60</height>
		  <label>script.service.gto</label>
		  <textoffsetx>30</textoffsetx>
		  <textwidth>600</textwidth>
		  <onclick>InstallAddon(script.service.gto)</onclick>
		  <visible>!System.HasAddon(script.service.gto)</visible>
	  </control>
	  </control>

	  <!-- MAIN LIST ON THE LEFT -->
	  <control type="group">
      <left>0</left>
      <top>0</top>
	  <include>Animation.ZoomIn</include>
      <control type="list" id="9060">
        <left>10</left>
        <top>200</top>
        <width>340</width>
        <height>755</height>
        <onright condition="Container(9060).Hasfocus(1)">9001</onright>
		<onright condition="Container(9060).Hasfocus(2)">9002</onright>
		<onright condition="Container(9060).Hasfocus(3)">9003</onright>
		<onright condition="Container(9060).Hasfocus(4)">9004</onright>
		<onright condition="Container(9060).Hasfocus(5)">9005</onright>
        <onup>9059</onup>
        <ondown>9060</ondown>
        <pagecontrol>-</pagecontrol>
        <scrolltime>300</scrolltime>
        <itemlayout height="102" width="440">
		  <control type="image">
			<left>55</left>
			<top>0</top>
			<width>40</width>
			<height>40</height>
			<texture background="true">$INFO[ListItem.Icon]</texture>
			<colordiffuse>$VAR[ColorFontNormal]</colordiffuse>
		  </control>
          <control type="label">
            <left>0</left>
            <top>40</top>
            <width>150</width>
            <height>38</height>
            <font>primal_12_Title</font>
            <textcolor>$VAR[ColorFontNormal]</textcolor>
	        <shadowcolor>$VAR[ColorFontShadow]</shadowcolor>
            <align>center</align>
            <aligny>center</aligny>
            <label>$INFO[ListItem.Label]</label>
          </control>
          <control type="label">
            <left>60</left>
            <top>40</top>
            <width>250</width>
            <height>38</height>
            <font>primal_13</font>
            <textcolor>$VAR[ColorFontNormal]</textcolor>
	        <shadowcolor>$VAR[ColorFontShadow]</shadowcolor>
            <align>right</align>
            <aligny>center</aligny>
            <label>$INFO[ListItem.Label2]</label>
          </control>		  
        </itemlayout>
        <focusedlayout height="102" width="440">
		  <control type="image">
			<left>55</left>
			<top>0</top>
			<width>40</width>
			<height>40</height>
			<texture background="true">$INFO[ListItem.Icon]</texture>
			<colordiffuse>$VAR[BackColorButton]</colordiffuse>
		  </control>
          <control type="label">
            <left>0</left>
            <top>40</top>
            <width>150</width>
            <height>38</height>
            <font>primal_12_Title</font>
            <textcolor>$VAR[ColorFontSelected]</textcolor>
	        <shadowcolor>$VAR[ColorFontShadow]</shadowcolor>
            <align>center</align>
            <aligny>center</aligny>
            <label>$INFO[ListItem.Label]</label>
          </control>
          <control type="label">
            <left>60</left>
            <top>40</top>
            <width>250</width>
            <height>38</height>
            <font>primal_13</font>
            <textcolor>$VAR[ColorFontNormal]</textcolor>
	        <shadowcolor>$VAR[ColorFontShadow]</shadowcolor>
            <align>right</align>
            <aligny>center</aligny>
            <label>$INFO[ListItem.Label2]</label>
          </control>
        </focusedlayout>
        <content>
		  <item id="2">
            <label>50107</label>
            <label2></label2>
			<icon>home/homeicons/home.png</icon>
            <onclick>noop</onclick>
          </item>
          <item id="1">
            <label>128</label>
            <label2></label2>
			<icon>home/homeicons/blume.png</icon>
            <onclick>noop</onclick>
          </item>	
		  <item id="3">
            <label>50026</label>
            <label2></label2>
			<icon>home/homeicons/view_poster.png</icon>
            <onclick>noop</onclick>
          </item>	  	  
		  <item id="4">
            <label>50138</label>
            <label2></label2>
			<icon>home/homeicons/star.png</icon>
            <onclick>noop</onclick>
          </item>
		  <item id="5">
            <label>50138</label>
            <label2></label2>
			<icon>home/homeicons/star.png</icon>
            <onclick>noop</onclick>
          </item>
        </content>
      </control>
	</control>
  </controls>
</window>