<?xml version="1.0" encoding="UTF-8"?>
<window id="614">
	<defaultcontrol></defaultcontrol>
	<animation effect="slide" start="0,0" end="0,-100" time="300">WindowOpen</animation>
	<animation effect="slide" start="0,-100" end="0,0" time="300">WindowClose</animation>
	<coordinates>
	  <system>1</system>
	  <left>1265</left>
	  <top>1030</top>
	</coordinates>
	<controls>
		<control type="group">
		<animation effect="fade" start="100" end="0" time="1000" tween="quadratic" easing="out" condition="Window.IsVisible(FullscreenVideo)">Conditional</animation>
			<control type="image">
			  <left>0</left>
			  <top>0</top>
			  <width>650</width>
			  <height>140</height>
			  <texture background="true">skin/button_klein.png</texture>
			  <bordertexture border="10">ThumbShadow.png</bordertexture>
			  <bordersize>7</bordersize>
			  <colordiffuse>$VAR[ColorButtonDialogeBack]</colordiffuse>
			</control>
			<control type="label" id="30">
			  <description>Header Label</description>
			  <left>155</left>
			  <top>25</top>
			  <width>470</width>
			  <height>20</height>
			  <font>primal_18</font>
			  <textcolor>$VAR[ColorFontSelected]</textcolor>
			  <shadowcolor>$VAR[ColorFontShadow]</shadowcolor>
			  <align>left</align>
			  <aligny>center</aligny>
			  <scroll>true</scroll>
			</control>
			<control type="label">
			  <description>Header label</description>
			  <left>20</left>
			  <top>0</top>
			  <width min="0" max="120">auto</width>
			  <height>100</height>
			  <font>primal_40</font>
			  <textcolor>$VAR[ColorFontNormal]</textcolor>
			  <shadowcolor>$VAR[ColorFontShadow]</shadowcolor>
			  <align>left</align>
			  <aligny>center</aligny>
			  <label>$INFO[Control.GetLabel(32),,%]</label>
			  <scroll>false</scroll>
			</control>
			<control type="label" id="31">
			  <description>Title Label</description>
			  <left>155</left>
			  <top>55</top>
			  <width>470</width>
			  <height>20</height>
			  <font>primal_15</font>
			  <textcolor>$VAR[ColorFontNormal]</textcolor>
			  <shadowcolor>$VAR[ColorFontShadow]</shadowcolor>
			  <align>left</align>
			  <aligny>center</aligny>
			  <scroll>true</scroll>
			</control>
			<control type="progress" id="32">
			  <description>progress control</description>
			  <left>20</left>
			  <top>100</top>
			  <width>610</width>
			  <height>8</height>
			  <visible>true</visible>
			</control>
		</control>
	</controls>
</window>