<?xml version="1.0" encoding="UTF-8"?>
<includes>
	<include name="Square_View_52">
		<param name="mainlabel">$VAR[MainListLabel]</param>
		<param name="sublabel">$VAR[SubListLabel]</param>
		<definition>
			<control type="group">
				<include>Visible_OpenClose</include>
				<visible>Control.IsVisible(52)</visible>
				<control id="52" type="panel">
					<visible>[!Container.Content(seasons) + !Container.Content(episodes) + !Container.Content(movies) + !Container.Content(tvshows)] | [Container.Content(episodes) + String.StartsWith(Container.FolderPath,plugin://) + !String.StartsWith(Container.FolderPath,plugin://plugin.video.embycon)]</visible>
					<width>1920</width>
					<height>1080</height>
					<onright condition="Control.IsVisible(7000)">SetFocus(7000)</onright>
					<onright>noop</onright>
					<onup>SetFocus(6666)</onup>
					<include>Bounce_Up_Down</include>
					<ondown>SetProperty(BounceDown,1,home)</ondown>
					<onleft>9999</onleft>
					<scrolltime tween="sine" easing="out">400</scrolltime>
					<orientation>vertical</orientation>
					<preloaditems>4</preloaditems>
					<defaultcontrol always="true">0</defaultcontrol>
					<viewtype label="$LOCALIZE[31005]">panel</viewtype>
					<pagecontrol>17</pagecontrol>
					<itemlayout width="360" height="440">
						<control type="group">
							<left>70</left>
							<top>150</top>
							<include content="SquareLayout_Size2">
								<param name="mainlabel" value="$PARAM[mainlabel]" />
								<param name="thumblabel" value="$PARAM[mainlabel]" />
								<param name="sublabel" value="$PARAM[sublabel]" />
								<param name="focused" value="false" />
								<param name="id" value="52" />
							</include>
						</control>
					</itemlayout>
					<focusedlayout width="360" height="440">
						<include>SetPropertyOnFocus</include>
						<control type="group">							
							<left>70</left>
							<top>150</top>
							<include content="SquareLayout_Size2">
								<param name="mainlabel" value="$PARAM[mainlabel]" />
								<param name="thumblabel" value="$PARAM[mainlabel]" />
								<param name="sublabel" value="$PARAM[sublabel]" />
								<param name="focused" value="true" />
								<param name="id" value="52" />
							</include>
						</control>
					</focusedlayout>
				</control>
				<include content="list_mask_vertical_top">
					<param name="height" value="70"/>
					<param name="left" value="0"/>
					<param name="right" value="0"/>
					<param name="id" value="52"/>
					<param name="visible_forced" value="true"/>
				</include>
				<include content="list_mask_vertical">
					<param name="height" value="70"/>
					<param name="left" value="0"/>
					<param name="right" value="0"/>
					<param name="id" value="52"/>
					<param name="visible_forced" value="true"/>
				</include>
				<include content="JumpToLetter_vertical"/>
				<include content="ScrollbarVertical">
					<param name="top" value="0"/>
					<param name="height" value="100%"/>
				</include>
			</control>
		</definition>
	</include>
</includes>