<?xml version="1.0" encoding="utf-8"?>
<fonts>
	<fontset id="Default" unicode="true">
		<font>
			<name>Keyboard</name>
			<filename>Roboto-Medium.ttf</filename>
			<linespacing>1.12</linespacing>
			<size>30</size>
		</font>
		<!-- Material Icons -->
		<font>
			<name>Material150</name>
			<filename>MaterialIcons-Regular.ttf</filename>
			<size>150</size>
		</font>
		<font>
			<name>Material50</name>
			<filename>MaterialIcons-Regular.ttf</filename>
			<size>50</size>
		</font>
		<font>
			<name>Material49</name>
			<filename>MaterialIcons-Regular.ttf</filename>
			<size>49</size>
		</font>
		<font>
			<name>Material44</name>
			<filename>MaterialIcons-Regular.ttf</filename>
			<size>44</size>
		</font>
		<font>
			<name>Material40</name>
			<filename>MaterialIcons-Regular.ttf</filename>
			<size>40</size>
		</font>
		<font>
			<name>Material38</name>
			<filename>MaterialIcons-Regular.ttf</filename>
			<size>38</size>
		</font>
		<font>
			<name>Material34</name>
			<filename>MaterialIcons-Regular.ttf</filename>
			<size>34</size>
		</font>
		<font>
			<name>Material24</name>
			<filename>MaterialIcons-Regular.ttf</filename>
			<size>24</size>
		</font>
		<font>
			<name>Material22</name>
			<filename>MaterialIcons-Regular.ttf</filename>
			<size>22</size>
		</font>
		<font>
			<name>Material20</name>
			<filename>MaterialIcons-Regular.ttf</filename>
			<size>20</size>
		</font>
		<font>
			<name>Material18</name>
			<filename>MaterialIcons-Regular.ttf</filename>
			<size>18</size>
		</font>
		<font>
			<name>Material16</name>
			<filename>MaterialIcons-Regular.ttf</filename>
			<size>16</size>
		</font>

		<!-- FontAwesome -->
		<font>
			<name>FontAwesome50bold</name>
			<filename>fontawesome.ttf</filename>
			<style>bold</style>
			<size>50</size>
		</font>
		<font>
			<name>FontAwesome30</name>
			<filename>fontawesome.ttf</filename>
			<size>30</size>
		</font>
		<font>
			<name>FontAwesome30Light</name>
			<filename>fontawesome.ttf</filename>
			<style>lighten</style>
			<size>30</size>
		</font>
		<font>
			<name>FontAwesome20Light</name>
			<filename>fontawesome.ttf</filename>
			<style>lighten</style>
			<size>20</size>
		</font>
		<font>
			<name>FontAwesome16Light</name>
			<filename>fontawesome.ttf</filename>
			<style>lighten</style>
			<size>16</size>
		</font>
		<font>
			<name>FontAwesome14Light</name>
			<filename>fontawesome.ttf</filename>
			<style>lighten</style>
			<size>14</size>
		</font>
		<!-- OSD -->
		<font>
			<name>OSD40</name>
			<filename>Amazon-Regular.ttf</filename>
			<size>40</size>
		</font>
		<font>
			<name>OSD35</name>
			<filename>Amazon-Light.ttf</filename>
			<size>35</size>
		</font>
		<font>
			<name>OSD32</name>
			<filename>Amazon-Light.ttf</filename>
			<size>32</size>
		</font>
		<font>
			<name>OSD31</name>
			<filename>Amazon-Light.ttf</filename>
			<size>31</size>
		</font>
		<font>
			<name>OSD20</name>
			<filename>Amazon-Light.ttf</filename>
			<size>20</size>
		</font>
		<!-- Regular -->
		<font>
			<name>invisible</name>
			<filename>invisible1.ttf</filename>
			<linespacing>1.15</linespacing>
			<size>10</size>
		</font>
		<font>
			<name>Reg37</name>
			<filename>HelveticaNeue.ttf</filename>
			<size>37</size>
		</font>
		<font>
			<name>Reg36Spaced</name>
			<filename>HelveticaNeue.ttf</filename>
			<linespacing>1.15</linespacing>
			<size>36</size>
		</font>
		<font>
			<name>Reg36SpacedLight</name>
			<filename>HelveticaNeue.ttf</filename>
			<style>lighten</style>
			<linespacing>1.15</linespacing>
			<size>36</size>
		</font>
		<font>
			<name>Reg32</name>
			<filename>HelveticaNeue.ttf</filename>
			<size>32</size>
		</font>
		<font>
			<name>Reg30</name>
			<filename>HelveticaNeue.ttf</filename>
			<size>30</size>
		</font>
		<font>
			<name>Reg30Spaced</name>
			<filename>HelveticaNeue.ttf</filename>
			<linespacing>1.15</linespacing>
			<size>30</size>
		</font>
		<font>
			<name>Reg28</name>
			<filename>HelveticaNeue.ttf</filename>
			<size>28</size>
		</font>
		<font>
			<name>Reg27</name>
			<filename>HelveticaNeue.ttf</filename>
			<size>27</size>
		</font>
		<font>
			<name>Reg26Spaced</name>
			<filename>HelveticaNeue.ttf</filename>
			<linespacing>1.15</linespacing>
			<size>26</size>
		</font>
		<font>
			<name>Reg25</name>
			<filename>HelveticaNeue.ttf</filename>
			<size>25</size>
		</font>
		<font>
			<name>Reg24Spaced</name>
			<filename>HelveticaNeue.ttf</filename>
			<linespacing>1.15</linespacing>
			<size>24</size>
		</font>
		<font>
			<name>Reg24</name>
			<filename>HelveticaNeue.ttf</filename>
			<size>24</size>
		</font>
		<font>
			<name>Reg23</name>
			<filename>HelveticaNeue.ttf</filename>
			<size>23</size>
		</font>
		<font>
			<name>Reg22Spaced</name>
			<filename>HelveticaNeue.ttf</filename>
			<linespacing>1.5</linespacing>
			<size>22</size>
		</font>
		<font>
			<name>Reg22</name>
			<filename>HelveticaNeue.ttf</filename>
			<size>22</size>
		</font>
		<font>
			<name>Reg20</name>
			<filename>HelveticaNeue.ttf</filename>
			<size>20</size>
		</font>
		<font>
			<name>Reg18</name>
			<filename>HelveticaNeue.ttf</filename>
			<size>18</size>
		</font>
		<font>
			<name>Reg16</name>
			<filename>HelveticaNeue.ttf</filename>
			<size>16</size>
		</font>
		<font>
			<name>Reg14</name>
			<filename>HelveticaNeue.ttf</filename>
			<size>14</size>
		</font>
		<!-- Light -->
		<font>
			<name>Light148</name>
			<filename>HelveticaNeue_Lt.ttf</filename>
			<size>148</size>
		</font>
		<font>
			<name>Light144</name>
			<filename>HelveticaNeue_Lt.ttf</filename>
			<size>144</size>
		</font>
		<font>
			<name>Light80</name>
			<filename>HelveticaNeue_Lt.ttf</filename>
			<size>80</size>
		</font>
		<font>
			<name>Light60</name>
			<filename>HelveticaNeue_Lt.ttf</filename>
			<linespacing>1.06</linespacing>
			<size>60</size>
		</font>
		<font>
			<name>Light49</name>
			<filename>HelveticaNeue_Lt.ttf</filename>
			<size>49</size>
		</font>
		<font>
			<name>Light48</name>
			<filename>HelveticaNeue_Lt.ttf</filename>
			<size>48</size>
		</font>
		<font>
			<name>Light40</name>
			<filename>HelveticaNeue_Lt.ttf</filename>
			<size>40</size>
		</font>
		<font>
			<name>Light39</name>
			<filename>HelveticaNeue_Lt.ttf</filename>
			<size>39</size>
		</font>
		<font>
			<name>Light38</name>
			<filename>HelveticaNeue_Lt.ttf</filename>
			<size>38</size>
		</font>
		<font>
			<name>Light36</name>
			<filename>HelveticaNeue_Lt.ttf</filename>
			<size>36</size>
			<linespacing>1.18</linespacing>
		</font>
		<font>
			<name>Light36Spaced</name>
			<filename>HelveticaNeue_Lt.ttf</filename>
			<size>36</size>
			<linespacing>1.12</linespacing>
		</font>
		<font>
			<name>Light35</name>
			<filename>HelveticaNeue_Lt.ttf</filename>
			<size>35</size>
		</font>
		<font>
			<name>Light32</name>
			<filename>HelveticaNeue_Lt.ttf</filename>
			<size>32</size>
		</font>
		<font>
			<name>Light32Spaced</name>
			<filename>HelveticaNeue_Lt.ttf</filename>
			<size>32</size>
			<linespacing>1.12</linespacing>
		</font>
		<font>
			<name>Light31</name>
			<filename>HelveticaNeue_Lt.ttf</filename>
			<size>31</size>
		</font>
		<font>
			<name>Light30Spaced</name>
			<filename>HelveticaNeue_Lt.ttf</filename>
			<size>30</size>
			<linespacing>1.1</linespacing>
		</font>
		<font>
			<name>Light30</name>
			<filename>HelveticaNeue_Lt.ttf</filename>
			<size>30</size>
		</font>
		<font>
			<name>Light28</name>
			<filename>HelveticaNeue_Lt.ttf</filename>
			<size>28</size>
		</font>
		<font>
			<name>Light27</name>
			<filename>HelveticaNeue_Lt.ttf</filename>
			<size>27</size>
		</font>
		<font>
			<name>Light26</name>
			<filename>HelveticaNeue_Lt.ttf</filename>
			<size>26</size>
		</font>
		<font>
			<name>Light26Spaced</name>
			<filename>HelveticaNeue_Lt.ttf</filename>
			<size>26</size>
			<linespacing>1.1</linespacing>
		</font>
		<font>
			<name>Light24Spaced</name>
			<filename>HelveticaNeue_Lt.ttf</filename>
			<size>24</size>
			<linespacing>1.1</linespacing>
		</font>
		<font>
			<name>Light24</name>
			<filename>HelveticaNeue_Lt.ttf</filename>
			<size>24</size>
		</font>
		<font>
			<name>Light23</name>
			<filename>HelveticaNeue_Lt.ttf</filename>
			<size>23</size>
		</font>
		<font>
			<name>Light16</name>
			<filename>HelveticaNeue_Lt.ttf</filename>
			<size>16</size>
		</font>
		<!-- Light Menu -->
		<font>
			<name>LightMenu48</name>
			<filename>HelveticaNeue.ttf</filename>
			<style>lighten</style>
			<size>48</size>
		</font>
		<font>
			<name>LightMenu38</name>
			<filename>HelveticaNeue.ttf</filename>
			<style>lighten</style>
			<size>38</size>
		</font>
		<!-- Light Capitalised -->
		<font>
			<name>LightCap48</name>
			<filename>HelveticaNeue.ttf</filename>
			<style>lighten capitalize</style>
			<size>48</size>
		</font>
		<font>
			<name>LightCap38</name>
			<filename>HelveticaNeue.ttf</filename>
			<style>lighten capitalize</style>
			<size>38</size>
		</font>
		<font>
			<name>LightCap36</name>
			<filename>HelveticaNeue.ttf</filename>
			<style>lighten capitalize</style>
			<size>36</size>
			<linespacing>1.18</linespacing>
		</font>
		<!-- Medium -->
		<font>
			<name>Med59</name>
			<filename>HelveticaNeue_Med.ttf</filename>
			<size>59</size>
			<linespacing>1.05</linespacing>
		</font>
		<font>
			<name>Med58</name>
			<filename>HelveticaNeue_Med.ttf</filename>
			<size>58</size>
		</font>
		<font>
			<name>Med54</name>
			<filename>HelveticaNeue_Med.ttf</filename>
			<size>54</size>
		</font>
		<font>
			<name>Med48</name>
			<filename>HelveticaNeue_Med.ttf</filename>
			<size>48</size>
		</font>
		<font>
			<name>Med40</name>
			<filename>HelveticaNeue_Med.ttf</filename>
			<size>40</size>
		</font>
		<font>
			<name>Med36</name>
			<filename>HelveticaNeue_Med.ttf</filename>
			<size>36</size>
		</font>
		<font>
			<name>Med34</name>
			<filename>HelveticaNeue_Med.ttf</filename>
			<size>34</size>
		</font>
		<font>
			<name>Med32</name>
			<filename>HelveticaNeue_Med.ttf</filename>
			<size>32</size>
		</font>
		<font>
			<name>Med32Num</name>
			<filename>HelveticaNeue_Med.ttf</filename>
			<size>32</size>
		</font>
		<font>
			<name>Med30</name>
			<filename>HelveticaNeue_Med.ttf</filename>
			<size>30</size>
		</font>
		<font>
			<name>Med28</name>
			<filename>HelveticaNeue_Med.ttf</filename>
			<size>28</size>
		</font>
		<font>
			<name>Med26Spaced</name>
			<filename>HelveticaNeue_Med.ttf</filename>
			<size>26</size>
			<linespacing>1.1</linespacing>
		</font>
		<font>
			<name>Med26</name>
			<filename>HelveticaNeue_Med.ttf</filename>
			<size>26</size>
		</font>
		<font>
			<name>Med24</name>
			<filename>HelveticaNeue_Med.ttf</filename>
			<size>24</size>
		</font>
		<font>
			<name>Med24Num</name>
			<filename>HelveticaNeue_Med.ttf</filename>
			<size>24</size>
			<linespacing>1.1</linespacing>
		</font>
		<font>
			<name>Med24CR</name>
			<filename>HelveticaNeue_Med.ttf</filename>
			<size>24</size>
			<linespacing>2.2</linespacing>
		</font>
		<font>
			<name>Med23Spaced</name>
			<filename>HelveticaNeue_Med.ttf</filename>
			<size>23</size>
			<linespacing>0.96</linespacing>
		</font>
		<font>
			<name>Med23</name>
			<filename>HelveticaNeue_Med.ttf</filename>
			<size>23</size>
		</font>
		<font>
			<name>Med22</name>
			<filename>HelveticaNeue_Med.ttf</filename>
			<size>22</size>
		</font>
		<font>
			<name>Med20</name>
			<filename>HelveticaNeue_Med.ttf</filename>
			<size>20</size>
		</font>
		<font>
			<name>Med18</name>
			<filename>HelveticaNeue_Med.ttf</filename>
			<size>18</size>
		</font>
		<font>
			<name>Med17</name>
			<filename>HelveticaNeue_Med.ttf</filename>
			<size>17</size>
		</font>
		<font>
			<name>Med16</name>
			<filename>HelveticaNeue_Med.ttf</filename>
			<size>16</size>
		</font>
		<font>
			<name>Med14</name>
			<filename>HelveticaNeue_Med.ttf</filename>
			<size>14</size>
		</font>
		<!-- Med uppercase -->
		<font>
			<name>MedUpper24</name>
			<filename>HelveticaNeue_Med.ttf</filename>
			<style>uppercase</style>
			<size>24</size>
		</font>
		<!-- Bold -->
		<font>
			<name>Bold46</name>
			<filename>HelveticaNeue_Bold.ttf</filename>
			<size>46</size>
		</font>
		<font>
			<name>Bold44</name>
			<filename>HelveticaNeue_Bold.ttf</filename>
			<size>44</size>
		</font>
		<font>
			<name>Bold42</name>
			<filename>HelveticaNeue_Bold.ttf</filename>
			<size>42</size>
		</font>
		<font>
			<name>Bold38</name>
			<filename>HelveticaNeue_Bold.ttf</filename>
			<size>38</size>
		</font>
		<font>
			<name>Bold36</name>
			<filename>HelveticaNeue_Bold.ttf</filename>
			<size>36</size>
		</font>
		<font>
			<name>Bold34</name>
			<filename>HelveticaNeue_Bold.ttf</filename>
			<size>34</size>
			<linespacing>0.98</linespacing>
		</font>
		<font>
			<name>Bold32</name>
			<filename>HelveticaNeue_Bold.ttf</filename>
			<size>32</size>
		</font>
		<font>
			<name>Bold31</name>
			<filename>HelveticaNeue_Bold.ttf</filename>
			<size>31</size>
		</font>
		<font>
			<name>Bold30</name>
			<filename>HelveticaNeue_Bold.ttf</filename>
			<size>30</size>
		</font>
		<font>
			<name>Bold29</name>
			<filename>HelveticaNeue_Bold.ttf</filename>
			<size>29</size>
		</font>
		<font>
			<name>Bold28</name>
			<filename>HelveticaNeue_Bold.ttf</filename>
			<size>28</size>
		</font>
		<font>
			<name>Bold26</name>
			<filename>HelveticaNeue_Bold.ttf</filename>
			<size>26</size>
		</font>
		<font>
			<name>Bold24</name>
			<filename>HelveticaNeue_Bold.ttf</filename>
			<size>24</size>
		</font>
		<font>
			<name>Bold24Num</name>
			<filename>HelveticaNeue_Bold.ttf</filename>
			<size>24</size>
		</font>
		<font>
			<name>Bold23</name>
			<filename>HelveticaNeue_Bold.ttf</filename>
			<size>23</size>
		</font>
		<font>
			<name>Bold22</name>
			<filename>HelveticaNeue_Bold.ttf</filename>
			<size>22</size>
		</font>
		<font>
			<name>Bold20</name>
			<filename>HelveticaNeue_Bold.ttf</filename>
			<size>20</size>
		</font>
		<font>
			<name>Bold18</name>
			<filename>HelveticaNeue_Bold.ttf</filename>
			<size>18</size>
		</font>
		<font>
			<name>Bold17</name>
			<filename>HelveticaNeue_Bold.ttf</filename>
			<size>17</size>
		</font>
		<font>
			<name>Bold16</name>
			<filename>HelveticaNeue_Bold.ttf</filename>
			<size>16</size>
		</font>
		<font>
			<name>Bold14</name>
			<filename>HelveticaNeue_Bold.ttf</filename>
			<size>14</size>
		</font>
		<font>
			<name>Bold12</name>
			<filename>HelveticaNeue_Bold.ttf</filename>
			<size>12</size>
		</font>
		<!-- Required for system -->
		<font>
			<name>font14</name>
			<filename>arial.ttf</filename>
			<size>30</size>
		</font>
		<font>
			<name>font13</name>
			<filename>Arial.ttf</filename>
			<size>27</size>
		</font>
		<!-- Lyric fonts -->
		<font>
			<name>lyr1</name>
			<filename>lyrics/Theboldfont.ttf</filename>
			<linespacing>0.9</linespacing>
			<size>120</size>
		</font>
		<font>
			<name>lyr1b</name>
			<filename>lyrics/PollerOne.ttf</filename>
			<aspect>0.9</aspect>
			<size>60</size>
		</font>
		<font>
			<name>lyr2</name>
			<filename>lyrics/SF Distant Galaxy.ttf</filename>
			<style>lowercase</style>
			<linespacing>0.9</linespacing>
			<size>120</size>
		</font>
		<font>
			<name>lyr2b</name>
			<filename>lyrics/Fredoka One.ttf</filename>
			<linespacing>0.9</linespacing>
			<size>58</size>
		</font>
		<font>
			<name>lyr3</name>
			<filename>lyrics/Luckiest Guy.ttf</filename>
			<style>uppercase</style>
			<linespacing>0.9</linespacing>
			<size>125</size>
		</font>
		<font>
			<name>lyr3b</name>
			<filename>lyrics/Exo2-BlackItalic.ttf</filename>
			<linespacing>0.85</linespacing>
			<size>62</size>
		</font>
		<font>
			<name>lyr4</name>
			<filename>lyrics/Geomancy - Extra Bold.ttf</filename>
			<linespacing>0.9</linespacing>
			<size>120</size>
		</font>
		<font>
			<name>lyr4b</name>
			<filename>lyrics/Ranchers-Regular.ttf</filename>
			<aspect>1.4</aspect>
			<linespacing>0.9</linespacing>
			<size>54</size>
		</font>
		<font>
			<name>lyr5</name>
			<filename>lyrics/BOXING.ttf</filename>
			<aspect>1.3</aspect>
			<style>lowercase</style>
			<linespacing>0.9</linespacing>
			<size>104</size>
		</font>
		<font>
			<name>lyr5b</name>
			<filename>lyrics/nasalization-rg.ttf</filename>
			<style>bold</style>
			<size>54</size>
		</font>
		<font>
			<name>lyr6</name>
			<filename>lyrics/Theboldfont.ttf</filename>
			<linespacing>0.9</linespacing>
			<size>120</size>
		</font>
		<font>
			<name>lyr6b</name>
			<filename>lyrics/PollerOne.ttf</filename>
			<aspect>0.9</aspect>
			<size>60</size>
		</font>
		<font>
			<name>lyr7</name>
			<style>uppercase</style>
			<filename>lyrics/Luckiest Guy.ttf</filename>
			<size>110</size>
		</font>
		<font>
			<name>lyr7a</name>
			<style>uppercase</style>
			<filename>lyrics/Luckiest Guy.ttf</filename>
			<size>155</size>
		</font>
		<font>
			<name>lyr7b</name>
			<style>uppercase</style>
			<filename>lyrics/Luckiest Guy.ttf</filename>
			<size>205</size>
		</font>
		<font>
			<name>lyr7c</name>
			<filename>lyrics/Exo2-BlackItalic.ttf</filename>
			<linespacing>0.85</linespacing>
			<size>60</size>
		</font>
		<font>
			<name>lyr8</name>
			<filename>lyrics/SF Distant Galaxy.ttf</filename>
			<style>lowercase</style>
			<linespacing>0.9</linespacing>
			<size>120</size>
		</font>
		<font>
			<name>lyr8b</name>
			<filename>lyrics/nasalization-rg.ttf</filename>
			<style>bold</style>
			<size>54</size>
		</font>
		<font>
			<name>lyr9</name>
			<filename>lyrics/Geomancy - Extra Bold.ttf</filename>
			<linespacing>0.9</linespacing>
			<size>130</size>
		</font>
		<font>
			<name>lyr9b</name>
			<filename>lyrics/Fredoka One.ttf</filename>
			<linespacing>0.9</linespacing>
			<size>58</size>
		</font>
		<font>
			<name>lyr10</name>
			<filename>lyrics/SF Distant Galaxy.ttf</filename>
			<style>lowercase</style>
			<linespacing>0.9</linespacing>
			<size>120</size>
		</font>
		<font>
			<name>lyr10b</name>
			<filename>lyrics/Ranchers-Regular.ttf</filename>
			<aspect>1.4</aspect>
			<linespacing>0.9</linespacing>
			<size>52</size>
		</font>
		<font>
			<name>lyr11</name>
			<filename>lyrics/Theboldfont.ttf</filename>
			<linespacing>0.9</linespacing>
			<size>120</size>
		</font>
		<font>
			<name>lyr11b</name>
			<filename>lyrics/PollerOne.ttf</filename>
			<aspect>0.9</aspect>
			<size>60</size>
		</font>
		<font>
			<name>lyr12</name>
			<filename>lyrics/BOXING.ttf</filename>
			<style>lowercase</style>
			<linespacing>0.9</linespacing>
			<size>275</size>
		</font>
		<font>
			<name>lyr12b</name>
			<filename>lyrics/BOXING.ttf</filename>
			<style>lowercase</style>
			<linespacing>0.9</linespacing>
			<size>165</size>
		</font>
		<font>
			<name>lyr12c</name>
			<filename>lyrics/BOXING.ttf</filename>
			<style>lowercase</style>
			<linespacing>0.9</linespacing>
			<size>220</size>
		</font>
		<font>
			<name>lyr12d</name>
			<filename>lyrics/Fredoka One.ttf</filename>
			<linespacing>0.9</linespacing>
			<size>58</size>
		</font>
		<font>
			<name>lyr13</name>
			<filename>lyrics/SF Distant Galaxy.ttf</filename>
			<style>lowercase</style>
			<linespacing>0.9</linespacing>
			<size>120</size>
		</font>
		<font>
			<name>lyr13b</name>
			<filename>lyrics/Exo2-BlackItalic.ttf</filename>
			<linespacing>0.85</linespacing>
			<size>62</size>
		</font>	
		<font>
			<name>lyr14</name>
			<style>uppercase</style>
			<filename>lyrics/Luckiest Guy.ttf</filename>
			<size>140</size>
		</font>
		<font>
			<name>lyr14b</name>
			<filename>lyrics/Ranchers-Regular.ttf</filename>
			<aspect>1.4</aspect>
			<linespacing>0.9</linespacing>
			<size>54</size>
		</font>
		<font>
			<name>lyr15</name>
			<filename>lyrics/Geomancy - Extra Bold.ttf</filename>
			<linespacing>0.9</linespacing>
			<size>130</size>
		</font>
		<font>
			<name>lyr15b</name>
			<filename>lyrics/nasalization-rg.ttf</filename>
			<style>bold</style>
			<size>56</size>
		</font>
		<font>
			<name>lyrsh16</name>
			<filename>lyrics/PollerOne.ttf</filename>
			<aspect>0.9</aspect>
			<size>76</size>
		</font>
		<font>
			<name>lyrsh38</name>
			<filename>lyrics/Exo2-BlackItalic.ttf</filename>
			<linespacing>0.85</linespacing>
			<size>86</size>
		</font>
		<font>
			<name>lyrsh50</name>
			<filename>lyrics/nasalization-rg.ttf</filename>
			<style>bold</style>
			<size>74</size>
		</font>
		<font>
			<name>lyrsh72</name>
			<filename>lyrics/Fredoka One.ttf</filename>
			<linespacing>0.9</linespacing>
			<size>88</size>
		</font>
		<font>
			<name>lyrsh94</name>
			<filename>lyrics/Ranchers-Regular.ttf</filename>
			<aspect>1.4</aspect>
			<linespacing>0.9</linespacing>
			<size>78</size>
		</font>
	</fontset>
</fonts>