<?xml version="1.0" encoding="UTF-8"?>
<window id="1132">
	<defaultcontrol always="true">100</defaultcontrol>
	<menucontrol>6666</menucontrol>
	<backgroundcolor>background</backgroundcolor>
	<controls>
		<include condition="String.IsEqual(Window(home).Property(emby.nodes.2.type),movies)" content="EmbyHubMovieTemplate">
			<param name="nr" value="2"/>
		</include>
		<include condition="String.IsEqual(Window(home).Property(emby.nodes.2.type),tvshows)" content="EmbyHubTVShowTemplate">
			<param name="nr" value="2"/>
		</include>
	</controls>
</window>
