<?xml version="1.0" encoding="UTF-8"?>
<addon id="plugin.video.tvtoday_de" name="TV Today - Best of Mediatheken" version="1.1.2" provider-name="L0RE">
    <requires>
        <import addon="xbmc.python" version="2.1.0"/>
    </requires>
    <extension point="xbmc.python.pluginsource" library="default.py">
        <provides>video</provides>
    </extension>
    <extension point="xbmc.addon.metadata">
        <platform>all</platform>
        <summary lang="en">Best of german media libraries</summary>
        <language>de</language>
        <description lang="en">Best of german media libraries</description>
        <license>GNU GENERAL PUBLIC LICENSE. Version 2, June 1991</license>
        <source>https://github.com/AddonScriptorDE/plugin.video.tvtoday_de</source>
        <forum>http://forum.xbmc.org/showthread.php?tid=132563</forum>
        <email>AddonScriptorDE at yahoo dot de</email>
        <website>http://www.tvtoday.de/mediathek</website>
    </extension>
</addon>
