<?xml version="1.0" encoding="utf-8"?>
<window>
	<defaultcontrol always="true">100</defaultcontrol>
	<controls>
		<include>Background</include>
		<control type="group">
			<include>Window_OpenClose</include>
			<top>58</top>
			<!-- left col -->
			<control type="grouplist">
				<left>135</left>
				<centertop>50%</centertop>
				<width>800</width>
				<height max="940">auto</height>
				<orientation>vertical</orientation>
				<itemgap>20</itemgap>
				<align>center</align>
				<!-- heading -->
				<control type="group">
					<height>50</height>
					<control type="label" id="2">
						<width>100%</width>
						<height>48</height>
						<font>Reg24</font>
						<aligny>center</aligny>
						<textoffsetx>5</textoffsetx>
					</control>
					<control type="image">
						<width>100%</width>
						<top>45</top>
						<height>2</height>
						<texture colordiffuse="lightgrey">common/white.jpg</texture>
						<aspectratio>stretch</aspectratio>
					</control>
					<control type="image">
						<width>100%</width>
						<top>45</top>
						<height>2</height>
						<texture colordiffuse="emby">common/white.jpg</texture>
						<aspectratio>stretch</aspectratio>
						<include>WindowOpen_GreenBar</include>
					</control>
				</control>
				<!-- list -->
				<control type="group">
					<height>520</height>
					<control type="image">
						<height>520</height>
						<texture colordiffuse="thumb_background">common/white.jpg</texture>
						<aspectratio>stretch</aspectratio>
					</control>
					<control type="grouplist" id="100">
						<centerleft>50%</centerleft>
						<top>10</top>
						<height>400</height>
						<onup>6666</onup>
						<onleft>900</onleft>
						<onright>10</onright>
						<ondown>200</ondown>
						<pagecontrol>70</pagecontrol>
						<scrolltime>200</scrolltime>
						<control type="button" id="22">
							<include>DialogSettingsButton</include>
							<label>$LOCALIZE[467]</label>
						</control>
						<control type="button" id="12">
							<include>DialogSettingsButton</include>
							<label>$LOCALIZE[21433]</label>
						</control>
						<control type="button" id="16">
							<include>DialogSettingsButton</include>
							<label>$LOCALIZE[21424]</label>
							<include>SettingsItemCommon</include>
						</control>
						<control type="button" id="17">
							<include>DialogSettingsButton</include>
							<label>$LOCALIZE[21427]</label>
						</control>
						<control type="button" id="18">
							<include>DialogSettingsButton</include>
							<label>$LOCALIZE[21429]</label>
						</control>
						<control type="button" id="19">
							<include>DialogSettingsButton</include>
							<label>$LOCALIZE[580]</label>
						</control>
						<control type="button" id="23">
							<include>DialogSettingsButton</include>
							<label>$LOCALIZE[21458]</label>
						</control>
						<control type="radiobutton" id="24">
							<include>DialogSettingsButton</include>
							<label>$LOCALIZE[467]: $LOCALIZE[21459]</label>
						</control>
					</control>
					<control type="scrollbar" id="70">
						<right>0</right>
						<top>0</top>
						<bottom>0</bottom>
						<width>4</width>
						<orientation>vertical</orientation>
						<showonepage>false</showonepage>
						<texturesliderbackground colordiffuse="00ffffff">common/white.jpg</texturesliderbackground>
						<texturesliderbar colordiffuse="softgrey">common/white.jpg</texturesliderbar>
					</control>
				</control>
				<!-- Button -->
				<control type="grouplist" id="200">
					<bottom>0</bottom>
					<height>100</height>
					<width>100%</width>
					<orientation>horizontal</orientation>
					<itemgap>5</itemgap>
					<align>center</align>
					<onright>10</onright>
					<onleft>900</onleft>
					<control type="button" id="20">
						<include>DarkGreyButton</include>
						<label>$LOCALIZE[186]</label>
						<onup>SetFocus(100)</onup>
					</control>
					<control type="button" id="21">
						<include>DarkGreyButton</include>
						<label>$LOCALIZE[222]</label>
						<onup>SetFocus(100)</onup>
					</control>
				</control>
			</control>
			<!-- right col -->
			<control type="grouplist">
				<right>135</right>
				<centertop>50%</centertop>
				<width>800</width>
				<height max="940">auto</height>
				<orientation>vertical</orientation>
				<itemgap>20</itemgap>
				<align>center</align>
				<!-- heading -->
				<control type="group">
					<height>50</height>
					<control type="label">
						<width>100%</width>
						<height>48</height>
						<font>Reg24</font>
						<aligny>center</aligny>
						<textoffsetx>5</textoffsetx>
						<label>$LOCALIZE[31060]</label>
					</control>
					<control type="image">
						<width>100%</width>
						<top>45</top>
						<height>2</height>
						<texture colordiffuse="lightgrey">common/white.jpg</texture>
						<aspectratio>stretch</aspectratio>
					</control>
					<control type="image">
						<width>100%</width>
						<top>45</top>
						<height>2</height>
						<texture colordiffuse="emby">common/white.jpg</texture>
						<aspectratio>stretch</aspectratio>
						<include>WindowOpen_GreenBar</include>
					</control>
				</control>
				<!-- list -->
				<control type="group">
					<height>520</height>
					<control type="image">
						<height>520</height>
						<texture colordiffuse="thumb_background">common/white.jpg</texture>
						<aspectratio>stretch</aspectratio>
					</control>
					<control type="list" id="10">
						<centerleft>50%</centerleft>
						<top>10</top>
						<height>500</height>
						<onup>6666</onup>
						<onleft>100</onleft>
						<onright>noop</onright>
						<ondown>200</ondown>
						<pagecontrol>60</pagecontrol>
						<scrolltime>200</scrolltime>
						<itemlayout height="50" width="800">
							<control type="label">
								<right>20</right>
								<left>20</left>
								<height>50</height>
								<aligny>center</aligny>
								<font>Reg24</font>
								<label>$INFO[ListItem.Label]</label>
							</control>
						</itemlayout>
						<focusedlayout height="50" width="800">
							<control type="image">
								<width>100%</width>
								<height>50</height>
								<texture colordiffuse="list_hover">common/white.jpg</texture>
								<visible>Control.HasFocus(10)</visible>
							</control>
							<control type="label">
								<right>20</right>
								<left>20</left>
								<height>50</height>
								<aligny>center</aligny>
								<font>Reg24</font>
								<label>$INFO[ListItem.Label]</label>
							</control>
						</focusedlayout>
					</control>
					<control type="scrollbar" id="60">
						<right>0</right>
						<top>0</top>
						<bottom>0</bottom>
						<width>4</width>
						<orientation>vertical</orientation>
						<showonepage>false</showonepage>
						<texturesliderbackground colordiffuse="00ffffff">common/white.jpg</texturesliderbackground>
						<texturesliderbar colordiffuse="softgrey">common/white.jpg</texturesliderbar>
					</control>
				</control>
				<control type="textbox">
					<right>0</right>
					<left>0</left>
					<height>100</height>
					<font>reg22</font>
					<label>$LOCALIZE[31061]</label>
				</control>
			</control>
		</control>

		<!-- header bar -->
		<include content="HeaderBar">
			<param name="id">100</param>
			<param name="auto_hide">false</param>
		</include>
		<!-- side panel -->
		<include content="SidePanel">
			<param name="onright">100</param>
		</include>
	</controls>
</window>
