<?xml version="1.0" encoding="UTF-8" standalone="yes"?>
<addon id="plugin.video.myvideo2" name="My Video (new)" version="0.5.6" provider-name="L0RE">
    <requires>
        <import addon="xbmc.python" version="2.1.0"/>
    </requires>
    <extension point="xbmc.python.pluginsource" library="default.py">
        <provides>video</provides>
    </extension>
  <extension point="xbmc.addon.metadata">
    <summary lang="en">Versuch die Mediathek von Myvideo in Kodi abzublden</summary>
    <summary lang="de">The Videos from myvideo broght to Kodi</summary>
    <description lang="en">Zeigt Videos von Myvideo an dazu gehören (TV Serien, B Movies, WWE, Onlineshows, Fußball, Auto,.....</description>
    <description lang="de">All Videos from the Webpage myvideo.de including TV Shows,Movies, WWe,OnlineShows , Soccer, Cars,erotic,.....</description>
    <website>www.myvideo.de</website>
    <source>https://github.com/kodinerds/repo/tree/master/addons/plugin.video.myvideo2</source>
    <forum>http://www.kodinerds.net/index.php/Thread/50716-WIP-Myvideo/</forum>
    <email>andreas at vogler dot name</email>
    <platform>all</platform>
  </extension>
</addon>
