<?xml version="1.0" encoding="UTF-8" standalone="yes"?>
<addon id="plugin.video.helloworld" name="Helo World" version="0.0.6" provider-name="L0RE">
    <extension point="xbmc.python.pluginsource" library="default.py">
        <provides>video</provides>
    </extension>
  <extension point="xbmc.addon.metadata">
    <summary lang="en">Test Plugin von L0RE</summary>
    <summary lang="de">Test Plugin von L0RE</summary>
    <description lang="en">Test Plugin von L0RE</description>
    <description lang="de">Test Plugin von L0RE</description>
    <website></website>
    <email>andreas at vogler dot name</email>
    <platform>all</platform>
  </extension>
</addon>
