<?xml version="1.0" encoding="UTF-8"?>
<window id="147">
    <defaultcontrol>61</defaultcontrol>
    <include>openclose</include>
    <controls>
        <include>DialogBackgroundSimple</include>
        <control type="group">
            <visible>!Window.IsVisible(FileBrowser)</visible>
            <include>openclosebox</include>
            <include content="DialogInfoBackgroundParam">
                <param name="DialogBackgroundLeft" value="240" />
                <param name="DialogBackgroundTop" value="90" />
                <param name="DialogBackgroundWidth" value="1448" />
                <param name="DialogBackgroundHeight" value="908" />
                <param name="DialogSeparatorTop" value="165" />
                <param name="DialogSeparatorBottom" value="998" />
                <param name="DialogShadowTop" value="1000" />
                <param name="DialogHeaderLabel" value="" />
                <param name="DialogHeaderTop" value="105" />
                <param name="DialogHeaderId" value="1" />
            </include>
            <control type="group">
                <left>240</left>
                <top>82</top>
                <control type="textbox" id="5">
                    <description>textarea</description>
                    <left>15</left>
                    <top>108</top>
                    <width>1383</width>
                    <height>774</height>
                    <align>justify</align>
                </control>
                <control type="scrollbar" id="61">
                    <left>1410</left>
                    <top>90</top>
                    <height>774</height>
                    <onleft>Close</onleft>
                    <onright>Close</onright>
                    <ondown>61</ondown>
                    <onup>61</onup>
                </control>
            </control>
        </control>
    </controls>
</window>
