<?xml version="1.0" encoding="UTF-8" standalone="yes"?>
<addon id="plugin.video.filmstarts" name="Filmstarts (WORK IN PROGRESS)" version="0.4" provider-name="L0RE">
    <requires>
        <import addon="xbmc.python" version="2.1.0"/>
    </requires>
    <extension point="xbmc.python.pluginsource" library="default.py">
        <provides>video</provides>
    </extension>
  <extension point="xbmc.addon.metadata">
    <summary lang="de">Film und Serien Informationen von http://www.filmstarts.de/</summary>
    <summary lang="en">Film an Series Information from http://www.filmstarts.de/</summary>
    <description lang="en">Film an Series Information from http://www.filmstarts.de/</description>
    <description lang="de">Film und Serien Informationen von http://www.filmstarts.de/</description>
    <website></website>
    <license>GNU GENERAL PUBLIC LICENSE. Version 2, June 1991</license>
    <source>https://github.com/kodinerds/repo/tree/master/addons/plugin.video.br3</source>
    <forum>http://www.kodinerds.net/index.php/Thread/46598-Bayrisches-Fernsehen/</forum>
    <email>andreas at vogler dot name</email>
    <platform>all</platform>
  </extension>
</addon>
