<?xml version="1.0" encoding="UTF-8"?>
<addon id="plugin.video.putpat" name="Putpat.tv" version="0.8" provider-name="Johannes">
    <requires>
        <import addon="xbmc.python" version="2.1.0"/>
    </requires>
    <extension point="xbmc.python.pluginsource" library="default.py">
        <provides>video</provides>
    </extension>
    <extension point="xbmc.addon.metadata">
        <platform>all</platform>
        <summary lang="de">Putpat.tv Musikvideos</summary>
        <summary lang="en">Putpat.tv music videos</summary>
        <description lang="de">Dieses Plugin spielt Musikvideos von putpat.tv ab.</description>
        <description lang="en">This plugin plays music videos from putpat.tv.</description>
    </extension>
</addon>
