<?xml version="1.0" encoding="UTF-8"?>
<window id="603">
    <defaultcontrol>29</defaultcontrol>
    <include>openclose</include>
    <controls>
        <include>DialogBackgroundSimple</include>
        <control type="group">
            <include>openclosebox</include>
            <left>255</left>
            <top>68</top>
            <include content="DialogInfoBackgroundParam">
                <param name="DialogBackgroundLeft" value="0" />
                <param name="DialogBackgroundTop" value="70" />
                <param name="DialogBackgroundWidth" value="1410" />
                <param name="DialogBackgroundHeight" value="816" />
                <param name="DialogSeparatorTop" value="128" />
                <param name="DialogSeparatorBottom" value="886" />
                <param name="DialogShadowTop" value="888" />
                <param name="DialogHeaderLabel" value="19065" />
                <param name="DialogHeaderTop" value="75" />
                <param name="DialogHeaderId" value="0" />
            </include>
            <control type="image">
                <left>0</left>
                <top>825</top>
                <width>1410</width>
                <height>60</height>
                <colordiffuse>$VAR[BackgroundOverlayColorDialog]</colordiffuse>
                <texture>WhiteBack.png</texture>
            </control>
            <control type="group">
                <left>150</left>
                <top>0</top>
                <control type="group">
                    <top>22</top>
                    <control type="image">
                        <left>3</left>
                        <top>141</top>
                        <width>1088</width>
                        <height>622</height>
                        <colordiffuse>menudiffuse</colordiffuse>
                        <texture background="true" border="5">BlackBack.png</texture>
                    </control>
                    <control type="image">
                        <description>Default Seperator</description>
                        <left>0</left>
                        <top>135</top>
                        <width>1095</width>
                        <height>630</height>
                        <texture background="true" border="15">osd/ProgressBack.png</texture>
                    </control>
                </control>
                <control type="grouplist" id="5">
                    <description>control area</description>
                    <left>45</left>
                    <top>180</top>
                    <width>1005</width>
                    <height>600</height>
                    <itemgap>8</itemgap>
                    <onup>9000</onup>
                    <ondown>9000</ondown>
                    <onleft>9000</onleft>
                    <onright>9000</onright>
                </control>
                <control type="grouplist" id="9000">
                    <left>0</left>
                    <top>832</top>
					<width>1080</width>
					<align>center</align>
					<orientation>horizontal</orientation>
                    <control type="button" id="28">
                        <description>OK Button</description>
                        <left>0</left>
                        <top>0</top>
                        <width>300</width>
                        <align>center</align>
                        <aligny>center</aligny>
                        <font>impacted21</font>
                        <texturenofocus>-</texturenofocus>
                        <label>186</label>
                        <onleft>29</onleft>
                        <onright>29</onright>
                        <onup>5</onup>
                        <ondown>5</ondown>
                    </control>
                    <control type="button" id="29">
                        <description>Cancel Button</description>
                        <left>315</left>
                        <top>0</top>
                        <width>300</width>
                        <align>center</align>
                        <aligny>center</aligny>
                        <font>impacted21</font>
                        <texturenofocus>-</texturenofocus>
                        <label>222</label>
                        <onleft>28</onleft>
                        <onright>28</onright>
                        <onup>5</onup>
                        <ondown>5</ondown>
                    </control>
                    <control type="button" id="30">
                        <description>Cancel Button</description>
                        <left>315</left>
                        <top>0</top>
                        <width>300</width>
                        <align>center</align>
                        <aligny>center</aligny>
                        <font>impacted21</font>
                        <texturenofocus>-</texturenofocus>
                        <label>222</label>
                        <onleft>28</onleft>
                        <onright>28</onright>
                        <onup>5</onup>
                        <ondown>5</ondown>
                    </control>
                </control>
                <control type="button" id="7">
                    <description>Default Button</description>
                    <align>left</align>
                    <textcolor>white</textcolor>
                    <focusedcolor>black</focusedcolor>
                </control>
                <control type="radiobutton" id="8">
                    <description>Default RadioButton</description>
                    <align>left</align>
                    <textcolor>white</textcolor>
                    <focusedcolor>black</focusedcolor>
                </control>
                <control type="spincontrolex" id="9">
                    <description>Default spincontrolex</description>
                    <align>left</align>
                    <textcolor>white</textcolor>
                    <focusedcolor>black</focusedcolor>
                    <reverse>yes</reverse>
                </control>
				<control type="image" id="11">
					<description>separator image</description>
					<height>3</height>
					<texture border="1">White.png</texture>
				</control>
                <control type="edit" id="12">
                    <description>Default Edit</description>
                    <align>left</align>
                    <textoffsetx>15</textoffsetx>
                    <textcolor>white</textcolor>
                    <focusedcolor>black</focusedcolor>
                </control>
                <control type="sliderex" id="13">
                    <description>Default Slider</description>
                    <align>left</align>
                    <textcolor>white</textcolor>
                    <focusedcolor>black</focusedcolor>
                </control>
				<control type="label" id="14">
					<description>Default Label</description>
                    <align>left</align>
                    <textcolor>white</textcolor>
                    <focusedcolor>black</focusedcolor>
				</control>
            </control>
        </control>
    </controls>
</window>