<?xml version="1.0" encoding="UTF-8"?>
<includes>
    <include name="Viewtype_Episode">
        <control type="group">
            <visible>Control.IsVisible(515)+!Control.HasFocus(666)</visible>
            <control type="button" id="444">
                <enable>false</enable>
                <include>HiddenButton</include>
                <visible>Control.IsVisible(515)+!Control.HasFocus(666)+Window.IsVisible(videos)</visible>
            </control>
            <control type="group">
                <visible>Control.IsVisible(515)+!Control.HasFocus(666)</visible>
                <include>openclosemediumnodelay</include>
                <include>BlackGrunge</include>
                <control type="image">
                    <left>-300</left>
                    <top>-15</top>
                    <width>2220</width>
                    <height>1095</height>
                    <texture flipx="true">SideFade.png</texture>
                </control>
            </control>
            <control type="group">
                <include>opencloseslideleft</include>
                <visible>Control.IsVisible(515)+!Control.HasFocus(666)</visible>
                <control type="fixedlist" id="515">
                    <viewtype label="20359">list</viewtype>
                    <left>105</left>
                    <top>105</top>
                    <width>2100</width>
                    <height>873</height>
                    <scrolltime tween="circle" easing="out">400</scrolltime>
                    <orientation>vertical</orientation>
                    <movement>2</movement>
                    <focusposition>1</focusposition>
                    <onup>515</onup>
                    <ondown>515</ondown>
                    <onleft condition="Control.IsVisible(2000)">2000</onleft>
                    <onleft condition="!Control.IsVisible(2000)">9000</onleft>
                    <onright condition="Control.IsVisible(60)">60</onright>
                    <onright condition="Control.IsVisible(15000)">15000</onright>
                    <onright condition="!Control.IsVisible(15000)">732</onright>
                    <preloaditems>2</preloaditems>
                    <pagecontrol>60</pagecontrol>
                    <animation effect="slide" end="-30,0" time="300" tween="cubic" easing="inout" condition="Control.HasFocus(60)">Conditional</animation>
                    <animation effect="slide" end="-60,0" time="150" tween="cubic" easing="inout" condition="Container.Content(episodes)">Conditional</animation>
                    <animation effect="slide" end="-68" time="150" tween="cubic" easing="inout" condition="Container.Content(songs)">Conditional</animation>
                    <visible>Window.IsVisible(videos)|Container.Content(artists)|Container.Content(Albums)|Container.Content(songs)</visible>
                    <visible>!Container.Content(files)+!Container.Content(Addons)</visible>
                    <include condition="Window.IsActive(music)">EpisodeViewtypeMusicLayouts</include>
                    <include condition="!Window.IsActive(music)">EpisodeViewtypeVideoLayouts</include>
                </control>
                <control type="scrollbar" id="60">
                    <animation effect="slide" end="-30,0" time="300">Focus</animation>
                    <left>1920</left>
                    <top>98</top>
                    <height>870</height>
                    <orientation>vertical</orientation>
                    <onleft>515</onleft>
                    <onright condition="Control.IsVisible(15000)">15000</onright>
                    <onright condition="!Control.IsVisible(15000)">732</onright>
                    <showonepage>false</showonepage>
                </control>
            </control>
            <control type="group">
                <include>opencloseslideright</include>
                <visible>Control.IsVisible(515)+!Control.HasFocus(666)</visible>
                <control type="image">
                    <animation effect="slide" start="0" end="225" time="200" condition="Skin.HasSetting(extendedinfo_music)+!String.IsEmpty(Window(home).Property(Artist.Album.4.Thumb))">Conditional</animation>
                    <include>opencloseslideright</include>
                    <left>30</left>
                    <top>668</top>
                    <width>375</width>
                    <height>300</height>
                    <aspectratio align="left" aligny="bottom">keep</aspectratio>
                    <texture diffuse="masks/flagging_mask.png">$INFO[Skin.String(Music_Folder_Path)]$INFO[ListItem.Artist,,/logo.png]</texture>
                    <fadetime>FadeTime</fadetime>
                    <visible>Skin.HasSetting(music_art)</visible>
                    <visible>Window.IsActive(music)</visible>
                </control>
                <control type="group">
                    <!-- Case -->
                    <visible>Window.IsActive(videos)</visible>
                    <visible>!Skin.HasSetting(Episode_HideCover)</visible>
                    <visible>!ListItem.IsParentFolder</visible>
                    <visible>!ListItem.IsCollection</visible>
                    <include>opencloseslideright</include>
                    <control type="group" id="5">
                        <left>0</left>
                        <top>502</top>
                        <control type="group">
                            <left>30</left>
                            <top>3</top>
                            <visible>!Skin.HasSetting(hideMovieCases)</visible>
                            <include>opencloseslideright</include>
                            <control type="image">
                                <description>case by resolution</description>
                                <left>38</left>
                                <top>4</top>
                                <width>322</width>
                                <height>459</height>
                                <fadetime>FadeTime</fadetime>
                                <texture diffuse="clear-cases/clearcase_inlay.png" fallback="FallbackCover.png">$INFO[ListItem.Icon]</texture>
                                <aspectratio>stretch</aspectratio>
                                <visible>!Container.Content(Episodes)|String.IsEmpty(ListItem.Art(tvshow.poster))</visible>
                            </control>
                            <control type="image">
                                <description>case by resolution</description>
                                <left>38</left>
                                <top>4</top>
                                <width>322</width>
                                <height>459</height>
                                <fadetime>FadeTime</fadetime>
                                <texture diffuse="clear-cases/clearcase_inlay.png" fallback="FallbackCover.png">$INFO[ListItem.Art(tvshow.poster)]</texture>
                                <aspectratio>stretch</aspectratio>
                                <visible>Container.Content(Episodes)+!String.IsEmpty(ListItem.FileExtension)</visible>
                            </control>
                            <control type="image">
                                <description>case by resolution</description>
                                <left>0</left>
                                <top>0</top>
                                <width>363</width>
                                <height>468</height>
                                <fadetime>FadeTime</fadetime>
                                <texture fallback="clear-cases/fallback.png">$VAR[clearcase]</texture>
                            </control>
                        </control>
                        <control type="group">
                            <visible>Skin.HasSetting(hideMovieCases)</visible>
                            <include>opencloseslideright</include>
                            <control type="image" id="5">
                                <description>Movie cover image</description>
                                <left>34</left>
                                <top>0</top>
                                <width>342</width>
                                <height>468</height>
                                <fadetime>FadeTime</fadetime>
                                <texture fallback="FallbackCover.png">$INFO[ListItem.Icon]</texture>
                                <aspectratio>stretch</aspectratio>
                                <bordertexture border="5">buttons/ButtonNF.png</bordertexture>
                                <bordersize>4</bordersize>
                                <visible>!Container.Content(Episodes)|String.IsEmpty(ListItem.Art(tvshow.poster))</visible>
                            </control>
                            <control type="image" id="6">
                                <description>Movie cover image</description>
                                <left>34</left>
                                <top>0</top>
                                <width>342</width>
                                <height>468</height>
                                <fadetime>FadeTime</fadetime>
                                <texture>$INFO[ListItem.Art(tvshow.poster)]</texture>
                                <aspectratio>stretch</aspectratio>
                                <bordertexture border="5">buttons/ButtonNF.png</bordertexture>
                                <bordersize>4</bordersize>
                                <visible>Container.Content(Episodes)</visible>
                            </control>
                        </control>
                    </control>
                </control>
            </control>
            <control type="group">
                <visible>Control.IsVisible(515)+!Control.HasFocus(666)</visible>
                <visible>!ListItem.IsParentFolder</visible>
                <include>opencloseslideup</include>
                <control type="group">
                    <left>1110</left>
                    <top>82</top>
                    <control type="image">
                        <!-- <visible>Skin.HasSetting(fsk_original)|Skin.HasSetting(fsk_dual)</visible> -->
                        <left>60</left>
                        <top>922</top>
                        <width>225</width>
                        <height>60</height>
                        <aspectratio align="right" aligny="bottom">keep</aspectratio>
                        <texture>$VAR[Furniture_VideoRating]</texture>
                    </control>
                </control>
            </control>
            <control type="group">
                <!-- Set Information -->
                <visible>Control.IsVisible(515)+!Control.HasFocus(666)</visible>
                <control type="grouplist">
                    <left>30</left>
                    <top>856</top>
                    <width>1860</width>
                    <height>135</height>
                    <itemgap>8</itemgap>
                    <visible>ListItem.IsCollection</visible>
                    <include>openclosevisible</include>
                    <control type="group">
                        <left>30</left>
                        <top>90</top>
                        <include>MovieSetInformationCover</include>
                        <visible>ListItem.IsCollection</visible>
                        <include>openclosevisible</include>
                    </control>
                </control>
                <control type="label">
                    <left>0</left>
                    <top>990</top>
                    <width>1920</width>
                    <height>75</height>
                    <align>center</align>
                    <textcolor>grey1</textcolor>
                    <font>impacted21</font>
                    <label>$LOCALIZE[20161]$INFO[Container(2000).NumItems,: [COLOR=white],[/COLOR]]</label>
                    <visible>ListItem.IsCollection</visible>
                    <include>openclosevisible</include>
                </control>
            </control>
            <control type="group">
                <!-- extended info -->
                <visible>Control.IsVisible(515)+!Control.HasFocus(666)</visible>
                <include>opencloseslideright</include>
                <visible>!ListItem.IsParentFolder</visible>
                <include>MusicExtendedInfoStripe_vertical</include>
            </control>
            <control type="image">
                <description>Separator</description>
                <visible>Control.IsVisible(515)+!Control.HasFocus(666)</visible>
                <include>opencloseslideup</include>
                <left>30</left>
                <top>990</top>
                <width>1860</width>
                <height>3</height>
                <colordiffuse>fanartdiffuse</colordiffuse>
                <texture border="1">Separator1.png</texture>
            </control>
            <control type="group">
                <visible>Control.IsVisible(515)+!Control.HasFocus(666)</visible>
                <include>CommonPageCount</include>
            </control>
            <control type="group">
                <include>opencloseslideup</include>
                <visible>!ListItem.IsParentFolder</visible>
                <visible>Control.IsVisible(515)+!Control.HasFocus(666)</visible>
                <left>20</left>
                <top>982</top>
                <control type="grouplist">
                    <left>10</left>
                    <top>30</top>
                    <width>1290</width>
                    <height>42</height>
                    <itemgap>12</itemgap>
                    <align>left</align>
                    <scrolltime tween="sine" easing="out">200</scrolltime>
                    <orientation>horizontal</orientation>
                    <include condition="Window.IsActive(videos)">FlagVideo</include>
                    <include condition="Window.IsActive(videos)">FlagVideoAudioStream1</include>
                    <include condition="Window.IsActive(videos)">FlagVideoAudioStream2</include>
                    <!-- <include condition="Window.IsActive(videos)">FlagVideoSubtitles</include> -->
                    <include condition="Window.IsActive(music)">FlagMusic</include>
                </control>
            </control>
            <control type="group">
                <visible>Control.IsVisible(515)+!Control.HasFocus(666)</visible>
                <include condition="!Skin.HasSetting(HideJumpSMSBar)">AlphaBarV</include>
            </control>
        </control>
    </include>
    <include name="EpisodeViewtypeMusicLayouts">
        <itemlayout width="2100" height="75">
            <control type="group">
                <left>68</left>
                <top>0</top>
                <visible>!ListItem.IsParentFolder</visible>
                <control type="label">
                    <left>1770</left>
                    <width>60</width>
                    <height>45</height>
                    <align>center</align>
                    <label>$INFO[ListItem.TrackNumber]</label>
                    <aligny>bottom</aligny>
                    <visible>Container.Content(songs)</visible>
                </control>
                <control type="label">
                    <left>675</left>
                    <width>1035</width>
                    <height>45</height>
                    <align>right</align>
                    <aligny>bottom</aligny>
                    <label>$VAR[OriginalTitle]</label>
                </control>
                <control type="label">
                    <left>675</left>
                    <top>38</top>
                    <width>1035</width>
                    <height>68</height>
                    <align>right</align>
                    <aligny>bottom</aligny>
                    <label>$VAR[InfoWallBottomLabel1Var]$INFO[ListItem.Rating, • ]</label>
                    <font>font16</font>
                    <textcolor>grey</textcolor>
                </control>
            </control>
        </itemlayout>
        <focusedlayout width="2100" height="315">
            <control type="group">
                <left>68</left>
                <top>0</top>
                <control type="image">
                    <left>1425</left>
                    <width>300</width>
                    <height>300</height>
                    <texture diffuse="masks/mask.png" fallback="FallbackCover.png">$INFO[ListItem.Icon]</texture>
                    <bordertexture border="8">ThumbShadowWhite.png</bordertexture>
                    <bordersize>7</bordersize>
                    <aspectratio>scale</aspectratio>
                    <fadetime>FadeTime</fadetime>
                </control>
                <control type="label">
                    <left>1770</left>
                    <top>135</top>
                    <width>60</width>
                    <height>45</height>
                    <align>center</align>
                    <label>$INFO[ListItem.TrackNumber]</label>
                    <aligny>bottom</aligny>
                    <visible>Container.Content(songs)</visible>
                </control>
                <control type="group">
                    <animation type="Conditional" reversible="false" condition="Control.HasFocus(515) + [!Container(515).OnNext + !Container(515).OnPrevious]">
                        <effect type="fade" end="100" time="200" />
                    </animation>
                    <left>165</left>
                    <top>15</top>
                    <visible>!ListItem.IsParentFolder</visible>
                    <control type="label">
                        <left>0</left>
                        <top>0</top>
                        <width>1238</width>
                        <align>right</align>
                        <aligny>bottom</aligny>
                        <scrollspeed>40</scrollspeed>
                        <textcolor>focused</textcolor>
                        <label>$INFO[ListItem.Label]</label>
                        <font>ubuntu-r26b</font>
                        <visible>!Container.Content(songs)</visible>
                    </control>
                    <control type="label">
                        <left>0</left>
                        <top>0</top>
                        <width>1238</width>
                        <align>right</align>
                        <aligny>bottom</aligny>
                        <scrollspeed>40</scrollspeed>
                        <textcolor>focused</textcolor>
                        <label>$INFO[ListItem.Title]</label>
                        <font>ubuntu-r26b</font>
                        <visible>Container.Content(songs)</visible>
                    </control>
                    <control type="label">
                        <left>0</left>
                        <top>52</top>
                        <width>1238</width>
                        <height>135</height>
                        <align>right</align>
                        <aligny>bottom</aligny>
                        <label>$VAR[InfoWallBottomLabel1Var]$INFO[ListItem.Genre, • ]</label>
                        <font>ubuntu-r16b</font>
                        <textcolor>grey</textcolor>
                    </control>
                    <control type="textbox">
                        <left>0</left>
                        <top>98</top>
                        <width>1238</width>
                        <height>165</height>
                        <align>right</align>
                        <include condition="!Skin.HasSetting(BigPlotText)">PlotText16Var</include>
                        <include condition="Skin.HasSetting(BigPlotText)">PlotTextBigVar</include>
                        <label>$VAR[InfoWallTextboxVar]</label>
                    </control>
                </control>
            </control>
        </focusedlayout>
    </include>
    <include name="EpisodeViewtypeVideoLayouts">
        <itemlayout width="1050" height="90" condition="![Skin.HasSetting(episodebanner)|Skin.HasSetting(episodelogo)]|Container.Content(episodes)">
            <control type="group">
                <top>8</top>
                <control type="label">
                    <left>675</left>
                    <width>1035</width>
                    <height>68</height>
                    <align>right</align>
                    <aligny>bottom</aligny>
                    <label>$VAR[OriginalTitle]</label>
                </control>
                <control type="label">
                    <left>675</left>
                    <top>38</top>
                    <width>1035</width>
                    <height>68</height>
                    <aligny>bottom</aligny>
                    <align>right</align>
                    <label>$VAR[EpisodeSubTitleVar]</label>
                    <font>font16</font>
                    <textcolor>grey</textcolor>
                </control>
                <control type="group">
                    <animation effect="slide" end="-69" condition="!Container.Content(episodes)">Conditional</animation>
                    <control type="image">
                        <left>1816</left>
                        <top>10</top>
                        <width>45</width>
                        <height>45</height>
                        <texture>$INFO[ListItem.Overlay]</texture>
                        <visible>!ListItem.IsResumable</visible>
                    </control>
                    <control type="image">
                        <left>1816</left>
                        <top>10</top>
                        <width>45</width>
                        <height>45</height>
                        <texture>OverlayWatching.png</texture>
                        <visible>ListItem.IsResumable</visible>
                    </control>
                </control>
                <control type="label">
                    <left>1704</left>
                    <top>0</top>
                    <width>120</width>
                    <height>68</height>
                    <align>center</align>
                    <font>ubuntu-r26b</font>
                    <label>$INFO[ListItem.Episode]</label>
                    <textcolor>white</textcolor>
                    <visible>Container.Content(episodes)</visible>
                </control>
            </control>
        </itemlayout>
        <itemlayout width="1050" height="117" condition="Skin.HasSetting(episodebanner)+!Container.Content(episodes)">
            <control type="group">
                <top>-8</top>
                <control type="image">
                    <left>1086</left>
                    <top>0</top>
                    <width>638</width>
                    <height>135</height>
                    <aspectratio align="right">stretch</aspectratio>
                    <colordiffuse>grey1</colordiffuse>
                    <texture fallback="FallbackBanner2.png">$VAR[BannerThumb]</texture>
                    <bordertexture border="8">ThumbShadow.png</bordertexture>
                    <visible>!ListItem.IsParentFolder</visible>
                    <bordersize>7</bordersize>
                    <visible>!ListItem.IsParentFolder</visible>
                    <visible>![String.IsEmpty(ListItem.VideoCodec)+!ListItem.IsParentFolder+ListItem.IsCollection]</visible>
                    <visible>[Container.Content(tvshows)|Container.Content(seasons)|Container.Content(episodes)]+Skin.HasSetting(tvshow_art)
					|![Container.Content(tvshows)|Container.Content(seasons)|Container.Content(episodes)]+Skin.HasSetting(video_art)</visible>
                </control>
                <control type="image">
                    <left>1086</left>
                    <top>0</top>
                    <width>638</width>
                    <height>135</height>
                    <aspectratio align="right">stretch</aspectratio>
                    <colordiffuse>orange</colordiffuse>
                    <texture>SetBanner.png</texture>
                    <visible>String.IsEmpty(ListItem.Art(banner))</visible>
                    <visible>[String.IsEmpty(ListItem.VideoCodec)+!ListItem.IsParentFolder+ListItem.IsCollection]</visible>
                    <visible>[Container.Content(tvshows)|Container.Content(seasons)|Container.Content(episodes)]+Skin.HasSetting(tvshow_art)
					|![Container.Content(tvshows)|Container.Content(seasons)|Container.Content(episodes)]+Skin.HasSetting(video_art)</visible>
                    <bordertexture border="8">ThumbShadow.png</bordertexture>
                    <bordersize>7</bordersize>
                </control>
                <control type="label">
                    <left>1102</left>
                    <top>45</top>
                    <width>600</width>
                    <height>45</height>
                    <align>right</align>
                    <font>ubuntu-r21b</font>
                    <shadowcolor>black</shadowcolor>
                    <label>$VAR[OriginalTitle]</label>
                    <visible>String.IsEmpty(ListItem.Art(banner))|[Container.Content(TVShows)+String.IsEmpty(ListItem.Art(tvshow.banner))]</visible>
                </control>
                <control type="image">
                    <left>1740</left>
                    <top>45</top>
                    <width>45</width>
                    <height>45</height>
                    <texture>$INFO[ListItem.Overlay]</texture>
                    <visible>!ListItem.IsResumable</visible>
                </control>
                <control type="image">
                    <left>1740</left>
                    <top>45</top>
                    <width>45</width>
                    <height>45</height>
                    <texture>OverlayWatching.png</texture>
                    <visible>ListItem.IsResumable</visible>
                </control>
            </control>
        </itemlayout>
        <itemlayout width="1050" height="180" condition="Skin.HasSetting(episodelogo)+!Container.Content(episodes)">
            <control type="image">
                <left>1206</left>
                <top>8</top>
                <width>519</width>
                <height>165</height>
                <aspectratio align="right">keep</aspectratio>
                <fadetime>FadeTime</fadetime>
                <texture>$INFO[ListItem.Art(clearlogo)]</texture>
            </control>
            <control type="label">
                <left>675</left>
                <top>45</top>
                <width>1035</width>
                <height>45</height>
                <align>right</align>
                <font>ubuntu-r26b</font>
                <label>$VAR[OriginalTitle]</label>
                <visible>String.IsEmpty(ListItem.Art(clearlogo))</visible>
            </control>
            <control type="image">
                <left>1740</left>
                <top>45</top>
                <width>45</width>
                <height>45</height>
                <texture>$INFO[ListItem.Overlay]</texture>
                <visible>!ListItem.IsResumable</visible>
            </control>
            <control type="image">
                <left>1740</left>
                <top>45</top>
                <width>45</width>
                <height>45</height>
                <texture>OverlayWatching.png</texture>
                <visible>ListItem.IsResumable</visible>
            </control>
        </itemlayout>
        <focusedlayout width="1050" height="330" condition="!Container.Content(episodes)">
            <control type="group">
                <top>12</top>
                <animation effect="fade" end="100" time="400">Focus</animation>
                <control type="group">
                    <left>1500</left>
                    <top>0</top>
                    <control type="image">
                        <left>0</left>
                        <top>0</top>
                        <width>225</width>
                        <height>309</height>
                        <texture fallback="FallbackCover.png">$VAR[PosterThumb]</texture>
                        <bordertexture border="10">ThumbShadowWhite.png</bordertexture>
                        <bordersize>8</bordersize>
                        <aspectratio>stretch</aspectratio>
                        <fadetime>800</fadetime>
                    </control>
                    <control type="group">
                        <left>12</left>
                        <top>12</top>
                        <include>Amazon_Flagg_Small_Focus</include>
                    </control>
                    <control type="group">
                        <left>165</left>
                        <top>252</top>
                        <include>UnwatchedIcon</include>
                    </control>
                    <control type="image">
                        <left>240</left>
                        <top>128</top>
                        <width>45</width>
                        <height>45</height>
                        <texture>$INFO[ListItem.Overlay]</texture>
                        <visible>!ListItem.IsResumable</visible>
                    </control>
                    <control type="image">
                        <left>240</left>
                        <top>128</top>
                        <width>45</width>
                        <height>45</height>
                        <texture>OverlayWatching.png</texture>
                        <visible>ListItem.IsResumable</visible>
                    </control>
                </control>
                <control type="group">
                    <left>405</left>
                    <top>0</top>
                    <control type="label">
                        <left>0</left>
                        <top>8</top>
                        <align>right</align>
                        <width>1080</width>
                        <font>ubuntu-r26b</font>
                        <scrollspeed>40</scrollspeed>
                        <label>$VAR[OriginalTitle]</label>
                        <visible>!ListItem.IsParentFolder</visible>
                    </control>
                    <control type="label">
                        <left>0</left>
                        <top>60</top>
                        <width>900</width>
                        <align>right</align>
                        <label>$VAR[EpisodeSubTitleVar]$INFO[ListItem.Votes, • $LOCALIZE[205] ,]</label>
                        <font>ubuntu-r16b</font>
                        <aligny>top</aligny>
                        <textcolor>grey</textcolor>
                        <visible>!String.IsEmpty(ListItem.Title)</visible>
                    </control>
                    <control type="image">
                        <description>Rated</description>
                        <left>900</left>
                        <top>60</top>
                        <width>180</width>
                        <height>30</height>
                        <fadetime>FadeTime</fadetime>
                        <texture>$INFO[ListItem.Rating,leftratingvideo/,.png]</texture>
                    </control>
                    <control type="textbox">
                        <left>0</left>
                        <top>98</top>
                        <width>1080</width>
                        <height>198</height>
                        <align>right</align>
                        <info>ListItem.Plot</info>
                        <font>ubuntu-r16b</font>
                    </control>
                </control>
            </control>
        </focusedlayout>
        <focusedlayout width="1050" height="330" condition="Container.Content(episodes)">
            <control type="image">
                <left>1206</left>
                <top>0</top>
                <width>519</width>
                <height>309</height>
                <texture>$INFO[ListItem.Icon]</texture>
                <bordertexture border="10">ThumbShadowWhite.png</bordertexture>
                <bordersize>8</bordersize>
                <aspectratio>stretch</aspectratio>
                <fadetime>FadeTime</fadetime>
                <visible>!ListItem.IsParentFolder</visible>
            </control>
            <control type="image">
                <left>1206</left>
                <top>0</top>
                <width>519</width>
                <height>309</height>
                <texture>$INFO[ListItem.Icon]</texture>
                <aspectratio align="right" scalediffuse="false">keep</aspectratio>
                <fadetime>FadeTime</fadetime>
                <visible>ListItem.IsParentFolder</visible>
            </control>
            <control type="image">
                <left>1816</left>
                <top>130</top>
                <width>45</width>
                <height>45</height>
                <texture>$INFO[ListItem.Overlay]</texture>
                <visible>!ListItem.IsResumable</visible>
            </control>
            <control type="image">
                <left>1816</left>
                <top>130</top>
                <width>45</width>
                <height>45</height>
                <texture>OverlayWatching.png</texture>
                <visible>ListItem.IsResumable</visible>
            </control>
            <control type="label">
                <left>1704</left>
                <top>120</top>
                <width>120</width>
                <height>68</height>
                <align>center</align>
                <font>ubuntu-r26b</font>
                <label>$INFO[ListItem.Episode]</label>
                <textcolor>white</textcolor>
                <visible>Container.Content(episodes)</visible>
            </control>
            <control type="group">
                <left>1213</left>
                <top>8</top>
                <include>Amazon_Flagg_Small_Focus</include>
            </control>
            <control type="group">
                <left>90</left>
                <top>8</top>
                <animation type="Conditional" reversible="false" condition="Control.HasFocus(515) + [!Container(515).OnNext + !Container(515).OnPrevious]">
                    <effect type="fade" end="100" time="1000" />
                </animation>
                <control type="label">
                    <left>330</left>
                    <top>0</top>
                    <align>right</align>
                    <width>780</width>
                    <font>ubuntu-r26b</font>
                    <scrollspeed>40</scrollspeed>
                    <label>$VAR[OriginalTitle]</label>
                    <aligny>bottom</aligny>
                    <visible>!ListItem.IsParentFolder</visible>
                </control>
                <control type="label">
                    <left>330</left>
                    <top>52</top>
                    <width>600</width>
                    <align>right</align>
                    <aligny>bottom</aligny>
                    <label>$VAR[EpisodeSubTitleVar]$INFO[ListItem.Votes, • $LOCALIZE[205] ,]</label>
                    <font>ubuntu-r16b</font>
                    <textcolor>grey</textcolor>
                </control>
                <control type="image">
                    <description>Rated</description>
                    <left>930</left>
                    <top>52</top>
                    <width>180</width>
                    <height>30</height>
                    <fadetime>FadeTime</fadetime>
                    <texture>$INFO[ListItem.Rating,leftratingvideo/,.png]</texture>
                </control>
                <control type="textbox">
                    <left>330</left>
                    <top>90</top>
                    <width>780</width>
                    <height>198</height>
                    <align>right</align>
                    <info>ListItem.Plot</info>
                    <font>ubuntu-r16b</font>
                </control>
            </control>
        </focusedlayout>
    </include>
</includes>
