<?xml version="1.0" encoding="UTF-8"?>
<window id="1120">
	<menucontrol>6666</menucontrol>
	<backgroundcolor>background</backgroundcolor>
	<include>PropertyIncludes</include>
	<controls>
		<!-- background -->
		<include>Background</include>
		<!-- hub -->
		<control type="grouplist" id="10">
			<include>Window_OpenClose</include>
			<defaultcontrol>10000</defaultcontrol>
			<width>100%</width>
			<height>100%</height>
			<itemgap>-160</itemgap>
			<orientation>vertical</orientation>
			<usecontrolcoords>true</usecontrolcoords>
			<include>ScrollTime</include>
			<pagecontrol>17</pagecontrol>
			<include content="WidgetSpacer">
				<param name="id" value="101"/>
			</include>
			<control type="group">
				<width>1920</width>
				<height>300</height>
				<control type="group">
					<include content="widget_headline">
						<param name="headline">$LOCALIZE[31154]</param>
						<param name="left">65</param>
					</include>
					<control type="grouplist" id="100">
						<top>90</top>
						<left>70</left>
						<height>50</height>
						<orientation>horizontal</orientation>
						<itemgap>5</itemgap>
						<onright>noop</onright>
						<onleft>900</onleft>
						<onup>6666</onup>
						<ondown>200</ondown>
						<control type="button" id="8">
							<label>$LOCALIZE[5]</label>
							<onup>6666</onup>
							<ondown>200</ondown>
						</control>
					</control>
				</control>
			</control>
			<include content="HomeWideWidget">
				<param name="id" value="200"/>
				<param name="onup" value="100"/>
				<param name="ondown" value="201"/>
				<param name="headline" value="$INFO[Container(200).ListItem.Property(NextDay)]"/>
				<param name="use_custom_content" value="false"/>
			</include>
			<include content="HomeWideWidget">
				<param name="id" value="201"/>
				<param name="onup" value="200"/>
				<param name="ondown" value="202"/>
				<param name="headline" value="$INFO[Container(201).ListItem.Property(NextDay)]"/>
				<param name="use_custom_content" value="false"/>
			</include>
			<include content="HomeWideWidget">
				<param name="id" value="202"/>
				<param name="onup" value="201"/>
				<param name="ondown" value="203"/>
				<param name="headline" value="$INFO[Container(202).ListItem.Property(NextDay)]"/>
				<param name="use_custom_content" value="false"/>
			</include>
			<include content="HomeWideWidget">
				<param name="id" value="203"/>
				<param name="onup" value="202"/>
				<param name="ondown" value="204"/>
				<param name="headline" value="$INFO[Container(203).ListItem.Property(NextDay)]"/>
				<param name="use_custom_content" value="false"/>
			</include>
			<include content="HomeWideWidget">
				<param name="id" value="204"/>
				<param name="onup" value="203"/>
				<param name="ondown" value="205"/>
				<param name="headline" value="$INFO[Container(204).ListItem.Property(NextDay)]"/>
				<param name="use_custom_content" value="false"/>
			</include>
			<include content="HomeWideWidget">
				<param name="id" value="205"/>
				<param name="onup" value="204"/>
				<param name="ondown" value="206"/>
				<param name="headline" value="$INFO[Container(205).ListItem.Property(NextDay)]"/>
				<param name="use_custom_content" value="false"/>
			</include>
			<include content="HomeWideWidget">
				<param name="id" value="206"/>
				<param name="onup" value="205"/>
				<param name="ondown" value="207"/>
				<param name="headline" value="$INFO[Container(206).ListItem.Property(NextDay)]"/>
				<param name="use_custom_content" value="false"/>
			</include>
			<include content="HomeWideWidget">
				<param name="id" value="207"/>
				<param name="onup" value="206"/>
				<param name="ondown" value="208"/>
				<param name="headline" value="$INFO[Container(207).ListItem.Property(NextDay)]"/>
				<param name="use_custom_content" value="false"/>
			</include>
			<include content="HomeWideWidget">
				<param name="id" value="208"/>
				<param name="onup" value="207"/>
				<param name="ondown" value="209"/>
				<param name="headline" value="$INFO[Container(208).ListItem.Property(NextDay)]"/>
				<param name="use_custom_content" value="false"/>
			</include>
			<include content="HomeWideWidget">
				<param name="id" value="209"/>
				<param name="onup" value="208"/>
				<param name="ondown" value="210"/>
				<param name="headline" value="$INFO[Container(209).ListItem.Property(NextDay)]"/>
				<param name="use_custom_content" value="false"/>
			</include>
			<include content="HomeWideWidget">
				<param name="id" value="210"/>
				<param name="onup" value="209"/>
				<param name="ondown" value="211"/>
				<param name="headline" value="$INFO[Container(210).ListItem.Property(NextDay)]"/>
				<param name="use_custom_content" value="false"/>
			</include>
			<include content="HomeWideWidget">
				<param name="id" value="211"/>
				<param name="onup" value="210"/>
				<param name="ondown" value="212"/>
				<param name="headline" value="$INFO[Container(211).ListItem.Property(NextDay)]"/>
				<param name="use_custom_content" value="false"/>
			</include>
			<include content="HomeWideWidget">
				<param name="id" value="212"/>
				<param name="onup" value="211"/>
				<param name="ondown" value="213"/>
				<param name="headline" value="$INFO[Container(212).ListItem.Property(NextDay)]"/>
				<param name="use_custom_content" value="false"/>
			</include>
			<include content="HomeWideWidget">
				<param name="id" value="213"/>
				<param name="onup" value="212"/>
				<param name="ondown" value="214"/>
				<param name="headline" value="$INFO[Container(213).ListItem.Property(NextDay)]"/>
				<param name="use_custom_content" value="false"/>
			</include>
			<include content="HomeWideWidget">
				<param name="id" value="214"/>
				<param name="onup" value="213"/>
				<param name="ondown" value="215"/>
				<param name="headline" value="$INFO[Container(214).ListItem.Property(NextDay)]"/>
				<param name="use_custom_content" value="false"/>
			</include>
			<include content="HomeWideWidget">
				<param name="id" value="215"/>
				<param name="onup" value="214"/>
				<param name="ondown" value="noop"/>
				<param name="headline" value="$INFO[Container(215).ListItem.Property(NextDay)]"/>
				<param name="use_custom_content" value="false"/>
			</include>
		</control>
		<!-- header bar -->
		<include content="HeaderBar">
			<param name="id">10</param>
		</include>
		<!-- side panel -->
		<include content="SidePanel"/>
	</controls>
</window>
