<?xml version="1.0" encoding="UTF-8"?>
<window>
	<defaultcontrol always="true">100</defaultcontrol>
	<backgroundcolor>background</backgroundcolor>
	<menucontrol>6666</menucontrol>
	<onload condition="!Skin.HasSetting(EmbuaryFirstRun)">ReplaceWindow(1119)</onload>
	<controls>
		<!-- Hidden -->
		<control type="list" id="51">
			<include>HiddenObject</include>
			<itemlayout/>
			<focusedlayout/>
			<content limit="4" sortby="random">videodb://movies/titles/</content>
		</control>
		<control type="list" id="52">
			<include>HiddenObject</include>
			<itemlayout/>
			<focusedlayout/>
			<content limit="4" sortby="random">videodb://tvshows/titles/</content>
		</control>
		<control type="list" id="53">
			<include>HiddenObject</include>
			<itemlayout/>
			<focusedlayout/>
			<content limit="4" sortby="random">pvr://channels/tv/*</content>
		</control>
		<control type="list" id="54">
			<include>HiddenObject</include>
			<itemlayout/>
			<focusedlayout/>
			<content limit="4" sortby="random">musicdb://albums/</content>
		</control>
		<control type="list" id="55">
			<include>HiddenObject</include>
			<itemlayout/>
			<focusedlayout/>
			<content limit="4" sortby="random">addons://user/all</content>
		</control>
		<control type="list" id="56">
			<include>HiddenObject</include>
			<itemlayout/>
			<focusedlayout/>
			<content limit="1" sortby="random">pvr://channels/tv/*?view=lastplayed</content>
		</control>
		<!-- background -->
		<include>Background</include>
		<!-- hub -->
		<control type="grouplist" id="10">
			<include>Window_OpenClose</include>
			<defaultcontrol>10000</defaultcontrol>
			<width>2130</width>
			<height>100%</height>
			<itemgap>-160</itemgap>
			<orientation>vertical</orientation>
			<usecontrolcoords>true</usecontrolcoords>
			<scrolltime tween="sine" easing="out">400</scrolltime>

			<include>Bounce_Up_Down</include>

			<include content="WidgetSpacer">
				<param name="id" value="101"/>
			</include>
			<!-- Library -->
			<include content="HomeWidgetMenu">
				<param name="id" value="100"/>
				<param name="onup" value="6666"/>
				<param name="ondown" value="200"/>
				<param name="headline" value="$LOCALIZE[14211]"/>
			</include>
			<!-- In progress -->
			<include content="HomeWideWidget">
				<param name="visible" value="!Skin.HasSetting(HideLibaryWidgets) + !Skin.HasSetting(HideWidgetContinue)"/>
				<param name="id" value="200"/>
				<param name="onup" value="100"/>
				<param name="ondown" value="201"/>
				<param name="headline" value="$LOCALIZE[31080]"/>
				<param name="widget_target" value="videos"/>
				<param name="content" value="plugin://script.skin.helper.widgets/?action=inprogressshowsandmovies&amp;mediatype=media&amp;reload=$INFO[Window(Home).Property(widgetreload)]"/>
			</include>
			<include content="HomeWideWidget">
				<param name="visible" value="Skin.HasSetting(EnableEmbyConWidgets) + !Skin.HasSetting(HideWidgetContinue)"/>
				<param name="id" value="201"/>
				<param name="onup" value="200"/>
				<param name="ondown" value="20201"/>
				<param name="headline" value="EmbyCon $LOCALIZE[31080]"/>
				<param name="widget_target" value="videos"/>
				<param name="content" value="$VAR[EmbyCon_InProgressMedia]"/>
			</include>
			<!-- PVR -->
			<include content="PVRHomeSquareWidget">
				<param name="visible" value="!Skin.HasSetting(HidePVRWidgets) + !Skin.HasSetting(HideWidgetPVR) + [!Skin.HasSetting(PreferLastTunedPVRChannels) | [Skin.HasSetting(PreferLastTunedPVRChannels) + !Integer.IsGreater(Container(56).NumItems,0)]]"/>		
				<param name="id" value="202"/>
				<param name="onup" value="201"/>
				<param name="ondown" value="203"/>
				<param name="headline" value="$LOCALIZE[575]"/>
				<param name="mainlabel" value="$INFO[ListItem.Title]"/>
				<param name="thumblabel" value="$INFO[ListItem.Channelname]"/>
				<param name="sublabel" value="$INFO[ListItem.StartTime]$INFO[ListItem.EndTime, - ]"/>
				<param name="content" value="pvr://channels/tv/*"/>
			</include>
			<include content="PVRHomeSquareWidget">
				<param name="visible" value="!Skin.HasSetting(HidePVRWidgets) + !Skin.HasSetting(HideWidgetPVR) + Skin.HasSetting(PreferLastTunedPVRChannels) + Integer.IsGreater(Container(56).NumItems,0)"/>		
				<param name="id" value="203"/>
				<param name="onup" value="202"/>
				<param name="ondown" value="204"/>
				<param name="headline" value="$LOCALIZE[31030]"/>
				<param name="mainlabel" value="$VAR[PVRWidgetMainListLabel]"/>
				<param name="thumblabel" value="$INFO[ListItem.Channelname]"/>
				<param name="sublabel" value="$INFO[ListItem.StartTime]$INFO[ListItem.EndTime, - ]"/>
				<param name="sortby" value="lastplayed"/>
				<param name="sortorder" value="descending"/>
				<param name="content" value="pvr://channels/tv/*?view=lastplayed"/>
			</include>
			<!-- Next up episodes -->
			<include content="HomeWideWidget">
				<param name="visible" value="!Skin.HasSetting(HideLibaryWidgets) + !Skin.HasSetting(HideWidgetNextup)"/>
				<param name="id" value="204"/>
				<param name="onup" value="203"/>
				<param name="ondown" value="205"/>
				<param name="headline" value="$LOCALIZE[31012]"/>
				<param name="mainlabel" value="$INFO[ListItem.TvShowTitle]"/>
				<param name="sublabel" value="$INFO[ListItem.Year]"/>
				<param name="widget_target" value="videos"/>
				<param name="content" value="special://skin/playlists/video/InProgressTVShows.xsp"/>
			</include>
			<include content="HomeWideWidget">
				<param name="visible" value="Skin.HasSetting(EnableEmbyConWidgets) + !Skin.HasSetting(HideWidgetNextup)"/>
				<param name="id" value="205"/>
				<param name="onup" value="204"/>
				<param name="ondown" value="206"/>
				<param name="headline" value="EmbyCon $LOCALIZE[31012]"/>
				<param name="mainlabel" value="$INFO[ListItem.TvShowTitle]"/>
				<param name="sublabel" value="$INFO[ListItem.Season,S,:]$INFO[ListItem.Episode,E, - ]$INFO[ListItem.Title]"/>
				<param name="widget_target" value="videos"/>
				<param name="content" value="$VAR[EmbyCon_NextUpEpisodes]"/>
			</include>
			<!-- Recently added movies -->
			<include content="HomePosterWidget">
				<param name="visible" value="!Skin.HasSetting(HideLibaryWidgets) + !Skin.HasSetting(HideWidgetNewMovies)"/>
				<param name="id" value="206"/>
				<param name="onup" value="205"/>
				<param name="ondown" value="207"/>
				<param name="headline" value="$LOCALIZE[20386]"/>
				<param name="mainlabel" value="$INFO[ListItem.Label]"/>
				<param name="sublabel" value="$INFO[ListItem.Year]"/>
				<param name="widget_target" value="videos"/>
				<param name="content" value="special://skin/playlists/video/RecentlyAddedMovies.xsp"/>
			</include>
			<include content="HomePosterWidget">
				<param name="visible" value="Skin.HasSetting(EnableEmbyConWidgets) + !Skin.HasSetting(HideWidgetNewMovies)"/>
				<param name="id" value="207"/>
				<param name="onup" value="206"/>
				<param name="ondown" value="208"/>
				<param name="headline" value="EmbyCon $LOCALIZE[20386]"/>
				<param name="mainlabel" value="$INFO[ListItem.Label]"/>
				<param name="sublabel" value="$INFO[ListItem.Year]"/>
				<param name="widget_target" value="videos"/>
				<param name="content" value="$VAR[EmbyCon_RecentMovies]"/>
			</include>
			<!-- Recently added episodes -->
			<include content="HomeWideWidget">
				<param name="visible" value="!Skin.HasSetting(HideLibaryWidgets) + !Skin.HasSetting(HideWidgetNewEpisodes)"/>
				<param name="id" value="208"/>
				<param name="onup" value="207"/>
				<param name="ondown" value="209"/>
				<param name="headline" value="$LOCALIZE[31081]"/>
				<param name="mainlabel" value="$INFO[ListItem.Label]"/>
				<param name="sublabel" value="$INFO[ListItem.Year]"/>
				<param name="widget_target" value="videos"/>
				<param name="content" value="special://skin/playlists/video/RecentlyUpdatedTVShows.xsp"/>
			</include>
			<include content="HomeWideWidget">
				<param name="visible" value="Skin.HasSetting(EnableEmbyConWidgets) + !Skin.HasSetting(HideWidgetNewEpisodes)"/>
				<param name="id" value="209"/>
				<param name="onup" value="208"/>
				<param name="ondown" value="210"/>
				<param name="headline" value="EmbyCon $LOCALIZE[31081]"/>
				<param name="mainlabel" value="$INFO[ListItem.Label]"/>
				<param name="sublabel" value="$INFO[ListItem.Year]"/>
				<param name="widget_target" value="videos"/>
				<param name="content" value="$VAR[EmbyCon_RecentEpisodes]"/>
			</include>
			<!-- Recently added albums -->
			<include content="HomeSquareWidget">
				<param name="visible" value="!Skin.HasSetting(HideLibaryWidgets) + !Skin.HasSetting(HideWidgetNewAlbums)"/>
				<param name="id" value="210"/>
				<param name="onup" value="209"/>
				<param name="ondown" value="211"/>
				<param name="headline" value="$LOCALIZE[359]"/>
				<param name="mainlabel" value="$INFO[ListItem.Album]"/>
				<param name="sublabel" value="$INFO[ListItem.Artist]"/>
				<param name="widget_target" value="music"/>
				<param name="content" value="musicdb://recentlyaddedalbums/"/>
			</include>

			<!-- User Widget 1 -->
			<include condition="String.IsEqual(Skin.String(UserWidget1_layout),HomePosterWidget) | String.IsEmpty(Skin.String(UserWidget1_layout))" content="HomePosterWidget">
				<param name="visible" value="Skin.HasSetting(UserWidget1)"/>
				<param name="id" value="211"/>
				<param name="onup" value="210"/>
				<param name="ondown" value="212"/>
				<param name="headline" value="$INFO[Skin.String(UserWidget1_name)]"/>
				<param name="widget_target" value="$INFO[Skin.String(UserWidget1_target)]"/>
				<param name="content" value="$VAR[UserWidget1_content]"/>
			</include>
			<include condition="String.IsEqual(Skin.String(UserWidget1_layout),HomeWideWidget)" content="HomeWideWidget">
				<param name="visible" value="Skin.HasSetting(UserWidget1)"/>
				<param name="id" value="211"/>
				<param name="onup" value="210"/>
				<param name="ondown" value="212"/>
				<param name="headline" value="$INFO[Skin.String(UserWidget1_name)]"/>
				<param name="widget_target" value="$INFO[Skin.String(UserWidget1_target)]"/>
				<param name="content" value="$VAR[UserWidget1_content]"/>
			</include>
			<include condition="String.IsEqual(Skin.String(UserWidget1_layout),HomeSquareWidget)" content="HomeSquareWidget">
				<param name="visible" value="Skin.HasSetting(UserWidget1)"/>
				<param name="id" value="211"/>
				<param name="onup" value="210"/>
				<param name="ondown" value="212"/>
				<param name="headline" value="$INFO[Skin.String(UserWidget1_name)]"/>
				<param name="widget_target" value="$INFO[Skin.String(UserWidget1_target)]"/>
				<param name="content" value="$VAR[UserWidget1_content]"/>
			</include>
			<!-- User Widget 2 -->
			<include condition="String.IsEqual(Skin.String(UserWidget2_layout),HomePosterWidget) | String.IsEmpty(Skin.String(UserWidget2_layout))" content="HomePosterWidget">
				<param name="visible" value="Skin.HasSetting(UserWidget2)"/>
				<param name="id" value="212"/>
				<param name="onup" value="211"/>
				<param name="ondown" value="213"/>
				<param name="headline" value="$INFO[Skin.String(UserWidget2_name)]"/>
				<param name="widget_target" value="$INFO[Skin.String(UserWidget2_target)]"/>
				<param name="content" value="$VAR[UserWidget2_content]"/>
			</include>
			<include condition="String.IsEqual(Skin.String(UserWidget2_layout),HomeWideWidget)" content="HomeWideWidget">
				<param name="visible" value="Skin.HasSetting(UserWidget2)"/>
				<param name="id" value="212"/>
				<param name="onup" value="211"/>
				<param name="ondown" value="213"/>
				<param name="headline" value="$INFO[Skin.String(UserWidget2_name)]"/>
				<param name="widget_target" value="$INFO[Skin.String(UserWidget2_target)]"/>
				<param name="content" value="$VAR[UserWidget2_content]"/>
			</include>
			<include condition="String.IsEqual(Skin.String(UserWidget2_layout),HomeSquareWidget)" content="HomeSquareWidget">
				<param name="visible" value="Skin.HasSetting(UserWidget2)"/>
				<param name="id" value="212"/>
				<param name="onup" value="211"/>
				<param name="ondown" value="213"/>
				<param name="headline" value="$INFO[Skin.String(UserWidget2_name)]"/>
				<param name="widget_target" value="$INFO[Skin.String(UserWidget2_target)]"/>
				<param name="content" value="$VAR[UserWidget2_content]"/>
			</include>
			<!-- User Widget 3 -->
			<include condition="String.IsEqual(Skin.String(UserWidget3_layout),HomePosterWidget) | String.IsEmpty(Skin.String(UserWidget3_layout))" content="HomePosterWidget">
				<param name="visible" value="Skin.HasSetting(UserWidget3)"/>
				<param name="id" value="213"/>
				<param name="onup" value="212"/>
				<param name="ondown" value="214"/>
				<param name="headline" value="$INFO[Skin.String(UserWidget3_name)]"/>
				<param name="widget_target" value="$INFO[Skin.String(UserWidget3_target)]"/>
				<param name="content" value="$VAR[UserWidget3_content]"/>
			</include>
			<include condition="String.IsEqual(Skin.String(UserWidget3_layout),HomeWideWidget)" content="HomeWideWidget">
				<param name="visible" value="Skin.HasSetting(UserWidget3)"/>
				<param name="id" value="213"/>
				<param name="onup" value="212"/>
				<param name="ondown" value="214"/>
				<param name="headline" value="$INFO[Skin.String(UserWidget3_name)]"/>
				<param name="widget_target" value="$INFO[Skin.String(UserWidget3_target)]"/>
				<param name="content" value="$VAR[UserWidget3_content]"/>
			</include>
			<include condition="String.IsEqual(Skin.String(UserWidget3_layout),HomeSquareWidget)" content="HomeSquareWidget">
				<param name="visible" value="Skin.HasSetting(UserWidget3)"/>
				<param name="id" value="213"/>
				<param name="onup" value="212"/>
				<param name="ondown" value="214"/>
				<param name="headline" value="$INFO[Skin.String(UserWidget3_name)]"/>
				<param name="widget_target" value="$INFO[Skin.String(UserWidget3_target)]"/>
				<param name="content" value="$VAR[UserWidget3_content]"/>
			</include>
			<!-- User Widget 4 -->
			<include condition="String.IsEqual(Skin.String(UserWidget4_layout),HomePosterWidget) | String.IsEmpty(Skin.String(UserWidget4_layout))" content="HomePosterWidget">
				<param name="visible" value="Skin.HasSetting(UserWidget4)"/>
				<param name="id" value="214"/>
				<param name="onup" value="213"/>
				<param name="ondown" value="215"/>
				<param name="headline" value="$INFO[Skin.String(UserWidget4_name)]"/>
				<param name="widget_target" value="$INFO[Skin.String(UserWidget4_target)]"/>
				<param name="content" value="$VAR[UserWidget4_content]"/>
			</include>
			<include condition="String.IsEqual(Skin.String(UserWidget4_layout),HomeWideWidget)" content="HomeWideWidget">
				<param name="visible" value="Skin.HasSetting(UserWidget4)"/>
				<param name="id" value="214"/>
				<param name="onup" value="213"/>
				<param name="ondown" value="215"/>
				<param name="headline" value="$INFO[Skin.String(UserWidget4_name)]"/>
				<param name="widget_target" value="$INFO[Skin.String(UserWidget4_target)]"/>
				<param name="content" value="$VAR[UserWidget4_content]"/>
			</include>
			<include condition="String.IsEqual(Skin.String(UserWidget4_layout),HomeSquareWidget)" content="HomeSquareWidget">
				<param name="visible" value="Skin.HasSetting(UserWidget4)"/>
				<param name="id" value="214"/>
				<param name="onup" value="213"/>
				<param name="ondown" value="215"/>
				<param name="headline" value="$INFO[Skin.String(UserWidget4_name)]"/>
				<param name="widget_target" value="$INFO[Skin.String(UserWidget4_target)]"/>
				<param name="content" value="$VAR[UserWidget4_content]"/>
			</include>
			<!-- User Widget 5 -->
			<include condition="String.IsEqual(Skin.String(UserWidget5_layout),HomePosterWidget) | String.IsEmpty(Skin.String(UserWidget5_layout))" content="HomePosterWidget">
				<param name="visible" value="Skin.HasSetting(UserWidget5)"/>
				<param name="id" value="215"/>
				<param name="onup" value="214"/>
				<param name="ondown" value="216"/>
				<param name="headline" value="$INFO[Skin.String(UserWidget5_name)]"/>
				<param name="widget_target" value="$INFO[Skin.String(UserWidget5_target)]"/>
				<param name="content" value="$VAR[UserWidget5_content]"/>
			</include>
			<include condition="String.IsEqual(Skin.String(UserWidget5_layout),HomeWideWidget)" content="HomeWideWidget">
				<param name="visible" value="Skin.HasSetting(UserWidget5)"/>
				<param name="id" value="215"/>
				<param name="onup" value="214"/>
				<param name="ondown" value="216"/>
				<param name="headline" value="$INFO[Skin.String(UserWidget5_name)]"/>
				<param name="widget_target" value="$INFO[Skin.String(UserWidget5_target)]"/>
				<param name="content" value="$VAR[UserWidget5_content]"/>
			</include>
			<include condition="String.IsEqual(Skin.String(UserWidget5_layout),HomeSquareWidget)" content="HomeSquareWidget">
				<param name="visible" value="Skin.HasSetting(UserWidget5)"/>
				<param name="id" value="215"/>
				<param name="onup" value="214"/>
				<param name="ondown" value="216"/>
				<param name="headline" value="$INFO[Skin.String(UserWidget5_name)]"/>
				<param name="widget_target" value="$INFO[Skin.String(UserWidget5_target)]"/>
				<param name="content" value="$VAR[UserWidget5_content]"/>
			</include>
			<!-- User Widget 6 -->
			<include condition="String.IsEqual(Skin.String(UserWidget6_layout),HomePosterWidget) | String.IsEmpty(Skin.String(UserWidget6_layout))" content="HomePosterWidget">
				<param name="visible" value="Skin.HasSetting(UserWidget6)"/>
				<param name="id" value="216"/>
				<param name="onup" value="215"/>
				<param name="ondown" value="SetProperty(BounceDown,1,home)"/>
				<param name="headline" value="$INFO[Skin.String(UserWidget6_name)]"/>
				<param name="widget_target" value="$INFO[Skin.String(UserWidget6_target)]"/>
				<param name="content" value="$VAR[UserWidget6_content]"/>
			</include>
			<include condition="String.IsEqual(Skin.String(UserWidget6_layout),HomeWideWidget)" content="HomeWideWidget">
				<param name="visible" value="Skin.HasSetting(UserWidget6)"/>
				<param name="id" value="216"/>
				<param name="onup" value="215"/>
				<param name="ondown" value="SetProperty(BounceDown,1,home)"/>
				<param name="headline" value="$INFO[Skin.String(UserWidget6_name)]"/>
				<param name="widget_target" value="$INFO[Skin.String(UserWidget6_target)]"/>
				<param name="content" value="$VAR[UserWidget6_content]"/>
			</include>
			<include condition="String.IsEqual(Skin.String(UserWidget6_layout),HomeSquareWidget)" content="HomeSquareWidget">
				<param name="visible" value="Skin.HasSetting(UserWidget6)"/>
				<param name="id" value="216"/>
				<param name="onup" value="215"/>
				<param name="ondown" value="SetProperty(BounceDown,1,home)"/>
				<param name="headline" value="$INFO[Skin.String(UserWidget6_name)]"/>
				<param name="widget_target" value="$INFO[Skin.String(UserWidget6_target)]"/>
				<param name="content" value="$VAR[UserWidget6_content]"/>
			</include>
		</control>
		<!-- header bar -->
		<include content="HeaderBar">
			<param name="id">10</param>
			<param name="sidebar_id">9999</param>
		</include>
		<!-- side panel -->
		<include content="SidePanel"/>
	</controls>
</window>
