<?xml version="1.0" encoding="UTF-8"?>
<includes>
	<include file="Defaults.xml" />
	<include file="Embuary_Widgets.xml" />	
	<include file="Embuary_InfoDialog.xml" />
	<include file="Embuary_PlaylistLayouts.xml" />
	<include file="Embuary_VideoInfoDialog.xml" />
	<include file="Embuary_ItemLayouts.xml" />
	<include file="Embuary_Includes.xml" />
	<include file="Embuary_HeaderBar.xml" />
	<include file="Embuary_Animations.xml" />
	<include file="Embuary_Variables.xml" />
	<include file="Embuary_Wide_View_50.xml" />
	<include file="Embuary_Poster_View_51.xml" />
	<include file="Embuary_Square_View_52.xml" />
	<include file="Embuary_List_View_53.xml" />
	<include file="Embuary_Season_View_54.xml" />
	<include file="Embuary_Episode_View_55.xml" />
	<include file="Embuary_Favourites_View_450.xml" />
	<include file="Embuary_VideoLyrics.xml" />
	
	<!--<include file="Constants_1920.xml" condition="!String.IsEqual(Skin.AspectRatio,21:9)"/>
	<include file="Constants_2560.xml" condition="String.IsEqual(Skin.AspectRatio,21:9)"/>-->
	
	<expression name="infodialog_active">Window.IsActive(musicinformation) | Window.IsActive(songinformation) | Window.IsActive(movieinformation) | Window.IsActive(addoninformation) | Window.IsActive(pvrguideinfo) | Window.IsActive(pvrrecordinginfo) | Window.IsActive(pictureinfo) | Window.IsVisible(fullscreeninfo) | Window.IsVisible(script-script.extendedinfo-DialogVideoInfo.xml) | Window.IsVisible(script-script.extendedinfo-DialogInfo.xml) | Window.IsVisible(script-script.extendedinfo-VideoList.xml)</expression>
	<expression name="sidebar_visible">ControlGroup(9000).HasFocus | Control.HasFocus(6130) | Window.IsActive(MyPlaylist.xml)</expression>
	<expression name="EmbyCon_active">[System.HasAddon(plugin.video.embycon) + Skin.HasSetting(EnableEmbyConWidgets)]</expression>
</includes>