﻿<?xml version="1.0" encoding="UTF-8"?>
<includes>
  <include name="HomeWidgetsSubmenu">	 	  	
	  <control type="group">
	  <left>0</left>
	  <top>0</top>	
	  <visible>ControlGroup(9001).HasFocus | Control.HasFocus(43444)</visible>
	  <visible>!Container(9000).Hasfocus(1) + !Container(9000).Hasfocus(2) + !Container(9000).Hasfocus(3) + !Container(9000).Hasfocus(8) + !Container(9000).Hasfocus(10) + !Container(9010).HasFocus(270101) + !Container(9010).HasFocus(270102) + !Container(9010).HasFocus(270103) + !Container(9010).HasFocus(270104) + !Container(9010).HasFocus(270105) + !Container(9010).HasFocus(270106) + !Container(9010).HasFocus(270107) + !Container(9010).HasFocus(270108) + !Container(9010).HasFocus(270201) + !Container(9010).HasFocus(270202) + !Container(9010).HasFocus(270203) + !Container(9010).HasFocus(270204) + !Container(9010).HasFocus(270205) + !Container(9010).HasFocus(270206) + !Container(9010).HasFocus(270207) + !Container(9010).HasFocus(270208) + !Container(9010).HasFocus(270301) + !Container(9010).HasFocus(270302) + !Container(9010).HasFocus(270303) + !Container(9010).HasFocus(270304) + !Container(9010).HasFocus(270305) + !Container(9010).HasFocus(270306) + !Container(9010).HasFocus(270307) + !Container(9010).HasFocus(270308) + !Container(9010).HasFocus(260090) + !Container(9010).HasFocus(260091) + !Container(9010).HasFocus(260092) + !Container(9010).HasFocus(260093)</visible>
	  <include>widget_inzoom_submenu</include>
	  <control type="panel" id="43444">
          <left>430</left>
		  <top>210</top>
		  <width>1380</width>
		  <height>680</height>
          <onleft>9001</onleft>
          <onright>9000</onright>
		  <onup>43444</onup>
          <ondown>43444</ondown>
          <viewtype>list</viewtype>
		  <orientation>vertical</orientation>
          <focusposition>0</focusposition>
          <pagecontrol>-</pagecontrol>
          <scrolltime>500</scrolltime>
          <itemlayout width="345" height="230">
            <control type="image">
              <left>5</left>
              <top>5</top>
              <width>330</width>
              <height>210</height>
              <texture background="true" fallback="special://skin/backgrounds/FALLBACK.jpg">$INFO[ListItem.Icon]</texture>
			  <bordertexture border="10">ThumbShadow.png</bordertexture>
		      <bordersize>6</bordersize>
              <aspectratio align="center" aligny="center">scale</aspectratio>
            </control>
			<control type="image">
              <left>11</left>
              <top>126</top>
              <width>318</width>
              <height>83</height>
              <texture background="true">skin/button_klein_tranz70.png</texture>
              <aspectratio>stretch</aspectratio>
			  <colordiffuse>$VAR[ColorButtonDialogeBack]</colordiffuse>
            </control>
			<control type="label">
			  <description>Title label</description>
			  <left>20</left>
			  <top>140</top>
			  <height>200</height>
			  <width>260</width>
			  <label>$INFO[ListItem.Label]</label>
			  <align>left</align>
			  <aligny>left</aligny>
			  <font>primal_15</font>
			  <textcolor>$VAR[ColorFontNormal]</textcolor>
			  <shadowcolor>$VAR[ColorFontShadow]</shadowcolor>
			</control>
			<control type="label">
			  <description>Title label</description>
			  <left>20</left>
			  <top>172</top>
			  <height>200</height>
			  <width>260</width>
			  <label>$INFO[ListItem.Label2]</label>
			  <align>left</align>
			  <aligny>left</aligny>
			  <font>primal_13</font>
			  <textcolor>$VAR[ColorFontSelected]</textcolor>
			  <shadowcolor>$VAR[ColorFontShadow]</shadowcolor>
			</control>
          </itemlayout>
          <focusedlayout width="345" height="230">
			<control type="image">
              <left>0</left>
              <top>0</top>
              <width>340</width>
              <height>220</height>
              <texture background="true">skin/button_klein.png</texture>
			  <bordertexture border="10">ThumbShadow.png</bordertexture>
		      <bordersize>6</bordersize>
              <aspectratio>stretch</aspectratio>
			  <colordiffuse>$VAR[BackColorButton]</colordiffuse>
			  <visible>Control.HasFocus(43444)</visible>
            </control>
            <control type="image">
              <left>5</left>
              <top>5</top>
              <width>330</width>
              <height>210</height>
              <texture background="true" fallback="special://skin/backgrounds/FALLBACK.jpg">$INFO[ListItem.Icon]</texture>
			  <bordertexture border="10">ThumbShadow.png</bordertexture>
		      <bordersize>6</bordersize>
              <aspectratio align="center" aligny="center">scale</aspectratio>
            </control>			
			<control type="image">
              <left>11</left>
              <top>126</top>
              <width>318</width>
              <height>83</height>
              <texture background="true">skin/button_klein_tranz70.png</texture>
              <aspectratio>stretch</aspectratio>
			  <colordiffuse>$VAR[ColorButtonDialogeBack]</colordiffuse>
            </control>
			<control type="label">
			  <description>Title label</description>
			  <left>20</left>
			  <top>140</top>
			  <height>200</height>
			  <width>260</width>
			  <label>$INFO[ListItem.Label]</label>
			  <align>left</align>
			  <aligny>left</aligny>
			  <font>primal_15</font>
			  <textcolor>$VAR[ColorFontNormal]</textcolor>
			  <shadowcolor>$VAR[ColorFontShadow]</shadowcolor>
			</control>
			<control type="label">
			  <description>Title label</description>
			  <left>20</left>
			  <top>172</top>
			  <height>200</height>
			  <width>260</width>
			  <label>$INFO[ListItem.Label2]</label>
			  <align>left</align>
			  <aligny>left</aligny>
			  <font>primal_13</font>
			  <textcolor>$VAR[ColorFontSelected]</textcolor>
			  <shadowcolor>$VAR[ColorFontShadow]</shadowcolor>
			</control>
          </focusedlayout>
			<content>
			  <item id="260094">
				  <label>$INFO[system.addontitle(Skin.String(HomeVideosButton1))]</label>
				  <label2>$INFO[system.addonversion(Skin.String(HomeVideosButton1))]</label2>
				  <onclick>RunAddon($INFO[Skin.String(HomeVideosButton1)])</onclick>
				  <icon>$INFO[system.addonicon(Skin.String(HomeVideosButton1))]</icon>
				  <property name="BackWebOS5">home/button/submenubutton.png</property>
				  <visible>!String.IsEmpty(Skin.String(HomeVideosButton1))</visible>
			  </item>
			  <item id="260095">
				  <label>$INFO[system.addontitle(Skin.String(HomeVideosButton2))]</label>
				  <label2>$INFO[system.addonversion(Skin.String(HomeVideosButton2))]</label2>
				  <onclick>RunAddon($INFO[Skin.String(HomeVideosButton2)])</onclick>
				  <icon>$INFO[system.addonicon(Skin.String(HomeVideosButton2))]</icon>
				  <property name="BackWebOS6">home/button/submenubutton.png</property>
				  <visible>!String.IsEmpty(Skin.String(HomeVideosButton2))</visible>
			  </item>
			  <item id="260096">
				  <label>$INFO[system.addontitle(Skin.String(HomeVideosButton3))]</label>
				  <label2>$INFO[system.addonversion(Skin.String(HomeVideosButton3))]</label2>
				  <onclick>RunAddon($INFO[Skin.String(HomeVideosButton3)])</onclick>
				  <icon>$INFO[system.addonicon(Skin.String(HomeVideosButton3))]</icon>
				  <property name="BackWebOS7">home/button/submenubutton.png</property>
				  <visible>!String.IsEmpty(Skin.String(HomeVideosButton3))</visible>
			  </item>
			  <item id="260097">
				  <label>$INFO[system.addontitle(Skin.String(HomeVideosButton4))]</label>
				  <label2>$INFO[system.addonversion(Skin.String(HomeVideosButton4))]</label2>
				  <onclick>RunAddon($INFO[Skin.String(HomeVideosButton4)])</onclick>
				  <icon>$INFO[system.addonicon(Skin.String(HomeVideosButton4))]</icon>
				  <property name="BackWebOS8">home/button/submenubutton.png</property>
				  <visible>!String.IsEmpty(Skin.String(HomeVideosButton4))</visible>
			  </item>
			  <item id="260098">
				  <label>$INFO[system.addontitle(Skin.String(HomeVideosButton5))]</label>
				  <label2>$INFO[system.addonversion(Skin.String(HomeVideosButton5))]</label2>
				  <onclick>RunAddon($INFO[Skin.String(HomeVideosButton5)])</onclick>
				  <icon>$INFO[system.addonicon(Skin.String(HomeVideosButton5))]</icon>
				  <property name="BackWebOS9">home/button/submenubutton.png</property>
				  <visible>!String.IsEmpty(Skin.String(HomeVideosButton5))</visible>
			  </item>
			  <item id="260099">
				  <label>$INFO[system.addontitle(Skin.String(HomeVideosButton6))]</label>
				  <label2>$INFO[system.addonversion(Skin.String(HomeVideosButton6))]</label2>
				  <onclick>RunAddon($INFO[Skin.String(HomeVideosButton6)])</onclick>
				  <icon>$INFO[system.addonicon(Skin.String(HomeVideosButton6))]</icon>
				  <property name="BackWebOS10">home/button/submenubutton.png</property>
				  <visible>!String.IsEmpty(Skin.String(HomeVideosButton6))</visible>
			  </item>
			  <item id="260100">
				  <label>$INFO[system.addontitle(Skin.String(HomeVideosButton7))]</label>
				  <label2>$INFO[system.addonversion(Skin.String(HomeVideosButton7))]</label2>
				  <onclick>RunAddon($INFO[Skin.String(HomeVideosButton7)])</onclick>
				  <icon>$INFO[system.addonicon(Skin.String(HomeVideosButton7))]</icon>
				  <property name="BackWebOS1">home/button/submenubutton.png</property>
				  <visible>!String.IsEmpty(Skin.String(HomeVideosButton7))</visible>
			  </item>
			  <item id="260101">
				  <label>$INFO[system.addontitle(Skin.String(HomeVideosButton8))]</label>
				  <label2>$INFO[system.addonversion(Skin.String(HomeVideosButton8))]</label2>
				  <onclick>RunAddon($INFO[Skin.String(HomeVideosButton8)])</onclick>
				  <icon>$INFO[system.addonicon(Skin.String(HomeVideosButton8))]</icon>
				  <property name="BackWebOS2">home/button/submenubutton.png</property>
				  <visible>!String.IsEmpty(Skin.String(HomeVideosButton8))</visible>
			  </item>
			  <item id="260102">
				  <label>$INFO[system.addontitle(Skin.String(HomeVideosButton9))]</label>
				  <label2>$INFO[system.addonversion(Skin.String(HomeVideosButton9))]</label2>
				  <onclick>RunAddon($INFO[Skin.String(HomeVideosButton9)])</onclick>
				  <icon>$INFO[system.addonicon(Skin.String(HomeVideosButton9))]</icon>
				  <property name="BackWebOS3">home/button/submenubutton.png</property>
				  <visible>!String.IsEmpty(Skin.String(HomeVideosButton9))</visible>
			  </item>
			  <item id="260103">
				  <label>$INFO[system.addontitle(Skin.String(HomeVideosButton10))]</label>
				  <label2>$INFO[system.addonversion(Skin.String(HomeVideosButton10))]</label2>
				  <onclick>RunAddon($INFO[Skin.String(HomeVideosButton10)])</onclick>
				  <icon>$INFO[system.addonicon(Skin.String(HomeVideosButton10))]</icon>
				  <property name="BackWebOS4">home/button/submenubutton.png</property>
				  <visible>!String.IsEmpty(Skin.String(HomeVideosButton10))</visible>
			  </item>
			  <item id="260104">
				  <label>$INFO[system.addontitle(Skin.String(HomeVideosButton11))]</label>
				  <label2>$INFO[system.addonversion(Skin.String(HomeVideosButton11))]</label2>
				  <onclick>RunAddon($INFO[Skin.String(HomeVideosButton11)])</onclick>
				  <icon>$INFO[system.addonicon(Skin.String(HomeVideosButton11))]</icon>
				  <property name="BackWebOS5">home/button/submenubutton.png</property>
				  <visible>!String.IsEmpty(Skin.String(HomeVideosButton11))</visible>
			  </item>
			  <item id="260105">
				  <label>$INFO[Skin.String(Menu_HomeVideosButtonfavourite1.Label)]</label>
				  <onclick>$INFO[Skin.String(Menu_HomeVideosButtonfavourite1.Path)]</onclick>
				  <icon>$INFO[Skin.String(Menu_HomeVideosButtonfavourite1.Icon)]</icon>
				  <property name="BackWebOS6">home/button/submenubutton.png</property>
				  <visible>!String.IsEmpty(Skin.String(Menu_HomeVideosButtonfavourite1.Path))</visible>
			  </item>
			  <item id="260106">
				  <label>$INFO[Skin.String(Menu_HomeVideosButtonfavourite2.Label)]</label>
				  <onclick>$INFO[Skin.String(Menu_HomeVideosButtonfavourite2.Path)]</onclick>
				  <icon>$INFO[Skin.String(Menu_HomeVideosButtonfavourite2.Icon)]</icon>
				  <property name="BackWebOS7">home/button/submenubutton.png</property>
				  <visible>!String.IsEmpty(Skin.String(Menu_HomeVideosButtonfavourite2.Path))</visible>
			  </item>
			  <item id="260107">
				  <label>$INFO[Skin.String(Menu_HomeVideosButtonfavourite3.Label)]</label>
				  <onclick>$INFO[Skin.String(Menu_HomeVideosButtonfavourite3.Path)]</onclick>
				  <icon>$INFO[Skin.String(Menu_HomeVideosButtonfavourite3.Icon)]</icon>
				  <property name="BackWebOS8">home/button/submenubutton.png</property>
				  <visible>!String.IsEmpty(Skin.String(Menu_HomeVideosButtonfavourite3.Path))</visible>
			  </item>
			  <item id="260108">
				  <label>$INFO[Skin.String(Menu_HomeVideosButtonfavourite4.Label)]</label>
				  <onclick>$INFO[Skin.String(Menu_HomeVideosButtonfavourite4.Path)]</onclick>
				  <icon>$INFO[Skin.String(Menu_HomeVideosButtonfavourite4.Icon)]</icon>
				  <property name="BackWebOS9">home/button/submenubutton.png</property>
				  <visible>!String.IsEmpty(Skin.String(Menu_HomeVideosButtonfavourite4.Path))</visible>
			  </item>
			  <item id="260109">
				  <label>$INFO[Skin.String(Menu_HomeVideosButtonfavourite5.Label)]</label>
				  <onclick>$INFO[Skin.String(Menu_HomeVideosButtonfavourite5.Path)]</onclick>
				  <icon>$INFO[Skin.String(Menu_HomeVideosButtonfavourite5.Icon)]</icon>
				  <property name="BackWebOS10">home/button/submenubutton.png</property>
				  <visible>!String.IsEmpty(Skin.String(Menu_HomeVideosButtonfavourite5.Path))</visible>
			  </item>
			  <item id="260110">
				  <label>$INFO[Skin.String(Menu_HomeVideosButtonfavourite6.Label)]</label>
				  <onclick>$INFO[Skin.String(Menu_HomeVideosButtonfavourite6.Path)]</onclick>
				  <icon>$INFO[Skin.String(Menu_HomeVideosButtonfavourite6.Icon)]</icon>
				  <property name="BackWebOS1">home/button/submenubutton.png</property>
				  <visible>!String.IsEmpty(Skin.String(Menu_HomeVideosButtonfavourite6.Path))</visible>
			  </item>
			</content>
        </control>
	  </control>
	  

	  <!--=================================== SUBMENU WIDGETS FOR PLAYLIST =====================================-->
	  <control type="group">
	  <left>0</left>
	  <top>0</top>	
	  <visible>ControlGroup(9001).HasFocus | ControlGroup(9010).HasFocus | Control.HasFocus(43944)</visible>
	  <include>widget_inzoom_submenu</include>
	  <control type="panel" id="43944">
          <left>430</left>
		  <top>210</top>
		  <width>1380</width>
		  <height>680</height>
          <onleft>9001</onleft>
          <onright>9000</onright>
		  <onup>43944</onup>
          <ondown>43944</ondown>
          <viewtype>list</viewtype>
		  <orientation>vertical</orientation>
          <focusposition>0</focusposition>
          <pagecontrol>-</pagecontrol>
          <scrolltime>500</scrolltime>
          <itemlayout width="345" height="230">
            <control type="image">
              <left>5</left>
              <top>5</top>
              <width>330</width>
              <height>210</height>
              <texture background="true" fallback="special://skin/backgrounds/FALLBACK.jpg">$VAR[VarLandsape]</texture>
			  <bordertexture border="10">ThumbShadow.png</bordertexture>
		      <bordersize>6</bordersize>
              <aspectratio align="left" aligny="top">stretch</aspectratio>
            </control>
			<control type="image">
              <left>11</left>
              <top>126</top>
              <width>318</width>
              <height>83</height>
              <texture background="true">skin/button_klein_tranz70.png</texture>
              <aspectratio>stretch</aspectratio>
			  <colordiffuse>$VAR[ColorButtonDialogeBack]</colordiffuse>
            </control>
			<control type="label">
			  <description>Title label</description>
			  <left>20</left>
			  <top>140</top>
			  <height>200</height>
			  <width>260</width>
			  <label>$INFO[ListItem.Label]</label>
			  <align>left</align>
			  <aligny>left</aligny>
			  <font>primal_15</font>
			  <textcolor>$VAR[ColorFontNormal]</textcolor>
			  <shadowcolor>$VAR[ColorFontShadow]</shadowcolor>
			</control>
			<control type="label">
			  <description>Title label</description>
			  <left>20</left>
			  <top>172</top>
			  <height>200</height>
			  <width>260</width>
			  <label>$INFO[ListItem.AddonCreator]</label>
			  <align>left</align>
			  <aligny>left</aligny>
			  <font>primal_13</font>
			  <textcolor>$VAR[ColorFontSelected]</textcolor>
			  <shadowcolor>$VAR[ColorFontShadow]</shadowcolor>
			</control>
          </itemlayout>
          <focusedlayout width="345" height="230">
			<control type="image">
              <left>0</left>
              <top>0</top>
              <width>340</width>
              <height>220</height>
              <texture background="true">skin/button_klein.png</texture>
			  <bordertexture border="10">ThumbShadow.png</bordertexture>
		      <bordersize>6</bordersize>
              <aspectratio>stretch</aspectratio>
			  <colordiffuse>$VAR[BackColorButton]</colordiffuse>
			  <visible>Control.HasFocus(43944)</visible>
            </control>
            <control type="image">
              <left>5</left>
              <top>5</top>
              <width>330</width>
              <height>210</height>
              <texture background="true" fallback="special://skin/backgrounds/FALLBACK.jpg">$VAR[VarLandsape]</texture>
			  <bordertexture border="10">ThumbShadow.png</bordertexture>
		      <bordersize>6</bordersize>
              <aspectratio align="left" aligny="top">stretch</aspectratio>
            </control>			
			<control type="image">
              <left>11</left>
              <top>126</top>
              <width>318</width>
              <height>83</height>
              <texture background="true">skin/button_klein_tranz70.png</texture>
              <aspectratio>stretch</aspectratio>
			  <colordiffuse>$VAR[ColorButtonDialogeBack]</colordiffuse>
            </control>
			<control type="label">
			  <description>Title label</description>
			  <left>20</left>
			  <top>140</top>
			  <height>200</height>
			  <width>260</width>
			  <label>$INFO[ListItem.Label]</label>
			  <align>left</align>
			  <aligny>left</aligny>
			  <font>primal_15</font>
			  <textcolor>$VAR[ColorFontNormal]</textcolor>
			  <shadowcolor>$VAR[ColorFontShadow]</shadowcolor>
			</control>
			<control type="label">
			  <description>Title label</description>
			  <left>20</left>
			  <top>172</top>
			  <height>200</height>
			  <width>260</width>
			  <label>$INFO[ListItem.AddonCreator]</label>
			  <align>left</align>
			  <aligny>left</aligny>
			  <font>primal_13</font>
			  <textcolor>$VAR[ColorFontSelected]</textcolor>
			  <shadowcolor>$VAR[ColorFontShadow]</shadowcolor>
			</control>
          </focusedlayout>
			<content target="music">$VAR[SubmenuPlaylistWidgets]</content>
        </control>
	  </control>
	  <control type="group">
	  <include>widget_inzoom_submenu</include>
	  <visible>!Container(9000).Hasfocus(1) + !Container(9000).Hasfocus(2)</visible>
	    <control type="label">
          <left>65</left>
          <top>975</top>
          <width>1000</width>
          <height>36</height>
          <font>primal_60_Title</font>
          <label>Meine Favoriten</label>
		  <textcolor>$VAR[ColorFontNormal]</textcolor>
	      <shadowcolor>$VAR[ColorFontShadow]</shadowcolor>
		  <align>left</align>
		  <aligny>center</aligny>	
		  <visible>ControlGroup(9001).HasFocus</visible> 
		  <visible>!Container(9000).Hasfocus(3) + !Container(9000).Hasfocus(5) + !Container(9000).Hasfocus(6) + !Container(9000).Hasfocus(7) + !Container(9000).Hasfocus(8) + !Container(9000).Hasfocus(10) + !Container(9010).HasFocus(260090) + !Container(9010).HasFocus(260091) + !Container(9010).HasFocus(260092) + !Container(9010).HasFocus(260093)</visible>  
        </control>
		<!-- SUBMENU WIDGET ADDONS -->
		<control type="label">
          <left>65</left>
          <top>975</top>
          <width>1000</width>
          <height>36</height>
          <font>primal_60_Title</font>
          <label>Meine Addons</label>
		  <textcolor>$VAR[ColorFontNormal]</textcolor>
	      <shadowcolor>$VAR[ColorFontShadow]</shadowcolor>
		  <align>left</align>
		  <aligny>center</aligny>	
		  <visible>ControlGroup(9001).HasFocus</visible> 
		  <visible>Container(9010).HasFocus(260090) | Container(9010).HasFocus(260091) | Container(9010).HasFocus(260092) | Container(9010).HasFocus(260093)</visible>  
        </control>
		<control type="label">
          <left>65</left>
          <top>1020</top>
          <width>1000</width>
          <height>36</height>
          <font>primal_15</font>
          <label>hier siehst du alle installierten Addons.</label>
		  <textcolor>$VAR[ColorFontNormal]</textcolor>
	      <shadowcolor>$VAR[ColorFontShadow]</shadowcolor>
		  <align>left</align>
		  <aligny>center</aligny>	
		  <visible>ControlGroup(9001).HasFocus</visible>  
		  <visible>Container(9000).Hasfocus(11)</visible> 
        </control>
		<!-- SUBMENU WIDGET ADDONS END -->
		<control type="label">
          <left>65</left>
          <top>975</top>
          <width>1000</width>
          <height>36</height>
          <font>primal_60_Title</font>
          <label>$INFO[Container(43444).ListItem.Label]</label>
		  <textcolor>$VAR[ColorFontNormal]</textcolor>
	      <shadowcolor>$VAR[ColorFontShadow]</shadowcolor>
		  <align>left</align>
		  <aligny>center</aligny>	
		  <visible>Control.HasFocus(43444)</visible>  
        </control>
		<control type="label">
          <left>65</left>
          <top>975</top>
          <width>1000</width>
          <height>36</height>
          <font>primal_60_Title</font>
          <label>$INFO[Container(43644).ListItem.Label]</label>
		  <textcolor>$VAR[ColorFontNormal]</textcolor>
	      <shadowcolor>$VAR[ColorFontShadow]</shadowcolor>
		  <align>left</align>
		  <aligny>center</aligny>	
		  <visible>Control.HasFocus(43644)</visible>  
        </control>
		<!-- SUBMENU WIDGET PLAYLISTEN -->
		<control type="label">
          <left>65</left>
          <top>975</top>
          <width>1000</width>
          <height>36</height>
          <font>primal_60_Title</font>
          <label>$INFO[Container(43944).ListItem.Label]</label>
		  <textcolor>$VAR[ColorFontNormal]</textcolor>
	      <shadowcolor>$VAR[ColorFontShadow]</shadowcolor>
		  <align>left</align>
		  <aligny>center</aligny>	
		  <visible>Control.HasFocus(43944)</visible>  
        </control>
		<control type="label">
          <left>65</left>
          <top>1020</top>
          <width>1000</width>
          <height>36</height>
          <font>primal_15</font>
          <label>füge Addons oder Favoriten hinzu in den Skinsettings</label>
		  <textcolor>$VAR[ColorFontNormal]</textcolor>
	      <shadowcolor>$VAR[ColorFontShadow]</shadowcolor>
		  <align>left</align>
		  <aligny>center</aligny>	
		  <visible>ControlGroup(9001).HasFocus | Control.HasFocus(43444)</visible>  
		  <visible>!Container(9000).Hasfocus(3) + !Container(9000).Hasfocus(5) + !Container(9000).Hasfocus(6) + !Container(9000).Hasfocus(7) + !Container(9000).Hasfocus(8) + !Container(9000).Hasfocus(10) + !Container(9000).Hasfocus(11)</visible> 
        </control>
	  </control>	

	  <control type="group">
	  <include>widget_inzoom_submenu</include>
	  <visible>Container(9000).Hasfocus(1) | Container(9000).Hasfocus(2)</visible>
	    <control type="label">
          <left>65</left>
          <top>975</top>
          <width>1000</width>
          <height>36</height>
          <font>primal_60_Title</font>
          <label>Live TV</label>
		  <textcolor>$VAR[ColorFontNormal]</textcolor>
	      <shadowcolor>$VAR[ColorFontShadow]</shadowcolor>
		  <align>left</align>
		  <aligny>center</aligny>	
		  <visible>ControlGroup(9001).HasFocus</visible>  
        </control>
		<control type="label">
          <left>65</left>
          <top>975</top>
          <width>1000</width>
          <height>36</height>
          <font>primal_60_Title</font>
          <label>$INFO[Container(43445).ListItem.Label]</label>
		  <textcolor>$VAR[ColorFontNormal]</textcolor>
	      <shadowcolor>$VAR[ColorFontShadow]</shadowcolor>
		  <align>left</align>
		  <aligny>center</aligny>	
		  <visible>Control.HasFocus(43445)</visible>  
        </control>
		<control type="fadelabel">
          <left>65</left>
          <top>1020</top>
          <width>1000</width>
          <height>36</height>
          <font>primal_15</font>
          <label>$INFO[Container(43445).ListItem.Label2] - $INFO[Container(43445).ListItem.Duration] min$INFO[Container(43445).ListItem.Property(StartTime), / ]$INFO[Container(43445).ListItem.Property(EndTime), - ]$INFO[Container(43445).ListItem.Genre, / ]</label>
		  <textcolor>$VAR[ColorFontNormal]</textcolor>
	      <shadowcolor>$VAR[ColorFontShadow]</shadowcolor>
		  <align>left</align>
		  <aligny>center</aligny>	
		  <visible>Control.HasFocus(43445)</visible> 
        </control>
		<control type="label">
          <left>65</left>
          <top>1020</top>
          <width>1000</width>
          <height>36</height>
          <font>primal_15</font>
          <label>Live TV Programm Tipps</label>
		  <textcolor>$VAR[ColorFontNormal]</textcolor>
	      <shadowcolor>$VAR[ColorFontShadow]</shadowcolor>
		  <align>left</align>
		  <aligny>center</aligny>	
		  <visible>ControlGroup(9001).HasFocus</visible>
        </control>
	 </control>	

  </include>

  <variable name="HomePreviewSubmenuBackground">
	  <value>special://skin/backgrounds/FALLBACK.jpg</value>
  </variable>

</includes>