﻿<?xml version="1.0" encoding="UTF-8"?>
<window>
	<defaultcontrol>-</defaultcontrol>
	<controls>
		<!-- media infos -->
		<control type="group" id="1">
			<depth>DepthOSD</depth>
			<visible>[Player.ShowInfo] + ![Window.IsActive(VideoOSD) | Window.IsVisible(OSDVideoSettings) | Window.IsVisible(OSDAudioSettings) | Window.IsVisible(OSDAudioDSPSettings) | Window.IsVisible(VideoBookmarks) | Window.IsVisible(PVROSDChannels) | Window.IsVisible(PVROSDGuide) | Window.IsVisible(SliderDialog)]</visible>
            <control type="image" id="1">
			  <left>-50</left>
			  <top>670</top>
			  <width>2000</width>
			  <height>476</height>
			  <aspectratio>stretch</aspectratio>
			  <texture background="true">skin/button_klein_tranz90.png</texture>	
			  <bordertexture border="10">ThumbShadow.png</bordertexture>
			  <bordersize>7</bordersize>	
			  <colordiffuse>$VAR[ColorButtonDialogeBack]</colordiffuse>
			  <visible>!VideoPlayer.Content(LiveTV)</visible>
			</control>
			<control type="image" id="1">
			  <left>-50</left>
			  <top>940</top>
			  <width>2000</width>
			  <height>2</height>
			  <aspectratio>stretch</aspectratio>
			  <texture background="true">skin/button_klein.png</texture>
			  <colordiffuse>$VAR[BackColorButton]</colordiffuse>
			  <visible>!VideoPlayer.Content(LiveTV)</visible>
			</control>
			<!-- GROUP FOR INFOS LiveTV -->
			<control type="group" id="1">
			  <left>0</left>
			  <top>0</top>
			  <visible>VideoPlayer.Content(LiveTV)</visible>
			  <control type="image" id="1">
				<left>-50</left>
				<top>770</top>
				<width>2000</width>
				<height>296</height>
				<aspectratio>stretch</aspectratio>
				<texture background="true">skin/button_klein_tranz90.png</texture>	
				<bordertexture border="10">ThumbShadow.png</bordertexture>
				<bordersize>7</bordersize>	
				<colordiffuse>$VAR[ColorButtonDialogeBack]</colordiffuse>
			  </control>
			  <control type="image" id="1">
				<left>350</left>
				<top>850</top>
				<width>1530</width>
				<height>2</height>
				<aspectratio>stretch</aspectratio>
				<texture background="true">skin/button_klein.png</texture>
				<colordiffuse>$VAR[BackColorButton]</colordiffuse>
			  </control>
			  <control type="image" id="1">
				<left>-50</left>
				<top>1000</top>
				<width>2000</width>
				<height>2</height>
				<aspectratio>stretch</aspectratio>
				<texture background="true">skin/button_klein.png</texture>
				<colordiffuse>$VAR[BackColorButton]</colordiffuse>
			  </control>
			  <control type="label" id="1">
				<left>350</left>
				<top>800</top>
				<width>1000</width>
				<height>38</height>
				<label>$INFO[VideoPlayer.ChannelNumber] [UPPERCASE]$INFO[VideoPlayer.ChannelName][/UPPERCASE]</label>
				<scroll>true</scroll>
				<align>left</align>
				<aligny>center</aligny>
				<font>primal_40</font>
				<textcolor>$VAR[ColorFontNormal]</textcolor>
				<shadowcolor>$VAR[ColorFontShadow]</shadowcolor>
			  </control>
			  <control type="label" id="1">
				<left>350</left>
				<top>870</top>
				<width>1000</width>
				<height>38</height>
				<label>$INFO[VideoPlayer.StartTime]   $INFO[VideoPlayer.Title]</label>
				<scroll>true</scroll>
				<align>left</align>
				<aligny>center</aligny>
				<font>primal_20_Bold</font>
				<textcolor>$VAR[ColorFontNormal]</textcolor>
				<shadowcolor>$VAR[ColorFontShadow]</shadowcolor>
			  </control>
			  <control type="label" id="1">
				<left>550</left>
				<top>870</top>
				<width>1000</width>
				<height>38</height>
				<label>$INFO[VideoPlayer.EndTime]</label>
				<scroll>true</scroll>
				<align>right</align>
				<aligny>center</aligny>
				<font>primal_20_Bold</font>
				<textcolor>$VAR[ColorFontNormal]</textcolor>
				<shadowcolor>$VAR[ColorFontShadow]</shadowcolor>
			  </control>
			  <control type="progress" id="1">
				<description>Progressbar</description>
				<left>350</left>
				<top>920</top>
				<width>1200</width>
				<height>10</height>
				<info>Player.Progress</info>
			  </control>
			  <control type="label" id="1">
				<left>350</left>
				<top>940</top>
				<width>1000</width>
				<height>38</height>
				<label>$INFO[VideoPlayer.NextStartTime]   $INFO[VideoPlayer.NextTitle]</label>
				<scroll>true</scroll>
				<align>left</align>
				<aligny>center</aligny>
				<font>primal_20</font>
				<textcolor>$VAR[ColorFontNormal]</textcolor>
				<shadowcolor>$VAR[ColorFontShadow]</shadowcolor>
			  </control>
			  <control type="label" id="1">
				<left>550</left>
				<top>940</top>
				<width>1000</width>
				<height>38</height>
				<label>$INFO[VideoPlayer.NextEndTime]</label>
				<scroll>true</scroll>
				<align>right</align>
				<aligny>center</aligny>
				<font>primal_20</font>
				<textcolor>$VAR[ColorFontNormal]</textcolor>
				<shadowcolor>$VAR[ColorFontShadow]</shadowcolor>
			  </control>
			  <control type="label" id="1">
				<description>time label</description>
				<left>1280</left>
				<top>800</top>
				<width>600</width>
				<height>42</height>
				<font>primal_40_Bold</font>
				<align>right</align>
				<aligny>center</aligny>
				<textcolor>$VAR[ColorFontNormal]</textcolor>
				<shadowcolor>$VAR[ColorFontShadow]</shadowcolor>
				<label>$INFO[System.Time(hh:mm)]</label>
			  </control>
			  <control type="label" id="1">
				<left>1130</left>
				<top>810</top>
				<width>600</width>
				<height>42</height>
				<label>$INFO[System.Date(DDD dd.mm.yy)]</label>
				<scroll>true</scroll>
				<align>right</align>
				<aligny>center</aligny>
				<font>primal_18</font>
				<textcolor>$VAR[ColorFontNormal]</textcolor>
				<shadowcolor>$VAR[ColorFontShadow]</shadowcolor>
			  </control>
			  <control type="image" id="1">
				<left>1640</left>
				<top>880</top>
				<width>30</width>
				<height>30</height>
				<aspectratio>keep</aspectratio>
				<texture>$INFO[VideoPlayer.AudioLanguage,flagging/audioflags/,.png]</texture>
				<colordiffuse>$VAR[ColorFlaggingIcons]</colordiffuse>
			  </control>
			  <control type="image" id="1">
				<left>1710</left>
				<top>850</top>
				<width>70</width>
				<height>70</height>
				<aspectratio>keep</aspectratio>
				<texture>$INFO[VideoPlayer.VideoResolution,flagging/video/,.png]</texture>
				<colordiffuse>$VAR[ColorFlaggingIcons]</colordiffuse>
			  </control>
			  <control type="image" id="1">
				<description>VideoCodecFlagging</description>
				<left>1800</left>
				<top>850</top>
				<width>70</width>
				<height>70</height>
				<aspectratio>keep</aspectratio>
				<texture>$INFO[VideoPlayer.VideoCodec,flagging/video/,.png]</texture>
				<colordiffuse>$VAR[ColorFlaggingIcons]</colordiffuse>
			  </control>
			  <control type="image" id="1">
				<description>AudioCodecFlagging</description>
				<left>1620</left>
				<top>920</top>
				<width>70</width>
				<height>70</height>
				<aspectratio>keep</aspectratio>
				<texture>$INFO[VideoPlayer.AudioCodec,flagging/audio/,.png]</texture>
				<colordiffuse>$VAR[ColorFlaggingIcons]</colordiffuse>
			  </control>
			  <control type="image" id="1">
				<description>Audio Channels Image</description>
				<left>1710</left>
				<top>920</top>
				<width>70</width>
				<height>70</height>
				<aspectratio>keep</aspectratio>
				<texture>$INFO[VideoPlayer.AudioChannels,flagging/audio/,.png]</texture>
				<colordiffuse>$VAR[ColorFlaggingIcons]</colordiffuse>
			  </control>
			  <control type="image" id="1">
				<description>Aspectratio Image</description>
				<left>1800</left>
				<top>920</top>
				<width>70</width>
				<height>70</height>
				<aspectratio>keep</aspectratio>
				<texture>$INFO[VideoPlayer.VideoAspect,flagging/aspectratio/,.png]</texture>
				<colordiffuse>$VAR[ColorFlaggingIcons]</colordiffuse>
			  </control>
			  <control type="label" id="1">
				<left>800</left>
				<top>1010</top>
				<width>800</width>
				<height>38</height>
				<label>SNR: $INFO[Pvr.ActStreamSnr]      SIGNAL: $INFO[Pvr.ActStreamSignal]</label>
				<scroll>true</scroll>
				<align>right</align>
				<aligny>center</aligny>
				<font>primal_18</font>
				<textcolor>$VAR[ColorFontNormal]</textcolor>
				<shadowcolor>$VAR[ColorFontShadow]</shadowcolor>
			  </control>
			</control>
			<!-- Tuner info -->
			<control type="group" id="1"> 
			<left>1460</left>
			<top>920</top>
			<visible>VideoPlayer.Content(LiveTV)</visible>
			<width>300</width>
			<control type="label" id="1">
				<left>220</left>
				<width>150</width>
				<height>38</height>
				<align>left</align>
				<font>primal_18</font>
				<textcolor>$VAR[ColorFontNormal]</textcolor>
				<shadowcolor>$VAR[ColorFontShadow]</shadowcolor>
				<label>Tuner:</label>
			</control>
			<control type="label" id="1">
				<left>295</left>
				<width>50</width>
				<height>38</height>
				<align>left</align>
				<font>primal_18</font>
				<textcolor>$VAR[ColorFontNormal]</textcolor>
				<shadowcolor>$VAR[ColorFontShadow]</shadowcolor>
				<label>A</label>
				<visible>!substring(PVR.ActStreamDevice,#0)</visible>
			</control>
			<control type="label" id="1">
				<left>295</left>
				<width>50</width>
				<height>38</height>
				<align>left</align>
				<font>primal_18</font>
				<textcolor>$VAR[ColorProgress]</textcolor>
				<shadowcolor>$VAR[ColorFontShadow]</shadowcolor>
				<label>A</label>
				<visible>substring(PVR.ActStreamDevice,#0)</visible>
			</control>
			<control type="label" id="1">
				<left>320</left>
				<width>50</width>
				<height>38</height>
				<align>left</align>
				<font>primal_18</font>
				<textcolor>$VAR[ColorFontNormal]</textcolor>
				<shadowcolor>$VAR[ColorFontShadow]</shadowcolor>
				<label>B</label>
				<visible>!substring(PVR.ActStreamDevice,#1)</visible>
			</control>
			<control type="label" id="1">
				<left>320</left>
				<width>50</width>
				<height>38</height>
				<align>left</align>
				<font>primal_18</font>
				<textcolor>$VAR[ColorProgress]</textcolor>
				<shadowcolor>$VAR[ColorFontShadow]</shadowcolor>
				<label>B</label>
				<visible>substring(PVR.ActStreamDevice,#1)</visible>
			</control>
			<control type="label" id="1">
				<left>345</left>
				<width>50</width>
				<height>38</height>
				<align>left</align>
				<font>primal_18</font>
				<textcolor>$VAR[ColorFontNormal]</textcolor>
				<shadowcolor>$VAR[ColorFontShadow]</shadowcolor>
				<label>C</label>
				<visible>!substring(PVR.ActStreamDevice,#2)</visible>
			</control>
			<control type="label" id="1">
				<left>345</left>
				<width>50</width>
				<height>38</height>
				<align>left</align>
				<font>primal_18</font>
				<textcolor>$VAR[ColorProgress]</textcolor>
				<shadowcolor>$VAR[ColorFontShadow]</shadowcolor>
				<label>C</label>
				<visible>substring(PVR.ActStreamDevice,#2)</visible>
			</control>
			<control type="label" id="1">
				<left>370</left>
				<width>50</width>
				<height>38</height>
				<align>left</align>
				<font>primal_18</font>
				<textcolor>$VAR[ColorFontNormal]</textcolor>
				<shadowcolor>$VAR[ColorFontShadow]</shadowcolor>
				<label>D</label>
				<visible>!substring(PVR.ActStreamDevice,#3)</visible>
			</control>
			<control type="label" id="1">
				<left>370</left>
				<width>50</width>
				<height>38</height>
				<align>left</align>
				<font>primal_18</font>
				<textcolor>$VAR[ColorProgress]</textcolor>
				<shadowcolor>$VAR[ColorFontShadow]</shadowcolor>
				<label>D</label>
				<visible>substring(PVR.ActStreamDevice,#3)</visible>
			</control>
		</control>
		
		<!-- Encryption -->
		<control type="group" id="1">
		<left>20</left>
		<top>920</top>
		<visible>VideoPlayer.Content(LiveTV)</visible>
			<control type="label" id="1">
				<width>50</width>
				<height>38</height>
				<align>left</align>
				<font>primal_18</font>
				<textcolor>$VAR[ColorFontNormal]</textcolor>
				<shadowcolor>$VAR[ColorFontShadow]</shadowcolor>
				<label>S</label>
			</control>
			<control type="label" id="1">
				<visible>SubString(PVR.ActStreamEncryptionName,01) | SubString(PVR.ActStreamEncryptionName,9F)</visible>
				<width>50</width>
				<height>38</height>
				<align>left</align>
				<font>primal_18</font>
				<textcolor>$VAR[ColorProgress]</textcolor>
				<shadowcolor>$VAR[ColorFontShadow]</shadowcolor>
				<label>S</label>
			</control>
			<control type="label" id="1">
				<left>30</left>
				<width>50</width>
				<height>38</height>
				<align>left</align>
				<font>primal_18</font>
				<textcolor>$VAR[ColorFontNormal]</textcolor>
				<shadowcolor>$VAR[ColorFontShadow]</shadowcolor>
				<label>V</label>
			</control>
			<control type="label" id="1">
				<visible>SubString(PVR.ActStreamEncryptionName,5)</visible>
				<left>30</left>
				<width>50</width>
				<height>38</height>
				<align>left</align>
				<font>primal_18</font>
				<textcolor>$VAR[ColorProgress]</textcolor>
				<shadowcolor>$VAR[ColorFontShadow]</shadowcolor>
				<label>V</label>
			</control>
			<control type="label" id="1">
				<left>63</left>
				<width>50</width>
				<height>38</height>
				<align>left</align>
				<font>primal_18</font>
				<textcolor>$VAR[ColorFontNormal]</textcolor>
				<shadowcolor>$VAR[ColorFontShadow]</shadowcolor>
				<label>I</label>
			</control>
			<control type="label" id="1">
				<visible>SubString(PVR.ActStreamEncryptionName,06)</visible>
				<left>63</left>
				<width>50</width>
				<height>38</height>
				<align>left</align>
				<font>primal_18</font>
				<textcolor>$VAR[ColorProgress]</textcolor>
				<shadowcolor>$VAR[ColorFontShadow]</shadowcolor>
				<label>I</label>
			</control>
			<control type="label" id="1">
				<left>85</left>
				<width>50</width>
				<height>38</height>
				<align>left</align>
				<font>primal_18</font>
				<textcolor>$VAR[ColorFontNormal]</textcolor>
				<shadowcolor>$VAR[ColorFontShadow]</shadowcolor>
				<label>ND</label>
			</control>
			<control type="label" id="1">
				<visible>SubString(PVR.ActStreamEncryptionName,09)</visible>
				<left>85</left>
				<width>50</width>
				<height>38</height>
				<align>left</align>
				<font>primal_18</font>
				<textcolor>$VAR[ColorProgress]</textcolor>
				<shadowcolor>$VAR[ColorFontShadow]</shadowcolor>
				<label>ND</label>
			</control>
			<control type="label" id="1">
				<left>135</left>
				<width>50</width>
				<height>38</height>
				<align>left</align>
				<font>primal_18</font>
				<textcolor>$VAR[ColorFontNormal]</textcolor>
				<shadowcolor>$VAR[ColorFontShadow]</shadowcolor>
				<label>CO</label>
			</control>
			<control type="label" id="1">
				<visible>SubString(PVR.ActStreamEncryptionName,0B)</visible>
				<left>135</left>
				<width>50</width>
				<height>38</height>
				<align>left</align>
				<font>primal_18</font>
				<textcolor>$VAR[ColorProgress]</textcolor>
				<shadowcolor>$VAR[ColorFontShadow]</shadowcolor>
				<label>CO</label>
			</control>
			<control type="label" id="1">
				<left>180</left>
				<width>50</width>
				<height>38</height>
				<align>left</align>
				<font>primal_18</font>
				<textcolor>$VAR[ColorFontNormal]</textcolor>
				<shadowcolor>$VAR[ColorFontShadow]</shadowcolor>
				<label>CW</label>
			</control>
			<control type="label" id="1">
				<visible>SubString(PVR.ActStreamEncryptionName,0D)</visible>
				<left>180</left>
				<width>50</width>
				<height>38</height>
				<align>left</align>
				<font>primal_18</font>
				<textcolor>$VAR[ColorProgress]</textcolor>
				<shadowcolor>$VAR[ColorFontShadow]</shadowcolor>
				<label>CW</label>
			</control>
			<control type="label" id="1">
				<left>230</left>
				<width>70</width>
				<height>38</height>
				<align>left</align>
				<font>primal_18</font>
				<textcolor>$VAR[ColorFontNormal]</textcolor>
				<shadowcolor>$VAR[ColorFontShadow]</shadowcolor>
				<label>B</label>
			</control>
			<control type="label" id="1">
				<visible>SubString(PVR.ActStreamEncryptionName,17)</visible>
				<left>230</left>
				<width>70</width>
				<height>38</height>
				<align>left</align>
				<font>primal_18</font>
				<textcolor>$VAR[ColorProgress]</textcolor>
				<shadowcolor>$VAR[ColorFontShadow]</shadowcolor>
				<label>B</label>
			</control>
			<control type="label" id="1">
				<left>258</left>
				<width>50</width>
				<height>38</height>
				<align>left</align>
				<font>primal_18</font>
				<textcolor>$VAR[ColorFontNormal]</textcolor>
				<shadowcolor>$VAR[ColorFontShadow]</shadowcolor>
				<label>N</label>
			</control>
			<control type="label" id="1">
				<visible>SubString(PVR.ActStreamEncryptionName,18)</visible>
				<left>258</left>
				<width>50</width>
				<height>38</height>
				<align>left</align>
				<font>primal_18</font>
				<textcolor>$VAR[ColorProgress]</textcolor>
				<shadowcolor>$VAR[ColorFontShadow]</shadowcolor>
				<label>N</label>
			</control>
			<control type="label" id="1">
				<left>320</left>
				<width>1000</width>
				<height>38</height>
				<align>left</align>
				<font>primal_18</font>
				<textcolor>$VAR[ColorProgress]</textcolor>
				<shadowcolor>$VAR[ColorFontShadow]</shadowcolor>
				<label>$INFO[PVR.ActStreamEncryptionName]</label>
			</control>
		</control>
		<!-- GROUP FOR INFOS REC LiveTV -->
		<control type="group" id="1">
		  <left>550</left>
		  <top>500</top>
		  <visible>VideoPlayer.Content(LiveTV)</visible>
		  <visible>Player.Recording</visible>
		  <control type="label" id="1">
			<left>1000</left>
			<top>330</top>
			<width>900</width>
			<height>38</height>
			<label>50208</label>
			<scroll>true</scroll>
			<align>left</align>
			<aligny>center</aligny>
			<font>primal_20</font>
			<textcolor>$VAR[ColorFontNormal]</textcolor>
			<shadowcolor>$VAR[ColorFontShadow]</shadowcolor>
		  </control>
		  <control type="label" id="1">
			<left>1000</left>
			<top>370</top>
			<width>900</width>
			<height>38</height>
			<label>$INFO[Pvr.NowRecordingChannel]</label>
			<scroll>true</scroll>
			<align>left</align>
			<aligny>center</aligny>
			<font>primal_20</font>
			<textcolor>$VAR[ColorFontNormal]</textcolor>
			<shadowcolor>$VAR[ColorFontShadow]</shadowcolor>
		  </control>
		  <control type="label" id="1">
			<left>1000</left>
			<top>410</top>
			<width>900</width>
			<height>38</height>
			<label>$INFO[Pvr.NowRecordingTitle]</label>
			<scroll>true</scroll>
			<align>left</align>
			<aligny>center</aligny>
			<font>primal_20</font>
			<textcolor>$VAR[ColorFontNormal]</textcolor>
			<shadowcolor>$VAR[ColorFontShadow]</shadowcolor>
		  </control>
		  <control type="label" id="1">
			<left>1000</left>
			<top>450</top>
			<width>900</width>
			<height>38</height>
			<label>$INFO[Pvr.NowRecordingDateTime]</label>
			<scroll>true</scroll>
			<align>left</align>
			<aligny>center</aligny>
			<font>primal_20</font>
			<textcolor>$VAR[ColorFontNormal]</textcolor>
			<shadowcolor>$VAR[ColorFontShadow]</shadowcolor>
		  </control>
		</control>
		
		<control type="group" id="1">
		  <left>220</left>
		  <top>385</top>
		  <visible>VideoPlayer.Content(Movies) | VideoPlayer.Content(episodes) | VideoPlayer.Content(files) | VideoPlayer.Content(MusicVideos)</visible>
		<control type="label" id="1">
		  <left>80</left>
		  <top>315</top>
		  <width>700</width>
		  <height>38</height>
		  <label>$INFO[VideoPlayer.Title]</label>
		  <scroll>true</scroll>
		  <align>left</align>
		  <aligny>center</aligny>
		  <font>primal_28_Bold</font>
		  <textcolor>$VAR[ColorFontNormal]</textcolor>
		  <shadowcolor>$VAR[ColorFontShadow]</shadowcolor>
		</control>
		<control type="label" id="1">
		  <left>80</left>
		  <top>355</top>
		  <width>700</width>
		  <height>38</height>
		  <label>$INFO[VideoPlayer.Genre]</label>
		  <scroll>true</scroll>
		  <align>left</align>
		  <aligny>center</aligny>
		  <font>primal_16</font>
		  <textcolor>$VAR[ColorProgress]</textcolor>
		  <shadowcolor>$VAR[ColorFontShadow]</shadowcolor>
		</control>
		<control type="textbox" id="1">
		  <left>80</left>
		  <top>405</top>
		  <width>1550</width>
		  <height>136</height>
		  <label>[COLOR $VAR[ColorFontNormal]]$INFO[VideoPlayer.Plot][/COLOR]</label>
		  <align>justify</align>
		  <font>primal_18</font>
		  <autoscroll time="2000" delay="15000" repeat="5000">!Skin.HasSetting(NoPlotScroll)</autoscroll>
		</control>
		<control type="label" id="1">
		  <left>-120</left>
		  <top>605</top>
		  <width>690</width>
		  <height>38</height>
		  <label>$INFO[VideoPlayer.Time]</label>
		  <scroll>true</scroll>
		  <align>left</align>
		  <aligny>center</aligny>
		  <font>primal_20_Bold</font>
		  <textcolor>$VAR[ColorFontNormal]</textcolor>
		  <shadowcolor>$VAR[ColorFontShadow]</shadowcolor>
		</control>
		<control type="label" id="1">
		  <left>900</left>
		  <top>605</top>
		  <width>690</width>
		  <height>38</height>
		  <label>$INFO[VideoPlayer.Duration]</label>
		  <scroll>true</scroll>
		  <align>right</align>
		  <aligny>center</aligny>
		  <font>primal_20_Bold</font>
		  <textcolor>$VAR[ColorFontNormal]</textcolor>
		  <shadowcolor>$VAR[ColorFontShadow]</shadowcolor>
		</control>
		<control type="label" id="1">
		  <left>490</left>
		  <top>645</top>
		  <width>500</width>
		  <height>38</height>
		  <label>$LOCALIZE[49972]: $INFO[Player.FinishTime] - $INFO[Player.TimeRemaining]</label>
		  <scroll>true</scroll>
		  <align>center</align>
		  <aligny>center</aligny>
		  <font>primal_20</font>
		  <textcolor>$VAR[ColorFontNormal]</textcolor>
		  <shadowcolor>$VAR[ColorFontShadow]</shadowcolor>
		</control>
		<control type="progress" id="1">
		  <description>Progressbar</description>
		  <left>30</left>
		  <top>620</top>
		  <width>1400</width>
		  <height>13</height>
		  <info>Player.Progress</info>
		</control>
	   </control>
	   
	   <control type="group" id="1">
		<left>20</left>
		<top>0</top>
		<control type="image" id="1">
		  <description>thumb</description>
		  <left>1540</left>
		  <top>560</top>
		  <width>300</width>
		  <height>260</height>
		  <align>center</align>
		  <texture background="true" fallback="fanart_fallback.png">$INFO[VideoPlayer.Cover]</texture>
		  <aspectratio>keep</aspectratio>
		  <visible>VideoPlayer.Content(episodes)</visible>
		</control>
		<control type="image" id="1">
		  <description>thumb</description>
		  <left>0</left>
		  <top>560</top>
		  <width>250</width>
		  <height>360</height>
		  <align>center</align>
		  <texture background="true" fallback="fanart_fallback.png">$INFO[VideoPlayer.Cover]</texture>
		  <aspectratio>stretch</aspectratio>
		  <visible>VideoPlayer.Content(movies) | VideoPlayer.Content(MusicVideos)</visible>
		</control>
		<control type="image" id="1">
		  <description>thumb</description>
		  <left>46</left>
		  <top>560</top>
		  <width>200</width>
		  <height>300</height>
		  <align>center</align>
		  <texture background="true" fallback="fanart_fallback.png">$INFO[Player.Art(tvshow.poster)]</texture>
		  <aspectratio>stretch</aspectratio>
		  <visible>VideoPlayer.Content(episodes) | VideoPlayer.Content(files) | VideoPlayer.Content(MusicVideos)</visible>
		</control>
		<control type="image" id="1">
		  <description>thumb</description>
		  <left>28</left>
		  <top>758</top>
		  <width>250</width>
		  <height>250</height>
		  <align>center</align>
		  <texture background="true" fallback="fanart_fallback.png">$INFO[VideoPlayer.Cover]</texture>
		  <aspectratio>keep</aspectratio>
		  <visible>VideoPlayer.Content(LiveTV)</visible>
		</control>
	  </control>
	 </control>
	 
	 <!-- codec info -->
	 <control type="group" id="0">
		<left>0</left>
		<top>20</top>
		<animation effect="fade" time="200">VisibleChange</animation>
		<control type="image">
			<description>media info background image</description>
			<left>0</left>
			<top>-20</top>
			<width>1920</width>
			<height>200</height>
			<texture>background.png</texture>
		</control>
		<control type="label" id="10">
			<description>row 1 label</description>
			<left>50</left>
			<top>10</top>
			<width>1180</width>
			<height>30</height>
			<align>left</align>
			<aligny>center</aligny>
			<font>primal_16</font>
			<label>-</label>
		</control>
		<control type="label" id="11">
			<description>row 2 label</description>
			<left>50</left>
			<top>70</top>
			<width>1180</width>
			<height>30</height>
			<align>left</align>
			<aligny>center</aligny>
			<font>primal_16</font>
			<label>-</label>
		</control>
		<control type="label" id="12">
			<description>row 3 label</description>
			<left>50</left>
			<top>120</top>
			<width>1180</width>
			<height>45</height>
			<align>left</align>
			<aligny>center</aligny>
			<font>primal_16</font>
			<label>-</label>
		</control>
	</control>
	<control type="group">
		<visible>Player.ShowCodec + VideoPlayer.Content(LiveTV) + system.getbool(pvrplayback.signalquality)</visible>
		<top>240</top>
		<control type="image">
			<description>media info background image</description>
			<left>0</left>
			<top>-20</top>
			<width>1920</width>
			<height>260</height>
			<texture>background.png</texture>
		</control>
		<control type="label">
			<description>Header</description>
			<left>50</left>
			<top>5</top>
			<width>1200</width>
			<height>25</height>
			<label>$LOCALIZE[19005]</label>
			<align>left</align>
			<aligny>center</aligny>
			<font>primal_18</font>
			<textcolor>$VAR[ColorFontSelected]</textcolor>
			<shadowcolor>$VAR[ColorFontShadow]</shadowcolor>
		</control>
		<control type="label">
			<description>Backend</description>
			<left>50</left>
			<top>40</top>
			<width>165</width>
			<height>25</height>
			<label>$LOCALIZE[19012]:</label>
			<align>left</align>
			<aligny>center</aligny>
			<font>primal_18</font>
			<textcolor>$VAR[ColorFontSelected]</textcolor>
			<shadowcolor>$VAR[ColorFontShadow]</shadowcolor>
		</control>
		<control type="label">
			<description>Backend value</description>
			<left>220</left>
			<top>40</top>
			<width>1000</width>
			<height>25</height>
			<label>$INFO[PVR.ActStreamClient]</label>
			<align>left</align>
			<aligny>center</aligny>
			<font>primal_18</font>
			<textcolor>$VAR[ColorFontNormal]</textcolor>
			<shadowcolor>$VAR[ColorFontShadow]</shadowcolor>
		</control>
		<control type="label">
			<description>Device</description>
			<left>50</left>
			<top>65</top>
			<width>165</width>
			<height>25</height>
			<label>$LOCALIZE[19006]:</label>
			<align>left</align>
			<aligny>center</aligny>
			<font>primal_18</font>
			<textcolor>$VAR[ColorFontSelected]</textcolor>
			<shadowcolor>$VAR[ColorFontShadow]</shadowcolor>
		</control>
		<control type="label">
			<description>Device value</description>
			<left>220</left>
			<top>65</top>
			<width>1000</width>
			<height>25</height>
			<label>$INFO[PVR.ActStreamDevice]</label>
			<align>left</align>
			<aligny>center</aligny>
			<font>primal_18</font>
			<textcolor>$VAR[ColorFontNormal]</textcolor>
			<shadowcolor>$VAR[ColorFontShadow]</shadowcolor>
		</control>
		<control type="label">
			<description>Status</description>
			<left>50</left>
			<top>90</top>
			<width>165</width>
			<height>25</height>
			<label>$LOCALIZE[19007]:</label>
			<align>left</align>
			<aligny>center</aligny>
			<font>primal_18</font>
			<textcolor>$VAR[ColorFontSelected]</textcolor>
			<shadowcolor>$VAR[ColorFontShadow]</shadowcolor>
		</control>
		<control type="label">
			<description>Status value</description>
			<left>220</left>
			<top>90</top>
			<width>1000</width>
			<height>25</height>
			<label>$INFO[PVR.ActStreamStatus]</label>
			<align>left</align>
			<aligny>center</aligny>
			<font>primal_18</font>
			<textcolor>$VAR[ColorFontNormal]</textcolor>
			<shadowcolor>$VAR[ColorFontShadow]</shadowcolor>
		</control>
		<control type="label">
			<description>Signal</description>
			<left>50</left>
			<top>115</top>
			<width>165</width>
			<height>25</height>
			<label>$LOCALIZE[19008]:</label>
			<align>left</align>
			<aligny>center</aligny>
			<font>primal_18</font>
			<textcolor>$VAR[ColorFontSelected]</textcolor>
			<shadowcolor>$VAR[ColorFontShadow]</shadowcolor>
		</control>
		<control type="progress">
			<description>Progressbar</description>
			<left>220</left>
			<top>122</top>
			<width>910</width>
			<height>14</height>
			<info>PVR.ActStreamProgrSignal</info>
		</control>
		<control type="label">
			<description>Signal value</description>
			<left>1200</left>
			<top>115</top>
			<width>180</width>
			<height>25</height>
			<label>$INFO[PVR.ActStreamSignal]</label>
			<align>left</align>
			<aligny>center</aligny>
			<font>primal_18</font>
			<textcolor>$VAR[ColorFontNormal]</textcolor>
			<shadowcolor>$VAR[ColorFontShadow]</shadowcolor>
		</control>
		<control type="label">
			<description>SNR</description>
			<left>50</left>
			<top>140</top>
			<width>165</width>
			<height>25</height>
			<label>$LOCALIZE[19009]:</label>
			<align>left</align>
			<aligny>center</aligny>
			<font>primal_18</font>
			<textcolor>$VAR[ColorFontSelected]</textcolor>
			<shadowcolor>$VAR[ColorFontShadow]</shadowcolor>
		</control>
		<control type="progress">
			<description>Progressbar</description>
			<left>220</left>
			<top>147</top>
			<width>910</width>
			<height>14</height>
			<overlaytexture>-</overlaytexture>
			<info>PVR.ActStreamProgrSNR</info>
		</control>
		<control type="label">
			<description>SNR value</description>
			<left>1200</left>
			<top>140</top>
			<width>180</width>
			<height>25</height>
			<label>$INFO[PVR.ActStreamSNR]</label>
			<align>left</align>
			<aligny>center</aligny>
			<font>primal_18</font>
			<textcolor>$VAR[ColorFontNormal]</textcolor>
			<shadowcolor>$VAR[ColorFontShadow]</shadowcolor>
		</control>
		<control type="label">
			<description>BER</description>
			<left>50</left>
			<top>165</top>
			<width>165</width>
			<height>25</height>
			<label>$LOCALIZE[19010]:</label>
			<align>left</align>
			<aligny>center</aligny>
			<font>primal_18</font>
			<textcolor>$VAR[ColorFontSelected]</textcolor>
			<shadowcolor>$VAR[ColorFontShadow]</shadowcolor>
		</control>
		<control type="label">
			<description>BER value</description>
			<left>220</left>
			<top>165</top>
			<width>165</width>
			<height>25</height>
			<label>$INFO[PVR.ActStreamBER]</label>
			<align>left</align>
			<aligny>center</aligny>
			<font>primal_18</font>
			<textcolor>$VAR[ColorFontNormal]</textcolor>
			<shadowcolor>$VAR[ColorFontShadow]</shadowcolor>
		</control>
		<control type="label">
			<description>UNC</description>
			<left>390</left>
			<top>165</top>
			<width>165</width>
			<height>25</height>
			<label>$LOCALIZE[19011]:</label>
			<align>left</align>
			<aligny>center</aligny>
			<font>primal_18</font>
			<textcolor>$VAR[ColorFontSelected]</textcolor>
			<shadowcolor>$VAR[ColorFontShadow]</shadowcolor>
		</control>
		<control type="label">
			<description>UNC value</description>
			<left>560</left>
			<top>165</top>
			<width>165</width>
			<height>25</height>
			<label>$INFO[PVR.ActStreamUNC]</label>
			<align>left</align>
			<aligny>center</aligny>
			<font>primal_18</font>
			<textcolor>$VAR[ColorFontNormal]</textcolor>
			<shadowcolor>$VAR[ColorFontShadow]</shadowcolor>
		</control>
		<control type="label">
			<description>Service</description>
			<left>730</left>
			<top>165</top>
			<width>165</width>
			<height>25</height>
			<label>$LOCALIZE[19099]:</label>
			<align>left</align>
			<aligny>center</aligny>
			<font>primal_18</font>
			<textcolor>$VAR[ColorFontSelected]</textcolor>
			<shadowcolor>$VAR[ColorFontShadow]</shadowcolor>
		</control>
		<control type="label">
			<description>Service value</description>
			<left>900</left>
			<top>165</top>
			<width>330</width>
			<height>25</height>
			<label>$INFO[PVR.ActStreamServiceName]</label>
			<align>left</align>
			<aligny>center</aligny>
			<font>primal_18</font>
			<textcolor>$VAR[ColorFontNormal]</textcolor>
			<shadowcolor>$VAR[ColorFontShadow]</shadowcolor>
		</control>
		<control type="label">
			<description>Encryption</description>
			<left>50</left>
			<top>190</top>
			<width>165</width>
			<height>25</height>
			<label>$LOCALIZE[19015]:</label>
			<align>left</align>
			<aligny>center</aligny>
			<font>primal_18</font>
			<textcolor>$VAR[ColorFontSelected]</textcolor>
			<shadowcolor>$VAR[ColorFontShadow]</shadowcolor>
		</control>
		<control type="label">
			<description>Encryption value</description>
			<left>220</left>
			<top>190</top>
			<width>165</width>
			<height>25</height>
			<label>$INFO[PVR.ActStreamEncryptionName]</label>
			<align>left</align>
			<aligny>center</aligny>
			<font>primal_18</font>
			<textcolor>$VAR[ColorFontNormal]</textcolor>
			<shadowcolor>$VAR[ColorFontShadow]</shadowcolor>
		</control>
		<control type="label">
			<description>Provider</description>
			<left>390</left>
			<top>190</top>
			<width>165</width>
			<height>25</height>
			<label>$LOCALIZE[19101]:</label>
			<align>left</align>
			<aligny>center</aligny>
			<font>primal_18</font>
			<textcolor>$VAR[ColorFontSelected]</textcolor>
			<shadowcolor>$VAR[ColorFontShadow]</shadowcolor>
		</control>
		<control type="label">
			<description>Provider value</description>
			<left>560</left>
			<top>190</top>
			<width>165</width>
			<height>25</height>
			<label>$INFO[PVR.ActStreamProviderName]</label>
			<align>left</align>
			<aligny>center</aligny>
			<font>primal_18</font>
			<textcolor>$VAR[ColorFontNormal]</textcolor>
			<shadowcolor>$VAR[ColorFontShadow]</shadowcolor>
		</control>
		<control type="label">
			<description>Mux</description>
			<left>730</left>
			<top>190</top>
			<width>165</width>
			<height>25</height>
			<label>$LOCALIZE[19100]:</label>
			<align>left</align>
			<aligny>center</aligny>
			<font>primal_18</font>
			<textcolor>$VAR[ColorFontSelected]</textcolor>
			<shadowcolor>$VAR[ColorFontShadow]</shadowcolor>
		</control>
		<control type="label">
			<description>Mux value</description>
			<left>900</left>
			<top>190</top>
			<width>330</width>
			<height>25</height>
			<label>$INFO[PVR.ActStreamMux]</label>
			<align>left</align>
			<aligny>center</aligny>
			<font>primal_18</font>
			<textcolor>$VAR[ColorFontNormal]</textcolor>
			<shadowcolor>$VAR[ColorFontShadow]</shadowcolor>
		</control>
	</control>
			

	
	</controls>
</window>
