<?xml version="1.0" encoding="UTF-8" standalone="yes"?>
<addon id="plugin.video.7tvneu" name="7TV" version="0.5.11" provider-name="L0RE">
    <requires>
        <import addon="xbmc.python" version="2.1.0"/>
    </requires>
    <extension point="xbmc.python.pluginsource" library="default.py">
        <provides>video</provides>
    </extension>
  <extension point="xbmc.addon.metadata">
		<summary lang="en">ProSieben, Sat.1, Kabel 1 and Sixx media library</summary>
		<summary lang="de">Mediathek für ProSieben, Sat.1, Kabel 1 and Sixx</summary>
		<description lang="en">Experience with 7TV a majority of shipments of ProSieben, SAT.1, kabel eins and sixx directly after the TV broadcast for free and for at least 7 days in full length - and the round-the-clock!</description>
		<description lang="de">Erleben Sie mit 7TV einen Großteil der Sendungen von ProSieben, SAT.1, kabel eins und sixx direkt nach der TV-Ausstrahlung kostenlos und für mindestens 7 Tage in voller Länge – und das rund um die Uhr!</description>
		<disclaimer lang="en"></disclaimer>
    <website></website>
    <license>GNU GENERAL PUBLIC LICENSE. Version 2, June 1991</license>
    <source>https://github.com/kodinerds/repo/tree/master/addons/plugin.video.br3</source>
    <forum>http://www.kodinerds.net/index.php/Thread/46598-Bayrisches-Fernsehen/</forum>
    <email>andreas at vogler dot name</email>
    <platform>all</platform>
  </extension>
</addon>
