<?xml version="1.0" encoding="UTF-8"?>
<window>
	<defaultcontrol always="true">50</defaultcontrol>
	<backgroundcolor>background</backgroundcolor>
	<views>50,51,52,53,54,55,56,58</views>
	<menucontrol>6666</menucontrol>
	<include>UnloadSetProperties</include>
	<controls>
		<!-- hidden -->
		<control type="button" id="2">
			<include>HiddenObject</include>
		</control>
		<!-- background -->
		<include>Background</include>
		<!-- views -->
		<control type="group" id="70">
			<include>Window_OpenClose</include>
			<include>Wide_View_50</include>
			<include>Poster_View_51</include>
			<include>Square_View_52</include>
			<include>List_View_53</include>
			<include>Season_View_54</include>
			<include>Episode_View_55</include>
			<include>Set_View_56</include>
			<include>Banner_View_58</include>
		</control>
		<!-- Menu control -->
		<control type="group">
			<include>FullscreenDimensions</include>
			<include content="DiffuseMask">
				<param name="visible">ControlGroup(4000).HasFocus</param>
			</include>
			<control type="group">
				<visible>ControlGroup(4000).HasFocus</visible>
				<include>Visible_PopupOpenClose</include>
				<centerleft>50%</centerleft>
				<width>384</width>
				<centertop>50%</centertop>
				<height>970</height>
				<control type="grouplist" id="4000">
					<orientation>vertical</orientation>
					<height>auto</height>
					<align>center</align>
					<itemgap>0</itemgap>
					<onright>50</onright>
					<onleft>50</onleft>
					<onback>50</onback>
					<usecontrolcoords>true</usecontrolcoords>
					<control type="image">
						<width>100%</width>
						<height>10</height>
						<texture border="5" colordiffuse="panel">common/menu_top.png</texture>
					</control>
					<control type="button" id="10">
						<include content="CommonButton"/>
					</control>
					<control type="togglebutton" id="4">
						<include content="CommonButton"/>
						<label>$LOCALIZE[580]: $LOCALIZE[584]</label>
						<altlabel>$LOCALIZE[580]: $LOCALIZE[585]</altlabel>
					</control>
					<control type="button" id="3">
						<include content="CommonButton"/>
						<visible>Control.IsEnabled(3)</visible>
					</control>
					<control type="button" id="19">
						<include content="CommonButton"/>
						<label>$LOCALIZE[31008]</label>
					</control>
					<control type="image">
						<width>100%</width>
						<height>10</height>
						<texture border="5" colordiffuse="panel">common/menu_bottom.png</texture>
					</control>
				</control>
			</control>
		</control>
		<!-- scrollbar -->
		<include content="ScrollbarVertical">
			<param name="visible" value="!Skin.HasSetting(HideScrollbars)"/>
		</include>
		<!-- header bar -->
		<include content="HeaderBar">
			<param name="id">70</param>
			<param name="enabled">false</param>
			<param name="custom_animation">[Control.IsVisible(56) + Container(560).HasPrevious] | [Control.IsVisible(54) + Container(540).HasPrevious] | [Control.IsVisible(55) + Container(550).HasPrevious] | [Control.IsVisible(51) + [Integer.IsGreaterOrEqual(Container(51).CurrentItem,15) | Container(51).HasPrevious]] | [Control.IsVisible(50) + [Integer.IsGreaterOrEqual(Container(50).CurrentItem,13) | Container(50).HasPrevious]] | [Control.IsVisible(52) + [Integer.IsGreaterOrEqual(Container(52).CurrentItem,11) | Container(52).HasPrevious]] | [Control.IsVisible(58) + [Integer.IsGreaterOrEqual(Container(58).CurrentItem,9) | Container(58).HasPrevious]]</param>
		</include>
		<!-- side panel -->
		<include content="SidePanel">
			<param name="onright">70</param>
		</include>
	</controls>
</window>
