<?xml version="1.0" encoding="UTF-8"?>
<addon id="plugin.video.doku-stream.org" name="Doku-Stream.org" version="1.0.0" provider-name="itouch5000">
    <requires>
        <import addon="xbmc.python" version="2.1.0"/>
        <import addon="script.module.requests" version="2.7.0"/>
        <import addon="script.module.beautifulsoup4" version="4.3.2"/>
        <import addon="script.module.html5lib" version="0.999.0"/>
        <import addon="plugin.video.youtube" version="5.1.20.6"/>
    </requires>
    <extension point="xbmc.python.pluginsource" library="default.py">
        <provides>video</provides>
    </extension>
    <extension point="xbmc.addon.metadata">
        <platform>all</platform>
        <summary lang="en">Doku-Stream.org - your program, at any time.</summary>
        <description lang="en">"Those who stay on the coast cannot discover new oceans." (Magellan, 1480-1521) Discover the world. With every documentary a little bit more.</description>
        <summary lang="de">Doku-Stream.org - Dein Programm, zu jeder Zeit.</summary>
		<description lang="de">"Wer an der Küste bleibt, kann keine neuen Ozeane entdecken." (Magellan, 1480-1521) Entdecke die Welt. Mit jeder Dokumentation ein bisschen mehr.</description>
        <license>GPL 2.0</license>
    </extension>
</addon>
