<?xml version="1.0" encoding="UTF-8" standalone="yes"?>
<addon id="service.fussballpopup" name="Fussball Ticker" version="0.3.7" provider-name="L0RE">
    <requires>
        <import addon="xbmc.python" version="2.19.0"/>			       
	    <import addon="script.module.feedparser" version="5.1.3"/>
        <import addon="script.module.requests" version="2.3.0"/>
		<import addon="service.popwindow" version="0.2.6"/>	
        <import addon="repository.lost-and-found" version="1.1.7"/>
    </requires>
    <extension point="xbmc.service" library="service.py" start="login" />
	<extension point="xbmc.python.pluginsource" library="menu.py" >
	    <provides>executable</provides>
    </extension>

    <extension point="xbmc.addon.metadata">
    <summary lang="en">Shows Football Games Messages Feed in Overlay WIndows</summary>
    <summary lang="de">Zeigt Fussball SPiele Nachrichten Updates in PupupFensterann</summary>
    <description lang="en">Shows Fussball Feed in Overlay WIndows</description>
    <description lang="de">Zeigt Fussball Updates in PupupFensterann</description>
    <website></website>
    <source>https://github.com/kodinerds/repo/tree/master/service.fussballpopup</source>
    <forum>http://www.kodinerds.net/index.php/Thread/52014-Fussball-Meldungen-via-Popup-um-auf-dem-Laufenden-zu-bleiben/</forum>
    <email>andreas at vogler dot name</email>
    <platform>all</platform>
  </extension>
</addon>
