<?xml version="1.0" encoding="UTF-8"?>
<colors>
	<!-- background -->
	<color name="background">ff121314</color>
	<color name="background_diffuse">f2121314</color>

	<!-- widgets -->
	<color name="diffuse_widget">44000000</color>
	<color name="focus_widget">FF387ef5</color>


	<!-- common colors -->
	<color name="black">FF000000</color>
	<color name="white">FFFFFFFFF</color>
	<color name="grey">FF424242</color>
	<color name="lightgrey">FF9E9E9E</color>
	<color name="softgrey">ffBDBDBD</color>
	<color name="blue">FF2196F3</color>
	<color name="green">ff4CAF50</color>
	<color name="red">ffF44336</color>
	<color name="turquoise">ff009688</color>
	<color name="orange">ff00BCD4</color>
	
	<!-- text -->	
	<color name="text_white">ffe1e1e1</color>
	<color name="text_shadow">33000000</color>
	
	<color name="border_alpha">60FFFFFF</color>
	<color name="disabled">40FFFFFF</color>
	<color name="selected">ffF06292</color>
	<color name="invalid">FFFF0000</color>

	<!-- buttons -->
	<color name="darkbutton">ff232327</color>
	<color name="lightbutton">ff616161</color>
	<color name="greybutton">FF424242</color>
	<color name="button_focus">FF3F51B5</color>
	
	<!-- main focused colors -->
	<color name="emby">FF3F51B5</color>
	<color name="emby_secondary">FFFF4081</color>
	<color name="emby_diffuse">553F51B5</color>

	<!-- sidepanel -->
	<color name="panel">ee1c1c1f</color>
	<color name="panel_text">FFffffff</color>
	<color name="panel_hover">ff3F51B5</color>
	<!--<color name="panel_hover">FF252525</color>-->

	<!-- views -->
	<color name="list_hover">cc3F51B5</color>
	<color name="list_hover2">ff3F51B5</color>
	<color name="thumb_background">ff232327</color>

	<!-- EPG -->
	<color name="grid_title">ff2e2e2e</color>
	<color name="grid_label">ff202020</color>
	<color name="grid_hover">ff555555</color>

	<!-- header bar -->
	<color name="headerbar">ff1A237E</color>
	<color name="footerbar">ff303F9F</color>

</colors>
