<?xml version="1.0" encoding="UTF-8"?>
<window id="1121">
	<defaultcontrol always="true">100</defaultcontrol>
	<menucontrol>6666</menucontrol>
	<backgroundcolor>background</backgroundcolor>
	<controls>
		<!-- background -->
		<include>Background</include>
		<!-- hub -->
		<control type="grouplist" id="10">			
			<include>Window_OpenClose</include>
			<defaultcontrol>10000</defaultcontrol>
			<width>2130</width>
			<height>100%</height>
			<itemgap>-160</itemgap>
			<orientation>vertical</orientation>
			<usecontrolcoords>true</usecontrolcoords>
			<scrolltime tween="sine" easing="out">400</scrolltime>
			<pagecontrol>17</pagecontrol>
			<include>Bounce_Up_Down</include>
			<include content="WidgetSpacer">
				<param name="id" value="101"/>
			</include>

			<control type="group">
				<width>1920</width>
				<height>300</height>
				<control type="group">
					<include content="widget_headline">
						<param name="headline">$LOCALIZE[20343]</param>
						<param name="left">65</param>
					</include>
					<control type="grouplist" id="100">
						<top>90</top>
						<left>69</left>
						<height>50</height>
						<orientation>horizontal</orientation>
						<itemgap>5</itemgap>
						<onright>noop</onright>
						<onleft>900</onleft>
						<onup>6666</onup>
						<ondown>200</ondown>
						<control type="button" id="101">
							<visible>Library.HasContent(tvshows) + !Skin.HasSetting(HideTVShowHubShowButton)</visible>
							<label>$LOCALIZE[20343]</label>
							<onclick>ActivateWindow(videos,library://video/tvshows/titles.xml/,return)</onclick>
							<onup>6666</onup>
							<ondown>200</ondown>
						</control>
						<control type="button" id="102">
							<visible>Library.HasContent(tvshows) + !Skin.HasSetting(HideTVShowHubGenreButton)</visible>
							<label>$LOCALIZE[135]</label>
							<onclick>ActivateWindow(1126)</onclick>
							<onup>6666</onup>
							<ondown>200</ondown>
						</control>
						<control type="button" id="103">
							<visible>Library.HasContent(tvshows) + System.HasAddon(script.tv.show.next.aired) + !Skin.HasSetting(HideTVShowHubNextAiredButton)</visible>
							<label>$LOCALIZE[31154]</label>
							<onclick>RunScript(script.tv.show.next.aired)</onclick>
							<onup>6666</onup>
							<ondown>200</ondown>
						</control>
						<control type="button" id="104">
							<visible>Library.HasContent(tvshows) + !Skin.HasSetting(HideTVShowHubLibrary)</visible>
							<label>$LOCALIZE[14022]</label>
							<onclick>ActivateWindow(videos,library://video/tvshows/,return)</onclick>
							<onup>6666</onup>
							<ondown>200</ondown>
						</control>
						<control type="button" id="105">
							<visible>System.HasAddon(plugin.video.embycon) + !Skin.HasSetting(HideEmbyConHubButtons) + !Skin.HasSetting(HideTVShowHubEmbyConButton)</visible>
							<label>$LOCALIZE[31118]</label>
							<onclick>ActivateWindow(videos,plugin://plugin.video.embycon/?item_type=Series&amp;media_type=TVShows&amp;mode=SHOW_CONTENT,return)</onclick>
							<onup>6666</onup>
							<ondown>200</ondown>
						</control>
						<include content="CustomHubShortcutTemplate">
							<param name="id" value="110"/>
							<param name="type" value="TVShow"/>
							<param name="nr" value="1"/>
						</include>
						<include content="CustomHubShortcutTemplate">
							<param name="id" value="111"/>
							<param name="type" value="TVShow"/>
							<param name="nr" value="2"/>
						</include>
						<include content="CustomHubShortcutTemplate">
							<param name="id" value="112"/>
							<param name="type" value="TVShow"/>
							<param name="nr" value="3"/>
						</include>
						<include content="CustomHubShortcutTemplate">
							<param name="id" value="113"/>
							<param name="type" value="TVShow"/>
							<param name="nr" value="4"/>
						</include>
						<include content="CustomHubShortcutTemplate">
							<param name="id" value="114"/>
							<param name="type" value="TVShow"/>
							<param name="nr" value="5"/>
						</include>
						<include content="CustomHubShortcutTemplate">
							<param name="id" value="115"/>
							<param name="type" value="TVShow"/>
							<param name="nr" value="6"/>
						</include>
						<control type="button" id="198">
							<visible>Library.HasContent(tvshows) + !Skin.HasSetting(HideTVShowHubSearchButton)</visible>
							<label>$LOCALIZE[137]</label>
							<include>search_action</include>
							<onup>6666</onup>
							<ondown>200</ondown>
						</control>
						<control type="button" id="199">
							<visible>![Library.HasContent(tvshows) + !Skin.HasSetting(HideTVShowHubShowButton)] + ![Library.HasContent(tvshows) + !Skin.HasSetting(HideTVShowHubGenreButton)] + ![Library.HasContent(tvshows) + System.HasAddon(script.tv.show.next.aired) + !Skin.HasSetting(HideTVShowHubNextAiredButton)] + ![Library.HasContent(tvshows) + !Skin.HasSetting(HideTVShowHubLibrary)] + ![System.HasAddon(plugin.video.embycon) + !Skin.HasSetting(HideEmbyConHubButtons) + !Skin.HasSetting(HideTVShowHubEmbyConButton)] + ![Library.HasContent(tvshows) + !Skin.HasSetting(HideTVShowHubSearchButton)] + !Skin.HasSetting(UserTVShowHub1) + !Skin.HasSetting(UserTVShowHub2) + !Skin.HasSetting(UserTVShowHub3) + !Skin.HasSetting(UserTVShowHub4) + !Skin.HasSetting(UserTVShowHub5) + !Skin.HasSetting(UserTVShowHub6)</visible>
							<label>$LOCALIZE[31028]</label>
							<onclick>ActivateWindow(skinsettings)</onclick>
							<onup>6666</onup>
							<ondown>200</ondown>
						</control>
					</control>
				</control>
			</control>
			<!-- In progress -->
			<include content="HomeWideWidget">
				<param name="visible" value="!Skin.HasSetting(HideLibraryWidgets) + !Skin.HasSetting(HideTVShowWidgetContinue)"/>
				<param name="id" value="200"/>
				<param name="onup" value="100"/>
				<param name="ondown" value="201"/>
				<param name="headline" value="$LOCALIZE[31080]"/>
				<param name="widget_target" value="videos"/>
				<param name="content" value="special://skin/playlists/video/InProgressEpisodes.xsp"/>
			</include>
			<include content="HomeWideWidget">
				<param name="visible" value="Skin.HasSetting(EnableEmbyConWidgets) + !Skin.HasSetting(HideTVShowWidgetContinue)"/>
				<param name="id" value="201"/>
				<param name="onup" value="200"/>
				<param name="ondown" value="202"/>
				<param name="headline" value="$LOCALIZE[31080]$VAR[EmbyConLabel]"/>
				<param name="widget_target" value="videos"/>
				<param name="content" value="$VAR[EmbyCon_InProgressShows]"/>
			</include>
			<!-- next up -->
			<include content="HomeWideWidget">
				<param name="visible" value="!Skin.HasSetting(HideLibraryWidgets) + !Skin.HasSetting(HideTVShowWidgetNextup)"/>
				<param name="id" value="202"/>
				<param name="onup" value="201"/>
				<param name="ondown" value="203"/>
				<param name="headline" value="$LOCALIZE[31012]"/>
				<param name="mainlabel" value="$INFO[ListItem.TvShowTitle]"/>
				<param name="sublabel" value="$INFO[ListItem.Year]"/>
				<param name="widget_target" value="videos"/>
				<param name="content" value="special://skin/playlists/video/InProgressTVShows.xsp"/>
			</include>
			<include content="HomeWideWidget">
				<param name="visible" value="Skin.HasSetting(EnableEmbyConWidgets) + !Skin.HasSetting(HideTVShowWidgetNextup)"/>
				<param name="id" value="203"/>
				<param name="onup" value="202"/>
				<param name="ondown" value="204"/>
				<param name="headline" value="$LOCALIZE[31012]$VAR[EmbyConLabel]"/>
				<param name="mainlabel" value="$INFO[ListItem.TvShowTitle]"/>
				<param name="sublabel" value="$INFO[ListItem.Season,S,:]$INFO[ListItem.Episode,E, - ]$INFO[ListItem.Title]"/>
				<param name="widget_target" value="videos"/>
				<param name="content" value="$VAR[EmbyCon_NextUpEpisodes]"/>
			</include>
			<!-- Recently added -->
			<include content="HomeWideWidget">
				<param name="visible" value="!Skin.HasSetting(HideLibraryWidgets) + !Skin.HasSetting(HideTVShowWidgetNewEpisodes)"/>
				<param name="id" value="204"/>
				<param name="onup" value="203"/>
				<param name="ondown" value="205"/>
				<param name="headline" value="$LOCALIZE[31081]"/>
				<param name="mainlabel" value="$INFO[ListItem.TvShowTitle]"/>
				<param name="sublabel" value="$INFO[ListItem.Season,S,:]$INFO[ListItem.Episode,E, - ]$INFO[ListItem.Title]"/>
				<param name="widget_target" value="videos"/>
				<param name="content" value="special://skin/playlists/video/RecentlyUpdatedTVShows.xsp"/>
			</include>
			<include content="HomeWideWidget">
				<param name="visible" value="Skin.HasSetting(EnableEmbyConWidgets) + !Skin.HasSetting(HideTVShowWidgetNewEpisodes)"/>
				<param name="id" value="205"/>
				<param name="onup" value="204"/>
				<param name="ondown" value="206"/>
				<param name="headline" value="$LOCALIZE[31081]$VAR[EmbyConLabel]"/>
				<param name="mainlabel" value="$INFO[ListItem.TvShowTitle]"/>
				<param name="sublabel" value="$INFO[ListItem.Season,S,:]$INFO[ListItem.Episode,E, - ]$INFO[ListItem.Title]"/>
				<param name="widget_target" value="videos"/>
				<param name="content" value="$VAR[EmbyCon_RecentEpisodes]"/>
			</include>
			<!-- Gernres -->
			<include content="HomeWideWidget">
				<param name="visible" value="!Skin.HasSetting(HideLibraryWidgets) + !Skin.HasSetting(HideTVShowWidgetGenre)"/>
				<param name="id" value="206"/>
				<param name="onup" value="205"/>
				<param name="ondown" value="207"/>
				<param name="headline" value="$LOCALIZE[135]"/>
				<param name="layout" value="GenreLayout"/>
				<param name="sortby" value="sorttitle"/>
				<param name="widget_target" value="videos"/>
				<param name="content" value="plugin://script.skin.helper.widgets/?action=browsegenres&amp;mediatype=tvshows&amp;limit=1000&amp;reload=$INFO[Window(Home).Property(widgetreload2)]"/>
			</include>
			<include content="HomeWideWidget">
				<param name="visible" value="Skin.HasSetting(EnableEmbyConWidgets) + !Skin.HasSetting(HideTVShowWidgetGenre)"/>
				<param name="id" value="207"/>
				<param name="onup" value="206"/>
				<param name="ondown" value="208"/>
				<param name="headline" value="$LOCALIZE[135]$VAR[EmbyConLabel]"/>
				<param name="layout" value="GenreLayout"/>
				<param name="sortby" value="sorttitle"/>
				<param name="widget_target" value="videos"/>
				<param name="content" value="$VAR[EmbyCon_TVShowGenres]"/>
			</include>
			<!-- Recommended -->
			<include content="HomeWideWidget">
				<param name="visible" value="!Skin.HasSetting(HideLibraryWidgets) + !Skin.HasSetting(HideTVShowWidgetRecommended)"/>
				<param name="id" value="208"/>
				<param name="onup" value="207"/>
				<param name="ondown" value="209"/>
				<param name="headline" value="$LOCALIZE[31017]"/>
				<param name="sublabel" value="$INFO[ListItem.Year]"/>
				<param name="widget_target" value="videos"/>
				<param name="content" value="plugin://script.skin.helper.widgets/?action=recommended&amp;mediatype=tvshows&amp;reload=$INFO[Window(Home).Property(widgetreload-movies)]"/>
			</include>
			<include content="HomeWideWidget">
				<param name="visible" value="Skin.HasSetting(EnableEmbyConWidgets) + !Skin.HasSetting(HideTVShowWidgetRecommended)"/>
				<param name="id" value="209"/>
				<param name="onup" value="208"/>
				<param name="ondown" value="210"/>
				<param name="headline" value="$LOCALIZE[31017]$VAR[EmbyConLabel]"/>
				<param name="sublabel" value="$INFO[ListItem.Year]"/>
				<param name="widget_target" value="videos"/>
				<param name="content" value="$VAR[EmbyCon_TVShows]"/>
			</include>
			<!-- Similar -->
			<include content="HomeWideWidget">
				<param name="visible" value="!Skin.HasSetting(HideLibraryWidgets) + !Skin.HasSetting(HideTVShowWidgetSimilar)"/>
				<param name="id" value="210"/>
				<param name="onup" value="209"/>
				<param name="ondown" value="211"/>
				<param name="headline" value="$LOCALIZE[31018] $INFO[Container(210).ListItem.Property(similartitle)]"/>
				<param name="sublabel" value="$INFO[ListItem.Year]"/>
				<param name="widget_target" value="videos"/>
				<param name="content" value="plugin://script.skin.helper.widgets/?action=similar&amp;mediatype=tvshows&amp;reload=$INFO[Window(Home).Property(widgetreload2)]"/>
			</include>
			<include content="HomeWideWidget">
				<param name="visible" value="false"/>
				<!--<param name="visible" value="Skin.HasSetting(EnableEmbyConWidgets) + !Skin.HasSetting(HideTVShowWidgetSimilar)"/>-->
				<param name="id" value="211"/>
				<param name="onup" value="210"/>
				<param name="ondown" value="212"/>
				<param name="headline" value="$LOCALIZE[31018] $INFO[Container(211).ListItem.Property(suggested_from_watching)]$VAR[EmbyConLabel]"/>
				<param name="sublabel" value="$INFO[ListItem.Year]"/>
				<param name="widget_target" value="videos"/>
				<param name="content" value="$VAR[EmbyCon_SimilarTVShows]"/>
			</include>
			<!-- top 250 -->
			<include content="HomeWideWidget">
				<param name="visible" value="!Skin.HasSetting(HideLibraryWidgets) + !Skin.HasSetting(HideTVShowWidgetTop250)"/>
				<param name="id" value="212"/>
				<param name="onup" value="211"/>
				<param name="ondown" value="213"/>
				<param name="headline" value="$LOCALIZE[31098]"/>
				<param name="mainlabel" value="$INFO[ListItem.Label]"/>
				<param name="sublabel" value="$INFO[ListItem.Year]"/>
				<param name="widget_target" value="videos"/>
				<param name="content" value="plugin://script.skin.helper.widgets/?action=top250&amp;mediatype=tvshows&amp;reload=$INFO[Window(Home).Property(widgetreload2)]"/>
			</include>
			<!-- Fav shows -->
			<include content="HomeWideWidget">
				<param name="visible" value="!Skin.HasSetting(HideTVShowWidgetFav)"/>
				<param name="id" value="213"/>
				<param name="onup" value="212"/>
				<param name="ondown" value="214"/>
				<param name="headline" value="$LOCALIZE[31064]"/>
				<param name="sublabel" value="$INFO[ListItem.Year]"/>
				<param name="widget_target" value="videos"/>
				<param name="content" value="$VAR[FavShows_Content]"/>
			</include>

			<!-- User Widget 1 -->
			<include condition="String.IsEqual(Skin.String(UserTVShowWidget1_layout),HomePosterWidget) | String.IsEmpty(Skin.String(UserTVShowWidget1_layout))" content="HomePosterWidget">
				<param name="visible" value="Skin.HasSetting(UserTVShowWidget1)"/>
				<param name="id" value="214"/>
				<param name="onup" value="213"/>
				<param name="ondown" value="215"/>
				<param name="headline" value="$INFO[Skin.String(UserTVShowWidget1_name)]"/>
				<param name="widget_target" value="$INFO[Skin.String(UserTVShowWidget1_target)]"/>
				<param name="content" value="$VAR[UserTVShowWidget1_content]"/>
			</include>
			<include condition="String.IsEqual(Skin.String(UserTVShowWidget1_layout),HomeWideWidget)" content="HomeWideWidget">
				<param name="visible" value="Skin.HasSetting(UserTVShowWidget1)"/>
				<param name="id" value="214"/>
				<param name="onup" value="213"/>
				<param name="ondown" value="215"/>
				<param name="headline" value="$INFO[Skin.String(UserTVShowWidget1_name)]"/>
				<param name="widget_target" value="$INFO[Skin.String(UserTVShowWidget1_target)]"/>
				<param name="content" value="$VAR[UserTVShowWidget1_content]"/>
			</include>
			<include condition="String.IsEqual(Skin.String(UserTVShowWidget1_layout),HomeSquareWidget)" content="HomeSquareWidget">
				<param name="visible" value="Skin.HasSetting(UserTVShowWidget1)"/>
				<param name="id" value="214"/>
				<param name="onup" value="213"/>
				<param name="ondown" value="215"/>
				<param name="headline" value="$INFO[Skin.String(UserTVShowWidget1_name)]"/>
				<param name="widget_target" value="$INFO[Skin.String(UserTVShowWidget1_target)]"/>
				<param name="content" value="$VAR[UserTVShowWidget1_content]"/>
			</include>
			<!-- User Widget 2 -->
			<include condition="String.IsEqual(Skin.String(UserTVShowWidget2_layout),HomePosterWidget) | String.IsEmpty(Skin.String(UserTVShowWidget2_layout))" content="HomePosterWidget">
				<param name="visible" value="Skin.HasSetting(UserTVShowWidget2)"/>
				<param name="id" value="215"/>
				<param name="onup" value="214"/>
				<param name="ondown" value="216"/>
				<param name="headline" value="$INFO[Skin.String(UserTVShowWidget2_name)]"/>
				<param name="widget_target" value="$INFO[Skin.String(UserTVShowWidget2_target)]"/>
				<param name="content" value="$VAR[UserTVShowWidget2_content]"/>
			</include>
			<include condition="String.IsEqual(Skin.String(UserTVShowWidget2_layout),HomeWideWidget)" content="HomeWideWidget">
				<param name="visible" value="Skin.HasSetting(UserTVShowWidget2)"/>
				<param name="id" value="215"/>
				<param name="onup" value="214"/>
				<param name="ondown" value="216"/>
				<param name="headline" value="$INFO[Skin.String(UserTVShowWidget2_name)]"/>
				<param name="widget_target" value="$INFO[Skin.String(UserTVShowWidget2_target)]"/>
				<param name="content" value="$VAR[UserTVShowWidget2_content]"/>
			</include>
			<include condition="String.IsEqual(Skin.String(UserTVShowWidget2_layout),HomeSquareWidget)" content="HomeSquareWidget">
				<param name="visible" value="Skin.HasSetting(UserTVShowWidget2)"/>
				<param name="id" value="215"/>
				<param name="onup" value="214"/>
				<param name="ondown" value="216"/>
				<param name="headline" value="$INFO[Skin.String(UserTVShowWidget2_name)]"/>
				<param name="widget_target" value="$INFO[Skin.String(UserTVShowWidget2_target)]"/>
				<param name="content" value="$VAR[UserTVShowWidget2_content]"/>
			</include>
			<!-- User Widget 3 -->
			<include condition="String.IsEqual(Skin.String(UserTVShowWidget3_layout),HomePosterWidget) | String.IsEmpty(Skin.String(UserTVShowWidget3_layout))" content="HomePosterWidget">
				<param name="visible" value="Skin.HasSetting(UserTVShowWidget3)"/>
				<param name="id" value="216"/>
				<param name="onup" value="215"/>
				<param name="ondown" value="217"/>
				<param name="headline" value="$INFO[Skin.String(UserTVShowWidget3_name)]"/>
				<param name="widget_target" value="$INFO[Skin.String(UserTVShowWidget3_target)]"/>
				<param name="content" value="$VAR[UserTVShowWidget3_content]"/>
			</include>
			<include condition="String.IsEqual(Skin.String(UserTVShowWidget3_layout),HomeWideWidget)" content="HomeWideWidget">
				<param name="visible" value="Skin.HasSetting(UserTVShowWidget3)"/>
				<param name="id" value="216"/>
				<param name="onup" value="215"/>
				<param name="ondown" value="217"/>
				<param name="headline" value="$INFO[Skin.String(UserTVShowWidget3_name)]"/>
				<param name="widget_target" value="$INFO[Skin.String(UserTVShowWidget3_target)]"/>
				<param name="content" value="$VAR[UserTVShowWidget3_content]"/>
			</include>
			<include condition="String.IsEqual(Skin.String(UserTVShowWidget3_layout),HomeSquareWidget)" content="HomeSquareWidget">
				<param name="visible" value="Skin.HasSetting(UserTVShowWidget3)"/>
				<param name="id" value="216"/>
				<param name="onup" value="215"/>
				<param name="ondown" value="217"/>
				<param name="headline" value="$INFO[Skin.String(UserTVShowWidget3_name)]"/>
				<param name="widget_target" value="$INFO[Skin.String(UserTVShowWidget3_target)]"/>
				<param name="content" value="$VAR[UserTVShowWidget3_content]"/>
			</include>
			<!-- User Widget 4 -->
			<include condition="String.IsEqual(Skin.String(UserTVShowWidget4_layout),HomePosterWidget) | String.IsEmpty(Skin.String(UserTVShowWidget4_layout))" content="HomePosterWidget">
				<param name="visible" value="Skin.HasSetting(UserTVShowWidget4)"/>
				<param name="id" value="217"/>
				<param name="onup" value="216"/>
				<param name="ondown" value="218"/>
				<param name="headline" value="$INFO[Skin.String(UserTVShowWidget4_name)]"/>
				<param name="widget_target" value="$INFO[Skin.String(UserTVShowWidget4_target)]"/>
				<param name="content" value="$VAR[UserTVShowWidget4_content]"/>
			</include>
			<include condition="String.IsEqual(Skin.String(UserTVShowWidget4_layout),HomeWideWidget)" content="HomeWideWidget">
				<param name="visible" value="Skin.HasSetting(UserTVShowWidget4)"/>
				<param name="id" value="217"/>
				<param name="onup" value="216"/>
				<param name="ondown" value="218"/>
				<param name="headline" value="$INFO[Skin.String(UserTVShowWidget4_name)]"/>
				<param name="widget_target" value="$INFO[Skin.String(UserTVShowWidget4_target)]"/>
				<param name="content" value="$VAR[UserTVShowWidget4_content]"/>
			</include>
			<include condition="String.IsEqual(Skin.String(UserTVShowWidget4_layout),HomeSquareWidget)" content="HomeSquareWidget">
				<param name="visible" value="Skin.HasSetting(UserTVShowWidget4)"/>
				<param name="id" value="217"/>
				<param name="onup" value="216"/>
				<param name="ondown" value="218"/>
				<param name="headline" value="$INFO[Skin.String(UserTVShowWidget4_name)]"/>
				<param name="widget_target" value="$INFO[Skin.String(UserTVShowWidget4_target)]"/>
				<param name="content" value="$VAR[UserTVShowWidget4_content]"/>
			</include>
			<!-- User Widget 5 -->
			<include condition="String.IsEqual(Skin.String(UserTVShowWidget5_layout),HomePosterWidget) | String.IsEmpty(Skin.String(UserTVShowWidget5_layout))" content="HomePosterWidget">
				<param name="visible" value="Skin.HasSetting(UserTVShowWidget5)"/>
				<param name="id" value="218"/>
				<param name="onup" value="217"/>
				<param name="ondown" value="219"/>
				<param name="headline" value="$INFO[Skin.String(UserTVShowWidget5_name)]"/>
				<param name="widget_target" value="$INFO[Skin.String(UserTVShowWidget5_target)]"/>
				<param name="content" value="$VAR[UserTVShowWidget5_content]"/>
			</include>
			<include condition="String.IsEqual(Skin.String(UserTVShowWidget5_layout),HomeWideWidget)" content="HomeWideWidget">
				<param name="visible" value="Skin.HasSetting(UserTVShowWidget5)"/>
				<param name="id" value="218"/>
				<param name="onup" value="217"/>
				<param name="ondown" value="219"/>
				<param name="headline" value="$INFO[Skin.String(UserTVShowWidget5_name)]"/>
				<param name="widget_target" value="$INFO[Skin.String(UserTVShowWidget5_target)]"/>
				<param name="content" value="$VAR[UserTVShowWidget5_content]"/>
			</include>
			<include condition="String.IsEqual(Skin.String(UserTVShowWidget5_layout),HomeSquareWidget)" content="HomeSquareWidget">
				<param name="visible" value="Skin.HasSetting(UserTVShowWidget5)"/>
				<param name="id" value="218"/>
				<param name="onup" value="217"/>
				<param name="ondown" value="219"/>
				<param name="headline" value="$INFO[Skin.String(UserTVShowWidget5_name)]"/>
				<param name="widget_target" value="$INFO[Skin.String(UserTVShowWidget5_target)]"/>
				<param name="content" value="$VAR[UserTVShowWidget5_content]"/>
			</include>
			<!-- User Widget 6 -->
			<include condition="String.IsEqual(Skin.String(UserTVShowWidget6_layout),HomePosterWidget) | String.IsEmpty(Skin.String(UserTVShowWidget6_layout))" content="HomePosterWidget">
				<param name="visible" value="Skin.HasSetting(UserTVShowWidget6)"/>
				<param name="id" value="219"/>
				<param name="onup" value="218"/>
				<param name="ondown" value="SetProperty(BounceDown,1,home)"/>
				<param name="headline" value="$INFO[Skin.String(UserTVShowWidget6_name)]"/>
				<param name="widget_target" value="$INFO[Skin.String(UserTVShowWidget6_target)]"/>
				<param name="content" value="$VAR[UserTVShowWidget6_content]"/>
			</include>
			<include condition="String.IsEqual(Skin.String(UserTVShowWidget6_layout),HomeWideWidget)" content="HomeWideWidget">
				<param name="visible" value="Skin.HasSetting(UserTVShowWidget6)"/>
				<param name="id" value="219"/>
				<param name="onup" value="218"/>
				<param name="ondown" value="SetProperty(BounceDown,1,home)"/>
				<param name="headline" value="$INFO[Skin.String(UserTVShowWidget6_name)]"/>
				<param name="widget_target" value="$INFO[Skin.String(UserTVShowWidget6_target)]"/>
				<param name="content" value="$VAR[UserTVShowWidget6_content]"/>
			</include>
			<include condition="String.IsEqual(Skin.String(UserTVShowWidget6_layout),HomeSquareWidget)" content="HomeSquareWidget">
				<param name="visible" value="Skin.HasSetting(UserTVShowWidget6)"/>
				<param name="id" value="219"/>
				<param name="onup" value="218"/>
				<param name="ondown" value="SetProperty(BounceDown,1,home)"/>
				<param name="headline" value="$INFO[Skin.String(UserTVShowWidget6_name)]"/>
				<param name="widget_target" value="$INFO[Skin.String(UserTVShowWidget6_target)]"/>
				<param name="content" value="$VAR[UserTVShowWidget6_content]"/>
			</include>

		</control>
		<!-- scrollbar -->
		<include content="ScrollbarVertical">
			<param name="visible" value="!Skin.HasSetting(HideScrollbars)"/>
		</include>
		<!-- header bar -->
		<include content="HeaderBar">
			<param name="id">10</param>
		</include>
		<!-- side panel -->
		<include content="SidePanel"/>
	</controls>
</window>
