<?xml version="1.0" encoding="UTF-8"?>
<window>
	<onload>Skin.SetBool(SkinHelper.EnableMusicArt)</onload>
	<onload>Skin.SetString(SkinHelper.RandomFanartDelay,20)</onload>
	<onload condition="!Skin.HasSetting(EmbuaryFirstRun)">ReplaceWindow(1119)</onload>
	<onload condition="Skin.HasSetting(EmbuaryFirstRun)">ReplaceWindow($INFO[System.StartupWindow])</onload>
	<onload condition="!System.HasAddon(script.globalsearch)">InstallAddon(script.globalsearch)</onload>
	<onload condition="!System.HasAddon(script.skin.helper.service)">InstallAddon(script.skin.helper.service)</onload>
	<onload condition="!System.HasAddon(script.skin.helper.widgets)">InstallAddon(script.skin.helper.widgets)</onload>
	<onload condition="!System.HasAddon(plugin.program.autocompletion)">InstallAddon(plugin.program.autocompletion)</onload>
	<onload condition="!System.HasAddon(script.skinshortcuts)">InstallAddon(script.skinshortcuts)</onload>
	<onload condition="!System.HasAddon(resource.images.weathericons.outline-hd)">InstallAddon(resource.images.weathericons.outline-hd)</onload>
	<onload condition="!System.HasAddon(script.toolbox)">InstallAddon(script.toolbox)</onload>
	<onload condition="!System.HasAddon(script.skin.helper.backgrounds)">InstallAddon(script.skin.helper.backgrounds)</onload>
	<controls />
</window>
