<?xml version="1.0" encoding="UTF-8" standalone="yes"?>
<addon id="plugin.video.maxdome" name="maxdome" version="1.0.3" provider-name="frankr612">
  <requires>
    <import addon="xbmc.python" version="2.1.0"/>
	<import addon="script.module.beautifulsoup" version="3.2.1"/>
    <import addon="script.module.requests" version="2.9.1"/>
    <import addon="script.module.routing" version="0.2.0"></import>
  </requires>
  <extension point="xbmc.python.pluginsource" library="default.py">
    <provides>video</provides>
  </extension>
  <extension point="xbmc.addon.metadata">
    <summary lang="de">Maxdome</summary>
    <description lang="de">Addon für Maxdome Abonnenten</description>
    <disclaimer lang="de">Achtung: Dies ist kein offizielles Addon und wird von der Maxdome GmbH nicht unterstützt</disclaimer>
    <language></language>
    <platform>all</platform>
    <license></license>
    <forum></forum>
    <website></website>
    <email></email>
    <source></source>
  </extension>
</addon>
