<?xml version="1.0" encoding="UTF-8"?>
<addon id="plugin.video.jim_panse_gamer" name="JimPanseGamer" version="2.0.2" provider-name="">
    <requires>
        <import addon="xbmc.python" version="2.1.0"/>
        <import addon="plugin.video.youtube" version="1.0.0"/>
    </requires>
    <extension point="xbmc.python.pluginsource" library="default.py">
        <provides>video</provides>
    </extension>
    <extension point="xbmc.addon.metadata">
        <platform>all</platform>
        <summary lang="en">JimPanseGamer</summary>
        <language></language>
        <description lang="en">JimPanseGamer</description>
    <platform>all</platform>
    </extension>
</addon>
