<?xml version="1.0" encoding="UTF-8"?>
<window id="1164">
	<defaultcontrol always="true">100</defaultcontrol>
	<menucontrol>6666</menucontrol>
	<backgroundcolor>background</backgroundcolor>
	<controls>
		<include condition="String.IsEqual(Window(home).Property(plugin.video.embycon-view_item.4.type),movies)" content="EmbyConHubMovieTemplate">
			<param name="nr" value="4"/>
		</include>
		<include condition="String.IsEqual(Window(home).Property(plugin.video.embycon-view_item.4.type),tvshows)" content="EmbyConHubTVShowTemplate">
			<param name="nr" value="4"/>
		</include>
	</controls>
</window>
