<?xml version="1.0" encoding="UTF-8"?>
<includes>
	<include name="Square_View_52">
		<param name="mainlabel">$VAR[MainListLabel]</param>
		<param name="sublabel">$VAR[SubListLabel]</param>
		<definition>
			<control type="group">
				<include>Visible_OpenClose</include>
				<visible>Control.IsVisible(52)</visible>
				<control id="52" type="panel">
					<visible>$EXP[SquareViewVisible]</visible>
					<width>1920</width>
					<height>1080</height>
					<onright condition="Control.IsVisible(7000)">SetFocus(7000)</onright>
					<onright>noop</onright>
					<onup>SetFocus(6666)</onup>
					<include>Bounce_Up_Down</include>
					<ondown>SetProperty(BounceDown,1,home)</ondown>
					<onleft>900</onleft>
					<scrolltime tween="sine" easing="out">400</scrolltime>
					<orientation>vertical</orientation>
					<preloaditems>4</preloaditems>
					<defaultcontrol always="true">0</defaultcontrol>
					<viewtype label="$LOCALIZE[31005]">panel</viewtype>
					<pagecontrol>17</pagecontrol>
					<itemlayout width="360" height="440">
						<control type="group">
							<left>70</left>
							<top>150</top>
							<include content="SquareLayout_Size2">
								<param name="mainlabel" value="$PARAM[mainlabel]" />
								<param name="thumblabel" value="$PARAM[mainlabel]" />
								<param name="sublabel" value="$PARAM[sublabel]" />
								<param name="focused" value="false" />
								<param name="id" value="52" />
							</include>
						</control>
					</itemlayout>
					<focusedlayout width="360" height="440">
						<include>SetPropertyOnFocus</include>
						<control type="group">
							<left>70</left>
							<top>150</top>
							<include content="SquareLayout_Size2">
								<param name="mainlabel" value="$PARAM[mainlabel]" />
								<param name="thumblabel" value="$PARAM[mainlabel]" />
								<param name="sublabel" value="$PARAM[sublabel]" />
								<param name="focused" value="true" />
								<param name="id" value="52" />
							</include>
						</control>
					</focusedlayout>
				</control>
			</control>
		</definition>
	</include>
</includes>