<?xml version="1.0" encoding="UTF-8" standalone="yes"?>
<addon id="service.smartdns" name="SmartDNS Updater" version="1.0.4" provider-name="Steffen Rolapp">
  <requires>
    <import addon="xbmc.python" version="2.14.0"/>
    <import addon="xbmc.addon" version="13.0.0" />
  </requires>
  <extension point="xbmc.service" library="service.py" start="login" />
  <extension point="xbmc.addon.metadata">
    <platform>all</platform>
    <summary lang="en"></summary>
    <description lang="en_GB">Updater for Smart-DNS-Services</description>
  </extension>
</addon>
