<?xml version="1.0" encoding="UTF-8" standalone="yes"?>
<addon id="service.rsspopup" name="Rss Popus" version="0.1" provider-name="L0RE">
    <requires>
        <import addon="xbmc.python" version="2.19.0"/>			       
	    <import addon="script.module.feedparser" version="5.1.3"/>
        <import addon="script.module.requests" version="2.3.0"/>
    </requires>
    <extension point="xbmc.service" library="service.py" start="login" />
	
	<extension point="xbmc.python.pluginsource" library="service.py" >
	    <provides>executable</provides>
    </extension>
    <extension point="xbmc.addon.metadata">
    <summary lang="en">Shows RSS Feed in Overlay WIndows</summary>
    <summary lang="de">Zeigt Rss Updates in PupupFensterann</summary>
    <description lang="en">Shows RSS Feed in Overlay WIndows</description>
    <description lang="de">Zeigt Rss Updates in PupupFensterann</description>
    <website></website>
    <source>https://github.com/kodinerds/repo/tree/master/service.rsspopup/</source>
    <forum>http://www.kodinerds.net/</forum>
    <email>andreas at vogler dot name</email>
    <platform>all</platform>
  </extension>
</addon>
