<?xml version="1.0" encoding="UTF-8"?>
<window>
	<!-- textviewer -->
	<zorder>100</zorder>
	<defaultcontrol always="true">3000</defaultcontrol>
	<onunload condition="String.IsEqual(Window(home).Property(OpenTextViewer),1)">SetFocus(50)</onunload>
	<onunload condition="String.IsEqual(Window(home).Property(OpenTextViewer),2)">SetFocus(100)</onunload>
	<onunload condition="!String.IsEmpty(Window(home).Property(SearchOpenTextViewer))">$VAR[SearchSetFocus]</onunload>
	<onunload>ClearProperty(OpenTextViewer,home)</onunload>
	<onunload>ClearProperty(NoLabel,home)</onunload>
	<controls>
		<!-- Heading -->
		<control id="1" type="label">
			<font>-</font>
		</control>
		<!-- Heading -->
		<control id="5" type="textbox">
			<font>-</font>
		</control>
		<!-- Background -->
		<include>DialogTextBackgroundImage</include>
		<control type="group">
			<animation reversible="true" type="WindowOpen">
				<effect center="auto" easing="inout" end="100" start="92" time="120" tween="sine" type="zoom" />
				<effect easing="inout" end="100" start="0" time="120" tween="sine" type="fade" />
			</animation>
			<animation reversible="true" type="WindowClose">
				<effect center="auto" easing="inout" end="92" start="100" time="120" tween="sine" type="zoom" />
				<effect easing="inout" end="0" start="100" time="120" tween="sine" type="fade" />
			</animation>
			<!-- Plot background -->
			<control type="image">
				<centerleft>50%</centerleft>
				<centertop>50%</centertop>
				<width>973</width>
				<height>760</height>
				<texture border="4,7,4,7">views/text_viewer_background.png</texture>
			</control>
			<control id="10" type="textbox">
				<centerleft>50%</centerleft>
				<centertop>50%</centertop>
				<width>788</width>
				<height>452</height>
				<align>left</align>
				<font>Reg36Spaced</font>
				<pagecontrol>3000</pagecontrol>
				<autoscroll>false</autoscroll>
				<textcolor>ffdadada</textcolor>
				<label>$INFO[Control.GetLabel(5),[LIGHT],[/LIGHT]]</label>
				<visible>!String.IsEmpty(Window(home).Property(NoLabel))</visible>
			</control>
			<control id="10" type="textbox">
				<centerleft>50%</centerleft>
				<centertop>50%</centertop>
				<width>788</width>
				<height>452</height>
				<align>left</align>
				<font>Reg36Spaced</font>
				<pagecontrol>3000</pagecontrol>
				<autoscroll>false</autoscroll>
				<textcolor>ffdadada</textcolor>
				<label>$INFO[Control.GetLabel(1),[B],[/B][CR]]$INFO[Control.GetLabel(5),[LIGHT],[/LIGHT]]</label>
				<visible>String.IsEmpty(Window(home).Property(NoLabel))</visible>
			</control>	
			<!-- Arrow up -->
			<control type="image">
				<left>942</left>
				<top>216</top>
				<width>36</width>
				<height>20</height>
				<texture>views/arrow_up.png</texture>
				<visible>Container(10).HasPrevious</visible>
				<animation delay="80" effect="fade" end="100" start="0" time="120">Visible</animation>
				<animation delay="80" effect="fade" end="0" start="100" time="120">Hidden</animation>
			</control>
			<!-- Arrow down -->
			<control type="image">
				<left>942</left>
				<top>844</top>
				<width>36</width>
				<height>20</height>
				<texture>views/arrow_down.png</texture>
				<visible>Container(10).HasNext</visible>
				<animation delay="80" effect="fade" end="100" start="0" time="120">Visible</animation>
				<animation delay="80" effect="fade" end="0" start="100" time="120">Hidden</animation>
			</control>
			<!-- Scrollbar -->
			<control id="3000" type="scrollbar">
				<left>1394</left>
				<centertop>50%</centertop>
				<width>8</width>
				<height>446</height>
				<onup>noop</onup>
				<ondown>noop</ondown>
				<onleft>Close</onleft>
				<onright>Close</onright>
				<showonepage>false</showonepage>
				<orientation>vertical</orientation>
				<texturesliderbarfocus border="3">common/Scrollbar.png</texturesliderbarfocus>
				<visible allowhiddenfocus="true">Control.HasFocus(3000)</visible>
				<animation condition="System.IdleTime(1)" effect="fade" end="0" start="100" time="200">Conditional</animation>
			</control>
		</control>
	</controls>
</window>