<?xml version="1.0" encoding="UTF-8"?>
<window>
	<!-- pvr channel manager -->
	<defaultcontrol always="true">29</defaultcontrol>
	<onload>SetProperty(HideNowPlaying,1,home)</onload>
	<onunload>ClearProperty(HideNowPlaying,home)</onunload>
	<controls>
		<include>DialogBackgroundImage</include>
		<!-- Hidden Controls -->
		<control type="radiobutton" id="25">
			<include>HiddenControl</include>
			<radiowidth>-</radiowidth>
			<radioheight>-</radioheight>
			<radioposx>-</radioposx>
			<textureradioonfocus>-</textureradioonfocus>
			<textureradioonnofocus>-</textureradioonnofocus>
			<textureradioondisabled>-</textureradioondisabled>
			<textureradioofffocus>-</textureradioofffocus>
			<textureradiooffnofocus>-</textureradiooffnofocus>
			<textureradiooffdisabled>-</textureradiooffdisabled>
			<label>Hide</label>
			<label2>-</label2>
			<onfocus>select</onfocus>
			<onfocus>SetFocus(9002)</onfocus>
		</control>
		<!-- Main group -->
		<control type="group">
			<centerleft>50%</centerleft>
			<centertop>50%</centertop>
			<width>1744</width>
			<height>901</height>
			<include>DialogZoomAnimation</include>
			<control type="image">
				<width>1744</width>
				<height>901</height>
				<texture>dialogs/pvr_groupmanager_back.png</texture>
			</control>
			<!-- Heading -->
			<control type="label">
				<left>40</left>
				<top>14</top>
				<height>30</height>
				<width>1540</width>
				<aligny>center</aligny>
				<font>Bold30</font>
				<label>$LOCALIZE[19146] [LIGHT][COLOR ff636364]$INFO[Container(13).NumItems, | ][/COLOR][/LIGHT]</label>
				<textcolor>ffdadada</textcolor>
			</control>
			<control type="label">
				<left>488</left>
				<top>14</top>
				<height>30</height>
				<width>1540</width>
				<aligny>center</aligny>
				<font>Bold30</font>
				<label>$LOCALIZE[31361] [LIGHT][COLOR ff636364]$INFO[Container(11).NumItems, | ][/COLOR][/LIGHT]</label>
				<textcolor>ffdadada</textcolor>
			</control>
			<control type="label">
				<left>936</left>
				<top>14</top>
				<height>30</height>
				<width>1540</width>
				<aligny>center</aligny>
				<font>Bold30</font>
				<label>$LOCALIZE[19145] [LIGHT][COLOR ff636364]$INFO[Container(12).NumItems, | ][/COLOR][/LIGHT]</label>
				<textcolor>ffdadada</textcolor>
			</control>
			<!-- Left list -->
			<control type="list" id="13">
				<top>60</top>
				<width>448</width>
				<height>840</height>
				<onleft>close</onleft>
				<onright>11</onright>
				<onup>noop</onup>
				<ondown>noop</ondown>
				<scrolltime>0</scrolltime>
				<itemlayout height="84" width="448">
					<control type="image">
						<width>448</width>
						<height>84</height>
						<texture border="3">settings/button_no_focus.png</texture>
					</control>
					<control type="label">
						<width>448</width>
						<height>84</height>
						<textoffsetx>40</textoffsetx>
						<font>Light32</font>
						<textcolor>ff505153</textcolor>
						<label>$INFO[ListItem.Label]</label>
					</control>
				</itemlayout>
				<focusedlayout height="84" width="448">
					<control type="image">
						<width>448</width>
						<height>84</height>
						<texture border="3">settings/button_no_focus.png</texture>
						<visible>!Control.HasFocus(13)</visible>
					</control>
					<control type="image">
						<width>448</width>
						<height>84</height>
						<texture border="3">settings/button_focus.png</texture>
						<visible>Control.HasFocus(13)</visible>
					</control>
					<control type="label">
						<width>448</width>
						<height>84</height>
						<textoffsetx>40</textoffsetx>
						<font>Light32</font>
						<textcolor>ff505153</textcolor>
						<selectedcolor>ff505153</selectedcolor>
						<label>$INFO[ListItem.Label]</label>
						<visible>!Control.HasFocus(13)</visible>
					</control>
					<control type="label">
						<width>448</width>
						<height>84</height>
						<textoffsetx>40</textoffsetx>
						<font>Light32</font>
						<textcolor>ffffaf37</textcolor>
						<label>$INFO[ListItem.Label]</label>
						<visible>Control.HasFocus(13)</visible>
					</control>
				</focusedlayout>
			</control>
			<!-- Middle list -->
			<control type="list" id="11">
				<top>60</top>
				<left>448</left>
				<width>448</width>
				<height>840</height>
				<onleft>13</onleft>
				<onright>12</onright>
				<onup>noop</onup>
				<ondown>noop</ondown>
				<scrolltime>0</scrolltime>
				<itemlayout height="84" width="448">
					<control type="image">
						<width>448</width>
						<height>84</height>
						<texture border="3">settings/button_no_focus.png</texture>
					</control>
					<control type="label">
						<width>448</width>
						<height>84</height>
						<textoffsetx>40</textoffsetx>
						<font>Light32</font>
						<textcolor>ff505153</textcolor>
						<selectedcolor>ff505153</selectedcolor>
						<label>$INFO[ListItem.ChannelName]</label>
					</control>
				</itemlayout>
				<focusedlayout height="84" width="448">
					<control type="image">
						<width>448</width>
						<height>84</height>
						<texture border="3">settings/button_no_focus.png</texture>
						<visible>!Control.HasFocus(11)</visible>
					</control>
					<control type="image">
						<width>448</width>
						<height>84</height>
						<texture border="3">settings/button_focus.png</texture>
						<visible>Control.HasFocus(11)</visible>
					</control>
					<control type="label">
						<width>448</width>
						<height>84</height>
						<textoffsetx>40</textoffsetx>
						<font>Light32</font>
						<textcolor>ff505153</textcolor>
						<selectedcolor>ff505153</selectedcolor>
						<label>$INFO[ListItem.ChannelName]</label>
						<visible>!Control.HasFocus(11)</visible>
					</control>
					<control type="label">
						<width>448</width>
						<height>84</height>
						<textoffsetx>40</textoffsetx>
						<font>Light32</font>
						<textcolor>ffffaf37</textcolor>
						<selectedcolor>ffffaf37</selectedcolor>
						<label>$INFO[ListItem.ChannelName]</label>
						<visible>Control.HasFocus(11)</visible>
					</control>
				</focusedlayout>
			</control>
			<!-- Right list -->
			<control type="list" id="12">
				<left>896</left>
				<top>60</top>
				<width>448</width>
				<height>840</height>
				<onleft>11</onleft>
				<onright>29</onright>
				<onup>noop</onup>
				<ondown>noop</ondown>
				<scrolltime>0</scrolltime>
				<itemlayout height="84" width="448">
					<control type="image">
						<width>448</width>
						<height>84</height>
						<texture border="3">settings/button_no_focus.png</texture>
					</control>
					<control type="label">
						<width>448</width>
						<height>84</height>
						<textoffsetx>40</textoffsetx>
						<font>Light32</font>
						<textcolor>ff505153</textcolor>
						<selectedcolor>ff505153</selectedcolor>
						<label>$INFO[ListItem.ChannelNumber,,. ]$INFO[ListItem.ChannelName]</label>
					</control>
				</itemlayout>
				<focusedlayout height="84" width="448">
					<control type="image">
						<width>448</width>
						<height>84</height>
						<texture border="3">settings/button_no_focus.png</texture>
						<visible>!Control.HasFocus(12)</visible>
					</control>
					<control type="image">
						<width>448</width>
						<height>84</height>
						<texture border="3">settings/button_focus.png</texture>
						<visible>Control.HasFocus(12)</visible>
					</control>
					<control type="label">
						<width>448</width>
						<height>84</height>
						<textoffsetx>40</textoffsetx>
						<font>Light32</font>
						<textcolor>ff505153</textcolor>
						<selectedcolor>ff505153</selectedcolor>
						<label>$INFO[Control.GetLabel2(24)]$INFO[ListItem.ChannelNumber,,. ]$INFO[ListItem.ChannelName]</label>
						<visible>!Control.HasFocus(12)</visible>
					</control>
					<control type="label">
						<width>448</width>
						<height>84</height>
						<textoffsetx>40</textoffsetx>
						<font>Light32</font>
						<textcolor>ffffaf37</textcolor>
						<selectedcolor>ffffaf37</selectedcolor>
						<label>$INFO[ListItem.ChannelNumber,,. ]$INFO[ListItem.ChannelName]</label>
						<visible>Control.HasFocus(12)</visible>
					</control>
				</focusedlayout>
			</control>
			<!-- Button grouplist -->
			<control type="grouplist" id="9001">
				<right>24</right>
				<bottom>12</bottom>
				<width>351</width>
				<height>380</height>
				<itemgap>0</itemgap>
				<onleft>12</onleft>
				<onright>close</onright>
				<onup>noop</onup>
				<ondown>noop</ondown>
				<align>center</align>
				<orientation>vertical</orientation>
				<!-- Delete Button -->
				<control type="button" id="28">
					<width>351</width>
					<height>76</height>
					<align>center</align>
					<aligny>top</aligny>
					<font>Med24</font>
					<onup>13</onup>
					<textoffsetx>23</textoffsetx>
					<textoffsety>27</textoffsety>
					<label>$LOCALIZE[31360]</label>
				</control>
				<!-- Hide Button -->
				<control type="button" id="9002" >
					<width>351</width>
					<height>76</height>
					<align>center</align>
					<aligny>top</aligny>
					<font>Med24</font>
					<onup>13</onup>
					<textoffsetx>23</textoffsetx>
					<textoffsety>27</textoffsety>
					<label>$VAR[GroupManagerHideStatus]</label>
					<onclick>SetFocus(25)</onclick>
				</control>
				<!-- Rename Button -->
				<control type="button" id="27">
					<width>351</width>
					<height>76</height>
					<align>center</align>
					<aligny>top</aligny>
					<font>Med24</font>
					<onup>13</onup>
					<textoffsetx>23</textoffsetx>
					<textoffsety>27</textoffsety>
					<label>$LOCALIZE[31359]</label>
				</control>
				<!-- Add Button -->
				<control type="button" id="26">
					<width>351</width>
					<height>76</height>
					<align>center</align>
					<aligny>top</aligny>
					<font>Med24</font>
					<onup>13</onup>
					<textoffsetx>23</textoffsetx>
					<textoffsety>27</textoffsety>
					<label>$LOCALIZE[31358]</label>
				</control>
				<!-- OK Button -->
				<control type="button" id="29">
					<width>351</width>
					<height>76</height>
					<align>center</align>
					<aligny>top</aligny>
					<font>Med24</font>
					<onup>13</onup>
					<textoffsetx>23</textoffsetx>
					<textoffsety>27</textoffsety>
					<label>186</label>
				</control>
			</control>
			<control type="image">
				<bottom>1</bottom>
				<left>448</left>
				<width>448</width>
				<height>84</height>
				<texture border="3">settings/button_no_focus.png</texture>
				<visible>Integer.IsLess(Container(11).NumItems,10)</visible>
			</control>
			<control type="image">
				<top>60</top>
				<left>448</left>
				<width>40</width>
				<height>840</height>
				<texture border="0,20,0,0">common/shadow.png</texture>
			</control>
			<control type="image">
				<top>60</top>
				<left>896</left>
				<width>40</width>
				<height>840</height>
				<texture border="0,20,0,0">common/shadow.png</texture>
			</control>
		</control>
	</controls>
</window>