<?xml version="1.0" encoding="UTF-8" standalone="yes"?>
<addon id="plugin.video.cinetrailer.tv" name="CineTrailer.tv" version="0.0.8" provider-name="L0RE">
    <requires>
        <import addon="xbmc.python" version="2.19.0"/>
    </requires>
    <extension point="xbmc.python.pluginsource" library="default.py">
        <provides>video</provides>
    </extension>
    <extension point="xbmc.addon.metadata">
        <platform>all</platform>
        <summary lang="de">CineTrailer.tv</summary>
        <summary lang="en">Cinetrailer.tv</summary>
        <description lang="de">Trailer von CineTrailer.tv</description>
        <description lang="en">Trailer content from CineTrailer.tv</description>
 	<news>v0.0.7  (2016-11-29)
		- Until 0.0.6 Maintained by skatulskijean
                - Now  Maintained by L0RE
                - Fix For Videos
        </news>
    </extension>
</addon>
