﻿<?xml version="1.0" encoding="utf-8" standalone="yes"?>
<addon id="plugin.video.dfb_tv" name="DFB TV" version="2.0.2" provider-name="PUR3/realvito">
	<requires>
		<import addon="xbmc.python" version="2.24.0"/>
	</requires>
	<extension point="xbmc.python.pluginsource" library="default.py">
		<provides>video</provides>
	</extension>
	<extension point="xbmc.addon.metadata">
		<summary lang="de">Videoportal des DFB</summary>
		<summary lang="en">Videoportal of the DFB</summary>
		<description lang="de">Zusammenfassungen von Spielen aus dem deutschen Männer- und Frauenfußball, Livestreams, sonstige Videos mit Bezug zum DFB.</description>
		<description lang="en">Summaries of games from German men's and women's football, livestreams, other videos related to the DFB.</description>
		<disclaimer lang="de">Die von diesem Addon dargestellten Inhalte werden von den Erstellern des Addons weder gehostet oder verbreitet, noch stehen die Ersteller in irgendeiner Beziehung zu den Anbietern des Inhalts.</disclaimer>
		<disclaimer lang="en">The author does not host or distribute any of the content displayed by this addon. The author does not have any affiliation with the content providers.</disclaimer>
		<language></language>
		<platform>all</platform>
		<license>GNU GENERAL PUBLIC LICENSE. Version 2, June 1991</license>
		<forum>https://www.kodinerds.net/index.php/Thread/55451-L0REs-Blog/</forum>
		<website>www.tv.dfb.de</website>
		<email></email>
		<source>https://github.com/kodinerds/repo/tree/master/plugin.video.dfb_tv</source>
		<assets>
			<icon>icon.png</icon>
			<fanart>fanart.jpg</fanart>
		</assets>
		<news>[B][COLOR orangered]Version 2.0.2  (23.02.2019)[/COLOR][/B] by realvito[CR]
- fixed: Livestreams werden NICHT abgespielt
		</news>
	</extension>
</addon>