﻿<?xml version="1.0" encoding="UTF-8"?>
<includes>
  <include name="HomeWidgetsSubmenuAddons">	 	  	
	<control type="group">
	  <left>0</left>
	  <top>0</top>	
	  <visible>ControlGroup(9001).HasFocus | ControlGroup(9010).HasFocus | Control.HasFocus(43445)</visible>
	  <visible>Container(9000).Hasfocus(1) | Container(9000).Hasfocus(2)</visible>
	  <include>widget_inzoom_submenu</include>
	  <control type="panel" id="43445">
          <left>430</left>
		  <top>210</top>
		  <width>1380</width>
		  <height>500</height>
          <onleft>9001</onleft>
          <onright>9001</onright>
		  <onup>43445</onup>
          <ondown>43445</ondown>
          <viewtype>list</viewtype>
		  <orientation>vertical</orientation>
          <focusposition>0</focusposition>
          <pagecontrol>-</pagecontrol>
          <scrolltime>500</scrolltime>
		  <itemlayout width="345" height="230">
            <control type="image">
              <left>5</left>
              <top>5</top>
              <width>330</width>
              <height>210</height>
              <texture background="true">$INFO[ListItem.Thumb]</texture>
			  <bordertexture border="10">ThumbShadow.png</bordertexture>
		      <bordersize>6</bordersize>
              <aspectratio align="left" aligny="top">stretch</aspectratio>
            </control>
			<control type="image">
              <left>11</left>
              <top>126</top>
              <width>318</width>
              <height>83</height>
              <texture background="true">skin/button_klein_tranz70.png</texture>
              <aspectratio>stretch</aspectratio>
			  <colordiffuse>$VAR[ColorButtonDialogeBack]</colordiffuse>
            </control>
			<control type="label">
			  <description>Title label</description>
			  <left>20</left>
			  <top>135</top>
			  <height>200</height>
			  <width>260</width>
			  <label>$INFO[ListItem.Label]</label>
			  <align>left</align>
			  <aligny>left</aligny>
			  <font>primal_15</font>
			  <textcolor>$VAR[ColorFontNormal]</textcolor>
			  <shadowcolor>$VAR[ColorFontShadow]</shadowcolor>
			</control>
			<control type="label">
			  <description>Title label</description>
			  <left>20</left>
			  <top>172</top>
			  <height>200</height>
			  <width>260</width>
			  <label>[COLOR=$VAR[ColorFontSelected]]$INFO[ListItem.Label2][/COLOR]$INFO[ListItem.Property(StartTime), / ]$INFO[ListItem.Property(EndTime), - ]</label>
			  <align>left</align>
			  <aligny>left</aligny>
			  <font>primal_13</font>
			  <textcolor>$VAR[ColorFontNormal]</textcolor>
			  <shadowcolor>$VAR[ColorFontShadow]</shadowcolor>
			</control>
          </itemlayout>
          <focusedlayout width="345" height="230">
		    <control type="image">
              <left>0</left>
              <top>0</top>
              <width>340</width>
              <height>220</height>
              <texture background="true">skin/button_klein.png</texture>
			  <bordertexture border="10">ThumbShadow.png</bordertexture>
		      <bordersize>6</bordersize>
              <aspectratio>stretch</aspectratio>
			  <colordiffuse>$VAR[BackColorButton]</colordiffuse>
			  <visible>Control.HasFocus(43445)</visible>
            </control>
		    <control type="image">
              <left>5</left>
              <top>5</top>
              <width>330</width>
              <height>210</height>
              <texture background="true">$INFO[ListItem.Thumb]</texture>
			  <bordertexture border="10">ThumbShadow.png</bordertexture>
		      <bordersize>6</bordersize>
              <aspectratio align="left" aligny="top">stretch</aspectratio>
            </control>
			<control type="image">
              <left>11</left>
              <top>126</top>
              <width>318</width>
              <height>83</height>
              <texture background="true">skin/button_klein_tranz70.png</texture>
              <aspectratio>stretch</aspectratio>
			  <colordiffuse>$VAR[ColorButtonDialogeBack]</colordiffuse>
            </control>
			<control type="label">
			  <description>Title label</description>
			  <left>20</left>
			  <top>135</top>
			  <height>200</height>
			  <width>260</width>
			  <label>$INFO[ListItem.Label]</label>
			  <align>left</align>
			  <aligny>left</aligny>
			  <font>primal_15</font>
			  <textcolor>$VAR[ColorFontNormal]</textcolor>
			  <shadowcolor>$VAR[ColorFontShadow]</shadowcolor>
			</control>
			<control type="label">
			  <description>Title label</description>
			  <left>20</left>
			  <top>172</top>
			  <height>200</height>
			  <width>260</width>
			  <label>[COLOR=$VAR[ColorFontSelected]]$INFO[ListItem.Label2][/COLOR]$INFO[ListItem.Property(StartTime), / ]$INFO[ListItem.Property(EndTime), - ]</label>
			  <align>left</align>
			  <aligny>left</aligny>
			  <font>primal_13</font>
			  <textcolor>$VAR[ColorFontNormal]</textcolor>
			  <shadowcolor>$VAR[ColorFontShadow]</shadowcolor>
			</control>			
          </focusedlayout>
			  <content target="pvr">plugin://plugin.service.gto?action=getcontent&amp;ts=$INFO[Window(Home).Property(GTO.timestamp)]</content>
			  <onclick>RunScript(plugin.service.gto,action=infopopup&amp;blob=$INFO[ListItem.Property(BlobId)])</onclick>
        </control>
	  </control>
    </include>

</includes>