<?xml version="1.0" encoding="UTF-8" standalone="yes"?>
<addon id="plugin.video.vodster" name="Vodster (dev)" version="0.1" provider-name="L0RE">
    <requires>
        <import addon="xbmc.python" version="2.24.0"/>
        <import addon="script.module.requests" version="2.9.1"/>
        <import addon="script.module.youtube.dl" version="14.810.0"/>        
    </requires>
    <extension point="xbmc.python.pluginsource" library="default.py">
        <provides>video</provides>
    </extension>
  <extension point="xbmc.addon.metadata">
        <platform>all</platform>
        <summary lang="en">Seearch over Multible Germen VIdeo on Demand Pages, Inofficial Plugin</summary>
        <language></language>
        <description lang="en">Seearch over Multible Germen VIdeo on Demand Pages, Inofficial Plugi</description>
        <disclaimer lang="en">-</disclaimer>
        <website>http://www.vodster.de</website>
        <source>https://github.com/kodinerds/repo/tree/master/addons/plugin.video.vodster</source>
        <forum>http://www.kodinerds.net/</forum>
        <email>Andreas at vogler dot name</email>
  </extension>
</addon>
