<?xml version="1.0" encoding="UTF-8"?>
<includes>
	<!-- Expressions -->
	<expression name="ExpInfoDialogActive">[Window.IsVisible(musicinformation) | Window.IsVisible(movieinformation) | Window.IsVisible(addoninformation) | Window.IsVisible(pvrguideinfo) | Window.IsVisible(pvrrecordinginfo) | Window.IsVisible(pictureinfo) | Window.IsVisible(script-script.extendedinfo-DialogVideoInfo.xml) | Window.IsVisible(script-script.extendedinfo-DialogInfo.xml) | Window.IsVisible(script-script.extendedinfo-VideoList.xml)]</expression>
	<!-- FullScreenDimensions -->
	<include name="FullscreenDimensions">
		<width>1920</width>
		<height>1080</height>
	</include>
	<!-- Hidden Control -->
	<include name="HiddenObject">
		<left>-3000</left>
		<top>-3000</top>
		<width>1</width>
		<height>1</height>
		<texturefocus />
		<texturenofocus />
		<label></label>
		<font></font>
	</include>
	<!-- Background -->
	<include name="Background">
		<param name="content">special://skin/playlists/video/RandomMovies.xsp</param>
		<definition>
			<control type="group">
				<control type="list" id="90000">
					<include>HiddenObject</include>
					<itemlayout/>
					<focusedlayout/>
					<content limit="1">$PARAM[content]</content>
					<visible>!Skin.HasSetting(HideBackground)</visible>
				</control>
				<control type="videowindow">
					<include>FullscreenDimensions</include>
					<visible>Player.HasVideo + !Skin.HasSetting(HideBackgroundPlayback)</visible>
				</control>
				<control type="image">
					<include>FullscreenDimensions</include>
					<texture>$VAR[BackgroundSource]</texture>
					<fadetime>400</fadetime>
					<visible>[!Player.HasVideo | Skin.HasSetting(HideBackgroundPlayback)] + !Skin.HasSetting(HideBackground)</visible>
				</control>
				<control type="image">
					<include>FullscreenDimensions</include>
					<texture>common/wp_overlay2.png</texture>
					<animation effect="fade" start="100" end="96" condition="String.IsEqual(Skin.String(BackgroundAlpha),1)" time="0">Conditional</animation>
					<animation effect="fade" start="100" end="92" condition="String.IsEqual(Skin.String(BackgroundAlpha),2)" time="0">Conditional</animation>
					<animation effect="fade" start="100" end="88" condition="String.IsEqual(Skin.String(BackgroundAlpha),3)" time="0">Conditional</animation>
				</control>
			</control>
		</definition>
	</include>
	<!-- No textures -->
	<include name="NoTextures">
		<texturefocus>-</texturefocus>
		<texturenofocus>-</texturenofocus>
		<textureup>-</textureup>
		<texturedown>-</texturedown>
		<textureupfocus>-</textureupfocus>
		<texturedownfocus>-</texturedownfocus>
		<textureupdisabled>-</textureupdisabled>
		<texturedowndisabled>-</texturedowndisabled>
		<textureradioonfocus>-</textureradioonfocus>
		<textureradioonnofocus>-</textureradioonnofocus>
		<textureradioofffocus>-</textureradioofffocus>
		<textureradiooffnofocus>-</textureradiooffnofocus>
		<radiowidth>-</radiowidth>
		<radioheight>-</radioheight>
	</include>
	<!-- Spacer for grouplists -->
	<include name="Spacer">
		<param name="visible" default="false" />
		<param name="width" default="0" />
		<param name="height" default="0" />
		<definition>
			<control type="label">
				<width>$PARAM[width]</width>
				<height>$PARAM[height]</height>
				<font>invisible</font>
				<label>-</label>
				<visible>$PARAM[visible]</visible>
			</control>
		</definition>
	</include>
	<!-- Empty Keyboard Buttons -->
	<include name="EmptyKeyboardButtons">
		<control type="image">
			<width>68</width>
			<height>68</height>
			<align>center</align>
			<aligny>center</aligny>
			<texture border="10" colordiffuse="darkbutton">dialogs/keyboard/keyboard_button_mask.png</texture>
			<animation effect="fade" end="33" start="0" time="0" condition="!Control.IsVisible($PARAM[ID])">Conditional</animation>
		</control>
	</include>
	<!-- Keyboard buttons -->
	<include name="KeyboardButtons">
		<width>68</width>
		<height>68</height>
		<font>med24</font>
		<textoffsetx>15</textoffsetx>
		<textcolor>white</textcolor>
		<disabledcolor>lightgrey</disabledcolor>
		<focusedcolor>white</focusedcolor>
		<shadowcolor>text_shadow</shadowcolor>
		<texturenofocus border="10" colordiffuse="darkbutton">dialogs/keyboard/keyboard_button_mask.png</texturenofocus>
		<texturefocus border="10" colordiffuse="button_focus">dialogs/keyboard/keyboard_button_mask.png</texturefocus>
	</include>
	<!-- Numeric buttons -->
	<include name="NumericButtons">
		<width>148</width>
		<height>148</height>
		<font>med24</font>
		<textoffsetx>15</textoffsetx>
		<textcolor>white</textcolor>
		<disabledcolor>lightgrey</disabledcolor>
		<focusedcolor>white</focusedcolor>
		<shadowcolor>text_shadow</shadowcolor>
		<texturenofocus border="10" colordiffuse="darkbutton">dialogs/keyboard/keyboard_button_mask.png</texturenofocus>
		<texturefocus border="10" colordiffuse="button_focus">dialogs/keyboard/keyboard_button_mask.png</texturefocus>
	</include>
	<!-- Panel -->	
	<include name="ContentPanel">
		<param name="width">400</param>
		<param name="left">0</param>
		<param name="height">100%</param>
		<definition>
			<control type="image">
				<texture colordiffuse="panel">common/white.jpg</texture>
				<width>$PARAM[width]</width>
				<left>$PARAM[left]</left>
				<right>$PARAM[right]</right>
				<top>$PARAM[top]</top>
				<height>$PARAM[height]</height>
			</control>
		</definition>
	</include>
	<!-- Side Menu Button Layout -->
	<include name="SideMenuButton">
		<param name="width">400</param>
		<param name="icon"></param>
		<param name="icon_left">55</param>
		<param name="label_left">100</param>
		<param name="focused">false</param>
		<param name="condition1">true</param>
		<param name="condition2">true</param>
		<param name="condition3">true</param>
		<param name="action1">noop</param>
		<param name="action2">noop</param>
		<param name="action3">noop</param>
		<param name="onright">10</param>
		<param name="visible">true</param>
		<param name="closepanel">true</param>
		<definition>
			<control type="group">
				<visible>$PARAM[visible]</visible>
				<width>$PARAM[width]</width>
				<height>50</height>
				<control type="image">
					<height>50</height>
					<width>$PARAM[width]</width>
					<texture colordiffuse="panel_hover">common/white.jpg</texture>
					<aspectratio>stretch</aspectratio>
					<visible>Control.HasFocus($PARAM[id])</visible>
				</control>
				<control type="label">
					<top>6</top>
					<left>$PARAM[icon_left]</left>
					<height>40</height>
					<aligny>center</aligny>
					<align>left</align>
					<font>Material20</font>
					<textcolor>panel_text</textcolor>
					<shadowcolor>text_shadow</shadowcolor>
					<label>$PARAM[icon]</label>
				</control>
				<control type="button" id="$PARAM[id]">
					<top>5</top>
					<onback>$PARAM[onright]</onback>
					<onup>$PARAM[onup]</onup>
					<onright>$PARAM[onright]</onright>
					<ondown>$PARAM[ondown]</ondown>
					<left>$PARAM[label_left]</left>
					<height>40</height>
					<include>NoTextures</include>
					<align>left</align>
					<aligny>center</aligny>
					<font>Reg22</font>
					<textcolor>panel_text</textcolor>
					<focusedcolor>panel_text</focusedcolor>
					<selectedcolor>panel_text</selectedcolor>
					<shadowcolor>text_shadow</shadowcolor>
					<label>$PARAM[label]</label>
					<onclick condition="$PARAM[closepanel]">right</onclick>
					<onclick>Dialog.Close(all,force)</onclick>
					<onclick condition="$PARAM[condition1]">$PARAM[action1]</onclick>
					<onclick condition="$PARAM[condition2]">$PARAM[action2]</onclick>
					<onclick condition="$PARAM[condition3]">$PARAM[action3]</onclick>
				</control>
			</control>
		</definition>
	</include>
	<!-- Side Menu Headline -->
	<include name="SideMenuHeadline">
		<param name="width">400</param>
		<param name="visible">true</param>
		<definition>
			<control type="group" id="99$PARAM[nr]">
				<visible>$PARAM[visible]</visible>
				<height>55</height>
				<control type="image">
					<top>9</top>
					<height>1</height>
					<width>$PARAM[width]</width>
					<texture colordiffuse="panel_hover">common/white.jpg</texture>
					<aspectratio>stretch</aspectratio>
				</control>
				<!-- headline -->
				<control type="label">
					<top>20</top>
					<width>$PARAM[width]</width>
					<height>50</height>
					<font>Med22</font>
					<textcolor>panel_text</textcolor>
					<label>$PARAM[label]</label>
					<textoffsetx>15</textoffsetx>
				</control>
			</control>
		</definition>
	</include>
	<!-- diffuse -->
	<include name="DiffuseMask">
		<control type="image">
			<include>Visible_Fade</include>
			<include>FullscreenDimensions</include>
			<texture colordiffuse="CC000000">common/white.jpg</texture>
			<aspectratio>stretch</aspectratio>
			<visible>$PARAM[visible]</visible>
			<include>Visible_Fade</include>
		</control>
	</include>
	<!-- Side Menu -->
	<include name="SidePanel">
		<param name="width">400</param>
		<param name="onright">10</param>
		<definition>
			<include content="DiffuseMask">
				<param name="visible">ControlGroup(9999).HasFocus</param>
			</include>
			<control type="group">
				<animation type="Conditional" condition="ControlGroup(9999).HasFocus" reversible="true">
					<effect type="slide" start="0,0" end="$PARAM[width],0" time="400" tween="cubic" easing="inout" />
				</animation>
				<left>-$PARAM[width]</left>
				<!-- background -->
				<include content="ContentPanel">
					<param name="width">$PARAM[width]</param>
					<param name="height">100%</param>
				</include>
				<!-- grouplist -->
				<control type="grouplist" id="9999">
					<top>9</top>
					<width>$PARAM[width]</width>
					<height>1062</height>
					<orientation>vertical</orientation>
					<itemgap>0</itemgap>
					<!--top-->
					<include content="SideMenuButton">
						<param name="id">900</param>
						<param name="onup">noop</param>
						<param name="ondown">901</param>
						<param name="onright">$PARAM[onright]</param>
						<param name="label">31000</param>
						<param name="icon">&#xE88A;</param>
						<param name="action1">ActivateWindow(Home)</param>
					</include>
					<!-- seperator -->
					<include content="SideMenuHeadline">
						<param name="nr">1</param>
						<param name="label">14211</param>
						<param name="visible">!Skin.HasSetting(HideSPMovies) | !Skin.HasSetting(HideSPTVshows) | !Skin.HasSetting(HideSPVideos) | !Skin.HasSetting(HideSPPVR) | !Skin.HasSetting(HideSPMusic) | !Skin.HasSetting(HideSPPictures)</param>
					</include>
					<!--media-->
					<include content="SideMenuButton">
						<param name="id">901</param>
						<param name="onup">900</param>
						<param name="ondown">902</param>
						<param name="onright">$PARAM[onright]</param>
						<param name="label">342</param>
						<param name="icon">&#xE04A;</param>
						<param name="condition1">Library.HasContent(movies)</param>
						<param name="condition2">!Library.HasContent(movies)</param>
						<param name="action1">ActivateWindow(1120)</param>
						<param name="action2">ActivateWindow(Videos,sources://video/,return)</param>
						<param name="visible">!Skin.HasSetting(HideSPMovies)</param>
					</include>
					<include content="SideMenuButton">
						<param name="id">902</param>
						<param name="onup">901</param>
						<param name="ondown">903</param>
						<param name="onright">$PARAM[onright]</param>
						<param name="label">20343</param>
						<param name="icon">&#xE04A;</param>
						<param name="condition1">Library.HasContent(tvshows)</param>
						<param name="condition2">!Library.HasContent(tvshows)</param>
						<param name="action1">ActivateWindow(1121)</param>
						<param name="action2">ActivateWindow(Videos,sources://video/,return)</param>
						<param name="visible">!Skin.HasSetting(HideSPTVshows)</param>
					</include>
					<include content="SideMenuButton">
						<param name="id">903</param>
						<param name="onup">902</param>
						<param name="ondown">904</param>
						<param name="onright">$PARAM[onright]</param>
						<param name="label">3</param>
						<param name="icon">&#xE04A;</param>
						<param name="action1">ActivateWindow(Videos,root)</param>
						<param name="visible">!Skin.HasSetting(HideSPVideos)</param>
					</include>
					<include content="SideMenuButton">
						<param name="id">904</param>
						<param name="onup">903</param>
						<param name="ondown">905</param>
						<param name="onright">$PARAM[onright]</param>
						<param name="label">14204</param>
						<param name="icon">&#xE639;</param>
						<param name="action1">ActivateWindow(1124)</param>
						<param name="visible">!Skin.HasSetting(HideSPPVR)</param>
					</include>
					<include content="SideMenuButton">
						<param name="id">905</param>
						<param name="onup">904</param>
						<param name="ondown">906</param>
						<param name="onright">$PARAM[onright]</param>
						<param name="label">2</param>
						<param name="icon">&#xE030;</param>
						<param name="condition1">Library.HasContent(music)</param>
						<param name="condition2">!Library.HasContent(music)</param>
						<param name="action1">ActivateWindow(1122)</param>
						<param name="action2">ActivateWindow(Music,root,return)</param>
						<param name="visible">!Skin.HasSetting(HideSPMusic)</param>
					</include>
					<include content="SideMenuButton">
						<param name="id">906</param>
						<param name="onup">905</param>
						<param name="ondown">907</param>
						<param name="onright">$PARAM[onright]</param>
						<param name="label">1</param>
						<param name="icon">&#xE413;</param>
						<param name="action1">ActivateWindow(Pictures)</param>
						<param name="visible">!Skin.HasSetting(HideSPPictures)</param>
					</include>
					<!-- seperator -->
					<include content="SideMenuHeadline">
						<param name="nr">2</param>
						<param name="label">31001</param>
						<param name="visible">!Skin.HasSetting(HideSPAddons) | !Skin.HasSetting(HideSPFavourites) | !Skin.HasSetting(HideSPWeather) | System.HasMediaDVD</param>
					</include>
					<!-- misc -->
					<include content="SideMenuButton">
						<param name="id">907</param>
						<param name="onup">906</param>
						<param name="ondown">908</param>
						<param name="onright">$PARAM[onright]</param>
						<param name="label">427</param>
						<param name="icon">&#xE037;</param>
						<param name="action1">PlayDisc</param>
						<param name="visible">System.HasMediaDVD</param>
					</include>
					<include content="SideMenuButton">
						<param name="id">908</param>
						<param name="onup">907</param>
						<param name="ondown">909</param>
						<param name="onright">$PARAM[onright]</param>
						<param name="label">24001</param>
						<param name="icon">&#xE5C3;</param>
						<param name="action1">ActivateWindow(addonbrowser)</param>
						<param name="visible">!Skin.HasSetting(HideSPAddons)</param>
					</include>
					<include content="SideMenuButton">
						<param name="id">909</param>
						<param name="onup">908</param>
						<param name="ondown">910</param>
						<param name="onright">$PARAM[onright]</param>
						<param name="label">10134</param>
						<param name="icon">&#xE838;</param>
						<param name="action1">ActivateWindow(favourites)</param>
						<param name="visible">!Skin.HasSetting(HideSPFavourites)</param>
					</include>
					<include content="SideMenuButton">
						<param name="id">910</param>
						<param name="onup">909</param>
						<param name="ondown">911</param>
						<param name="onright">$PARAM[onright]</param>
						<param name="label">8</param>
						<param name="icon">&#xE430;</param>
						<param name="condition1">!String.IsEmpty(Weather.Plugin)</param>
						<param name="action1">ActivateWindow(Weather)</param>
						<param name="condition2">String.IsEmpty(Weather.Plugin)</param>
						<param name="action2">ReplaceWindow(servicesettings,weather)</param>
						<param name="visible">!Skin.HasSetting(HideSPWeather)</param>
					</include>
					<!-- seperator -->
					<include content="SideMenuHeadline">
						<param name="nr">3</param>
						<param name="label">13000</param>
					</include>
					<!-- system -->
					<include content="SideMenuButton">
						<param name="id">911</param>
						<param name="onup">910</param>
						<param name="ondown">912</param>
						<param name="onright">$PARAM[onright]</param>
						<param name="label">$LOCALIZE[184] ($LOCALIZE[3])</param>
						<param name="icon"></param>
						<param name="action1">UpdateLibrary(video)</param>
						<param name="visible">!Skin.HasSetting(KioskMode) + !Skin.HasSetting(HideSPVideoUpdate)</param>
					</include>
					<include content="SideMenuButton">
						<param name="id">912</param>
						<param name="onup">911</param>
						<param name="ondown">913</param>
						<param name="onright">$PARAM[onright]</param>
						<param name="label">$LOCALIZE[184] ($LOCALIZE[2])</param>
						<param name="icon"></param>
						<param name="action1">UpdateLibrary(music)</param>
						<param name="visible">!Skin.HasSetting(KioskMode) + !Skin.HasSetting(HideSPMusicUpdate)</param>
					</include>
					<include content="SideMenuButton">
						<param name="id">913</param>
						<param name="onup">912</param>
						<param name="ondown">914</param>
						<param name="onright">$PARAM[onright]</param>
						<param name="label">$LOCALIZE[31129]</param>
						<param name="icon"></param>
						<param name="action1">Notification($LOCALIZE[24001],$LOCALIZE[31162])</param>
						<param name="action2">UpdateAddonRepos</param>
						<param name="action3">UpdateLocalAddons</param>
						<param name="visible">!Skin.HasSetting(KioskMode) + !Skin.HasSetting(HideSPAddonUpdate)</param>
					</include>
					<include content="SideMenuButton">
						<param name="id">914</param>
						<param name="onup">913</param>
						<param name="ondown">915</param>
						<param name="onright">$PARAM[onright]</param>
						<param name="label">5</param>
						<param name="icon">&#xE8B8;</param>
						<param name="action1">ActivateWindow(settings)</param>
						<param name="visible">!Skin.HasSetting(KioskMode)</param>
					</include>
					<include content="SideMenuButton">
						<param name="id">915</param>
						<param name="onup">914</param>
						<param name="ondown">916</param>
						<param name="onright">$PARAM[onright]</param>
						<param name="label">14260</param>
						<param name="icon">&#xE868;</param>
						<param name="action1">Skin.ToggleSetting(DebugInfo)</param>
						<param name="visible">!Skin.HasSetting(KioskMode) + !Skin.HasSetting(HideSPDebug)</param>
					</include>
					<include content="SideMenuButton">
						<param name="id">916</param>
						<param name="onup">915</param>
						<param name="ondown">917</param>
						<param name="onright">$PARAM[onright]</param>
						<param name="label">20183</param>
						<param name="icon"></param>
						<param name="action1">ReloadSkin()</param>
						<param name="visible">!Skin.HasSetting(KioskMode) + !Skin.HasSetting(HideSPReload)</param>
					</include>
					<include content="SideMenuButton">
						<param name="id">917</param>
						<param name="onup">916</param>
						<param name="ondown">918</param>
						<param name="onright">$PARAM[onright]</param>
						<param name="label">$LOCALIZE[33060]</param>
						<param name="icon">&#xE8AC;</param>
						<param name="action1">ActivateWindow(shutdownmenu)</param>
					</include>
				</control>
			</control>
		</definition>
	</include>
	<!-- Jump to letter layout -->
	<include name="JumpToLetter_vertical">
		<param name="id">7000</param>
		<param name="top">0</param>
		<param name="visible">[Container.HasNext | Container.HasPrevious] + [[Container.Content(movies) | Container.Content(episodes) | Container.Content(tvshows) | Container.Content(seasons) | Container.Content(artists) | Container.Content(albums) | Container.Content(addons)] + [String.IsEqual(Container.SortMethod,$LOCALIZE[551]) | String.IsEqual(Container.SortMethod,$LOCALIZE[561]) | String.IsEqual(Container.SortMethod,$LOCALIZE[558]) | String.IsEqual(Container.SortMethod,$LOCALIZE[557]) | String.IsEqual(Container.SortMethod,$LOCALIZE[556])]]</param>
		<definition>
			<control type="group">
				<top>$PARAM[top]</top>
				<control type="panel" id="$PARAM[id]">
					<visible>$PARAM[visible]</visible>
					<right>5</right>
					<width>45</width>
					<centertop>50%</centertop>	
					<height>950</height>
					<onleft>SetFocus(50)</onleft>
					<scrolltime>0</scrolltime>
					<orientation>vertical</orientation>
					<defaultcontrol>0</defaultcontrol>
					<itemlayout height="35" width="45">
						<control type="image">
							<top>6</top>
							<left>6</left>
							<width>29</width>
							<height>29</height>
							<texture colordiffuse="emby_secondary">items/mask_mini.png</texture>
							<visible>StringCompare(ListItem.Label,Container.ListItem.SortLetter)</visible>
						</control>
						<control type="textbox">
							<width>40</width>
							<height>40</height>
							<font>JumpToLetter</font>
							<align>center</align>
							<aligny>center</aligny>
							<textcolor>softgrey</textcolor>
							<shadowcolor>text_shadow</shadowcolor>
							<label>$INFO[ListItem.Label]</label>
							<visible>String.IsEmpty(ListItem.Property(NotAvailable))</visible>
						</control>
						<control type="textbox">
							<width>40</width>
							<height>40</height>
							<font>JumpToLetter</font>
							<align>center</align>
							<aligny>center</aligny>
							<textcolor>grey</textcolor>
							<shadowcolor>text_shadow</shadowcolor>
							<label>$INFO[ListItem.Label]</label>
							<visible>!String.IsEmpty(ListItem.Property(NotAvailable))</visible>
						</control>
						<control type="textbox">
							<width>40</width>
							<height>40</height>
							<font>JumpToLetter</font>
							<align>center</align>
							<aligny>center</aligny>
							<textcolor>white</textcolor>
							<shadowcolor>text_shadow</shadowcolor>
							<label>$INFO[ListItem.Label]</label>
							<visible>StringCompare(ListItem.Label,Container.ListItem.SortLetter)</visible>
						</control>
					</itemlayout>
					<focusedlayout height="35" width="45">
						<control type="image">
							<top>6</top>
							<left>6</left>
							<width>29</width>
							<height>29</height>
							<texture colordiffuse="emby_secondary">items/mask_mini.png</texture>
							<visible>StringCompare(ListItem.Label,Container.ListItem.SortLetter)</visible>
						</control>
						<control type="group">
							<visible>!Control.HasFocus($PARAM[id])</visible>
							<control type="textbox">
								<width>40</width>
								<height>40</height>
								<font>JumpToLetter</font>
								<align>center</align>
								<aligny>center</aligny>
								<textcolor>softgrey</textcolor>
								<shadowcolor>text_shadow</shadowcolor>
								<label>$INFO[ListItem.Label]</label>
							</control>
						</control>
						<control type="group">
							<visible>Control.HasFocus($PARAM[id])</visible>
							<control type="image">
								<left>-5</left>
								<width>51</width>
								<height>51</height>
								<texture colordiffuse="emby_secondary">items/focus_mini.png</texture>
							</control>
							<control type="textbox">
								<width>40</width>
								<height>40</height>
								<font>JumpToLetter</font>
								<align>center</align>
								<aligny>center</aligny>
								<textcolor>white</textcolor>
								<shadowcolor>text_shadow</shadowcolor>
								<label>$INFO[ListItem.Label]</label>
							</control>
						</control>
					</focusedlayout>
					<content>plugin://script.skin.helper.service/?action=alphabet&amp;reload=$INFO[Container.NumItems]</content>
				</control>
			</control>
		</definition>
	</include>
	<!-- Flags -->
	<include name="MediaFlags">
		<control type="button">
			<width min="50">auto</width>
			<height>48</height>
			<font>reg18</font>
			<label>[UPPERCASE]$VAR[ListItemResolution][/UPPERCASE]</label>
			<textoffsetx>15</textoffsetx>
			<align>center</align>
			<enabledcolor>lightgrey</enabledcolor>
			<texturefocus border="10" colordiffuse="darkbutton">items/shadow_smallbutton.png</texturefocus>
			<texturenofocus border="10" colordiffuse="darkbutton">items/shadow_smallbutton.png</texturenofocus>
			<enabled>false</enabled>
			<visible>!String.IsEmpty(ListItem.VideoResolution)</visible>
		</control>
		<control type="button">
			<width min="50">auto</width>
			<height>48</height>
			<font>reg18</font>
			<label>[UPPERCASE]$INFO[ListItem.VideoCodec][/UPPERCASE]</label>
			<textoffsetx>15</textoffsetx>
			<align>center</align>
			<enabledcolor>lightgrey</enabledcolor>
			<texturefocus border="10" colordiffuse="darkbutton">items/shadow_smallbutton.png</texturefocus>
			<texturenofocus border="10" colordiffuse="darkbutton">items/shadow_smallbutton.png</texturenofocus>
			<enabled>false</enabled>
			<visible>!String.IsEmpty(ListItem.VideoCodec)</visible>
		</control>
		<control type="button">
			<width min="50">auto</width>
			<height>48</height>
			<font>reg18</font>
			<label>$VAR[ListItemAudioChannels]</label>
			<textoffsetx>15</textoffsetx>
			<align>center</align>
			<enabledcolor>lightgrey</enabledcolor>
			<texturefocus border="10" colordiffuse="darkbutton">items/shadow_smallbutton.png</texturefocus>
			<texturenofocus border="10" colordiffuse="darkbutton">items/shadow_smallbutton.png</texturenofocus>
			<enabled>false</enabled>
			<visible>!String.IsEmpty(ListItem.AudioChannels)</visible>
		</control>
		<control type="button">
			<width min="50">auto</width>
			<height>48</height>
			<font>reg18</font>
			<label>$VAR[ListItemAudio]</label>
			<textoffsetx>15</textoffsetx>
			<align>center</align>
			<enabledcolor>lightgrey</enabledcolor>
			<texturefocus border="10" colordiffuse="darkbutton">items/shadow_smallbutton.png</texturefocus>
			<texturenofocus border="10" colordiffuse="darkbutton">items/shadow_smallbutton.png</texturenofocus>
			<enabled>false</enabled>
			<visible>!String.IsEmpty(ListItem.AudioChannels) + !String.IsEmpty(ListItem.AudioCodec)</visible>
		</control>
		<control type="button">
			<width min="50">auto</width>
			<height>48</height>
			<font>reg18</font>
			<label>$INFO[ListItem.DateAdded,$LOCALIZE[570]: ]</label>
			<textoffsetx>15</textoffsetx>
			<align>center</align>
			<enabledcolor>lightgrey</enabledcolor>
			<texturefocus border="10" colordiffuse="darkbutton">items/shadow_smallbutton.png</texturefocus>
			<texturenofocus border="10" colordiffuse="darkbutton">items/shadow_smallbutton.png</texturenofocus>
			<enabled>false</enabled>
			<visible>!String.IsEmpty(ListItem.DateAdded)</visible>
		</control>
	</include>
	<!-- Player Flags -->
	<include name="PlayerFlags">
		<control type="button">
			<width min="50">auto</width>
			<height>48</height>
			<font>reg18</font>
			<label>[UPPERCASE]$VAR[PlayerResolution][/UPPERCASE]</label>
			<textoffsetx>15</textoffsetx>
			<align>center</align>
			<enabledcolor>lightgrey</enabledcolor>
			<texturefocus border="10" colordiffuse="darkbutton">items/shadow_smallbutton.png</texturefocus>
			<texturenofocus border="10" colordiffuse="darkbutton">items/shadow_smallbutton.png</texturenofocus>
			<enabled>false</enabled>
			<visible>!String.IsEmpty(VideoPlayer.VideoResolution)</visible>
		</control>
		<control type="button">
			<width min="50">auto</width>
			<height>48</height>
			<font>reg18</font>
			<label>[UPPERCASE]$INFO[VideoPlayer.VideoCodec][/UPPERCASE]</label>
			<textoffsetx>15</textoffsetx>
			<align>center</align>
			<enabledcolor>lightgrey</enabledcolor>
			<texturefocus border="10" colordiffuse="darkbutton">items/shadow_smallbutton.png</texturefocus>
			<texturenofocus border="10" colordiffuse="darkbutton">items/shadow_smallbutton.png</texturenofocus>
			<enabled>false</enabled>
			<visible>!String.IsEmpty(VideoPlayer.VideoCodec)</visible>
		</control>
		<control type="button">
			<width min="50">auto</width>
			<height>48</height>
			<font>reg18</font>
			<label>$VAR[PlayerAudioChannels]</label>
			<textoffsetx>15</textoffsetx>
			<align>center</align>
			<enabledcolor>lightgrey</enabledcolor>
			<texturefocus border="10" colordiffuse="darkbutton">items/shadow_smallbutton.png</texturefocus>
			<texturenofocus border="10" colordiffuse="darkbutton">items/shadow_smallbutton.png</texturenofocus>
			<enabled>false</enabled>
			<visible>!String.IsEmpty(VideoPlayer.AudioChannels)</visible>
		</control>
		<control type="button">
			<width min="50">auto</width>
			<height>48</height>
			<font>reg18</font>
			<label>$VAR[PlayerAudio]</label>
			<textoffsetx>15</textoffsetx>
			<align>center</align>
			<enabledcolor>lightgrey</enabledcolor>
			<texturefocus border="10" colordiffuse="darkbutton">items/shadow_smallbutton.png</texturefocus>
			<texturenofocus border="10" colordiffuse="darkbutton">items/shadow_smallbutton.png</texturenofocus>
			<enabled>false</enabled>
			<visible>!String.IsEmpty(VideoPlayer.AudioChannels) + !String.IsEmpty(VideoPlayer.AudioCodec)</visible>
		</control>
	</include>
	<!-- PVR Flags -->
	<include name="PVRFlags">
		<control type="button">
			<width min="50">auto</width>
			<height>48</height>
			<font>reg18</font>
			<label>$LOCALIZE[31161]</label>
			<textoffsetx>15</textoffsetx>
			<align>center</align>
			<enabledcolor>lightgrey</enabledcolor>
			<enabled>false</enabled>
			<visible>!ListItem.IsEncrypted</visible>
			<texturefocus border="10" colordiffuse="darkbutton">items/shadow_smallbutton.png</texturefocus>
			<texturenofocus border="10" colordiffuse="darkbutton">items/shadow_smallbutton.png</texturenofocus>
		</control>
		<control type="button">
			<width min="50">auto</width>
			<height>48</height>
			<font>reg18</font>
			<label>$LOCALIZE[31022]</label>
			<textoffsetx>15</textoffsetx>
			<align>center</align>
			<enabledcolor>lightgrey</enabledcolor>
			<enabled>false</enabled>
			<visible>ListItem.IsEncrypted</visible>
			<texturefocus border="10" colordiffuse="darkbutton">items/shadow_smallbutton.png</texturefocus>
			<texturenofocus border="10" colordiffuse="darkbutton">items/shadow_smallbutton.png</texturenofocus>
		</control>
		<control type="button">
			<width min="50">auto</width>
			<height>48</height>
			<font>reg18</font>
			<label>$LOCALIZE[31023]</label>
			<textoffsetx>15</textoffsetx>
			<align>center</align>
			<enabledcolor>lightgrey</enabledcolor>
			<enabled>false</enabled>
			<visible>ListItem.IsRecording</visible>
			<texturefocus border="10" colordiffuse="darkbutton">items/shadow_smallbutton.png</texturefocus>
			<texturenofocus border="10" colordiffuse="darkbutton">items/shadow_smallbutton.png</texturenofocus>
		</control>
		<control type="button">
			<width min="50">auto</width>
			<height>48</height>
			<font>reg18</font>
			<label>$LOCALIZE[31024]</label>
			<textoffsetx>15</textoffsetx>
			<align>center</align>
			<enabledcolor>lightgrey</enabledcolor>
			<enabled>false</enabled>
			<visible>ListItem.HasTimer</visible>
			<texturefocus border="10" colordiffuse="darkbutton">items/shadow_smallbutton.png</texturefocus>
			<texturenofocus border="10" colordiffuse="darkbutton">items/shadow_smallbutton.png</texturenofocus>
		</control>
		<control type="button">
			<width min="50">auto</width>
			<height>48</height>
			<font>reg18</font>
			<label>$LOCALIZE[31025]</label>
			<textoffsetx>15</textoffsetx>
			<align>center</align>
			<enabledcolor>lightgrey</enabledcolor>
			<enabled>false</enabled>
			<visible>ListItem.HasTimerSchedule</visible>
			<texturefocus border="10" colordiffuse="darkbutton">items/shadow_smallbutton.png</texturefocus>
			<texturenofocus border="10" colordiffuse="darkbutton">items/shadow_smallbutton.png</texturenofocus>
		</control>
	</include>
	<!-- Addon Flags -->
	<include name="AddonFlags">
		<control type="button">
			<width min="50">auto</width>
			<height>48</height>
			<font>reg18</font>
			<label>$LOCALIZE[31035]</label>
			<textoffsetx>15</textoffsetx>
			<align>center</align>
			<enabledcolor>lightgrey</enabledcolor>
			<enabled>false</enabled>
			<texturefocus border="10" colordiffuse="red">items/shadow_smallbutton.png</texturefocus>
			<texturenofocus border="10" colordiffuse="red">items/shadow_smallbutton.png</texturenofocus>
			<visible>!String.IsEmpty(ListItem.AddonBroken)</visible>
		</control>
		<control type="button">
			<width min="50">auto</width>
			<height>48</height>
			<font>reg18</font>
			<label>$LOCALIZE[289] $INFO[ListItem.AddonSize]</label>
			<textoffsetx>15</textoffsetx>
			<align>center</align>
			<enabledcolor>lightgrey</enabledcolor>
			<enabled>false</enabled>
			<texturefocus border="10" colordiffuse="darkbutton">items/shadow_smallbutton.png</texturefocus>
			<texturenofocus border="10" colordiffuse="darkbutton">items/shadow_smallbutton.png</texturenofocus>
			<visible>!String.IsEmpty(ListItem.AddonSize)</visible>
		</control>
		<control type="button">
			<width min="50">auto</width>
			<height>48</height>
			<font>reg18</font>
			<label>$LOCALIZE[12013]: $INFO[ListItem.AddonInstallDate]</label>
			<textoffsetx>15</textoffsetx>
			<align>center</align>
			<enabledcolor>lightgrey</enabledcolor>
			<enabled>false</enabled>
			<texturefocus border="10" colordiffuse="darkbutton">items/shadow_smallbutton.png</texturefocus>
			<texturenofocus border="10" colordiffuse="darkbutton">items/shadow_smallbutton.png</texturenofocus>
			<visible>!String.IsEmpty(ListItem.AddonInstallDate)</visible>
		</control>
		<control type="button">
			<width min="50">auto</width>
			<height>48</height>
			<font>reg18</font>
			<label>$LOCALIZE[12014]: $INFO[ListItem.AddonLastUpdated]</label>
			<textoffsetx>15</textoffsetx>
			<align>center</align>
			<enabledcolor>lightgrey</enabledcolor>
			<enabled>false</enabled>
			<texturefocus border="10" colordiffuse="darkbutton">items/shadow_smallbutton.png</texturefocus>
			<texturenofocus border="10" colordiffuse="darkbutton">items/shadow_smallbutton.png</texturenofocus>
			<visible>!String.IsEmpty(ListItem.AddonLastUpdated)</visible>
		</control>
	</include>
	<!-- Invisible focus button -->
	<include name="SetPropertyOnFocus">
		<control type="button">
			<texturefocus>-</texturefocus>
			<texturenofocus>-</texturenofocus>
			<onfocus condition="String.IsEqual(ListItem.DBType,artist) | Container.Content(artists)">SetProperty(ArtistDBID,$INFO[ListItem.DBID],home)</onfocus>
			<onfocus condition="String.IsEqual(ListItem.DBType,tvshow) | Container.Content(tvshows)">SetProperty(TVShowRating,$INFO[ListItem.Rating],home)</onfocus>
			<onfocus condition="String.IsEqual(ListItem.DBType,tvshow) | Container.Content(tvshows)">SetProperty(TVShowDBID,$INFO[ListItem.DBID],home)</onfocus>
			<onfocus condition="String.IsEqual(ListItem.DBType,tvshow) | Container.Content(tvshows)">SetProperty(TVShowIMDB,$INFO[ListItem.IMDBnumber],home)</onfocus>
			<onfocus condition="String.IsEqual(ListItem.DBType,tvshow) | Container.Content(tvshows)">SetProperty(TVShowPremiered,$INFO[ListItem.Premiered],home)</onfocus>
			<onfocus condition="String.IsEqual(ListItem.DBType,tvshow) | Container.Content(tvshows)">SetProperty(TVShowOverlay,$INFO[ListItem.Overlay],home)</onfocus>
			<onfocus condition="String.IsEqual(ListItem.DBType,tvshow) | Container.Content(tvshows)">SetProperty(TVShowTotalSeasons,$INFO[ListItem.Property(TotalSeasons)],home)</onfocus>
			<onfocus condition="String.IsEqual(ListItem.DBType,tvshow) | Container.Content(tvshows)">SetProperty(TVShowTotalEpisodes,$INFO[ListItem.Property(TotalEpisodes)],home)</onfocus>

			<onfocus condition="[String.IsEqual(ListItem.DBType,tvshow) | Container.Content(tvshows)] + String.StartsWith(ListItem.Path,plugin://plugin.video.embycon)">SetProperty(EmbyID,$INFO[ListItem.Property(id)],home)</onfocus>
			<onfocus condition="[String.IsEqual(ListItem.DBType,tvshow) | Container.Content(tvshows)] + String.StartsWith(ListItem.Path,plugin://plugin.video.embycon)">SetProperty(EmbyTVShowClearlogo,$INFO[ListItem.Art(clearlogo)],home)</onfocus>
			<onfocus condition="[String.IsEqual(ListItem.DBType,tvshow) | Container.Content(tvshows)] + String.StartsWith(ListItem.Path,plugin://plugin.video.embycon)">SetProperty(EmbyTVShowPlot,$ESCINFO[ListItem.Plot],home)</onfocus>
			<onfocus condition="[String.IsEqual(ListItem.DBType,tvshow) | Container.Content(tvshows)] + String.StartsWith(ListItem.Path,plugin://plugin.video.embycon)">SetProperty(EmbyMPAA,$INFO[ListItem.MPAA],home)</onfocus>
			<onfocus condition="[String.IsEqual(ListItem.DBType,tvshow) | Container.Content(tvshows)] + String.StartsWith(ListItem.Path,plugin://plugin.video.embycon)">SetProperty(EmbyGenre,$INFO[ListItem.Genre],home)</onfocus>
		</control>
	</include>
	<include name="WidgetSetPropertyOnFocus">
		<control type="button">
			<texturefocus>-</texturefocus>
			<texturenofocus>-</texturenofocus>
			<onfocus condition="String.IsEqual(Container($PARAM[id]).ListItem.DBType,artist)">SetProperty(ArtistDBID,$INFO[Container($PARAM[id]).ListItem.DBID],home)</onfocus>
			<onfocus condition="String.IsEqual(Container($PARAM[id]).ListItem.DBType,tvshow)">SetProperty(TVShowRating,$INFO[Container($PARAM[id]).ListItem.Rating],home)</onfocus>
			<onfocus condition="String.IsEqual(Container($PARAM[id]).ListItem.DBType,tvshow)">SetProperty(TVShowDBID,$INFO[Container($PARAM[id]).ListItem.DBID],home)</onfocus>
			<onfocus condition="String.IsEqual(Container($PARAM[id]).ListItem.DBType,tvshow)">SetProperty(TVShowIMDB,$INFO[Container($PARAM[id]).ListItem.IMDBnumber],home)</onfocus>
			<onfocus condition="String.IsEqual(Container($PARAM[id]).ListItem.DBType,tvshow)">SetProperty(TVShowPremiered,$INFO[Container($PARAM[id]).ListItem.Premiered],home)</onfocus>
			<onfocus condition="String.IsEqual(Container($PARAM[id]).ListItem.DBType,tvshow)">SetProperty(TVShowOverlay,$INFO[Container($PARAM[id]).ListItem.Overlay],home)</onfocus>
			<onfocus condition="String.IsEqual(Container($PARAM[id]).ListItem.DBType,tvshow)">SetProperty(TVShowTotalSeasons,$INFO[Container($PARAM[id]).ListItem.Property(TotalSeasons)],home)</onfocus>
			<onfocus condition="String.IsEqual(Container($PARAM[id]).ListItem.DBType,tvshow)">SetProperty(TVShowTotalEpisodes,$INFO[Container($PARAM[id]).ListItem.Property(TotalEpisodes)],home)</onfocus>

			<onfocus condition="String.IsEqual(Container($PARAM[id]).ListItem.DBType,tvshow) + String.StartsWith(Container($PARAM[id]).ListItem.Path,plugin://plugin.video.embycon)">SetProperty(EmbyID,$INFO[Container($PARAM[id]).ListItem.Property(id)],home)</onfocus>
			<onfocus condition="String.IsEqual(Container($PARAM[id]).ListItem.DBType,tvshow) + String.StartsWith(Container($PARAM[id]).ListItem.Path,plugin://plugin.video.embycon)">SetProperty(EmbyTVShowClearlogo,$INFO[Container($PARAM[id]).ListItem.Art(clearlogo)],home)</onfocus>
			<onfocus condition="String.IsEqual(Container($PARAM[id]).ListItem.DBType,tvshow) + String.StartsWith(Container($PARAM[id]).ListItem.Path,plugin://plugin.video.embycon)">SetProperty(EmbyTVShowPlot,$ESCINFO[Container($PARAM[id]).ListItem.Plot],home)</onfocus>
			<onfocus condition="String.IsEqual(Container($PARAM[id]).ListItem.DBType,tvshow) + String.StartsWith(Container($PARAM[id]).ListItem.Path,plugin://plugin.video.embycon)">SetProperty(EmbyMPAA,$INFO[Container($PARAM[id]).ListItem.MPAA],home)</onfocus>
			<onfocus condition="String.IsEqual(Container($PARAM[id]).ListItem.DBType,tvshow) + String.StartsWith(Container($PARAM[id]).ListItem.Path,plugin://plugin.video.embycon)">SetProperty(EmbyGenre,$INFO[Container($PARAM[id]).ListItem.Genre],home)</onfocus>
		</control>
	</include>
	<include name="UnloadSetProperties">
		<onunload condition="Window.Next(home)">ClearProperty(ArtistDBID,home)</onunload>
		<onunload condition="Window.Next(home)">ClearProperty(TVShowRating,home)</onunload>
		<onunload condition="Window.Next(home)">ClearProperty(TVShowDBID,home)</onunload>
		<onunload condition="Window.Next(home)">ClearProperty(TVShowIMDB,home)</onunload>
		<onunload condition="Window.Next(home)">ClearProperty(TVShowPremiered,home)</onunload>
		<onunload condition="Window.Next(home)">ClearProperty(TVShowOverlay,home)</onunload>
		<onunload condition="Window.Next(home)">ClearProperty(TVShowTotalSeasons,home)</onunload>
		<onunload condition="Window.Next(home)">ClearProperty(TVShowTotalEpisodes,home)</onunload>
		<onunload condition="Window.Next(home)">ClearProperty(EmbyID,home)</onunload>
		<onunload condition="Window.Next(home)">ClearProperty(EmbyTVShowClearlogo,home)</onunload>
		<onunload condition="Window.Next(home)">ClearProperty(EmbyTVShowPlot,home)</onunload>
		<onunload condition="Window.Next(home)">ClearProperty(EmbyMPAA,home)</onunload>
		<onunload condition="Window.Next(home)">ClearProperty(EmbyGenre,home)</onunload>
	</include>
	<!-- Scrollbars -->
	<include name="ScrollbarHorizontal">
		<param name="id">17</param>
		<param name="width">1920</param>
		<param name="bottom">0</param>
		<param name="height">5</param>
		<param name="visible">true</param>
		<definition>
			<control type="scrollbar" id="$PARAM[id]">
				<left>0</left>
				<bottom>$PARAM[bottom]</bottom>
				<width>$PARAM[width]</width>
				<height>$PARAM[height]</height>
				<orientation>horizontal</orientation>
				<showonepage>false</showonepage>
				<visible>$PARAM[visible]</visible>
			</control>
		</definition>
	</include>
	<include name="ScrollbarVertical">
		<param name="id">17</param>
		<param name="width">5</param>
		<param name="top">58</param>
		<param name="height">1042</param>
		<param name="visible">true</param>
		<definition>
			<control type="scrollbar" id="$PARAM[id]">
				<left>$PARAM[left]</left>
				<right>$PARAM[right]</right>
				<top>$PARAM[top]</top>
				<width>$PARAM[width]</width>
				<height>$PARAM[height]</height>
				<orientation>vertical</orientation>
				<showonepage>false</showonepage>
				<visible>$PARAM[visible]</visible>
			</control>
		</definition>
	</include>
	<!-- Common Button -->
	<include name="CommonButton">
		<param name="height">50</param>
		<param name="width">100%</param>
		<definition>
			<width>$PARAM[width]</width>
			<height>$PARAM[height]</height>
			<align>left</align>
			<aligny>center</aligny>
			<textoffsetx>20</textoffsetx>
			<font>med22</font>
			<textcolor>text_white</textcolor>
			<textshadow>text_shadow</textshadow>
			<disabledcolor>grey</disabledcolor>
			<texturefocus border="10" colordiffuse="panel_hover">common/menu_back.png</texturefocus>
			<texturenofocus border="10"  colordiffuse="panel">common/menu_back.png</texturenofocus>
			<alttexturefocus border="10"  colordiffuse="panel_hover">common/menu_back.png</alttexturefocus>
			<alttexturenofocus border="10"  colordiffuse="panel">common/menu_back.png</alttexturenofocus>
			<textureradioonfocus>-</textureradioonfocus>
			<textureradioonnofocus>-</textureradioonnofocus>
			<textureradioofffocus>-</textureradioofffocus>
			<textureradiooffnofocus>-</textureradiooffnofocus>
			<radiowidth>-</radiowidth>
			<radioheight>-</radioheight>
		</definition>
	</include>
	<!-- Header Button -->
	<include name="HeaderButton">		
		<include>NoTextures</include>
		<height>58</height>
		<width>auto</width>
		<aligny>center</aligny>
		<font>med20</font>
		<textcolor>panel_text</textcolor>
		<focusedcolor>emby_secondary</focusedcolor>
	</include>
	<!-- Settings Button -->
	<include name="radio35_style">
		<radiowidth>55</radiowidth>
		<radioheight>35</radioheight>
		<textureradioonfocus colordiffuse="emby">icons/misc/radio_on_fo.png</textureradioonfocus>
		<textureradioonnofocus colordiffuse="emby">icons/misc/radio_on.png</textureradioonnofocus>
		<textureradioofffocus colordiffuse="softgrey">icons/misc/radio_off_fo.png</textureradioofffocus>
		<textureradiooffnofocus colordiffuse="softgrey">icons/misc/radio_off.png</textureradiooffnofocus>
		<textureradioondisabled colordiffuse="disabled">icons/misc/radio_off.png</textureradioondisabled>
		<textureradiooffdisabled colordiffuse="disabled">icons/misc/radio_off.png</textureradiooffdisabled>
	</include>
	<include name="radio20_style">
		<radiowidth>40</radiowidth>
		<radioheight>35</radioheight>
		<textureradioonfocus colordiffuse="emby">icons/misc/radio20_on_fo.png</textureradioonfocus>
		<textureradioonnofocus colordiffuse="emby">icons/misc/radio20_on.png</textureradioonnofocus>
		<textureradioofffocus colordiffuse="softgrey">icons/misc/radio20_off_fo.png</textureradioofffocus>
		<textureradiooffnofocus colordiffuse="softgrey">icons/misc/radio20_off.png</textureradiooffnofocus>
		<textureradioondisabled colordiffuse="disabled">icons/misc/radio20_off.png</textureradioondisabled>
		<textureradiooffdisabled colordiffuse="disabled">icons/misc/radio20_off.png</textureradiooffdisabled>
	</include>
	<include name="SettingsButton">
		<param name="height">50</param>
		<param name="width">100%</param>
		<param name="textoffsetx">35</param>
		<definition>
			<include>radio$PARAM[textoffsetx]_style</include>
			<textoffsetx>$PARAM[textoffsetx]</textoffsetx>
			<width>$PARAM[width]</width>
			<height>$PARAM[height]</height>
			<aligny>center</aligny>
			<align>left</align>
			<font>reg22</font>
			<invalidcolor>invalid</invalidcolor>
			<selectedcolor>selected</selectedcolor>
			<textcolor>text_white</textcolor>
			<focusedcolor>text_white</focusedcolor>
			<disabledcolor>grey</disabledcolor>
			<texturefocus colordiffuse="list_hover2">common/white.jpg</texturefocus>
			<texturenofocus />
		</definition>
	</include>
	<!-- lightgrey button -->
	<include name="LightGreyButton">
		<textcolor>text_white</textcolor>
		<focusedcolor>white</focusedcolor>
		<selectedcolor>text_white</selectedcolor>
		<shadowcolor>text_shadow</shadowcolor>
		<aligny>center</aligny>
		<align>center</align>
		<texturefocus border="10" colordiffuse="button_focus">items/shadow_smallbutton.png</texturefocus>
		<texturenofocus border="10" colordiffuse="lightbutton">items/shadow_smallbutton.png</texturenofocus>
		<alttexturefocus border="10" colordiffuse="button_focus">items/shadow_smallbutton.png</alttexturefocus>
		<alttexturenofocus border="10" colordiffuse="lightbutton">items/shadow_smallbutton.png</alttexturenofocus>
		<pulseonselect>no</pulseonselect>
	</include>
	<!-- Player Control Buttons -->
	<include name="PlayerButtons">
		<texturenofocus>icons/player/$PARAM[type]_nf.png</texturenofocus>
		<texturefocus colordiffuse="emby">icons/player/$PARAM[type]_fo.png</texturefocus>
		<alttexturenofocus colordiffuse="emby">icons/player/$PARAM[type]_nf.png</alttexturenofocus>
		<alttexturefocus colordiffuse="emby">icons/player/$PARAM[type]_fo.png</alttexturefocus>
		<width>50</width>
		<height>50</height>
	</include>
	<!-- Busy spinner -->
	<include name="FullscreenBusySpinner">
		<param name="colordiffuse">emby_secondary</param>
		<definition>
			<control type="image" id="99">
				<centerleft>50%</centerleft>
				<centertop>50%</centertop>
				<width>150</width>
				<height>150</height>
				<texture colordiffuse="$PARAM[colordiffuse]">common/spinner.gif</texture>
			</control>
		</definition>
	</include>
	<!-- Player bottom labels -->
	<include name="PlayerBottomLabels">
		<control type="label" id="99">
			<width>auto</width>
			<height>50</height>
			<aligny>center</aligny>
			<font>reg24</font>
			<shadowcolor>text_shadow</shadowcolor>
			<label>$VAR[PlayerTimeLabels]</label>
			<visible>!String.IsEmpty(Player.Time)</visible>
		</control>
		<control type="label" id="99">
			<description>Spacer</description>
			<width>15</width>
			<visible>!String.IsEmpty(Player.Time)</visible>
		</control>
		<control type="label" id="99">
			<height>50</height>
			<width>auto</width>
			<aligny>center</aligny>
			<font>Material34</font>
			<textcolor>text_white</textcolor>
			<label>$VAR[PlaylistRepeatLabel]</label>
			<visible>Playlist.IsRepeat | Playlist.IsRepeatOne</visible>
		</control>
		<control type="label" id="99">
			<description>Spacer</description>
			<width>15</width>
			<visible>Playlist.IsRepeat | Playlist.IsRepeatOne</visible>
		</control>
		<control type="label" id="99">
			<height>50</height>
			<width>auto</width>
			<aligny>center</aligny>
			<font>Material34</font>
			<textcolor>text_white</textcolor>
			<label></label>
			<visible>Playlist.IsRandom</visible>
		</control>
		<control type="label" id="99">
			<description>Spacer</description>
			<width>15</width>
			<visible>Playlist.IsRandom</visible>
		</control>
		<control type="label" id="99">
			<width>auto</width>
			<height>50</height>
			<aligny>center</aligny>
			<font>reg24</font>
			<textcolor>emby</textcolor>
			<shadowcolor>text_shadow</shadowcolor>
			<label>$LOCALIZE[31038]</label>
			<visible>Pvr.IsTimeShift</visible>
		</control>
	</include>
	<include name="search_action">
		<onclick condition="!System.HasAddon(plugin.video.embycon) | Skin.HasSetting(HideEmbyConHubButtons)">RunScript(script.globalsearch)</onclick>
		<onclick condition="System.HasAddon(plugin.video.embycon) + !Skin.HasSetting(HideEmbyConHubButtons)">SetProperty(Dialog.1.Label,$LOCALIZE[31072])</onclick>
		<onclick condition="System.HasAddon(plugin.video.embycon) + !Skin.HasSetting(HideEmbyConHubButtons)">SetProperty(Dialog.1.BuiltIn,RunScript(script.globalsearch))</onclick>
		<onclick condition="System.HasAddon(plugin.video.embycon) + !Skin.HasSetting(HideEmbyConHubButtons)">SetProperty(Dialog.2.Label,$LOCALIZE[31073])</onclick>
		<onclick condition="System.HasAddon(plugin.video.embycon) + !Skin.HasSetting(HideEmbyConHubButtons)">SetProperty(Dialog.2.BuiltIn,ActivateWindow(videos,plugin://plugin.video.embycon/?item_type=Movie&amp;mode=NEW_SEARCH))</onclick>
		<onclick condition="System.HasAddon(plugin.video.embycon) + !Skin.HasSetting(HideEmbyConHubButtons)">SetProperty(Dialog.3.Label,$LOCALIZE[31074])</onclick>
		<onclick condition="System.HasAddon(plugin.video.embycon) + !Skin.HasSetting(HideEmbyConHubButtons)">SetProperty(Dialog.3.BuiltIn,ActivateWindow(videos,plugin://plugin.video.embycon/?item_type=Series&amp;mode=NEW_SEARCH))</onclick>
		<onclick condition="System.HasAddon(plugin.video.embycon) + !Skin.HasSetting(HideEmbyConHubButtons)">SetProperty(Dialog.4.Label,$LOCALIZE[31075])</onclick>
		<onclick condition="System.HasAddon(plugin.video.embycon) + !Skin.HasSetting(HideEmbyConHubButtons)">SetProperty(Dialog.4.BuiltIn,ActivateWindow(videos,plugin://plugin.video.embycon/?item_type=Episode&amp;mode=NEW_SEARCH))</onclick>
		<onclick condition="System.HasAddon(plugin.video.embycon) + !Skin.HasSetting(HideEmbyConHubButtons)">RunScript(script.toolbox,info=selectdialog,header=$LOCALIZE[137])</onclick> 
	</include>
	<include name="SkinHelperRatings">
		<param name="type">ListItem</param>
		<definition>			
			<control type="image">								
				<animation effect="slide" end="0,3" time="0" condition="true">Conditional</animation>
				<width>24</width>
				<height>20</height>
				<texture>icons/rating/metacritics_logo.png</texture>
				<aspectratio>keep</aspectratio>
				<visible>!String.IsEmpty(Window(Home).Property(SkinHelper.$PARAM[type].MetaCritic.Rating))</visible>
			</control>
			<control type="label">
				<width>auto</width>
				<height>24</height>
				<label>$INFO[Window(Home).Property(SkinHelper.$PARAM[type].MetaCritic.Rating),,%]   </label>
				<font>reg22</font>
				<shadowcolor>text_shadow</shadowcolor>
				<visible>!String.IsEmpty(Window(Home).Property(SkinHelper.$PARAM[type].MetaCritic.Rating))</visible>
			</control>
			<control type="image">								
				<animation effect="slide" end="0,3" time="0" condition="true">Conditional</animation>
				<width>24</width>
				<height>20</height>
				<texture>icons/rating/rotten_fresh.png</texture>
				<aspectratio>keep</aspectratio>
				<visible>!String.IsEmpty(Window(Home).Property(SkinHelper.$PARAM[type].RottenTomatoes.Rating)) + Integer.IsGreater(Window(Home).Property(SkinHelper.$PARAM[type].RottenTomatoes.Rating),59)</visible>
			</control>
			<control type="image">								
				<animation effect="slide" end="0,3" time="0" condition="true">Conditional</animation>
				<width>24</width>
				<height>20</height>
				<texture>icons/rating/rotten_rotten.png</texture>
				<aspectratio>keep</aspectratio>
				<visible>!String.IsEmpty(Window(Home).Property(SkinHelper.$PARAM[type].RottenTomatoes.Rating)) + !Integer.IsGreater(Window(Home).Property(SkinHelper.$PARAM[type].RottenTomatoes.Rating),59)</visible>
			</control>
			<control type="label">
				<width>auto</width>
				<height>24</height>
				<label>$INFO[Window(Home).Property(SkinHelper.$PARAM[type].RottenTomatoes.Rating),,%]   </label>
				<font>reg22</font>
				<shadowcolor>text_shadow</shadowcolor>
				<visible>!String.IsEmpty(Window(Home).Property(SkinHelper.$PARAM[type].RottenTomatoes.Rating))</visible>
			</control>
		</definition>
	</include>
	<include name="CustomWidgetTemplate">
		<control type="radiobutton" id="31$PARAM[id]1">
			<include>SettingsButton</include>
			<onclick>Skin.ToggleSetting(UserWidget$PARAM[id])</onclick>
			<selected>Skin.HasSetting(UserWidget$PARAM[id])</selected>
			<label>$LOCALIZE[31100] #$PARAM[id]</label>
		</control>
		<control type="button" id="31$PARAM[id]2">
			<textcolor>emby</textcolor>
			<texturenofocus colordiffuse="33000000">common/white.jpg</texturenofocus>
			<include>SettingsButton</include>
			<onclick>RunScript(script.skinshortcuts,type=widgets&amp;showNone=True&amp;grouping=embuary&amp;skinWidgetName=UserWidget$PARAM[id]_name&amp;skinWidgetTarget=UserWidget$PARAM[id]_target&amp;skinWidgetPath=UserWidget$PARAM[id]_path)</onclick>
			<label>• $LOCALIZE[573]</label>
			<label2>$INFO[Skin.String(UserWidget$PARAM[id]_path)]</label2>
			<enable>Skin.HasSetting(UserWidget$PARAM[id])</enable>
			<visible>Skin.HasSetting(UserWidget$PARAM[id])</visible>
		</control>
		<control type="button" id="31$PARAM[id]3">
			<textcolor>emby</textcolor>
			<texturenofocus colordiffuse="33000000">common/white.jpg</texturenofocus>
			<include>SettingsButton</include>
			<onclick>Skin.SetString(UserWidget$PARAM[id]_name)</onclick>
			<label>• $LOCALIZE[21864]</label>
			<label2>$INFO[Skin.String(UserWidget$PARAM[id]_name)]</label2>
			<enable>Skin.HasSetting(UserWidget$PARAM[id])</enable>
			<visible>Skin.HasSetting(UserWidget$PARAM[id])</visible>
		</control>
		<control type="button" id="31$PARAM[id]4">
			<textcolor>emby</textcolor>
			<texturenofocus colordiffuse="33000000">common/white.jpg</texturenofocus>
			<include>SettingsButton</include>
			<onclick>RunScript(script.skin.helper.service,action=setskinsetting,setting=UserWidget$PARAM[id]_layout,header=$LOCALIZE[31099])</onclick>
			<label>• $LOCALIZE[31101]</label>
			<label2>$INFO[Skin.String(UserWidget$PARAM[id]_layout.label)]</label2>
			<enable>Skin.HasSetting(UserWidget$PARAM[id])</enable>
			<visible>Skin.HasSetting(UserWidget$PARAM[id])</visible>
		</control>
	</include>
	<include name="CustomMovieHubTemplate">
		<control type="radiobutton" id="50$PARAM[id]1">
			<include>SettingsButton</include>
			<onclick>Skin.ToggleSetting(UserMovieHub$PARAM[id])</onclick>
			<selected>Skin.HasSetting(UserMovieHub$PARAM[id])</selected>
			<label>$LOCALIZE[31151] #$PARAM[id]</label>
		</control>
		<control type="button" id="50$PARAM[id]2">
			<textcolor>emby</textcolor>
			<texturenofocus colordiffuse="33000000">common/white.jpg</texturenofocus>
			<include>SettingsButton</include>
			<onclick>RunScript(script.skinshortcuts,type=widgets&amp;showNone=True&amp;grouping=emby&amp;skinWidgetName=UserMovieHub$PARAM[id]_name&amp;skinWidgetTarget=UserMovieHub$PARAM[id]_target&amp;skinWidgetPath=UserMovieHub$PARAM[id]_path)</onclick>
			<label>• $LOCALIZE[573]</label>
			<label2>$INFO[Skin.String(UserMovieHub$PARAM[id]_path)]</label2>
			<enable>Skin.HasSetting(UserMovieHub$PARAM[id])</enable>
			<visible>Skin.HasSetting(UserMovieHub$PARAM[id])</visible>
		</control>
		<control type="button" id="50$PARAM[id]3">
			<textcolor>emby</textcolor>
			<texturenofocus colordiffuse="33000000">common/white.jpg</texturenofocus>
			<include>SettingsButton</include>
			<onclick>Skin.SetString(UserMovieHub$PARAM[id]_name)</onclick>
			<label>• $LOCALIZE[21899]</label>
			<label2>$INFO[Skin.String(UserMovieHub$PARAM[id]_name)]</label2>
			<enable>Skin.HasSetting(UserMovieHub$PARAM[id])</enable>
			<visible>Skin.HasSetting(UserMovieHub$PARAM[id])</visible>
		</control>
		<control type="button" id="50$PARAM[id]4">
			<textcolor>emby</textcolor>
			<texturenofocus colordiffuse="33000000">common/white.jpg</texturenofocus>
			<include>SettingsButton</include>
			<onclick>RunScript(script.skin.helper.service,action=setskinsetting,setting=UserMovieHub$PARAM[id]_target,header=$LOCALIZE[15021])</onclick>
			<label>• $LOCALIZE[15021]</label>
			<label2>$INFO[Skin.String(UserMovieHub$PARAM[id]_target)]</label2>
			<enable>Skin.HasSetting(UserMovieHub$PARAM[id])</enable>
			<visible>Skin.HasSetting(UserMovieHub$PARAM[id])</visible>
		</control>
	</include>
	<include name="CustomTVShowHubTemplate">
		<control type="radiobutton" id="51$PARAM[id]1">
			<include>SettingsButton</include>
			<onclick>Skin.ToggleSetting(UserTVShowHub$PARAM[id])</onclick>
			<selected>Skin.HasSetting(UserTVShowHub$PARAM[id])</selected>
			<label>$LOCALIZE[31151] #$PARAM[id]</label>
		</control>
		<control type="button" id="51$PARAM[id]2">
			<textcolor>emby</textcolor>
			<texturenofocus colordiffuse="33000000">common/white.jpg</texturenofocus>
			<include>SettingsButton</include>
			<onclick>RunScript(script.skinshortcuts,type=widgets&amp;showNone=True&amp;grouping=emby&amp;skinWidgetName=UserTVShowHub$PARAM[id]_name&amp;skinWidgetTarget=UserTVShowHub$PARAM[id]_target&amp;skinWidgetPath=UserTVShowHub$PARAM[id]_path)</onclick>
			<label>• $LOCALIZE[573]</label>
			<label2>$INFO[Skin.String(UserTVShowHub$PARAM[id]_path)]</label2>
			<enable>Skin.HasSetting(UserTVShowHub$PARAM[id])</enable>
			<visible>Skin.HasSetting(UserTVShowHub$PARAM[id])</visible>
		</control>
		<control type="button" id="51$PARAM[id]3">
			<textcolor>emby</textcolor>
			<texturenofocus colordiffuse="33000000">common/white.jpg</texturenofocus>
			<include>SettingsButton</include>
			<onclick>Skin.SetString(UserTVShowHub$PARAM[id]_name)</onclick>
			<label>• $LOCALIZE[21899]</label>
			<label2>$INFO[Skin.String(UserTVShowHub$PARAM[id]_name)]</label2>
			<enable>Skin.HasSetting(UserTVShowHub$PARAM[id])</enable>
			<visible>Skin.HasSetting(UserTVShowHub$PARAM[id])</visible>
		</control>
		<control type="button" id="51$PARAM[id]4">
			<textcolor>emby</textcolor>
			<texturenofocus colordiffuse="33000000">common/white.jpg</texturenofocus>
			<include>SettingsButton</include>
			<onclick>RunScript(script.skin.helper.service,action=setskinsetting,setting=UserTVShowHub$PARAM[id]_target,header=$LOCALIZE[15021])</onclick>
			<label>• $LOCALIZE[15021]</label>
			<label2>$INFO[Skin.String(UserTVShowHub$PARAM[id]_target)]</label2>
			<enable>Skin.HasSetting(UserTVShowHub$PARAM[id])</enable>
			<visible>Skin.HasSetting(UserTVShowHub$PARAM[id])</visible>
		</control>
	</include>
</includes>