<?xml version="1.0" encoding="UTF-8"?>
<colors>
	<!-- background -->
	<color name="background">ff121314</color>
	<color name="background_diffuse">f2121314</color>

	<!-- widgets -->
	<color name="diffuse_widget">44000000</color>
	<color name="focus_widget">FF388e3c</color>


	<!-- common colors -->
	<color name="black">FF000000</color>
	<color name="white">FFFFFFFFF</color>
	<color name="grey">FF404040</color>
	<color name="lightgrey">FF888888</color>
	<color name="softgrey">ffaaaaaa</color>
	<color name="blue">ff0288d1</color>
	<color name="green">ff388e3c</color>
	<color name="red">ffd32f2f</color>
	<color name="turquoise">ff009688</color>
	<color name="orange">fff57f17</color>
	
	<!-- text -->	
	<color name="text_white">ffe1e1e1</color>
	<color name="text_shadow">33000000</color>
	
	<color name="border_alpha">60FFFFFF</color>
	<color name="disabled">40FFFFFF</color>
	<color name="selected">ff0288d1</color>
	<color name="invalid">FFFF0000</color>

	<!-- buttons -->
	<color name="darkbutton">ff232327</color>
	<color name="lightbutton">ff404040</color>
	<color name="greybutton">FF333333</color>
	<color name="button_focus">ff52b54b</color>
	
	<!-- main focused colors -->
	<color name="emby">FF52b54b</color>
	<color name="emby_secondary">FF52b54b</color>
	<color name="emby_diffuse">5552b54b</color>

	<!-- sidepanel -->
	<color name="panel">FF1c1c1f</color>
	<color name="panel_text">FFcccccc</color>
	<color name="panel_hover">ff303034</color>
	<!--<color name="panel_hover">FF252525</color>-->

	<!-- views -->
	<color name="list_hover">cc252528</color>
	<color name="list_hover2">ff303034</color>
	<color name="thumb_background">ff232327</color>

	<!-- EPG -->
	<color name="grid_title">ff2e2e2e</color>
	<color name="grid_label">ff202020</color>
	<color name="grid_hover">ff555555</color>

	<!-- header bar -->
	<color name="headerbar">dd050505</color>
	<color name="footerbar">dd050505</color>

</colors>
