<?xml version="1.0" encoding="UTF-8"?>
<addon id="skin.horizonzv" name="[RC] Horizonz V (Kodi 17)" version="0.9.0.19" provider-name="blauesgruen">
	<requires>
		<import addon="xbmc.gui" version="5.12.0"/>
	</requires>
	<extension point="xbmc.gui.skin" debugging="false" effectslowdown="0.65">
		<res width="1920" height="1080" aspect="16:9" default="true" folder="1080p" />
	</extension>
	<extension point="xbmc.addon.metadata">
		<platform>all</platform>
		<summary>Skin von blauesgruen / Initiator mad-max</summary>
		<description></description>
		<disclaimer>Ursprünglich basierte der Skin auf den Mockups von xb2iris Skin "Horizonz".</disclaimer>
		<license>CC BY-SA 4.0, GNU GENERAL PUBLIC LICENSE Version 2.0</license>
		<forum>http://kodinerds.net/</forum>
		<source>https://github.com/kodinerds/repo/tree/master/skin.horizonzv</source>
			<assets>
			   <icon>resources/icon.png</icon>
			   <fanart>resources/fanart.jpg</fanart>
			   <screenshot>resources/screenshot-01.jpg</screenshot>
			   <screenshot>resources/screenshot-02.jpg</screenshot>
			   <screenshot>resources/screenshot-03.jpg</screenshot>
			   <screenshot>resources/screenshot-04.jpg</screenshot>
			   <screenshot>resources/screenshot-05.jpg</screenshot>
			   <screenshot>resources/screenshot-06.jpg</screenshot>
			   <screenshot>resources/screenshot-07.jpg</screenshot>
			   <screenshot>resources/screenshot-08.jpg</screenshot>
		   </assets>
	</extension>
</addon>