<?xml version="1.0" encoding="UTF-8"?>
<window>
    <defaultcontrol always="true">55</defaultcontrol>
    <menucontrol>9020</menucontrol>
    <include>ViewidPlaylist</include>
    <controls>
        
			<include>CommonHomeBack</include>
			<include>SideBladeForViews</include>
			<include>CommonPageCount</include>
			<include>CommonPageCountView</include>	
			<include>ViewsPlaylist</include>	
			<include>BigInfosTime</include>
			<include>BigInfosDatabaseCount</include>
			<include>BigInfosWeather</include>
			<include>CommonHomeButton</include>
			<include>HomePlaying</include>
			<include>JumpBarHorizontal</include>
			
			<control type="group">
			<visible>!Skin.HasSetting(kiosk)</visible>
			<animation effect="slide" start="0,0" end="480,0" time="400" tween="quadratic" easing="out" condition="ControlGroup(9020).HasFocus">Conditional</animation>
			<animation effect="slide" start="0,0" end="-570,0" time="400" tween="quadratic" easing="out" condition="ControlGroup(9020).HasFocus">WindowClose</animation>
			<control type="image">
			  <left>-495</left>
			  <top>0</top>
			  <width>420</width>
			  <height>1080</height>
			  <texture background="true">skin/button_klein.png</texture>
			  <bordertexture border="10">ThumbShadow2.png</bordertexture>
			  <bordersize>7</bordersize>
			  <colordiffuse>$VAR[ColorButtonDialogeBack]</colordiffuse>
			  <aspectratio>stretch</aspectratio>
			</control> 
			<control type="group">
			  <left>-457</left>
			  <top>60</top>
			  <control type="label">
				<description>View options</description>
				<left>0</left>
				<top>0</top>
				<width>375</width>
				<height>45</height>
				<font>primal_20</font>
				<textcolor>$VAR[ColorFontSelected]</textcolor>
				<shadowcolor>$VAR[ColorFontShadow]</shadowcolor>
				<scroll>false</scroll>
				<align>left</align>
				<aligny>center</aligny>
				<label>$LOCALIZE[50028]</label>
			  </control>
			</control>

            <control type="grouplist" id="9020">
                <left>-482</left>
				<top>120</top>
				<width>400</width>
				<height>800</height>
				<itemgap>2</itemgap>
                <onleft>55</onleft>
                <onright>55</onright>
                <onup>9020</onup>
                <ondown>9020</ondown>
                <onback>55</onback>
                <control type="label" id="200">
                    <width>375</width>
                    <height>52</height>
                    <font>font12</font>
                    <label>31006</label>
                    <textcolor>blue</textcolor>
                    <align>center</align>
                    <aligny>center</aligny>
                </control>
                <control type="button" id="2">
                    <description>View As button</description>
                    <height>60</height>
		            <width>400</width>
                    <label>-</label>
                </control>
                <control type="label" id="201">
                    <width>375</width>
                    <height>52</height>
                    <font>font12</font>
                    <label>31026</label>
                    <textcolor>blue</textcolor>
                    <align>center</align>
                    <aligny>center</aligny>
                </control>
                <control type="radiobutton" id="20">
                    <description>Shuffle button</description>
                    <label>191</label>
					<height>60</height>
		            <width>400</width>
                </control>
                <control type="button" id="26">
                    <description>Repeat button</description>
                    <textwidth>352</textwidth>
                    <label>-</label>
					<height>60</height>
		            <width>400</width>
                </control>
                <control type="button" id="21">
                    <description>Save button</description>
                    <label>190</label>
                    <height>60</height>
		            <width>400</width>
                </control>
                <control type="button" id="22">
                    <description>Clear button</description>
                    <label>192</label>
                    <onclick condition="Window.IsActive(musicplaylist)">ReplaceWindow(music)</onclick>
                    <onclick condition="Window.IsActive(videoplaylist)">ReplaceWindow(Videos)</onclick>
                    <height>60</height>
		            <width>400</width>
                </control>
            </control>
        </control>
    </controls>
</window>
