<?xml version="1.0" encoding="UTF-8"?>
<includes>
	<include name="List_View_53">
		<param name="mainlabel">$VAR[MainListLabel]</param>
		<param name="sublabel">$VAR[SubListLabel]</param>
		<param name="thumblabel">$VAR[MainListLabel]</param>
		<param name="rightlabel">$VAR[RightListLabel]</param>
		<param name="rightlabel2">$VAR[RightListLabel2]</param>
		<definition>
			<control type="group">
				<include>Visible_OpenClose</include>
				<visible>Control.IsVisible(53)</visible>
				<!-- List -->
				<control id="53" type="fixedlist">
					<visible>$EXP[ListViewVisible]</visible>
					<animation effect="slide" time="0" end="0,-120" condition="Integer.IsEqual(Container(53).NumItems,6) | Integer.IsEqual(Container(53).NumItems,5)">Conditional</animation>
					<animation effect="slide" time="0" end="0,-240" condition="Integer.IsEqual(Container(53).NumItems,4) | Integer.IsEqual(Container(53).NumItems,3)">Conditional</animation>
					<animation effect="slide" time="0" end="0,-360" condition="Integer.IsEqual(Container(53).NumItems,2) | Integer.IsEqual(Container(53).NumItems,1)">Conditional</animation>
					<left>690</left>
					<height>100%</height>
					<onup>SetFocus(6666)</onup>
					<onright condition="Control.IsVisible(17)">SetFocus(17)</onright>
					<onright condition="!Control.IsVisible(17) + Control.IsVisible(7000)">SetFocus(7000)</onright>
					<onright condition="!Control.IsVisible(17) + !Control.IsVisible(7000)">SetFocus(6666)</onright>
					<ondown>noop</ondown>
					<onleft>900</onleft>
					<defaultcontrol always="true">0</defaultcontrol>
					<focusposition>4</focusposition>
					<movement>3</movement>
					<orientation>vertical</orientation>
					<viewtype label="535">list</viewtype>
					<pagecontrol>17</pagecontrol>
					<include>ScrollTime</include>
					<preloaditems>4</preloaditems>
					<oninfo condition="String.IsEqual(ListItem.DBType,set) + !String.StartsWith(ListItem.Path,plugin://plugin.video)">RunScript(script.skin.helper.service,action=textviewer,header='$ESCINFO[ListItem.Title]',message='$ESCINFO[Window(home).Property(SkinHelper.ListItem.ExtendedPlot)]')</oninfo>
					<itemlayout height="120" width="1230">
						<control type="group">
							<left>70</left>
							<right>70</right>
							<include content="ListLayout">
								<param name="id">53</param>
								<param name="mainlabel">$PARAM[mainlabel]</param>
								<param name="sublabel">$PARAM[sublabel]</param>
								<param name="rightlabel">$PARAM[rightlabel]</param>
								<param name="rightlabel2">$PARAM[rightlabel2]</param>
								<param name="fallbacklabel">$PARAM[fallbacklabel]</param>
							</include>
						</control>
					</itemlayout>
					<focusedlayout height="120" width="1230">
						<include>SetPropertyOnFocus</include>
						<control type="group">
							<left>70</left>
							<right>70</right>
							<include content="ListLayout">
								<param name="focused" value="true"/>
								<param name="id">53</param>
								<param name="mainlabel">$PARAM[mainlabel]</param>
								<param name="sublabel">$PARAM[sublabel]</param>
								<param name="rightlabel">$PARAM[rightlabel]</param>
								<param name="rightlabel2">$PARAM[rightlabel2]</param>
								<param name="fallbacklabel">$PARAM[fallbacklabel]</param>
							</include>
						</control>
					</focusedlayout>
				</control>
				<!-- side info panel -->
				<control type="group">
					<width>690</width>
					<control type="image">
						<height>100%</height>
						<texture colordiffuse="22222326">common/white.jpg</texture>
					</control>
					<control type="image">
						<left>690</left>
						<width>1</width>
						<height>100%</height>
						<texture colordiffuse="ff2a2a2a">common/white.jpg</texture>
					</control>
					<control type="group">
						<top>120</top>
						<bottom>120</bottom>
						<centerleft>50%</centerleft>
						<width>590</width>
						<!-- wide thumb -->
						<control type="group">
							<visible>String.IsEqual(ListItem.DBType,movie) | String.IsEqual(ListItem.DBType,set) | String.IsEqual(ListItem.DBType,tvshow) | String.IsEqual(ListItem.DBType,episode) | String.IsEqual(ListItem.DBType,season) | String.StartsWith(ListItem.Path,pvr://) | [String.StartsWith(Container.FolderPath,plugin://plugin.video.emby/) + String.Contains(Container.FolderPath,type=homevideos)] | [String.StartsWith(Container.FolderPath,plugin://plugin.video.embycon) + !String.EndsWith(ListItem.Icon,icon.png)]</visible>
							<control type="group">
								<control type="image">
									<top>-2</top>
									<left>-2</left>
									<width>596</width>
									<height>338</height>
									<texture border="20,20,20,20">items/shadow.png</texture>
								</control>
								<control type="image">
									<width>590</width>
									<height>332</height>
									<texture colordiffuse="thumb_background_fallback" diffuse="items/mask_wide_big.png">common/white.jpg</texture>
									<aspectratio scalediffuse="false">stretch</aspectratio>
									<visible>String.IsEmpty(ListItem.Icon) | String.StartsWith(ListItem.Icon,Default)</visible>
								</control>
								<control type="image">
									<width>590</width>
									<height>332</height>
									<texture colordiffuse="dark_button" diffuse="items/mask_wide_big.png">common/white.jpg</texture>
									<aspectratio scalediffuse="false">stretch</aspectratio>
									<visible>!String.IsEmpty(ListItem.Icon) + !String.StartsWith(ListItem.Icon,Default)</visible>
								</control>
								<control type="textbox">
									<top>10</top>
									<left>10</left>
									<width>570</width>
									<height>312</height>
									<font>Light24</font>
									<textcolor>white</textcolor>
									<align>center</align>
									<aligny>center</aligny>
									<label>$PARAM[thumblabel]</label>
									<visible>String.IsEmpty(ListItem.Icon) | String.StartsWith(ListItem.Icon,Default)</visible>
								</control>
								<control type="image">
									<width>590</width>
									<height>332</height>
									<texture diffuse="items/mask_wide_db.png" background="true">$VAR[IconLandscape]</texture>
									<aspectratio scalediffuse="false">keep</aspectratio>
									<bordersize>20</bordersize>
									<visible>String.StartsWith(ListItem.Path,pvr://) + !String.StartsWith(ListItem.Icon,Default)</visible>
								</control>
								<control type="image">
									<width>590</width>
									<height>332</height>
									<texture diffuse="items/mask_wide_db.png" background="true">$VAR[IconLandscape]</texture>
									<aspectratio scalediffuse="false">keep</aspectratio>
									<visible>!String.StartsWith(ListItem.Path,pvr://) + !String.StartsWith(ListItem.Icon,Default)</visible>
								</control>
								<control type="group">
									<width>590</width>
									<height>332</height>
									<include>bubble_overlay</include>
									<include>bubble_play</include>
								</control>
								<include content="progress">
									<param name="top" value="328"/>
									<param name="width" value="590"/>
								</include>
							</control>
						</control>
						<!-- poster thumb -->
						<control type="group">
							<visible>false</visible>
							<visible>!String.IsEmpty(ListItem.Art(poster)) | !String.IsEmpty(ListItem.Art(tvshow.poster))</visible>
							<control type="group">
								<control type="group">
									<centerleft>50%</centerleft>
									<width>228</width>
									<control type="image">
										<top>-2</top>
										<left>-2</left>
										<width>228</width>
										<height>338</height>
										<texture border="20,20,20,20">items/shadow.png</texture>
									</control>
									<control type="image">
										<width>222</width>
										<height>332</height>
										<texture colordiffuse="thumb_background_fallback" diffuse="items/mask_poster_list.png">common/white.jpg</texture>
										<aspectratio scalediffuse="false">stretch</aspectratio>
										<visible>String.IsEmpty(ListItem.Icon) | String.StartsWith(ListItem.Icon,Default)</visible>
									</control>
									<control type="image">
										<width>222</width>
										<height>332</height>
										<texture colordiffuse="dark_button" diffuse="items/mask_poster_list.png">common/white.jpg</texture>
										<aspectratio scalediffuse="false">stretch</aspectratio>
										<visible>!String.IsEmpty(ListItem.Icon) + !String.StartsWith(ListItem.Icon,Default)</visible>
									</control>
									<control type="textbox">
										<top>10</top>
										<left>10</left>
										<width>202</width>
										<height>312</height>
										<font>Light24</font>
										<textcolor>white</textcolor>
										<align>center</align>
										<aligny>center</aligny>
										<label>$PARAM[thumblabel]</label>
										<visible>String.IsEmpty(ListItem.Icon) | String.StartsWith(ListItem.Icon,Default)</visible>
									</control>
									<control type="image">
										<width>222</width>
										<height>332</height>
										<texture diffuse="items/mask_poster_list.png" background="true">$VAR[IconPoster]</texture>
										<aspectratio scalediffuse="false">stretch</aspectratio>
									</control>
									<control type="group">
										<width>222</width>
										<height>332</height>
										<include>bubble_overlay</include>
										<include>bubble_play</include>
									</control>
									<include content="progress">
										<param name="top" value="328"/>
										<param name="width" value="222"/>
									</include>
								</control>
							</control>
						</control>
						<!-- square thumb -->
						<control type="group">
							<visible>![String.IsEqual(ListItem.DBType,movie) | String.IsEqual(ListItem.DBType,set) | String.IsEqual(ListItem.DBType,tvshow) | String.IsEqual(ListItem.DBType,episode) | String.IsEqual(ListItem.DBType,season) | String.StartsWith(ListItem.Path,pvr://) | [String.StartsWith(Container.FolderPath,plugin://plugin.video.emby/) + String.Contains(Container.FolderPath,type=homevideos)] | [String.StartsWith(Container.FolderPath,plugin://plugin.video.embycon) + !String.EndsWith(ListItem.Icon,icon.png)]]</visible>
							<centerleft>50%</centerleft>
							<width>590</width>
							<control type="group">
								<control type="group">
									<centerleft>50%</centerleft>
									<width>332</width>
									<control type="image">
										<top>-2</top>
										<left>-2</left>
										<width>338</width>
										<height>338</height>
										<texture border="20,20,20,20">items/shadow.png</texture>
									</control>
									<control type="image">
										<width>332</width>
										<height>332</height>
										<texture colordiffuse="thumb_background_fallback" diffuse="items/mask_square_big.png">common/white.jpg</texture>
										<aspectratio scalediffuse="false">stretch</aspectratio>
										<visible>String.IsEmpty(ListItem.Icon) | String.StartsWith(ListItem.Icon,Default)</visible>
									</control>
									<control type="image">
										<width>332</width>
										<height>332</height>
										<texture colordiffuse="dark_button" diffuse="items/mask_square_big.png">common/white.jpg</texture>
										<aspectratio scalediffuse="false">stretch</aspectratio>
										<visible>!String.IsEmpty(ListItem.Icon) + !String.StartsWith(ListItem.Icon,Default)</visible>
									</control>
									<control type="textbox">
										<top>10</top>
										<left>10</left>
										<width>312</width>
										<height>312</height>
										<font>Light24</font>
										<textcolor>white</textcolor>
										<align>center</align>
										<aligny>center</aligny>
										<label>$PARAM[thumblabel]</label>
										<visible>String.IsEmpty(ListItem.Icon) | String.StartsWith(ListItem.Icon,Default)</visible>
									</control>
									<control type="image">
										<width>332</width>
										<height>332</height>
										<texture diffuse="items/mask_square_big.png" background="true">$VAR[IconSquare]</texture>
										<aspectratio scalediffuse="false">scale</aspectratio>
									</control>
									<control type="group">
										<width>332</width>
										<height>332</height>
										<include>bubble_overlay</include>
										<include>bubble_play</include>
									</control>
									<include content="progress">
										<param name="top" value="328"/>
										<param name="width" value="332"/>
									</include>
								</control>
							</control>
						</control>
						<!-- desc -->
						<include content="static_labels">
							<param name="top">348</param>
							<param name="width">590</param>
							<param name="mainlabel">$PARAM[mainlabel]</param>
							<param name="sublabel">$PARAM[sublabel]</param>
							<param name="fallbacklabel">$PARAM[fallbacklabel]</param>
						</include>
						<control type="textbox" id="97">
							<top>425</top>
							<bottom>-20</bottom>
							<align>justify</align>
							<aligny>top</aligny>
							<label>$VAR[ListViewPlot] $VAR[ListViewPlot] $VAR[ListViewPlot] $VAR[ListViewPlot]</label>
							<font>Light24</font>
							<autoscroll>false</autoscroll>
						</control>
					</control>
				</control>
			</control>
		</definition>
	</include>
</includes>