<?xml version="1.0" encoding="UTF-8"?>
<window id="104">
    <defaultcontrol always="true">-</defaultcontrol>
    <controls>
        <control type="group">
            <left>1833</left>
            <top>48</top>
			<visible>Player.Muted</visible>
            <animation effect="slide" end="150,0" time="400" tween="quadratic" delay="100">WindowClose</animation>
            <animation effect="slide" start="150,0" time="400" tween="quadratic">WindowOpen</animation>
            <control type="image" id="901">
                <description>Mute Image</description>
                <left>15</left>
                <top>56</top>
                <width>555</width>
                <height>60</height>
                <texture background="true" border="10">OverlayDialogBackground.png</texture>
                <visible>!Window.IsVisible(visualisation)+!Window.IsVisible(fullscreenvideo)</visible>
            </control>
            <control type="image" id="901">
                <description>Mute Image</description>
                <left>9</left>
                <top>56</top>
                <width>90</width>
                <height>64</height>
                <texture background="true" border="8">Underlay2.png</texture>
                <visible>Window.IsVisible(visualisation)|Window.IsVisible(fullscreenvideo)</visible>
            </control>
            <control type="image" id="902">
                <description>Mute Icon</description>
                <left>15</left>
                <top>48</top>
                <width>75</width>
                <height>75</height>
                <!-- <colordiffuse>red</colordiffuse> -->
                <texture background="true">osd/AudioMute.png</texture>
            </control>
        </control>
        <control type="group">
            <left>1312</left>
            <top>96</top>
            <include>openclose</include>
			<!-- <visible>!Player.Muted</visible> -->
            <animation type="WindowOpen" condition="Skin.HasSetting(animation)">
                <effect type="fade" start="0" end="100" time="300"/>
                <effect type="slide" start="0,-300" end="0,0" time="500"/>
            </animation>
            <animation type="WindowClose" condition="Skin.HasSetting(animation)">
                <effect type="fade" start="100" end="0" time="500" delay="200" />
                <effect type="slide" start="0,0" end="0,-300" time="1000" delay="200" />
            </animation>
            <animation effect="slide" start="0" end="-60" time="200" condition="Player.Muted">Conditional</animation>
			<animation type="Conditional" condition="Player.Muted">
                <effect type="fade" start="100" end="0" time="500" delay="500" />
                <effect type="slide" start="0,0" end="0,-300" time="1000" delay="500" />
            </animation>
            <control type="image">
                <description>background image</description>
                <left>15</left>
                <top>8</top>
                <width>576</width>
                <height>60</height>
                <texture background="true" border="10">OverlayDialogBackground.png</texture>
                <visible>!Window.IsVisible(visualisation)+!Window.IsVisible(fullscreenvideo)</visible>
            </control>
            <control type="image">
                <description>background image</description>
                <left>9</left>
                <top>8</top>
                <width>578</width>
                <height>64</height>
                <texture border="2">Underlay2.png</texture>
                <visible>Window.IsVisible(visualisation)|Window.IsVisible(fullscreenvideo)</visible>
            </control>
            <control type="group">
                <visible>!player.passthrough</visible>
                <control type="image">
                    <description>Lite Volume Logo</description>
                    <left>15</left>
                    <top>9</top>
                    <width>63</width>
                    <height>57</height>
                    <aspectratio>keep</aspectratio>
                    <texture background="true">osd/AudioFO.png</texture>
                </control>
                <control type="progress" id="1">
                    <description>progress control</description>
                    <left>75</left>
                    <top>18</top>
                    <width>495</width>
                    <height>40</height>
                    <info>Player.Volume</info>
                </control>
                <control type="label">
                    <description>progress control</description>
                    <left>450</left>
                    <top>26</top>
                    <width>112</width>
                    <height>27</height>
                    <font>ubuntu-r13b</font>
                    <shadowcolor>black</shadowcolor>
                    <align>right</align>
                    <info>Player.Volume</info>
                </control>
            </control>
            <control type="group">
                <visible>player.passthrough</visible>
                <control type="image">
                    <description>Lite Volume Logo</description>
                    <left>15</left>
                    <top>9</top>
                    <width>63</width>
                    <height>57</height>
                    <aspectratio>keep</aspectratio>
                    <colordiffuse>selected</colordiffuse>
                    <texture background="true">osd/AudioFO.png</texture>
                </control>
                <control type="label">
                    <description>Passthrough Label</description>
                    <left>105</left>
                    <top>27</top>
                    <width>495</width>
                    <height>27</height>
                    <font>ubuntu-r13b</font>
                    <label>29802</label>
                </control>
            </control>
        </control>
    </controls>
</window>
