<?xml version="1.0" encoding="UTF-8"?>
<window id="1123">
	<defaultcontrol always="true">100</defaultcontrol>
	<menucontrol>6666</menucontrol>
	<backgroundcolor>background</backgroundcolor>
	<include>PropertyIncludes</include>
	<controls>
		<!-- background -->
		<include>Background</include>
		<!-- hub -->
		<control type="grouplist" id="10">
			<include>Window_OpenClose</include>
			<defaultcontrol>10000</defaultcontrol>
			<width>100%</width>
			<height>100%</height>
			<itemgap>-80</itemgap>
			<orientation>vertical</orientation>
			<usecontrolcoords>true</usecontrolcoords>
			<include>ScrollTime</include>
			<pagecontrol>17</pagecontrol>
			<include content="WidgetSpacer">
				<param name="id" value="101"/>
			</include>
			<include content="WidgetSmallMenu">
				<param name="id" value="100"/>
				<param name="onup" value="6666"/>
				<param name="ondown" value="200"/>
				<param name="headline" value="$LOCALIZE[24001]"/>
				<param name="content" value="AddonHub_Menu"/>
			</include>
			<include content="SquareWidget">
				<param name="id" value="200"/>
				<param name="onup" value="100"/>
				<param name="ondown" value="201"/>
				<param name="height" value="480"/>
				<param name="headline" value="$LOCALIZE[1037]"/>
				<param name="sublabel" value=""/>
				<param name="widget_target" value="videos"/>
				<param name="sortby" value="lastused"/>
				<param name="sortorder" value="descending"/>
				<param name="content" value="addons://sources/video/"/>
			</include>
			<include content="SquareWidget">
				<param name="id" value="201"/>
				<param name="onup" value="200"/>
				<param name="ondown" value="202"/>
				<param name="height" value="480"/>
				<param name="headline" value="$LOCALIZE[1038]"/>
				<param name="sublabel" value=""/>
				<param name="widget_target" value="music"/>
				<param name="sortby" value="lastused"/>
				<param name="sortorder" value="descending"/>
				<param name="content" value="addons://sources/audio/"/>
			</include>
			<include content="SquareWidget">
				<param name="id" value="202"/>
				<param name="onup" value="201"/>
				<param name="ondown" value="203"/>
				<param name="height" value="480"/>
				<param name="headline" value="$LOCALIZE[1043]"/>
				<param name="sublabel" value=""/>
				<param name="widget_target" value="programs"/>
				<param name="sortby" value="lastused"/>
				<param name="sortorder" value="descending"/>
				<param name="content" value="addons://sources/executable/"/>
			</include>
			<include content="SquareWidget">
				<param name="visible" value="System.Platform.Android"/>
				<param name="id" value="203"/>
				<param name="onup" value="202"/>
				<param name="ondown" value="204"/>
				<param name="height" value="480"/>
				<param name="headline" value="$LOCALIZE[20244]"/>
				<param name="sublabel" value=""/>
				<param name="widget_target" value="programs"/>
				<param name="sortby" value="lastused"/>
				<param name="sortorder" value="descending"/>
				<param name="content" value="androidapp://sources/apps/"/>
			</include>
			<include content="SquareWidget">
				<param name="id" value="204"/>
				<param name="onup" value="203"/>
				<param name="height" value="480"/>
				<param name="ondown" value="noop"/>
				<param name="headline" value="$LOCALIZE[1039]"/>
				<param name="sublabel" value=""/>
				<param name="widget_target" value="pictures"/>
				<param name="sortby" value="lastused"/>
				<param name="sortorder" value="descending"/>
				<param name="content" value="addons://sources/image/"/>
			</include>
		</control>
		<!-- header bar -->
		<include content="HeaderBar">
			<param name="id">10</param>
		</include>
		<!-- side panel -->
		<include content="SidePanel"/>
	</controls>
</window>
