<?xml version="1.0" encoding="UTF-8"?>
<includes>
	<!-- Landscape -->
	<include name="WideWidget">
		<param name="visible">true</param>
		<param name="content_visible">true</param>
		<param name="headline">$LOCALIZE[416]</param>
		<param name="mainlabel">$VAR[MainListLabel]</param>
		<param name="sublabel">$VAR[SubListLabel]</param>
		<param name="use_custom_content">true</param>
		<param name="use_custom_onclick">false</param>
		<param name="height">468</param>
		<param name="force_visible">false</param>
		<param name="layout">LandscapeLayout</param>
		<definition>
			<control type="group">
				<visible>$PARAM[visible]</visible>
				<visible>Integer.IsGreater(Container($PARAM[id]).NumItems,0) | Container($PARAM[id]).IsUpdating | $PARAM[force_visible]</visible>
				<width>100%</width>
				<height>$PARAM[height]</height>
				<control type="group">
					<include content="widget_headline">
						<param name="headline">$PARAM[headline]</param>
						<param name="left">65</param>
						<param name="id">$PARAM[id]</param>
					</include>
					<control type="group">
						<visible>Container($PARAM[id]).IsUpdating + !Integer.IsGreater(Container($PARAM[id]).NumItems,0)</visible>
						<left>70</left>
						<top>94</top>
						<width>430</width>
						<height>242</height>
						<control type="image">
							<top>-2</top>
							<left>-2</left>
							<width>436</width>
							<height>248</height>
							<texture border="20,20,20,20">items/shadow.png</texture>
						</control>
						<control type="image">
							<width>430</width>
							<height>242</height>
							<texture colordiffuse="thumb_background_fallback_secondary">common/white.jpg</texture>
							<aspectratio scalediffuse="false">stretch</aspectratio>
						</control>
						<include content="WidgetLoadingSpinner"/>
					</control>
					<control type="fixedlist" id="$PARAM[id]">
						<visible>$PARAM[content_visible]</visible>
						<include>FocusBounce</include>
						<movement>3</movement>
						<top>30</top>
						<width>100%</width>
						<scrolltime>300</scrolltime>
						<orientation>horizontal</orientation>
						<preloaditems>4</preloaditems>
						<ondown>$PARAM[ondown]</ondown>
						<onup>$PARAM[onup]</onup>
						<onback>$PARAM[onback]</onback>
						<include content="Bounce_Right">
							<param name="id">$PARAM[id]</param>
						</include>
						<onright>SetProperty(BounceRight,1,home)</onright>
						<onright>noop</onright>
						<onleft>900</onleft>
						<include condition="$PARAM[use_custom_onclick]" content="ContainerOnClick">
							<param name="onclick" value="$PARAM[onclick]"/>
							<param name="onclick2" value="$PARAM[onclick2]"/>
							<param name="onclick3" value="$PARAM[onclick3]"/>
							<param name="onclick4" value="$PARAM[onclick4]"/>
							<param name="onclick5" value="$PARAM[onclick5]"/>
							<param name="onclick6" value="$PARAM[onclick6]"/>
							<param name="onclick7" value="$PARAM[onclick7]"/>
							<param name="onclick8" value="$PARAM[onclick8]"/>
							<param name="onclick9" value="$PARAM[onclick9]"/>
							<param name="onclick10" value="$PARAM[onclick10]"/>
							<param name="onclick11" value="$PARAM[onclick11]"/>
							<param name="onclick12" value="$PARAM[onclick12]"/>
						</include>
						<pagecontrol>$PARAM[id]1</pagecontrol>
						<viewtype label="$PARAM[list_name]">list</viewtype>
						<itemlayout width="450">
							<control type="group">
								<left>70</left>
								<top>64</top>
								<include content="$PARAM[layout]">
									<param name="mainlabel" value="$PARAM[mainlabel]" />
									<param name="sublabel" value="$PARAM[sublabel]" />
									<param name="labels_visible" value="$PARAM[labels_visible]" />
									<param name="focused" value="false" />
									<param name="id" value="$PARAM[id]" />
								</include>
							</control>
						</itemlayout>
						<focusedlayout width="450">
							<include>SetPropertyOnFocus</include>
							<control type="group">
								<left>70</left>
								<top>64</top>
								<include content="$PARAM[layout]">
									<param name="mainlabel" value="$PARAM[mainlabel]" />
									<param name="sublabel" value="$PARAM[sublabel]" />
									<param name="labels_visible" value="$PARAM[labels_visible]" />
									<param name="focused" value="true" />
									<param name="id" value="$PARAM[id]" />
								</include>
							</control>
						</focusedlayout>
						<include condition="$PARAM[use_custom_content]" content="ContainerContentPath">
							<param name="widget_target">$PARAM[widget_target]</param>
							<param name="sortby">$PARAM[sortby]</param>
							<param name="sortorder">$PARAM[sortorder]</param>
							<param name="limit">$PARAM[limit]</param>
							<param name="content">$PARAM[content]</param>
						</include>
					</control>
					<include content="list_mask">
						<param name="height" value="242"/>
						<param name="id" value="$PARAM[id]"/>
					</include>
				</control>
			</control>
		</definition>
	</include>
	<!-- Poster -->
	<include name="PosterWidget">
		<param name="visible">true</param>
		<param name="force_visible">false</param>
		<param name="content_visible">true</param>
		<param name="headline">$LOCALIZE[416]</param>
		<param name="mainlabel">$VAR[MainListLabel]</param>
		<param name="sublabel">$VAR[SubListLabel]</param>
		<param name="use_custom_content">true</param>
		<param name="use_custom_onclick">false</param>
		<param name="height">581</param>
		<param name="layout">PosterLayout</param>
		<definition>
			<control type="group">
				<visible>$PARAM[visible]</visible>
				<visible>Integer.IsGreater(Container($PARAM[id]).NumItems,0) | Container($PARAM[id]).IsUpdating | $PARAM[force_visible]</visible>
				<width>100%</width>
				<height>$PARAM[height]</height>
				<control type="group">
					<include content="widget_headline">
						<param name="headline">$PARAM[headline]</param>
						<param name="left">65</param>
						<param name="id">$PARAM[id]</param>
					</include>
					<control type="group">
						<visible>Container($PARAM[id]).IsUpdating + !Integer.IsGreater(Container($PARAM[id]).NumItems,0)</visible>
						<left>70</left>
						<top>94</top>
						<width>237</width>
						<height>355</height>
						<control type="image">
							<top>-2</top>
							<left>-2</left>
							<width>243</width>
							<height>361</height>
							<texture border="20,20,20,20">items/shadow.png</texture>
						</control>
						<control type="image">
							<width>237</width>
							<height>355</height>
							<texture colordiffuse="thumb_background_fallback_secondary">common/white.jpg</texture>
							<aspectratio scalediffuse="false">stretch</aspectratio>
						</control>
						<include content="WidgetLoadingSpinner"/>
					</control>
					<control type="fixedlist" id="$PARAM[id]">
						<visible>$PARAM[content_visible]</visible>
						<include>FocusBounce</include>
						<movement>6</movement>
						<top>30</top>
						<width>100%</width>
						<scrolltime>300</scrolltime>
						<orientation>horizontal</orientation>
						<preloaditems>4</preloaditems>
						<ondown>$PARAM[ondown]</ondown>
						<onup>$PARAM[onup]</onup>
						<include content="Bounce_Right">
							<param name="id">$PARAM[id]</param>
						</include>
						<onright>SetProperty(BounceRight,1,home)</onright>
						<onright>noop</onright>
						<onleft>900</onleft>
						<oninfo condition="String.IsEqual(ListItem.DBType,set) + !String.StartsWith(ListItem.Path,plugin://plugin.video)">RunScript(script.skin.helper.service,action=textviewer,header='$ESCINFO[ListItem.Title]',message='$ESCINFO[Window(home).Property(SkinHelper.ListItem.ExtendedPlot)]')</oninfo>
						<include condition="$PARAM[use_custom_onclick]" content="ContainerOnClick">
							<param name="onclick" value="$PARAM[onclick]"/>
							<param name="onclick2" value="$PARAM[onclick2]"/>
							<param name="onclick3" value="$PARAM[onclick3]"/>
							<param name="onclick4" value="$PARAM[onclick4]"/>
							<param name="onclick5" value="$PARAM[onclick5]"/>
							<param name="onclick6" value="$PARAM[onclick6]"/>
							<param name="onclick7" value="$PARAM[onclick7]"/>
							<param name="onclick8" value="$PARAM[onclick8]"/>
							<param name="onclick9" value="$PARAM[onclick9]"/>
							<param name="onclick10" value="$PARAM[onclick10]"/>
							<param name="onclick11" value="$PARAM[onclick11]"/>
							<param name="onclick12" value="$PARAM[onclick12]"/>
						</include>
						<pagecontrol>$PARAM[id]1</pagecontrol>
						<viewtype label="$PARAM[list_name]">list</viewtype>
						<itemlayout width="257">
							<control type="group">
								<left>70</left>
								<top>64</top>
								<include content="$PARAM[layout]">
									<param name="mainlabel" value="$PARAM[mainlabel]" />
									<param name="sublabel" value="$PARAM[sublabel]" />
									<param name="thumblabel" value="$PARAM[thumblabel]" />
									<param name="labels_visible" value="$PARAM[labels_visible]" />
									<param name="focused" value="false" />
									<param name="id" value="$PARAM[id]" />
								</include>
							</control>
						</itemlayout>
						<focusedlayout width="257">
							<include>SetPropertyOnFocus</include>
							<control type="group">
								<left>70</left>
								<top>64</top>
								<include content="$PARAM[layout]">
									<param name="mainlabel" value="$PARAM[mainlabel]" />
									<param name="sublabel" value="$PARAM[sublabel]" />
									<param name="thumblabel" value="$PARAM[thumblabel]" />
									<param name="labels_visible" value="$PARAM[labels_visible]" />
									<param name="focused" value="true" />
									<param name="id" value="$PARAM[id]" />
								</include>
							</control>
						</focusedlayout>
						<include condition="$PARAM[use_custom_content]" content="ContainerContentPath">
							<param name="widget_target">$PARAM[widget_target]</param>
							<param name="sortby">$PARAM[sortby]</param>
							<param name="sortorder">$PARAM[sortorder]</param>
							<param name="limit">$PARAM[limit]</param>
							<param name="content">$PARAM[content]</param>
						</include>
					</control>
					<include content="list_mask">
						<param name="height" value="355"/>
						<param name="id" value="$PARAM[id]"/>
					</include>
				</control>
			</control>
		</definition>
	</include>
	<!-- Cast -->
	<include name="CastWidget">
		<param name="visible">true</param>
		<param name="content_visible">true</param>
		<param name="headline">$LOCALIZE[206]</param>
		<param name="mainlabel">$INFO[ListItem.Label]</param>
		<param name="sublabel">$LOCALIZE[20347] $INFO[ListItem.Label2]</param>
		<param name="use_custom_content">true</param>
		<param name="onback">noop</param>
		<definition>
			<control type="group">
				<visible>$PARAM[visible]</visible>
				<width>100%</width>
				<height>581</height>
				<control type="group">
					<include content="widget_headline">
						<param name="headline">$PARAM[headline]</param>
						<param name="left">65</param>
						<param name="id">$PARAM[id]</param>
					</include>
					<control type="group">
						<visible>Container($PARAM[id]).IsUpdating | !Integer.IsGreater(Container($PARAM[id]).NumItems,0)</visible>
						<left>70</left>
						<top>94</top>
						<width>237</width>
						<height>355</height>
						<control type="image">
							<top>-2</top>
							<left>-2</left>
							<width>243</width>
							<height>361</height>
							<texture border="20,20,20,20">items/shadow.png</texture>
						</control>
						<control type="image">
							<width>237</width>
							<height>355</height>
							<texture colordiffuse="thumb_background_fallback_secondary">common/white.jpg</texture>
							<aspectratio scalediffuse="false">stretch</aspectratio>
						</control>
						<include content="WidgetLoadingSpinner"/>
					</control>
					<control type="fixedlist" id="$PARAM[id]">
						<visible>$PARAM[content_visible]</visible>
						<include>FocusBounce</include>
						<movement>6</movement>
						<top>30</top>
						<width>100%</width>
						<onback>$PARAM[onback]</onback>
						<scrolltime>300</scrolltime>
						<orientation>horizontal</orientation>
						<preloaditems>4</preloaditems>
						<ondown>$PARAM[ondown]</ondown>
						<onup>$PARAM[onup]</onup>
						<include content="Bounce_Right">
							<param name="id">$PARAM[id]</param>
						</include>
						<onright>SetProperty(BounceRight,1,home)</onright>
						<onright>noop</onright>
						<onleft>900</onleft>
						<onclick condition="!Skin.HasSetting(DoNotUseExtendedInfo)">RunScript(script.extendedinfo,info=extendedactorinfo,name=$INFO[ListItem.Label])</onclick>
						<onclick condition="Skin.HasSetting(DoNotUseExtendedInfo) + Window.IsVisible(movieinformation)">close</onclick>
						<onclick condition="Skin.HasSetting(DoNotUseExtendedInfo) + !Skin.HasSetting(UseGlobalsearch)">SetProperty(CustomSearch,1,home)</onclick>
						<onclick condition="Skin.HasSetting(DoNotUseExtendedInfo) + !Skin.HasSetting(UseGlobalsearch)">Skin.SetString(CustomSearchTerm,$INFO[ListItem.Label])</onclick>
						<onclick condition="Skin.HasSetting(DoNotUseExtendedInfo) + !Skin.HasSetting(UseGlobalsearch)">Skin.SetString(CustomSearchEmbyID,$INFO[ListItem.Property(id)])</onclick>
						<onclick condition="Skin.HasSetting(DoNotUseExtendedInfo) + !Skin.HasSetting(UseGlobalsearch)">ActivateWindow(1115)</onclick>
						<onclick condition="Skin.HasSetting(DoNotUseExtendedInfo) + !Skin.HasSetting(UseGlobalsearch)">AlarmClock(Wait,ClearProperty(CustomSearch,home),00:01,silent)</onclick>
						<onclick condition="Skin.HasSetting(DoNotUseExtendedInfo) + Skin.HasSetting(UseGlobalsearch)">RunScript(script.globalsearch,searchstring=$INFO[ListItem.Label])</onclick>
						<pagecontrol>$PARAM[id]1</pagecontrol>
						<viewtype label="$LOCALIZE[31006]">list</viewtype>
						<itemlayout width="257">
							<control type="group">
								<left>70</left>
								<top>64</top>
								<include content="CastLayout">
									<param name="mainlabel" value="$PARAM[mainlabel]" />
									<param name="sublabel" value="$PARAM[sublabel]" />
									<param name="labels_visible" value="$PARAM[labels_visible]" />
									<param name="focused" value="false" />
									<param name="id" value="$PARAM[id]" />
								</include>
							</control>
						</itemlayout>
						<focusedlayout width="257">
							<control type="group">
								<left>70</left>
								<top>64</top>
								<include content="CastLayout">
									<param name="mainlabel" value="$PARAM[mainlabel]" />
									<param name="sublabel" value="$PARAM[sublabel]" />
									<param name="labels_visible" value="$PARAM[labels_visible]" />
									<param name="focused" value="true" />
									<param name="id" value="$PARAM[id]" />
								</include>
							</control>
						</focusedlayout>
						<include condition="$PARAM[use_custom_content]" content="ContainerContentPath">
							<param name="widget_target">$PARAM[widget_target]</param>
							<param name="sortby">$PARAM[sortby]</param>
							<param name="sortorder">$PARAM[sortorder]</param>
							<param name="limit">$PARAM[limit]</param>
							<param name="content">$PARAM[content]</param>
						</include>
					</control>
					<include content="list_mask">
						<param name="height" value="355"/>
						<param name="id" value="$PARAM[id]"/>
					</include>
				</control>
			</control>
		</definition>
	</include>
	<!-- Profiles -->
	<include name="ProfileWidget">
		<param name="visible">true</param>
		<param name="headline">$LOCALIZE[416]</param>
		<param name="mainlabel">$VAR[MainListLabel]</param>
		<param name="sublabel">$VAR[SubListLabel]</param>
		<param name="use_custom_content">true</param>
		<param name="use_custom_onclick">false</param>
		<definition>
			<control type="group" id="$PARAM[id]1">
				<visible>$PARAM[visible]</visible>
				<visible>Integer.IsGreater(Container($PARAM[id]).NumItems,0) | Container($PARAM[id]).IsUpdating</visible>
				<width>100%</width>
				<height>390</height>
				<control type="fixedlist" id="$PARAM[id]">
					<include>FocusBounce</include>
					<width>100%</width>
					<movement>5</movement>
					<orientation>horizontal</orientation>
					<preloaditems>4</preloaditems>
					<ondown>$PARAM[ondown]</ondown>
					<onright>noop</onright>
					<onleft>900</onleft>
					<onup>$PARAM[onup]</onup>
					<include condition="$PARAM[use_custom_onclick]" content="ContainerOnClick">
						<param name="onclick" value="$PARAM[onclick]"/>
						<param name="onclick2" value="$PARAM[onclick2]"/>
						<param name="onclick3" value="$PARAM[onclick3]"/>
						<param name="onclick4" value="$PARAM[onclick4]"/>
						<param name="onclick5" value="$PARAM[onclick5]"/>
						<param name="onclick6" value="$PARAM[onclick6]"/>
						<param name="onclick7" value="$PARAM[onclick7]"/>
						<param name="onclick8" value="$PARAM[onclick8]"/>
						<param name="onclick9" value="$PARAM[onclick9]"/>
						<param name="onclick10" value="$PARAM[onclick10]"/>
						<param name="onclick11" value="$PARAM[onclick11]"/>
						<param name="onclick12" value="$PARAM[onclick12]"/>
					</include>
					<itemlayout width="296">
						<control type="group">
							<left>70</left>
							<top>64</top>
							<include content="ProfileLayout">
								<param name="mainlabel" value="$PARAM[mainlabel]" />
								<param name="sublabel" value="$PARAM[sublabel]" />
								<param name="labels_visible" value="$PARAM[labels_visible]" />
								<param name="focused" value="false" />
								<param name="id" value="$PARAM[id]" />
							</include>
						</control>
					</itemlayout>
					<focusedlayout width="296">
						<include>SetPropertyOnFocus</include>
						<control type="group">
							<left>70</left>
							<top>64</top>
							<include content="ProfileLayout">
								<param name="mainlabel" value="$PARAM[mainlabel]" />
								<param name="sublabel" value="$PARAM[sublabel]" />
								<param name="labels_visible" value="$PARAM[labels_visible]" />
								<param name="focused" value="true" />
								<param name="id" value="$PARAM[id]" />
							</include>
						</control>
					</focusedlayout>
				</control>
				<include content="list_mask">
					<param name="height" value="277"/>
					<param name="id" value="$PARAM[id]"/>
				</include>
			</control>
		</definition>
	</include>
	<!-- Square -->
	<include name="SquareWidget">
		<param name="visible">true</param>
		<param name="content_visible">true</param>
		<param name="headline">$LOCALIZE[416]</param>
		<param name="mainlabel">$VAR[MainListLabel]</param>
		<param name="sublabel">$VAR[SubListLabel]</param>
		<param name="use_custom_content">true</param>
		<param name="use_custom_onclick">false</param>
		<param name="height">502</param>
		<definition>
			<control type="group">
				<visible>$PARAM[visible]</visible>
				<visible>Integer.IsGreater(Container($PARAM[id]).NumItems,0) | Container($PARAM[id]).IsUpdating</visible>
				<width>100%</width>
				<height>$PARAM[height]</height>
				<control type="group">
					<include content="widget_headline">
						<param name="headline">$PARAM[headline]</param>
						<param name="left">65</param>
					</include>
					<control type="group">
						<visible>Container($PARAM[id]).IsUpdating + !Integer.IsGreater(Container($PARAM[id]).NumItems,0)</visible>
						<left>70</left>
						<top>94</top>
						<width>280</width>
						<height>280</height>
						<control type="image">
							<top>-2</top>
							<left>-2</left>
							<width>286</width>
							<height>286</height>
							<texture border="20,20,20,20">items/shadow.png</texture>
						</control>
						<control type="image">
							<width>280</width>
							<height>280</height>
							<texture colordiffuse="thumb_background_fallback_secondary">common/white.jpg</texture>
							<aspectratio>stretch</aspectratio>
						</control>
						<include content="WidgetLoadingSpinner"/>
					</control>
					<control type="fixedlist" id="$PARAM[id]">
						<visible>$PARAM[content_visible]</visible>
						<include>FocusBounce</include>
						<movement>5</movement>
						<top>30</top>
						<width>100%</width>
						<scrolltime>300</scrolltime>
						<orientation>horizontal</orientation>
						<preloaditems>4</preloaditems>
						<ondown>$PARAM[ondown]</ondown>
						<onup>$PARAM[onup]</onup>
						<include content="Bounce_Right">
							<param name="id">$PARAM[id]</param>
						</include>
						<onright>SetProperty(BounceRight,1,home)</onright>
						<onright>noop</onright>
						<onleft>900</onleft>
						<include condition="$PARAM[use_custom_onclick]" content="ContainerOnClick">
							<param name="onclick" value="$PARAM[onclick]"/>
							<param name="onclick2" value="$PARAM[onclick2]"/>
							<param name="onclick3" value="$PARAM[onclick3]"/>
							<param name="onclick4" value="$PARAM[onclick4]"/>
							<param name="onclick5" value="$PARAM[onclick5]"/>
							<param name="onclick6" value="$PARAM[onclick6]"/>
							<param name="onclick7" value="$PARAM[onclick7]"/>
							<param name="onclick8" value="$PARAM[onclick8]"/>
							<param name="onclick9" value="$PARAM[onclick9]"/>
							<param name="onclick10" value="$PARAM[onclick10]"/>
							<param name="onclick11" value="$PARAM[onclick11]"/>
							<param name="onclick12" value="$PARAM[onclick12]"/>
						</include>
						<pagecontrol>$PARAM[id]1</pagecontrol>
						<viewtype label="$PARAM[list_name]">list</viewtype>
						<itemlayout width="300">
							<control type="group">
								<left>70</left>
								<top>64</top>
								<include content="SquareLayout">
									<param name="mainlabel" value="$PARAM[mainlabel]" />
									<param name="sublabel" value="$PARAM[sublabel]" />
									<param name="labels_visible" value="$PARAM[labels_visible]" />
									<param name="focused" value="false" />
									<param name="id" value="$PARAM[id]" />
								</include>
							</control>
						</itemlayout>
						<focusedlayout width="300">
							<include>SetPropertyOnFocus</include>
							<control type="group">
								<left>70</left>
								<top>64</top>
								<include content="SquareLayout">
									<param name="mainlabel" value="$PARAM[mainlabel]" />
									<param name="sublabel" value="$PARAM[sublabel]" />
									<param name="labels_visible" value="$PARAM[labels_visible]" />
									<param name="focused" value="true" />
									<param name="id" value="$PARAM[id]" />
								</include>
							</control>
						</focusedlayout>
						<include condition="$PARAM[use_custom_content]" content="ContainerContentPath">
							<param name="widget_target">$PARAM[widget_target]</param>
							<param name="sortby">$PARAM[sortby]</param>
							<param name="sortorder">$PARAM[sortorder]</param>
							<param name="limit">$PARAM[limit]</param>
							<param name="content">$PARAM[content]</param>
						</include>
					</control>
					<include content="list_mask">
						<param name="height" value="280"/>
						<param name="id" value="$PARAM[id]"/>
					</include>
				</control>
			</control>
		</definition>
	</include>
	<!-- home menu -->
	<include name="WidgetMainMenu">
		<param name="headline">$LOCALIZE[416]</param>
		<definition>
			<control type="group" id="$PARAM[id]1">
				<width>100%</width>
				<height>385</height>
				<include content="widget_headline">
					<param name="headline">$PARAM[headline]</param>
				</include>
				<control type="fixedlist" id="$PARAM[id]">
					<include>FocusBounce</include>
					<top>30</top>
					<width>100%</width>
					<orientation>horizontal</orientation>
					<preloaditems>4</preloaditems>
					<movement>5</movement>
					<ondown>$PARAM[ondown]</ondown>s
					<onright>SetProperty(BounceRight,1,home)</onright>
					<include content="Bounce_Right">
						<param name="id">$PARAM[id]</param>
					</include>
					<onright>noop</onright>
					<onleft>900</onleft>
					<onup>$PARAM[onup]</onup>
					<itemlayout width="300">
						<control type="group">
							<left>70</left>
							<top>64</top>
							<include content="MainMenuLayout">
								<param name="mainlabel" value="$PARAM[mainlabel]" />
								<param name="focused" value="false" />
								<param name="id" value="$PARAM[id]" />
							</include>
						</control>
					</itemlayout>
					<focusedlayout width="300">
						<include content="WidgetSetPropertyOnFocus">
							<param name="id" value="$PARAM[id]"/>
						</include>
						<control type="group">
							<left>70</left>
							<top>64</top>
							<include content="MainMenuLayout">
								<param name="mainlabel" value="$PARAM[mainlabel]" />
								<param name="focused" value="true" />
								<param name="id" value="$PARAM[id]" />
							</include>
						</control>
					</focusedlayout>
					<content>
						<include>Home_Menu</include>
					</content>
				</control>
				<include content="list_mask">
					<param name="height" value="161"/>
					<param name="id" value="$PARAM[id]"/>
				</include>
			</control>
		</definition>
	</include>
	<include name="HomeWidgetPanelMenu">
		<param name="headline">$LOCALIZE[416]</param>
		<definition>
			<control type="group" id="$PARAM[id]1">
				<width>100%</width>
				<height>1080</height>
				<control id="$PARAM[id]" type="panel">
					<include>FocusBounce</include>
					<width>auto</width>
					<height>1133</height>
					<onright>noop</onright>
					<ondown>noop</ondown>
					<onup>SetFocus(6666)</onup>
					<onleft>900</onleft>
					<include>ScrollTime</include>
					<orientation>vertical</orientation>
					<preloaditems>4</preloaditems>
					<defaultcontrol always="true">0</defaultcontrol>
					<itemlayout width="300" height="233">
						<control type="group">
							<left>70</left>
							<top>114</top>
							<include content="MainMenuLayout">
								<param name="mainlabel" value="$PARAM[mainlabel]" />
								<param name="focused" value="false" />
								<param name="id" value="$PARAM[id]" />
							</include>
						</control>
					</itemlayout>
					<focusedlayout width="300" height="233">
						<include content="WidgetSetPropertyOnFocus">
							<param name="id" value="$PARAM[id]"/>
						</include>
						<control type="group">
							<left>70</left>
							<top>114</top>
							<include content="MainMenuLayout">
								<param name="mainlabel" value="$PARAM[mainlabel]" />
								<param name="focused" value="true" />
								<param name="id" value="$PARAM[id]" />
							</include>
						</control>
					</focusedlayout>
					<content>
						<include>Home_Menu</include>
					</content>
				</control>
			</control>
		</definition>
	</include>
	<!-- small menu -->
	<include name="WidgetSmallMenu">
		<param name="headline">$LOCALIZE[416]</param>
		<param name="mainlabel">$INFO[ListItem.Label]</param>
		<definition>
			<control type="group" id="$PARAM[id]1">
				<width>100%</width>
				<height>239</height>
				<control type="group">
					<include content="widget_headline">
						<param name="headline">$PARAM[headline]</param>
						<param name="left">65</param>
					</include>
					<control type="fixedlist" id="$PARAM[id]">
						<include>FocusBounce</include>
						<top>28</top>
						<width>100%</width>
						<orientation>horizontal</orientation>
						<preloaditems>4</preloaditems>
						<movement>6</movement>
						<ondown>$PARAM[ondown]</ondown>s
						<onright>SetProperty(BounceRight,1,home)</onright>
						<include content="Bounce_Right">
							<param name="id">$PARAM[id]</param>
						</include>
						<onright>noop</onright>
						<onleft>900</onleft>
						<onup>$PARAM[onup]</onup>
						<itemlayout width="255">
							<control type="group">
								<left>70</left>
								<top>64</top>
								<include content="SmallMenuLayout">
									<param name="mainlabel" value="$PARAM[mainlabel]" />
									<param name="focused" value="false" />
									<param name="id" value="$PARAM[id]" />
								</include>
							</control>
						</itemlayout>
						<focusedlayout width="255">
							<include content="WidgetSetPropertyOnFocus">
								<param name="id" value="$PARAM[id]"/>
							</include>
							<control type="group">
								<left>70</left>
								<top>64</top>
								<include content="SmallMenuLayout">
									<param name="mainlabel" value="$PARAM[mainlabel]" />
									<param name="focused" value="true" />
									<param name="id" value="$PARAM[id]" />
								</include>
							</control>
						</focusedlayout>
						<content>
							<item>
								<property name="fallback">true</property>
								<label>$LOCALIZE[31028]</label>
								<onclick condition="Window.IsVisible(1120)">RunScript(script.skinshortcuts,type=manage&amp;group=moviehub)</onclick>
								<onclick condition="Window.IsVisible(1121)">RunScript(script.skinshortcuts,type=manage&amp;group=tvshowhub)</onclick>
								<onclick condition="Window.IsVisible(1122)">RunScript(script.skinshortcuts,type=manage&amp;group=musichub)</onclick>
								<visible>Window.IsVisible(1120) | Window.IsVisible(1121) | Window.IsVisible(1122)</visible>
								<visible>String.IsEmpty(Container($PARAM[id]).ListItemAbsolute(0).Property(id)) + String.IsEmpty(Container($PARAM[id]).ListItemAbsolute(1).Property(id))</visible>
							</item>
							<include content="$PARAM[content]">
								<param name="nr" value="$PARAM[nr]"/>
							</include>
						</content>
					</control>
					<include content="list_mask">
						<param name="height" value="60"/>
						<param name="id" value="$PARAM[id]"/>
					</include>
				</control>
			</control>
		</definition>
	</include>
	<!-- Square settings -->
	<include name="SettingsWidget">
		<param name="visible">true</param>
		<param name="headline">$LOCALIZE[416]</param>
		<param name="mainlabel">$INFO[ListItem.Label]</param>
		<param name="color">blue</param>
		<param name="height">480</param>
		<definition>
			<control type="group" id="$PARAM[id]1">
				<visible>$PARAM[visible]</visible>
				<visible>Integer.IsGreater(Container($PARAM[id]).NumItems,0) | Container($PARAM[id]).IsUpdating</visible>
				<width>100%</width>
				<height>$PARAM[height]</height>
				<include content="widget_headline">
					<param name="headline">$PARAM[headline]</param>
					<param name="id">$PARAM[id]</param>
				</include>
				<control type="fixedlist" id="$PARAM[id]">
					<include>FocusBounce</include>
					<top>30</top>
					<width>100%</width>
					<movement>5</movement>
					<orientation>horizontal</orientation>
					<preloaditems>4</preloaditems>
					<ondown>$PARAM[ondown]</ondown>
					<include content="Bounce_Right">
						<param name="id">$PARAM[id]</param>
					</include>
					<onright>SetProperty(BounceRight,1,home)</onright>
					<onright>noop</onright>
					<onleft>900</onleft>
					<onup>$PARAM[onup]</onup>
					<itemlayout width="300">
						<control type="group">
							<left>79</left>
							<top>64</top>
							<include content="SettingsLayout">
								<param name="mainlabel" value="$PARAM[mainlabel]" />
								<param name="sublabel" value="" />
								<param name="color" value="$PARAM[color]" />
								<param name="focused" value="false" />
								<param name="id" value="$PARAM[id]" />
							</include>
						</control>
					</itemlayout>
					<focusedlayout width="300">
						<include content="WidgetSetPropertyOnFocus">
							<param name="id" value="$PARAM[id]"/>
						</include>
						<control type="group">
							<left>79</left>
							<top>64</top>
							<include content="SettingsLayout">
								<param name="mainlabel" value="$PARAM[mainlabel]" />
								<param name="sublabel" value="" />
								<param name="color" value="$PARAM[color]" />
								<param name="focused" value="true" />
								<param name="id" value="$PARAM[id]" />
							</include>
						</control>
					</focusedlayout>
					<include>$PARAM[content]</include>
				</control>
				<include content="list_mask">
					<param name="height" value="280"/>
					<param name="id" value="$PARAM[id]"/>
				</include>
			</control>
		</definition>
	</include>
	<!-- PVR -->
	<include name="PVRWidget">
		<param name="visible">true</param>
		<param name="headline">$LOCALIZE[416]</param>
		<param name="mainlabel">$VAR[MainListLabel]</param>
		<param name="sublabel">$VAR[SubListLabel]</param>
		<param name="use_custom_content">true</param>
		<param name="use_custom_onclick">false</param>
		<definition>
			<control type="group" id="$PARAM[id]1">
				<visible>$PARAM[visible]</visible>
				<visible>Integer.IsGreater(Container($PARAM[id]).NumItems,0) | Container($PARAM[id]).IsUpdating</visible>
				<width>100%</width>
				<height>588</height>
				<include content="widget_headline">
					<param name="headline">$VAR[PVRLabel]</param>
				</include>
				<control type="grouplist" id="$PARAM[id]01">
					<enable>Integer.IsGreater(Container($PARAM[id]).NumItems,0) | Container($PARAM[id]).IsUpdating</enable>
					<top>90</top>
					<left>68</left>
					<height>50</height>
					<orientation>horizontal</orientation>
					<itemgap>5</itemgap>
					<onleft>900</onleft>
					<onright>noop</onright>
					<onup>$PARAM[onup]</onup>
					<ondown>$PARAM[ondown]</ondown>
					<control type="button" id="$PARAM[id]02">
						<include>DarkGreyButton</include>
						<label>$LOCALIZE[19023]</label>
						<onup>$PARAM[onup]</onup>
						<ondown>$PARAM[id]</ondown>
						<onclick>ActivateWindow(tvchannels)</onclick>
					</control>
					<control type="button" id="$PARAM[id]03">
						<include>DarkGreyButton</include>
						<label>$LOCALIZE[19069]</label>
						<onup>$PARAM[onup]</onup>
						<ondown>$PARAM[id]</ondown>
						<shadowcolor>text_shadow</shadowcolor>
						<onclick>ActivateWindow(tvguide)</onclick>
					</control>
					<control type="button" id="$PARAM[id]04">
						<include>DarkGreyButton</include>
						<label>$LOCALIZE[19017]</label>
						<onup>$PARAM[onup]</onup>
						<ondown>$PARAM[id]</ondown>
						<onclick>ActivateWindow(tvrecordings)</onclick>
					</control>
					<control type="button" id="$PARAM[id]05">
						<include>DarkGreyButton</include>
						<label>$LOCALIZE[19040]</label>
						<onup>$PARAM[onup]</onup>
						<ondown>$PARAM[id]</ondown>
						<onclick>ActivateWindow(tvtimers)</onclick>
					</control>
					<control type="button" id="$PARAM[id]06">
						<include>DarkGreyButton</include>
						<label>$LOCALIZE[19138]</label>
						<onup>$PARAM[onup]</onup>
						<ondown>$PARAM[id]</ondown>
						<onclick>ActivateWindow(tvtimerrules)</onclick>
					</control>
					<control type="button" id="$PARAM[id]07">
						<include>DarkGreyButton</include>
						<label>$LOCALIZE[19024]</label>
						<onup>$PARAM[onup]</onup>
						<ondown>$PARAM[id]</ondown>
						<onclick>ActivateWindow(radiochannels)</onclick>
						<visible>Pvr.HasRadioChannels</visible>
					</control>
				</control>
				<include content="widget_headline">
					<param name="top">145</param>
					<param name="headline">$PARAM[headline]</param>
					<param name="id">$PARAM[id]</param>
				</include>
				<control type="group">
					<visible>Container($PARAM[id]).IsUpdating + !Integer.IsGreater(Container($PARAM[id]).NumItems,0)</visible>
					<left>79</left>
					<top>214</top>
					<width>276</width>
					<height>276</height>
					<control type="image">
						<top>-2</top>
						<left>-2</left>
						<width>282</width>
						<height>282</height>
						<texture border="20,20,20,20">items/shadow.png</texture>
					</control>
					<control type="image">
						<width>276</width>
						<height>276</height>
						<texture colordiffuse="thumb_background_fallback_secondary">common/white.jpg</texture>
						<aspectratio>stretch</aspectratio>
					</control>
					<include content="WidgetLoadingSpinner"/>
				</control>
				<control type="fixedlist" id="$PARAM[id]">
					<include>FocusBounce</include>
					<top>150</top>
					<width>100%</width>
					<movement>5</movement>
					<orientation>horizontal</orientation>
					<preloaditems>4</preloaditems>
					<ondown>$PARAM[ondown]</ondown>
					<include content="Bounce_Right">
						<param name="id">$PARAM[id]</param>
					</include>
					<onright>SetProperty(BounceRight,1,home)</onright>
					<onright>noop</onright>
					<onleft>900</onleft>
					<onup>$PARAM[id]01</onup>
					<include condition="$PARAM[use_custom_onclick]" content="ContainerOnClick">
						<param name="onclick" value="$PARAM[onclick]"/>
						<param name="onclick2" value="$PARAM[onclick2]"/>
						<param name="onclick3" value="$PARAM[onclick3]"/>
						<param name="onclick4" value="$PARAM[onclick4]"/>
						<param name="onclick5" value="$PARAM[onclick5]"/>
						<param name="onclick6" value="$PARAM[onclick6]"/>
						<param name="onclick7" value="$PARAM[onclick7]"/>
						<param name="onclick8" value="$PARAM[onclick8]"/>
						<param name="onclick9" value="$PARAM[onclick9]"/>
						<param name="onclick10" value="$PARAM[onclick10]"/>
						<param name="onclick11" value="$PARAM[onclick11]"/>
						<param name="onclick12" value="$PARAM[onclick12]"/>
					</include>
						<itemlayout width="450">
							<control type="group">
								<left>70</left>
								<top>64</top>
								<include content="LandscapeLayout">
									<param name="mainlabel" value="$PARAM[mainlabel]" />
									<param name="sublabel" value="$PARAM[sublabel]" />
									<param name="labels_visible" value="$PARAM[labels_visible]" />
									<param name="focused" value="false" />
									<param name="id" value="$PARAM[id]" />
								</include>
							</control>
						</itemlayout>
						<focusedlayout width="450">
							<include>SetPropertyOnFocus</include>
							<control type="group">
								<left>70</left>
								<top>64</top>
								<include content="LandscapeLayout">
									<param name="mainlabel" value="$PARAM[mainlabel]" />
									<param name="sublabel" value="$PARAM[sublabel]" />
									<param name="labels_visible" value="$PARAM[labels_visible]" />
									<param name="focused" value="true" />
									<param name="id" value="$PARAM[id]" />
								</include>
							</control>
						</focusedlayout>
					<include condition="$PARAM[use_custom_content]" content="ContainerContentPath">
						<param name="widget_target">$PARAM[widget_target]</param>
						<param name="sortby">$PARAM[sortby]</param>
						<param name="sortorder">$PARAM[sortorder]</param>
						<param name="limit">$PARAM[limit]</param>
						<param name="content">$PARAM[content]</param>
					</include>
				</control>
				<control type="group">
					<top>120</top>
					<include content="list_mask">
						<param name="height" value="277"/>
						<param name="id" value="$PARAM[id]"/>
					</include>
				</control>
			</control>
		</definition>
	</include>
</includes>
