﻿<?xml version="1.0" encoding="utf-8" standalone="yes"?>
<addon id="plugin.video.filmstarts" name="Filmstarts" version="1.0.2" provider-name="L0RE">
	<requires>
		<import addon="xbmc.python" version="2.24.0"/>
		<import addon="plugin.video.youtube" version="6.1.0"/>
	</requires>
	<extension point="xbmc.python.pluginsource" library="default.py">
		<provides>video</provides>
	</extension>
	<extension point="xbmc.addon.metadata">
		<summary lang="de">Filme und Serien (Trailer, Making of, Teaser ...)</summary>
		<summary lang="en">Movies and Series (Trailer, Making of, Teaser ...)</summary>
		<description lang="de">FILMSTARTS.de ist das führende Online-Magazin rund um das Medium Film.[CR]In der FILMSTARTS-Datenbank befinden sich mittlerweile Informationen zu mehr als 70.000 Filmen.[CR]Schaue Trailer, Making of, Teaser etc. von Filmen und Serien, ausgewählt und zusammengestellt von http://www.filmstarts.de/.</description>
		<description lang="en">FILMSTARTS.de is the leading online magazine about the medium of Movie.[CR]In the meantime the FILMSTARTS database contains information of more than 70.000 movies.[CR]Watch trailer, making of, teaser, etc. of movies and series, selected and compiled by http://www.filmstarts.de/.</description>
		<disclaimer lang="de">Die von diesem Addon dargestellten Inhalte werden von den Erstellern des Addons weder gehostet oder verbreitet, noch stehen die Ersteller in irgendeiner Beziehung zu den Anbietern des Inhalts.</disclaimer>
		<disclaimer lang="en">The author does not host or distribute any of the content displayed by this addon. The author does not have any affiliation with the content providers.</disclaimer>
		<language></language>
		<platform>all</platform>
		<license>GNU GENERAL PUBLIC LICENSE. Version 2, June 1991</license>
		<forum>https://www.kodinerds.net/index.php/Thread/53743-RERelease-filmstarts/</forum>
		<website>http://www.filmstarts.de/</website>
		<email></email>
		<source>https://github.com/kodinerds/repo/tree/master/plugin.video.filmstarts</source>
		<assets>
			<icon>icon.png</icon>
			<fanart>fanart.jpg</fanart>
		</assets>
		<news>[B][COLOR orangered]Version 1.0.2  (21.01.2019)[/COLOR][/B] by realvito[CR]
- fixed: Hauptrubrik Trailer = sämtliche Unterordner ohne Inhalt
- fixed: Unterordner Trailer = Anzeige der nächsten Seite
- optimized: In der Rubrik = Kino/Starttermin nach Wochen - Aktuelle Woche farblich hervorgehoben
		</news>
	</extension>
</addon>