<?xml version="1.0" encoding="UTF-8"?>
<includes>
	<include name="View_50_LiveTVList">
		<control type="group">
		    <include>Animation.ZoomIn</include>
			<description>TV Channels group</description>
			<visible>Control.IsVisible(50)</visible>
			<control type="list" id="50">
				<left>182</left>
				<top>163</top>
				<width>1161</width>
				<height>810</height>
				<onleft>9020</onleft>
				<onright>9032</onright>
				<onup>50</onup>
				<ondown>50</ondown>
				<viewtype label="535">list</viewtype>
				<pagecontrol>60</pagecontrol>
				<scrolltime tween="sine" easing="out">500</scrolltime>
				<itemlayout height="76" width="610">
					<control type="image">
						<left>1</left>
						<top>0</top>
						<width>1203</width>
						<height>1</height>
						<texture background="true">default/separator.png</texture>
					</control>
					<control type="label">
						<left>220</left>
						<top>20</top>
						<width>40</width>
						<height>35</height>
						<font>primal_20</font>
						<align>left</align>
						<aligny>center</aligny>
						<textcolor>$VAR[ColorFontNormal]</textcolor>
	                    <shadowcolor>$VAR[ColorFontShadow]</shadowcolor>
						<selectedcolor>$VAR[ColorFontSelected]</selectedcolor>
						<info>ListItem.ChannelNumberLabel</info>
					</control>
					<control type="label">
						<left>260</left>
						<top>25</top>
						<width>200</width>
						<height>25</height>
						<font>primal_20</font>
						<textcolor>$VAR[ColorFontNormal]</textcolor>
	                    <shadowcolor>$VAR[ColorFontShadow]</shadowcolor>
						<selectedcolor>$VAR[ColorFontSelected]</selectedcolor>
						<align>left</align>
						<aligny>center</aligny>
						<label>$INFO[ListItem.Label]</label>
					</control>
					<control type="label">
						<left>450</left>
						<top>27</top>
						<width>180</width>
						<height>20</height>
						<font>primal_20</font>
						<textcolor>$VAR[ColorFontNormal]</textcolor>
	                    <shadowcolor>$VAR[ColorFontShadow]</shadowcolor>
						<selectedcolor>$VAR[ColorFontSelected]</selectedcolor>
						<align>left</align>
						<aligny>center</aligny>
						<label>$INFO[ListItem.StartTime] - $INFO[ListItem.EndTime]</label>
					</control>
					<control type="label">
						<left>715</left>
						<top>27</top>
						<width>410</width>
						<height>20</height>
						<font>primal_20</font>
						<textcolor>$VAR[ColorFontNormal]</textcolor>
	                    <shadowcolor>$VAR[ColorFontShadow]</shadowcolor>
						<selectedcolor>$VAR[ColorFontSelected]</selectedcolor>
						<align>left</align>
						<aligny>center</aligny>
						<label>$INFO[ListItem.Title]</label>
						<visible>!IsEmpty(Listitem.Icon)</visible>
					</control>			
					<control type="progress" id="3230">
						<description>Progressbar</description>
						<left>610</left>
						<top>29</top>
						<width>80</width>
						<height>15</height>
						<visible>ListItem.HasEpg</visible>
						<info>ListItem.Progress</info>
						<visible>!ListItem.IsRecording</visible>
					</control>
					<control type="progress">
						<description>Progressbar</description>
						<left>610</left>
						<top>29</top>
						<width>80</width>
						<height>15</height>
						<visible>ListItem.IsRecording</visible>
						<info>ListItem.Progress</info>
					</control>
					<control type="image">
						<left>2</left>
						<top>2</top>
						<width>187</width>
						<height>73</height>
						<texture>$INFO[ListItem.Icon]</texture>
						<aspectratio scalediffuse="false" align="center" aligny="center">scale</aspectratio>
						<visible>!Skin.HasSetting(livetvicon)</visible>
					</control>
					<control type="image">
						<left>2</left>
						<top>2</top>
						<width>187</width>
						<height>73</height>
						<texture>$INFO[ListItem.Icon]</texture>
						<aspectratio scalediffuse="false" align="center" aligny="center">keep</aspectratio>
						<visible>Skin.HasSetting(livetvicon)</visible>
					</control>
					<control type="image">
						<left>20</left>
						<top>18</top>
						<width>30</width>
						<height>20</height>
						<texture>PVR-IsRecording.png</texture>
						<visible>ListItem.IsRecording</visible>
					</control>
				</itemlayout>
				<focusedlayout height="190" width="610">
				<control type="group">
					<control type="image">
						<left>1</left>
						<top>0</top>
						<width>1203</width>
						<height>190</height>
						<texture background="true">skin/button_klein.png</texture>
		                <colordiffuse>$VAR[BackColorButton]</colordiffuse>
					</control>
					<control type="image">
						<left>1</left>
						<top>0</top>
						<width>1203</width>
						<height>1</height>
						<texture background="true">default/separator.png</texture>
					</control>
					<control type="label">
						<left>220</left>
						<top>22</top>
						<width>40</width>
						<height>35</height>
						<font>primal_20</font>
						<align>left</align>
						<aligny>center</aligny>
						<textcolor>$VAR[ColorFontNormal]</textcolor>
	                    <shadowcolor>$VAR[ColorFontShadow]</shadowcolor>
						<selectedcolor>$VAR[ColorFontSelected]</selectedcolor>
						<info>ListItem.ChannelNumberLabel</info>
					</control>
					<control type="label">
						<left>260</left>
						<top>27</top>
						<width>200</width>
						<height>25</height>
						<font>primal_20</font>
						<textcolor>$VAR[ColorFontNormal]</textcolor>
	                    <shadowcolor>$VAR[ColorFontShadow]</shadowcolor>
						<selectedcolor>$VAR[ColorFontSelected]</selectedcolor>
						<align>left</align>
						<aligny>center</aligny>
						<scroll>true</scroll>
						<label>$INFO[ListItem.Label]</label>
					</control>
					<control type="fadelabel">
						<left>450</left>
						<top>27</top>
						<width>770</width>
						<height>20</height>
						<font>primal_20</font>
						<textcolor>$VAR[ColorFontNormal]</textcolor>
	                    <shadowcolor>$VAR[ColorFontShadow]</shadowcolor>
						<selectedcolor>$VAR[ColorFontSelected]</selectedcolor>
						<align>left</align>
						<aligny>center</aligny>
						<label>$INFO[ListItem.StartTime] - $INFO[ListItem.EndTime]</label>
					</control>
					<control type="fadelabel">
						<left>715</left>
						<top>27</top>
						<width>410</width>
						<height>20</height>
						<font>primal_20</font>
						<textcolor>$VAR[ColorFontNormal]</textcolor>
	                    <shadowcolor>$VAR[ColorFontShadow]</shadowcolor>
						<selectedcolor>$VAR[ColorFontSelected]</selectedcolor>
						<align>left</align>
						<aligny>center</aligny>
						<label>$INFO[ListItem.Title]</label>
						<label>$LOCALIZE[50013]$INFO[ListItem.NextTitle,: ]</label>        
						<scroll>true</scroll>
						<scrollout>false</scrollout>
						<scrollspeed>100</scrollspeed>
						<pauseatend>2000</pauseatend>
						<visible>!IsEmpty(Listitem.Icon)</visible>
					</control>
					<control type="textbox">
						<description>Plot Value for TVShow</description>
						<left>220</left>
						<top>78</top>
						<width>905</width>
						<height>95</height>
						<font>primal_16</font>
						<align>justify</align>
						<textcolor>white</textcolor>
	                    <shadowcolor>$VAR[ColorFontShadow]</shadowcolor>
						<pagecontrol>-</pagecontrol>
						<label>[COLOR $VAR[ColorFontNormal]]$INFO[ListItem.Plot][/COLOR]</label>
						<autoscroll time="2000" delay="15000" repeat="5000">!Skin.HasSetting(NoPlotScroll)</autoscroll>
					</control>
					<control type="progress">
						<description>Progressbar</description>
						<left>610</left>
						<top>31</top>
						<width>80</width>
						<height>15</height>
						<texturebg border="0" colordiffuse="$VAR[ColorButtonDialogeBack]">progress/bg.png</texturebg>
						<lefttexture border="0" colordiffuse="$VAR[ColorButtonDialogeBack]">progress/blank.png</lefttexture>
						<midtexture border="0" colordiffuse="$VAR[ColorButtonDialogeBack]">progress/blank.png</midtexture>
						<righttexture border="0" colordiffuse="$VAR[ColorButtonDialogeBack]">progress/blank.png</righttexture>
						<info>ListItem.Progress</info>
					</control>
					<control type="image">
						<left>2</left>
						<top>2</top>
						<width>187</width>
						<height>187</height>
						<texture>$INFO[ListItem.Icon]</texture>
						<aspectratio scalediffuse="false" align="center" aligny="center">scale</aspectratio>
						<visible>!Skin.HasSetting(livetvicon)</visible>
					</control>
					<control type="image">
						<left>2</left>
						<top>2</top>
						<width>187</width>
						<height>187</height>
						<texture>$INFO[ListItem.Icon]</texture>
						<aspectratio scalediffuse="false" align="center" aligny="center">keep</aspectratio>
						<visible>Skin.HasSetting(livetvicon)</visible>
					</control>
					<control type="image">
						<left>20</left>
						<top>18</top>
						<width>30</width>
						<height>20</height>
						<texture>PVR-IsRecording.png</texture>
						<visible>ListItem.IsRecording</visible>
					</control>
				  </control>
				</focusedlayout>
			</control>
			<!--<control type="scrollbar" id="60">
			  <include>Animation.ZoomIn</include>
	          <include>Animation.ZoomOut</include>
			  <left>30</left>
			  <top>165</top>
			  <width>10</width>
			  <height>810</height>
			  <texturesliderbackground>button/ScrollBarV.png</texturesliderbackground>
			  <texturesliderbar colordiffuse="$VAR[BackColorFront]">button/ScrollBarV_bar.png</texturesliderbar>
			  <texturesliderbarfocus colordiffuse="$VAR[BackColorButton]">button/ScrollBarV_bar_focus.png</texturesliderbarfocus>
			  <textureslidernib>button/ScrollBarNib.png</textureslidernib>
			  <textureslidernibfocus>button/ScrollBarNib.png</textureslidernibfocus>
			  <onleft>9020</onleft>
			  <onright>8</onright>
			  <showonepage>false</showonepage>
			  <orientation>vertical</orientation>
			  <visible>Control.IsVisible(50)</visible>
			</control>-->
			<control type="label">
			  <include>Animation.ZoomIn</include>
			  <description>Page Count Label</description>
			  <left>80</left>
			  <top>1020</top>
			  <width>500</width>
			  <height>20</height>
			  <font>primal_20</font>
			  <textcolor>$VAR[ColorFontNormal]</textcolor>
			  <shadowcolor>$VAR[ColorFontShadow]</shadowcolor>
			  <scroll>false</scroll>
			  <aligny>center</aligny>
			  <label>($INFO[Container(50).NumItems]) $LOCALIZE[19019] - $LOCALIZE[31024] ($INFO[Container(50).CurrentPage]/$INFO[Container(50).NumPages])</label>
		  </control>
		</control>
		<control type="group">
			<left>85</left>
			<top>50</top>
			<include>Animation.ZoomIn</include>
		    <visible>Control.IsVisible(50)</visible>		  
		  <control type="label">
			<left>1300</left>
			<top>415</top>
			<width>460</width>
			<height>30</height>
			<label>$INFO[Player.Time]$INFO[Player.Duration, - ]$INFO[VideoPlayer.Title, / ]</label>
			<align>left</align>
			<aligny>center</aligny>
			<font>primal_20</font>
			<textcolor>$VAR[ColorFontNormal]</textcolor>
	        <shadowcolor>$VAR[ColorFontShadow]</shadowcolor>
			<scroll>false</scroll>
		  </control>
		  <control type="label">
			<left>1300</left>
			<top>455</top>
			<width>460</width>
			<height>30</height>
			<label>$LOCALIZE[50207]: $INFO[VideoPlayer.NextTitle]</label>
			<align>left</align>
			<aligny>center</aligny>
			<font>primal_18</font>
			<textcolor>$VAR[ColorFontNormal]</textcolor>
	        <shadowcolor>$VAR[ColorFontShadow]</shadowcolor>
			<scroll>false</scroll>
		  </control>
		  <control type="image">
			<left>1277</left>
			<top>108</top>
			<width>502</width>
			<height>264</height>
			<texture background="true">special://skin/backgrounds/FALLBACK.jpg</texture>
			<bordertexture border="10">ThumbShadow.png</bordertexture>
		    <bordersize>6</bordersize>
			<aspectratio>stretch</aspectratio>
			<visible>!Player.HasMedia</visible>
		  </control> 
		  <control type="videowindow">
			<left>1281</left>
			<top>115</top>
			<width>492</width>
			<height>274</height>
		  </control>
		</control>
	</include>
	
	<include name="View_51_LiveTVPanel">
		<control type="group">
		    <include>Animation.ZoomIn</include>
			<description>TV Channels group</description>
			<visible>Control.IsVisible(51)</visible>
			<control type="panel" id="51">
				<left>182</left>
				<top>163</top>
				<width>1700</width>
				<height>610</height>
				<onleft>9020</onleft>
				<onright>9032</onright>
				<onup>51</onup>
				<ondown>51</ondown>
				<viewtype label="50359">list</viewtype>
				<pagecontrol>60</pagecontrol>
				<scrolltime tween="sine" easing="out">500</scrolltime>
				<itemlayout height="165" width="560">
					<control type="image">
						<left>1</left>
						<top>0</top>
						<width>555</width>
						<height>160</height>
						<texture background="true">skin/button_klein.png</texture>
		                <colordiffuse>$VAR[BackColorFront]</colordiffuse>
					</control>
					<control type="label">
						<left>170</left>
						<top>15</top>
						<width>370</width>
						<height>35</height>
						<font>primal_16_Title</font>
						<align>left</align>
						<aligny>center</aligny>
						<textcolor>$VAR[ColorFontNormal]</textcolor>
	                    <shadowcolor>$VAR[ColorFontShadow]</shadowcolor>
						<selectedcolor>$VAR[ColorFontSelected]</selectedcolor>
						<label>$INFO[ListItem.ChannelNumberLabel]$INFO[ListItem.Label,  ]</label>
					</control>
					<control type="label">
						<left>170</left>
						<top>70</top>
						<width>370</width>
						<height>20</height>
						<font>primal_15</font>
						<textcolor>$VAR[ColorFontNormal]</textcolor>
	                    <shadowcolor>$VAR[ColorFontShadow]</shadowcolor>
						<selectedcolor>$VAR[ColorFontSelected]</selectedcolor>
						<align>left</align>
						<aligny>center</aligny>
						<label>$INFO[ListItem.StartTime] - $INFO[ListItem.EndTime] - $INFO[ListItem.Title]</label>
					</control>		
					<control type="label">
						<left>170</left>
						<top>100</top>
						<width>370</width>
						<height>20</height>
						<font>primal_15</font>
						<textcolor>$VAR[ColorFontNormal]</textcolor>
	                    <shadowcolor>$VAR[ColorFontShadow]</shadowcolor>
						<selectedcolor>$VAR[ColorFontSelected]</selectedcolor>
						<align>left</align>
						<aligny>center</aligny>
						<label>$INFO[ListItem.NextStartTime] - $INFO[ListItem.NextEndTime] - $INFO[ListItem.NextTitle]</label>
					</control>
					<control type="progress" id="3230">
						<description>Progressbar</description>
						<left>170</left>
						<top>135</top>
						<width>370</width>
						<height>8</height>
						<visible>ListItem.HasEpg</visible>
						<info>ListItem.Progress</info>
						<visible>!ListItem.IsRecording</visible>
					</control>
					<control type="progress">
						<description>Progressbar</description>
						<left>170</left>
						<top>135</top>
						<width>370</width>
						<height>8</height>
						<texturebg border="0" colordiffuse="$VAR[ColorFontNormal]">progress/bg.png</texturebg>
						<lefttexture border="0" colordiffuse="$VAR[BackColorButton]">progress/blank.png</lefttexture>
						<midtexture border="0" colordiffuse="$VAR[BackColorButton]">progress/blank.png</midtexture>
						<righttexture border="0" colordiffuse="$VAR[BackColorButton]">progress/blank.png</righttexture>
						<info>ListItem.Progress</info>
					</control>
					<control type="image">
						<left>5</left>
						<top>5</top>
						<width>150</width>
						<height>150</height>
						<aspectratio>keep</aspectratio>
						<texture>$INFO[ListItem.Icon]</texture>
						<visible>!Skin.HasSetting(livetvicon)</visible>
					</control>
					<control type="image">
						<left>5</left>
						<top>5</top>
						<width>150</width>
						<height>150</height>
						<aspectratio>keep</aspectratio>
						<texture>$INFO[ListItem.Icon]</texture>
						<visible>Skin.HasSetting(livetvicon)</visible>
					</control>
					<control type="image">
						<left>20</left>
						<top>70</top>
						<width>30</width>
						<height>20</height>
						<texture>PVR-IsRecording.png</texture>
						<visible>ListItem.IsRecording</visible>
					</control>
				</itemlayout>
				<focusedlayout height="203" width="560">
				<control type="group">
					<control type="image">
						<left>1</left>
						<top>0</top>
						<width>555</width>
						<height>160</height>
						<texture background="true">skin/button_klein.png</texture>
		                <colordiffuse>$VAR[BackColorButton]</colordiffuse>
					</control>
					<control type="label">
						<left>170</left>
						<top>15</top>
						<width>370</width>
						<height>35</height>
						<font>primal_16_Title</font>
						<align>left</align>
						<aligny>center</aligny>
						<textcolor>$VAR[ColorFontNormal]</textcolor>
	                    <shadowcolor>$VAR[ColorFontShadow]</shadowcolor>
						<selectedcolor>$VAR[ColorFontSelected]</selectedcolor>
						<label>$INFO[ListItem.ChannelNumberLabel]$INFO[ListItem.Label,  ]</label>
					</control>
					<control type="label">
						<left>170</left>
						<top>70</top>
						<width>370</width>
						<height>20</height>
						<font>primal_15</font>
						<textcolor>$VAR[ColorFontNormal]</textcolor>
	                    <shadowcolor>$VAR[ColorFontShadow]</shadowcolor>
						<selectedcolor>$VAR[ColorFontSelected]</selectedcolor>
						<align>left</align>
						<aligny>center</aligny>
						<label>$INFO[ListItem.StartTime] - $INFO[ListItem.EndTime] - $INFO[ListItem.Title]</label>
					</control>
					<control type="label">
						<left>170</left>
						<top>100</top>
						<width>370</width>
						<height>20</height>
						<font>primal_15</font>
						<textcolor>$VAR[ColorFontNormal]</textcolor>
	                    <shadowcolor>$VAR[ColorFontShadow]</shadowcolor>
						<selectedcolor>$VAR[ColorFontSelected]</selectedcolor>
						<align>left</align>
						<aligny>center</aligny>
						<label>$INFO[ListItem.NextStartTime] - $INFO[ListItem.NextEndTime] - $INFO[ListItem.NextTitle]</label>
					</control>
					<control type="progress">
						<description>Progressbar</description>
						<left>170</left>
						<top>135</top>
						<width>370</width>
						<height>8</height>
						<texturebg border="0" colordiffuse="$VAR[ColorFontNormal]">progress/bg.png</texturebg>
						<lefttexture border="0" colordiffuse="$VAR[ColorProgress]">progress/blank.png</lefttexture>
						<midtexture border="0" colordiffuse="$VAR[ColorProgress]">progress/blank.png</midtexture>
						<righttexture border="0" colordiffuse="$VAR[ColorProgress]">progress/blank.png</righttexture>
						<info>ListItem.Progress</info>
					</control>
					<control type="image">
						<left>5</left>
						<top>5</top>
						<width>150</width>
						<height>150</height>
						<aspectratio>keep</aspectratio>
						<texture>$INFO[ListItem.Icon]</texture>
						<visible>!Skin.HasSetting(livetvicon)</visible>
					</control>
					<control type="image">
						<left>5</left>
						<top>5</top>
						<width>150</width>
						<height>150</height>
						<aspectratio>keep</aspectratio>
						<texture>$INFO[ListItem.Icon]</texture>
						<visible>Skin.HasSetting(livetvicon)</visible>
					</control>
					<control type="image">
						<left>20</left>
						<top>70</top>
						<width>30</width>
						<height>20</height>
						<texture>PVR-IsRecording.png</texture>
						<visible>ListItem.IsRecording</visible>
					</control>
				  </control>
				</focusedlayout>
			</control>
			<!--<control type="scrollbar" id="60">
			  <include>Animation.ZoomIn</include>
	          <include>Animation.ZoomOut</include>
			  <left>30</left>
			  <top>165</top>
			  <width>10</width>
			  <height>810</height>
			  <texturesliderbackground>button/ScrollBarV.png</texturesliderbackground>
			  <texturesliderbar colordiffuse="$VAR[BackColorFront]">button/ScrollBarV_bar.png</texturesliderbar>
			  <texturesliderbarfocus colordiffuse="$VAR[BackColorButton]">button/ScrollBarV_bar_focus.png</texturesliderbarfocus>
			  <textureslidernib>button/ScrollBarNib.png</textureslidernib>
			  <textureslidernibfocus>button/ScrollBarNib.png</textureslidernibfocus>
			  <onleft>9020</onleft>
			  <onright>50</onright>
			  <showonepage>false</showonepage>
			  <orientation>vertical</orientation>
			  <visible>Control.IsVisible(51)</visible>
			</control>-->
			<control type="group">
			<left>182</left>
			<top>780</top>
			<control type="image">
			  <left>0</left>
			  <top>0</top>
			  <width>1676</width>
			  <height>198</height>
			  <texture background="true">skin/button_klein.png</texture>
			  <colordiffuse>$VAR[BackColorFront]</colordiffuse>
			</control>
			<control type="label">
			  <left>20</left>
			  <top>15</top>
			  <width>1250</width>
			  <height>35</height>
			  <font>primal_20_Title</font>
			  <align>left</align>
			  <aligny>center</aligny>
			  <textcolor>$VAR[ColorFontNormal]</textcolor>
			  <shadowcolor>$VAR[ColorFontShadow]</shadowcolor>
			  <selectedcolor>$VAR[ColorFontSelected]</selectedcolor>
			  <label>$INFO[ListItem.Label]</label>
			</control>
			<control type="label">
			  <left>20</left>
			  <top>45</top>
			  <width>1250</width>
			  <height>35</height>
			  <font>primal_13</font>
			  <align>left</align>
			  <aligny>center</aligny>
			  <textcolor>$VAR[ColorFontNormal]</textcolor>
			  <shadowcolor>$VAR[ColorFontShadow]</shadowcolor>
			  <selectedcolor>$VAR[ColorFontSelected]</selectedcolor>
			  <label>$INFO[ListItem.Genre]</label>
			</control>
			<control type="textbox">
			  <description>Plot Value for TVShow</description>
			  <left>20</left>
			  <top>90</top>
			  <width>1250</width>
			  <height>95</height>
			  <font>primal_16</font>
			  <align>justify</align>
			  <textcolor>white</textcolor>
			  <shadowcolor>$VAR[ColorFontShadow]</shadowcolor>
			  <pagecontrol>-</pagecontrol>
			  <label>[COLOR $VAR[ColorFontNormal]]$INFO[ListItem.Plot][/COLOR]</label>
			  <autoscroll time="2000" delay="15000" repeat="5000">!Skin.HasSetting(NoPlotScroll)</autoscroll>
		    </control>
			<control type="image">
			  <left>1483</left>
			  <top>5</top>
			  <width>188</width>
			  <height>188</height>
			  <aspectratio>keep</aspectratio>
			  <texture>$INFO[ListItem.Icon]</texture>
		    </control>
			</control>
			<control type="label">
			  <include>Animation.ZoomIn</include>
			  <description>Page Count Label</description>
			  <left>80</left>
			  <top>1020</top>
			  <width>500</width>
			  <height>20</height>
			  <font>primal_20</font>
			  <textcolor>$VAR[ColorFontNormal]</textcolor>
			  <shadowcolor>$VAR[ColorFontShadow]</shadowcolor>
			  <scroll>false</scroll>
			  <aligny>center</aligny>
			  <label>($INFO[Container(51).NumItems]) $LOCALIZE[19019] - $LOCALIZE[31024] ($INFO[Container(51).CurrentPage]/$INFO[Container(51).NumPages])</label>
			</control>
			<control type="videowindow">
			  <left>1490</left>
			  <top>785</top>
			  <width>390</width>
			  <height>190</height>
			</control>
			<!--<control type="group">
			<left>530</left>
			<top>490</top>
			<visible>RDS.HasRDS</visible>
			<control type="image">
				<left>580</left>
				<top>-3</top>
				<width>104</width>
				<height>40</height>
				<visible>!RDS.HasRadioText</visible>
				<texture>flagging/rds/rds-logo.png</texture>
			</control>
			<control type="image">
				<left>580</left>
				<top>-3</top>
				<width>104</width>
				<height>34</height>
				<visible>RDS.HasRadioText + !RDS.HasRadioTextPlus</visible>
				<texture>flagging/rds/rds-radiotext-logo.png</texture>
			</control>
			<control type="image">
				<left>580</left>
				<top>-3</top>
				<width>104</width>
				<height>40</height>
				<visible>RDS.HasRadioTextPlus</visible>
				<texture>flagging/rds/rds-radiotext-plus-logo.png</texture>
			</control>
			<control type="label">
				<left>0</left>
				<top>40</top>
				<width>690</width>
				<height>20</height>
				<font>font13</font>
				<textcolor>white</textcolor>
				<shadowcolor>black</shadowcolor>
				<align>left</align>
				<aligny>center</aligny>
				<scroll>true</scroll>
				<visible>RDS.HasRDS</visible>
				<label>$INFO[RDS.Getline(3)]</label>
			</control>
			<control type="label">
				<left>0</left>
				<top>65</top>
				<width>690</width>
				<height>20</height>
				<font>font13</font>
				<textcolor>white</textcolor>
				<shadowcolor>black</shadowcolor>
				<align>left</align>
				<aligny>center</aligny>
				<scroll>true</scroll>
				<visible>RDS.HasRDS</visible>
				<label>$INFO[RDS.Getline(2)]</label>
			</control>
			<control type="label">
				<left>0</left>
				<top>90</top>
				<width>690</width>
				<height>20</height>
				<font>font13</font>
				<textcolor>white</textcolor>
				<shadowcolor>black</shadowcolor>
				<align>left</align>
				<aligny>center</aligny>
				<scroll>true</scroll>
				<visible>RDS.HasRDS</visible>
				<label>$INFO[RDS.Getline(1)]</label>
			</control>
			<control type="label">
				<left>0</left>
				<top>115</top>
				<width>690</width>
				<height>20</height>
				<font>font13</font>
				<textcolor>white</textcolor>
				<shadowcolor>black</shadowcolor>
				<align>left</align>
				<aligny>center</aligny>
				<scroll>true</scroll>
				<visible>RDS.HasRDS</visible>
				<label>$INFO[RDS.Getline(0)]</label>
			</control>
          </control>-->
		</control>
	</include>
	
	<include name="View_52_LiveTVIcon">
		<control type="group">
		    <include>Animation.ZoomIn</include>
			<description>TV Channels group</description>
			<visible>Control.IsVisible(52)</visible>
			<control type="list" id="52">
				<left>182</left>
				<top>163</top>
				<width>1675</width>
				<height>820</height>
				<onleft>9020</onleft>
				<onright>9032</onright>
				<onup>51</onup>
				<ondown>51</ondown>
				<viewtype label="Full Info">list</viewtype>
				<pagecontrol>60</pagecontrol>
				<orientation>horizontal</orientation>
				<scrolltime tween="sine" easing="out">500</scrolltime>
				<itemlayout height="165" width="275">
					<control type="image">
						<left>1</left>
						<top>0</top>
						<width>270</width>
						<height>815</height>
						<texture background="true">skin/button_klein.png</texture>
		                <colordiffuse>$VAR[BackColorFront]</colordiffuse>
					</control>
					<control type="label">
						<left>10</left>
						<top>175</top>
						<width>250</width>
						<height>35</height>
						<font>primal_16_Title</font>
						<align>left</align>
						<aligny>center</aligny>
						<textcolor>$VAR[ColorFontNormal]</textcolor>
	                    <shadowcolor>$VAR[ColorFontShadow]</shadowcolor>
						<selectedcolor>$VAR[ColorFontSelected]</selectedcolor>
						<label>$INFO[ListItem.ChannelNumberLabel]$INFO[ListItem.Label,  ]</label>
					</control>
					<control type="label">
						<left>10</left>
						<top>220</top>
						<width>250</width>
						<height>20</height>
						<font>primal_15</font>
						<textcolor>$VAR[ColorFontNormal]</textcolor>
	                    <shadowcolor>$VAR[ColorFontShadow]</shadowcolor>
						<selectedcolor>$VAR[ColorFontSelected]</selectedcolor>
						<align>left</align>
						<aligny>center</aligny>
						<label>$INFO[ListItem.StartTime] - $INFO[ListItem.EndTime]</label>
					</control>	
					<control type="label">
						<left>10</left>
						<top>250</top>
						<width>250</width>
						<height>20</height>
						<font>primal_15</font>
						<textcolor>$VAR[ColorFontNormal]</textcolor>
	                    <shadowcolor>$VAR[ColorFontShadow]</shadowcolor>
						<selectedcolor>$VAR[ColorFontSelected]</selectedcolor>
						<align>left</align>
						<aligny>center</aligny>
						<label>$INFO[ListItem.Title]</label>
					</control>	
					<control type="progress" id="3230">
						<description>Progressbar</description>
						<left>10</left>
						<top>280</top>
						<width>250</width>
						<height>8</height>
						<visible>ListItem.HasEpg</visible>
						<info>ListItem.Progress</info>
						<visible>!ListItem.IsRecording</visible>
					</control>
					<control type="progress">
						<description>Progressbar</description>
						<left>10</left>
						<top>280</top>
						<width>250</width>
						<height>8</height>
						<texturebg border="0" colordiffuse="$VAR[ColorFontNormal]">progress/bg.png</texturebg>
						<lefttexture border="0" colordiffuse="$VAR[ColorProgress]">progress/blank.png</lefttexture>
						<midtexture border="0" colordiffuse="$VAR[ColorProgress]">progress/blank.png</midtexture>
						<righttexture border="0" colordiffuse="$VAR[ColorProgress]">progress/blank.png</righttexture>
						<info>ListItem.Progress</info>
					</control>
					<control type="textbox">
						<description>Plot Value for TVShow</description>
						<left>10</left>
						<top>320</top>
						<width>250</width>
						<height>450</height>
						<font>primal_15</font>
						<align>justify</align>
						<textcolor>white</textcolor>
	                    <shadowcolor>$VAR[ColorFontShadow]</shadowcolor>
						<pagecontrol>-</pagecontrol>
						<label>[COLOR $VAR[ColorFontNormal]]$INFO[ListItem.Plot][/COLOR]</label>
					</control>
					<control type="image">
						<left>5</left>
						<top>5</top>
						<width>260</width>
						<height>150</height>
						<aspectratio>scale</aspectratio>
						<texture>$INFO[ListItem.Icon]</texture>
						<visible>!Skin.HasSetting(livetvicon)</visible>
					</control>
					<control type="image">
						<left>5</left>
						<top>5</top>
						<width>260</width>
						<height>150</height>
						<aspectratio>keep</aspectratio>
						<texture>$INFO[ListItem.Icon]</texture>
						<visible>Skin.HasSetting(livetvicon)</visible>
					</control>
					<control type="image">
						<left>20</left>
						<top>70</top>
						<width>30</width>
						<height>20</height>
						<texture>PVR-IsRecording.png</texture>
						<visible>ListItem.IsRecording</visible>
					</control>
				</itemlayout>
				<focusedlayout height="203" width="275">
				<control type="group">
					<control type="image">
						<left>1</left>
						<top>0</top>
						<width>270</width>
						<height>815</height>
						<texture background="true">skin/button_klein.png</texture>
		                <colordiffuse>$VAR[BackColorFront]</colordiffuse>
					</control>
					<control type="image">
						<left>1</left>
						<top>794</top>
						<width>270</width>
						<height>20</height>
						<texture background="true">skin/button_klein.png</texture>
		                <colordiffuse>$VAR[BackColorButton]</colordiffuse>
					</control>
					<control type="label">
						<left>10</left>
						<top>175</top>
						<width>250</width>
						<height>35</height>
						<font>primal_16_Title</font>
						<align>left</align>
						<aligny>center</aligny>
						<textcolor>$VAR[BackColorButton]</textcolor>
	                    <shadowcolor>$VAR[ColorFontShadow]</shadowcolor>
						<selectedcolor>$VAR[ColorFontSelected]</selectedcolor>
						<label>$INFO[ListItem.ChannelNumberLabel]$INFO[ListItem.Label,  ]</label>
					</control>
					<control type="label">
						<left>10</left>
						<top>220</top>
						<width>250</width>
						<height>20</height>
						<font>primal_15</font>
						<textcolor>$VAR[ColorFontNormal]</textcolor>
	                    <shadowcolor>$VAR[ColorFontShadow]</shadowcolor>
						<selectedcolor>$VAR[ColorFontSelected]</selectedcolor>
						<align>left</align>
						<aligny>center</aligny>
						<label>$INFO[ListItem.StartTime] - $INFO[ListItem.EndTime]</label>
					</control>	
					<control type="label">
						<left>10</left>
						<top>250</top>
						<width>250</width>
						<height>20</height>
						<font>primal_15</font>
						<textcolor>$VAR[ColorFontNormal]</textcolor>
	                    <shadowcolor>$VAR[ColorFontShadow]</shadowcolor>
						<selectedcolor>$VAR[ColorFontSelected]</selectedcolor>
						<align>left</align>
						<aligny>center</aligny>
						<label>$INFO[ListItem.Title]</label>
					</control>	
					<control type="progress" id="3230">
						<description>Progressbar</description>
						<left>10</left>
						<top>280</top>
						<width>250</width>
						<height>8</height>
						<visible>ListItem.HasEpg</visible>
						<info>ListItem.Progress</info>
						<visible>!ListItem.IsRecording</visible>
					</control>
					<control type="progress">
						<description>Progressbar</description>
						<left>10</left>
						<top>280</top>
						<width>250</width>
						<height>8</height>
						<texturebg border="0" colordiffuse="$VAR[ColorFontNormal]">progress/bg.png</texturebg>
						<lefttexture border="0" colordiffuse="$VAR[ColorProgress]">progress/blank.png</lefttexture>
						<midtexture border="0" colordiffuse="$VAR[ColorProgress]">progress/blank.png</midtexture>
						<righttexture border="0" colordiffuse="$VAR[ColorProgress]">progress/blank.png</righttexture>
						<info>ListItem.Progress</info>
					</control>
					<control type="textbox">
						<description>Plot Value for TVShow</description>
						<left>10</left>
						<top>320</top>
						<width>250</width>
						<height>450</height>
						<font>primal_15</font>
						<align>justify</align>
						<textcolor>white</textcolor>
	                    <shadowcolor>$VAR[ColorFontShadow]</shadowcolor>
						<pagecontrol>-</pagecontrol>
						<label>[COLOR $VAR[ColorFontNormal]]$INFO[ListItem.Plot][/COLOR]</label>
						<autoscroll time="2000" delay="15000" repeat="5000">!Skin.HasSetting(NoPlotScroll)</autoscroll>
					</control>
					<control type="image">
						<left>5</left>
						<top>5</top>
						<width>260</width>
						<height>150</height>
						<aspectratio>scale</aspectratio>
						<texture>$INFO[ListItem.Icon]</texture>
						<visible>!Skin.HasSetting(livetvicon)</visible>
					</control>
					<control type="image">
						<left>5</left>
						<top>5</top>
						<width>260</width>
						<height>150</height>
						<aspectratio>keep</aspectratio>
						<texture>$INFO[ListItem.Icon]</texture>
						<visible>Skin.HasSetting(livetvicon)</visible>
					</control>
					<control type="image">
						<left>20</left>
						<top>70</top>
						<width>30</width>
						<height>20</height>
						<texture>PVR-IsRecording.png</texture>
						<visible>ListItem.IsRecording</visible>
					</control>
				  </control>
				</focusedlayout>
			</control>
			<!--<control type="scrollbar" id="60">
			  <include>Animation.ZoomIn</include>
	          <include>Animation.ZoomOut</include>
			  <left>30</left>
			  <top>165</top>
			  <width>10</width>
			  <height>810</height>
			  <texturesliderbackground>button/ScrollBarV.png</texturesliderbackground>
			  <texturesliderbar colordiffuse="$VAR[BackColorFront]">button/ScrollBarV_bar.png</texturesliderbar>
			  <texturesliderbarfocus colordiffuse="$VAR[BackColorButton]">button/ScrollBarV_bar_focus.png</texturesliderbarfocus>
			  <textureslidernib>button/ScrollBarNib.png</textureslidernib>
			  <textureslidernibfocus>button/ScrollBarNib.png</textureslidernibfocus>
			  <onleft>9020</onleft>
			  <onright>50</onright>
			  <showonepage>false</showonepage>
			  <orientation>vertical</orientation>
			  <visible>Control.IsVisible(51)</visible>
			</control>-->
		</control>
	</include>
			

</includes>