<?xml version="1.0" encoding="UTF-8"?>
<includes>
	<include name="Poster_View_51">
		<control type="group">
			<include>Visible_OpenClose</include>
			<animation effect="slide" condition="Skin.HasSetting(HidePosterLabels) + ![Control.IsVisible(51) + [Integer.IsGreaterOrEqual(Container(51).CurrentItem,15) | Container(51).HasPrevious]]" time="200" end="0,-53">Conditional</animation>
			<animation effect="slide" condition="!Skin.HasSetting(HidePosterLabels) + ![Control.IsVisible(51) + [Integer.IsGreaterOrEqual(Container(51).CurrentItem,15) | Container(51).HasPrevious]]" time="200" end="0,-18">Conditional</animation>
			<visible>Control.IsVisible(51)</visible>
			<control id="51" type="panel">
				<visible>[!Container.Content(musicvideos) + !Container.Content(seasons) + !Container.Content(episodes) + !String.Contains(Container.Folderpath,setid) + !String.StartsWith(Container.FolderPath,plugin://script.skin.helper.widgets/?action=browsegenres)] | [Container.Content(episodes) + String.StartsWith(Container.FolderPath,plugin://) + !String.StartsWith(Container.FolderPath,plugin://plugin.video.embycon)]</visible>
				<width>auto</width>
				<height>1080</height>
				<onright condition="Control.IsVisible(7000)">SetFocus(7000)</onright>
				<onright>noop</onright>
				<onup>SetFocus(6666)</onup>
				<include>Bounce_Up_Down</include>
				<ondown>SetProperty(BounceDown,1,home)</ondown>
				<onleft>900</onleft>
				<scrolltime tween="sine" easing="out">400</scrolltime>
				<orientation>vertical</orientation>
				<preloaditems>4</preloaditems>
				<defaultcontrol always="true">0</defaultcontrol>
				<viewtype label="$LOCALIZE[20021]">panel</viewtype>
				<pagecontrol>17</pagecontrol>
				<oninfo condition="String.IsEqual(ListItem.DBType,set) + !String.StartsWith(ListItem.Path,plugin://plugin.video)">RunScript(script.skin.helper.service,action=textviewer,header='$ESCINFO[ListItem.Title]',message='$ESCINFO[Window(home).Property(SkinHelper.ListItem.ExtendedPlot)]')</oninfo>
				<itemlayout condition="!Skin.HasSetting(HidePosterLabels)" width="257" height="445">
					<control type="group">
						<left>70.5</left>
						<top>140</top>
						<include content="PosterLayout_Size2">
							<param name="mainlabel" value="$VAR[MainListLabel]" />
							<param name="sublabel" value="$VAR[SubListLabel]" />
							<param name="focused" value="false" />
							<param name="id" value="51" />
						</include>
					</control>
				</itemlayout>
				<focusedlayout condition="!Skin.HasSetting(HidePosterLabels)" width="257" height="445">
					<include>SetPropertyOnFocus</include>
					<control type="group">							
						<left>70.5</left>
						<top>140</top>
						<include content="PosterLayout_Size2">
							<param name="mainlabel" value="$VAR[MainListLabel]" />
							<param name="sublabel" value="$VAR[SubListLabel]" />
							<param name="focused" value="true" />
							<param name="id" value="51" />
							<param name="visible_forced" value="true"/>
						</include>
					</control>
				</focusedlayout>
				<itemlayout condition="Skin.HasSetting(HidePosterLabels)" width="257" height="375">
					<control type="group">
						<left>70.5</left>
						<top>175</top>
						<include content="PosterLayout_Size2">
							<param name="mainlabel" value="" />
							<param name="sublabel" value="" />
							<param name="focused" value="false" />
							<param name="id" value="51" />
						</include>
					</control>
				</itemlayout>
				<focusedlayout condition="Skin.HasSetting(HidePosterLabels)" width="257" height="375">
					<include>SetPropertyOnFocus</include>
					<control type="group">							
						<left>70.5</left>
						<top>175</top>
						<include content="PosterLayout_Size2">
							<param name="mainlabel" value="" />
							<param name="sublabel" value="" />
							<param name="focused" value="true" />
							<param name="id" value="51" />
							<param name="visible_forced" value="true"/>
						</include>
					</control>
				</focusedlayout>
			</control>
		</control>
	</include>
</includes>