<?xml version="1.0" encoding="UTF-8"?>
<addon id="plugin.video.fernsehkritik_tv" name="Massengeschmack (Light)" version="2.1.7" provider-name="L0RE">
    <requires>
        <import addon="xbmc.python" version="2.19.0"/>
    </requires>
    <extension point="xbmc.python.pluginsource" library="default.py">
        <provides>video</provides>
    </extension>
    <extension point="xbmc.addon.metadata">
        <platform>all</platform>
        <summary lang="en">The satirical-crucial TV magazin</summary>
        <summary lang="de">Das satirisch-kritische TV Magazin</summary>
        <language>de</language>
        <description lang="en">The satirical-crucial TV magazin</description>
        <description lang="de">Das satirisch-kritische TV Magazin</description>
        <license>GNU GENERAL PUBLIC LICENSE. Version 2, June 1991</license>
        <source>https://github.com/AddonScriptorDE/plugin.video.fernsehkritik_tv</source>
        <forum>http://forum.xbmc.org/showthread.php?tid=</forum>
        <email>AddonScriptorDE at yahoo dot de</email>
        <website>http://www.fernsehkritik.tv</website>
    </extension>
</addon>
