<?xml version="1.0" encoding="UTF-8"?>
<window>
    <defaultcontrol>11</defaultcontrol>
    <include>openclose</include>
    <include>opencloseslidedown</include>
    <coordinates>
        <system>1</system>
        <left>608</left>
        <top>0</top>
    </coordinates>
    <controls>
        <control type="image">
            <left>0</left>
            <top>-15</top>
            <width>690</width>
            <height>120</height>
            <texture background="true" border="4">BlackBack.png</texture>
            <bordertexture border="9">ThumbShadow.png</bordertexture>
            <bordersize>7</bordersize>
        </control>
        <control type="label" id="10">
            <description>Dialog header</description>
            <left>30</left>
            <top>8</top>
            <width>345</width>
            <height>30</height>
            <align>left</align>
            <aligny>center</aligny>
        </control>
        <control type="label" id="12">
            <description>Slider Value</description>
            <left>330</left>
            <top>8</top>
            <width>330</width>
            <height>30</height>
            <align>right</align>
            <aligny>center</aligny>
        </control>
        <control type="slider" id="11">
            <description>Slider</description>
            <left>30</left>
            <top>52</top>
            <width>630</width>
            <height>30</height>
            <aligny>center</aligny>
            <onup>11</onup>
            <ondown>11</ondown>
            <onleft>11</onleft>
            <onright>11</onright>
        </control>
    </controls>
</window>
