<?xml version="1.0" encoding="UTF-8"?>
<window>
	<defaultcontrol>5</defaultcontrol>
	<coordinates>
		<system>1</system>
		<left>290</left>
		<top>75</top>
	</coordinates>
	<include>dialogeffect</include>
	<controls>
		<control type="image">
			<description>background image</description>
			<left>-30</left>
			<top>-40</top>
			<width>1450</width>
			<height>1000</height>
			<texture background="true">skin/button_klein.png</texture>
			<bordertexture border="10">ThumbShadow.png</bordertexture>
			<bordersize>7</bordersize>
			<colordiffuse>$VAR[ColorButtonDialogeBack]</colordiffuse>
		</control>
		<control type="label">
			<description>header label</description>
			<left>400</left>
			<top>0</top>
			<width>530</width>
			<height>30</height>
			<font>primal_26</font>
			<align>center</align>
			<aligny>center</aligny>
			<textcolor>$VAR[ColorFontSelected]</textcolor>
	        <shadowcolor>$VAR[ColorFontShadow]</shadowcolor>
		</control>
		<control type="button">
			<description>Close Window button</description>
			<left>610</left>
			<top>15</top>
			<width>64</width>
			<height>32</height>
			<label>-</label>
			<font>-</font>
			<onclick>PreviousMenu</onclick>
			<texturefocus>DialogCloseButton-focus.png</texturefocus>
			<texturenofocus>DialogCloseButton.png</texturenofocus>
			<onleft>5</onleft>
			<onright>5</onright>
			<onup>5</onup>
			<ondown>5</ondown>
			<visible>system.getbool(input.enablemouse)</visible>
		</control>
		<control type="grouplist" id="5">
			<animation effect="slide" start="0,0" end="5,0" time="0" condition="!Control.IsVisible(60)">Conditional</animation>
			<description>control area</description>
			<left>30</left>
			<top>70</top>
			<width>1330</width>
			<height>710</height>
			<itemgap>5</itemgap>
			<pagecontrol>60</pagecontrol>
			<onleft>28</onleft>
			<onright>60</onright>
			<onup>28</onup>
			<ondown>28</ondown>
		</control>
		<control type="scrollbar" id="60">
			<left>1365</left>
			<top>70</top>
			<width>10</width>
			<height>700</height>
			<texturesliderbackground border="0,14,0,14">ScrollBarV.png</texturesliderbackground>
			<texturesliderbar border="0,14,0,14">ScrollBarV_bar.png</texturesliderbar>
			<texturesliderbarfocus border="0,14,0,14">ScrollBarV_bar_focus.png</texturesliderbarfocus>
			<textureslidernib>ScrollBarNib.png</textureslidernib>
			<textureslidernibfocus>ScrollBarNib.png</textureslidernibfocus>
			<onleft>5</onleft>
			<onright>5</onright>
			<ondown>60</ondown>
			<onup>60</onup>
			<showonepage>false</showonepage>
			<orientation>vertical</orientation>
		</control>
		<control type="button" id="7">
			<description>Default Button</description>
			<height>60</height>
		</control>
		<control type="radiobutton" id="8">
			<description>Default RadioButton</description>
			<height>60</height>
		</control>
		<control type="spincontrolex" id="9">
			<description>Default SpinControlex</description>
			<height>60</height>
		</control>
		<control type="sliderex" id="13">
			<description>Default Slider</description>
			<height>60</height>
		</control>

		<control type="group" id="9000">
			<left>200</left>
			<top>830</top>
			<control type="button" id="29">
				<description>Cancel Button</description>
				<left>0</left>
				<top>0</top>
				<width>300</width>
				<height>60</height>
				<align>center</align>
				<aligny>center</aligny>
				<label>222</label>
				<onleft>50</onleft>
				<onright>28</onright>
				<onup>5</onup>
				<ondown>5</ondown>
			</control>
			<control type="button" id="28">
				<description>OK Button</description>
				<top>0</top>
				<left>305</left>
				<width>300</width>
				<height>60</height>
				<align>center</align>
				<aligny>center</aligny>
				<font>font12_title</font>
				<label>186</label>
				<onleft>29</onleft>
				<onright>50</onright>
				<onup>5</onup>
				<ondown>5</ondown>
			</control>
			<control type="button" id="50">
				<description>Defaults Button</description>
				<top>0</top>
				<left>610</left>
				<width>300</width>
				<height>60</height>
				<align>center</align>
				<aligny>center</aligny>
				<font>font12_title</font>
				<label>409</label>
				<onleft>28</onleft>
				<onright>29</onright>
				<onup>5</onup>
				<ondown>5</ondown>
			</control>
		</control>
	</controls>
</window>
