﻿<?xml version="1.0" encoding="UTF-8"?>
<window id="100">
  <defaultcontrol always="true">10</defaultcontrol>
  <coordinates>
    <system>1</system>
    <left>510</left>
    <top>352</top>
  </coordinates>
  <include>dialogeffect</include>
  <controls>
    <control type="image">
	  <left>-510</left>
	  <top>-352</top>
	  <width>1920</width>
	  <height>1080</height>
	  <texture background="true">background.png</texture>
	</control>
	<control type="image">
	  <description>background image</description>
	  <left>-60</left>
	  <top>-40</top>
	  <width>1000</width>
	  <height>430</height>
	  <texture background="true">skin/button_klein.png</texture>
	  <bordertexture border="10">ThumbShadow2.png</bordertexture>
	  <bordersize>7</bordersize>
	  <colordiffuse>$VAR[BackColorFront]</colordiffuse>
	</control>
	<control type="image">
	  <description>background image</description>
	  <left>-55</left>
	  <top>-35</top>
	  <width>990</width>
	  <height>420</height>
	  <texture background="true">skin/button_klein.png</texture>
	  <bordertexture border="10">-</bordertexture>
	  <bordersize>7</bordersize>
	  <colordiffuse>$VAR[ColorButtonDialogeBack]</colordiffuse>
	</control>
    <control type="label" id="1">
      <description>header label</description>
      <left>30</left>
      <top>0</top>
      <width>840</width>
      <height>45</height>
      <font>primal_26</font>
      <label>$LOCALIZE[13406]</label>
      <align>left</align>
      <aligny>center</aligny>
      <textcolor>white</textcolor>
      <shadowcolor>black</shadowcolor>
    </control>
    <control type="textbox" id="9">
      <description>dialog line 1</description>
      <left>30</left>
      <top>85</top>
      <width>840</width>
      <height>250</height>
      <align>justify</align>
      <label>-</label>
      <font>primal_20</font>
    </control>
    <control type="button" id="11">
      <description>Yes button</description>
      <left>142</left>
      <top>290</top>
      <width>300</width>
      <height>60</height>
      <label>107</label>
      <font>primal_20</font>
      <textcolor>white</textcolor>
      <focusedcolor>white</focusedcolor>
      <align>center</align>
      <onleft>10</onleft>
      <onright>10</onright>
      <onup>11</onup>
      <ondown>11</ondown>
    </control>
    <control type="button" id="10">
      <description>No button</description>
      <left>458</left>
      <top>290</top>
      <width>300</width>
      <height>60</height>
      <label>106</label>
      <font>primal_20</font>
      <textcolor>white</textcolor>
      <focusedcolor>white</focusedcolor>
      <align>center</align>
      <onleft>11</onleft>
      <onright>11</onright>
      <onup>10</onup>
      <ondown>10</ondown>
    </control>
  </controls>
</window>