<?xml version="1.0" encoding="UTF-8"?>
<window>
	<defaultcontrol>996</defaultcontrol>
	<controls>
		<include content="DiffuseMask">
			<param name="visible">true</param>
		</include>
		<control type="group">
			<include>Dialog_PopupOpenClose</include>
			<centerleft>50%</centerleft>
			<width>370</width>
			<centertop>50%</centertop>
			<height>970</height>
			<control type="grouplist" id="996">
				<orientation>vertical</orientation>
				<height>auto</height>
				<align>center</align>
				<itemgap>0</itemgap>
				<onright>close</onright>
				<onleft>close</onleft>
				<usecontrolcoords>true</usecontrolcoords>
				<control type="image" id="998">
					<width>100%</width>
					<height>10</height>
					<texture border="5" colordiffuse="panel">common/menu_top.png</texture>
				</control>
				<control type="button" id="1000">
					<include content="CommonButton"/>
				</control>
				<control type="button" id="997">
					<include content="CommonButton"/>
					<visible>!String.IsEmpty(ListItem.Trailer)</visible>
					<onclick>PlayMedia($INFO[ListItem.Trailer])</onclick>
					<label>$LOCALIZE[20410]</label>
				</control>
				<control type="image" id="995">
					<width>100%</width>
					<height>10</height>
					<texture border="5" colordiffuse="panel">common/menu_bottom.png</texture>
				</control>
			</control>
		</control>
	</controls>
</window>
