<?xml version="1.0" encoding="utf-8"?>
<window>
	<defaultcontrol></defaultcontrol>
	<onload>SetProperty(showvisinfo,1,home)</onload>
	<onload>AlarmClock(PreloadTimeout,ClearProperty(showvisinfo,home),00:04,silent)</onload>
	<backgroundcolor>background</backgroundcolor>
	<controls>		
		<!-- Visualisation -->
		<control id="2" type="visualisation">
			<include>FullscreenDimensions</include>
			<visible>Visualisation.Enabled</visible>
		</control>
		<!-- Fanart -->
		<control type="group">
			<animation effect="fade" end="33" start="100" time="0" condition="Visualisation.Enabled | [!String.IsEmpty(Window(Home).Property(culrc.lyrics)) + Window.IsVisible(script-cu-lrclyrics-main.xml)]">Conditional</animation>
			<control type="image">
				<include>FullscreenDimensions</include>
				<fadetime>400</fadetime>
				<texture background="true">$VAR[MusicPlayerFanart]</texture>
				<include>VisAnimation</include>
				<visible>!Skin.HasSetting(VisFanartDisabled) + [!Skin.HasSetting(VisRandomFanart) | String.IsEmpty(Window(Home).Property(SkinHelper.Player.Art.ExtraFanArt))]</visible>
			</control>
			<control type="multiimage">
				<include>FullscreenDimensions</include>
				<fadetime>400</fadetime>
				<randomize>true</randomize>
				<aspectratio>scale</aspectratio>
				<timeperimage>10000</timeperimage>
				<imagepath background="true">$INFO[Window(Home).Property(SkinHelper.Player.Art.ExtraFanArt)]</imagepath>
				<include>VisAnimation</include>
				<visible>Skin.HasSetting(VisRandomFanart) + !Skin.HasSetting(VisFanartDisabled)</visible>
			</control>
		</control>
		<!-- Busy spinner -->
		<control type="group" id="99">
			<visible>Player.Caching</visible>
			<include content="FullscreenBusySpinner">
				<param name="colordiffuse" value="white"/>
			</include>
		</control>
		<!-- OSD -->
		<control type="group" id="99">
			<visible>Window.IsVisible(musicosd) | Window.IsVisible(seekbar) | Player.Paused | Window.IsVisible(volumebar) | !String.IsEmpty(Window(home).Property(showvisinfo))</visible>
			<animation effect="fade" start="0" end="100" time="0">Visible</animation>
			<animation effect="fade" start="100" end="0" time="400" delay="2000">Hidden</animation>			
			<!--Top-->
			<control type="group" id="99">
				<control type="image" id="99">
					<top>0</top>
					<width>100%</width>
					<height>224</height>
					<texture colordiffuse="black">views/player/mask_top.png</texture>
				</control>
				<control type="image" id="99">
					<top>29</top>
					<left>29</left>
					<height>60</height>
					<width>400</width>
					<texture>$VAR[PlayerClearlogo]</texture>
					<aspectratio align="left" aligny="top">keep</aspectratio>
				</control>
				<control type="grouplist" id="99">
					<top>21</top>
					<left>960</left>
					<right>29</right>
					<height>50</height>
					<align>right</align>
					<orientation>horizontal</orientation>
					<itemgap>10</itemgap>
					<control type="label" id="99">
						<width>auto</width>
						<align>right</align>
						<font>Material40</font>
						<label>$VAR[PlayerSeekStepIcon]</label>
						<visible>!String.IsEmpty(Player.SeekStepSize) | !String.IsEmpty(Player.SeekOffset)</visible>
					</control>
					<control type="label" id="99">
						<width>auto</width>
						<align>right</align>
						<aligny>top</aligny>
						<font>Med34</font>
						<label>$VAR[PlayerSeekStepLabel]     </label>
						<visible>!String.IsEmpty(Player.SeekStepSize) | !String.IsEmpty(Player.SeekOffset)</visible>
					</control>
					<control type="label" id="99">
						<width>auto</width>
						<align>right</align>
						<font>Material40</font>
						<label></label>
						<visible>Player.Rewinding</visible>
					</control>
					<control type="label" id="99">
						<width>auto</width>
						<align>right</align>
						<aligny>top</aligny>
						<font>Med34</font>
						<label>$LOCALIZE[31121]$VAR[PlayerForwardRewind, ]     </label>
						<visible>Player.Rewinding</visible>
					</control>
					<control type="label" id="99">
						<width>auto</width>
						<align>right</align>
						<font>Material40</font>
						<label></label>
						<visible>Player.Forwarding</visible>
					</control>
					<control type="label" id="99">
						<width>auto</width>
						<align>right</align>
						<aligny>top</aligny>
						<font>Med34</font>
						<label>$LOCALIZE[31122]$VAR[PlayerForwardRewind, ]     </label>
						<visible>Player.Forwarding</visible>
					</control>
					<control type="label" id="99">
						<width>auto</width>
						<align>right</align>
						<font>Material40</font>
						<label></label>
						<visible>Player.Paused</visible>
					</control>
					<control type="label" id="99">
						<width>auto</width>
						<align>right</align>
						<aligny>top</aligny>
						<font>Med34</font>
						<label>$LOCALIZE[112]     </label>
						<visible>Player.Paused</visible>
					</control>
					<control type="label" id="99">
						<align>right</align>
						<width>auto</width>
						<aligny>top</aligny>
						<font>Med34</font>
						<label>$INFO[System.Time]</label>
					</control>
				</control>
			</control>
			<!--Bottom-->
			<control type="group" id="99">
				<!-- mask -->
				<control type="image" id="99">
					<bottom>0</bottom>
					<width>100%</width>
					<height>216</height>
					<texture colordiffuse="black">views/player/mask_bottom.png</texture>
				</control>		
				<!-- Square -->
				<control type="group" id="99">
					<control type="image" id="99">
						<bottom>20</bottom>
						<left>20</left>
						<width>268</width>
						<height>268</height>
						<texture>views/player/shadow_square.png</texture>
					</control>
					<control type="image" id="99">
						<bottom>29</bottom>
						<left>29</left>
						<width>250</width>
						<height>250</height>
						<texture colordiffuse="green" diffuse="views/player/mask_square.png">common/white.jpg</texture>
						<aspectratio scalediffuse="false">stretch</aspectratio>
						<visible>String.IsEmpty(MusicPlayer.Cover) | String.StartsWith(MusicPlayer.Cover,Default)</visible>
					</control>
					<control type="textbox" id="99">
						<bottom>39</bottom>
						<left>39</left>
						<width>230</width>
						<height>230</height>
						<font>Light24</font>
						<textcolor>white</textcolor>
						<align>center</align>
						<aligny>center</aligny>
						<label>$INFO[MusicPlayer.Album]</label>
						<visible>String.IsEmpty(MusicPlayer.Cover) | String.StartsWith(MusicPlayer.Cover,Default)</visible>
					</control>
					<control type="image" id="99">
						<bottom>29</bottom>
						<left>29</left>
						<width>250</width>
						<height>250</height>
						<texture colordiffuse="thumb_background" diffuse="views/player/mask_square.png">common/white.jpg</texture>
						<aspectratio scalediffuse="false">stretch</aspectratio>
						<visible>!String.IsEmpty(MusicPlayer.Cover) + !String.StartsWith(MusicPlayer.Cover,Default)</visible>
					</control>
					<control type="image" id="99">
						<bottom>29</bottom>
						<left>29</left>
						<width>250</width>
						<height>250</height>
						<texture diffuse="views/player/mask_square.png">$VAR[PlayerIcon]</texture>
						<aspectratio scalediffuse="false">scale</aspectratio>
						<visible>!String.StartsWith(MusicPlayer.Cover,Default) + !String.StartsWith(Player.Filenameandpath,pvr://)</visible>
					</control>
					<control type="image" id="99">
						<bottom>29</bottom>
						<left>29</left>
						<width>250</width>
						<height>250</height>
						<texture diffuse="views/player/mask_square.png">$VAR[PlayerIcon]</texture>
						<aspectratio scalediffuse="false">keep</aspectratio>
						<bordersize>20</bordersize>
						<visible>!String.StartsWith(MusicPlayer.Cover,Default) + String.StartsWith(Player.Filenameandpath,pvr://)</visible>
					</control>
				</control>
				<!-- Progress bars -->
				<control type="group" id="99">
					<!--  Cache bar -->
					<control type="progress" id="99">
						<bottom>95</bottom>
						<left>309</left>
						<right>31</right>
						<height>5</height>
						<reveal>true</reveal>
						<info>Player.ProgressCache</info>
						<texturebg colordiffuse="grey">common/ProgressBack.png</texturebg>
						<lefttexture>-</lefttexture>
						<midtexture colordiffuse="white">common/ProgressBar.png</midtexture>
						<righttexture>-</righttexture>
						<overlaytexture>-</overlaytexture>
					</control>
					<!-- Video progress bar -->
					<control type="progress" id="99">
						<bottom>95</bottom>
						<left>309</left>
						<right>31</right>
						<height>5</height>
						<reveal>true</reveal>
						<info>Player.Progress</info>
						<texturebg colordiffuse="00ffffff">common/ProgressBack.png</texturebg>
						<lefttexture>-</lefttexture>
						<midtexture colordiffuse="emby">common/ProgressBar.png</midtexture>
						<righttexture>-</righttexture>
						<overlaytexture>-</overlaytexture>
					</control>
				</control>

				<!-- Label section -->
				<control type="grouplist" id="99">
					<orientation>horizontal</orientation>
					<height>31</height>
					<bottom>161</bottom>
					<left>309</left>
					<right>30</right>
					<itemgap>0</itemgap>
					<control type="label" id="99">
						<width>auto</width>
						<height>30</height>
						<aligny>center</aligny>
						<font>med24</font>
						<shadowcolor>text_shadow</shadowcolor>
						<label>$VAR[PlayerFullLabel]   </label>
					</control>
					<control type="label" id="99">
						<width>auto</width>
						<height>30</height>
						<aligny>center</aligny>
						<label>$INFO[MusicPlayer.Codec]   </label>
						<font>reg24</font>
						<shadowcolor>text_shadow</shadowcolor>
						<visible>!String.IsEmpty(MusicPlayer.Codec)</visible>
					</control>
					<control type="label" id="99">
						<width>auto</width>
						<height>30</height>
						<aligny>center</aligny>
						<label>$INFO[MusicPlayer.Bitrate,, kbit/s]   </label>
						<font>reg24</font>
						<shadowcolor>text_shadow</shadowcolor>
						<visible>!String.IsEmpty(MusicPlayer.Bitrate)</visible>
					</control>
				</control>
				<!-- PVR EpisodeNamei -->
				<control type="grouplist" id="99">
					<orientation>horizontal</orientation>
					<height>31</height>
					<bottom>125</bottom>
					<left>309</left>
					<right>30</right>
					<itemgap>0</itemgap>
					<control type="label" id="99">
						<width>790</width>
						<height>30</height>
						<aligny>center</aligny>
						<font>reg24</font>
						<textcolor>softgrey</textcolor>
						<shadowcolor>text_shadow</shadowcolor>
						<label fallback="19055">$INFO[MusicPlayer.Album,$LOCALIZE[558]: ]$INFO[MusicPlayer.Year, (,)]</label>
					</control>
					<control type="label" id="99">
						<width>790</width>
						<height>30</height>
						<align>right</align>
						<aligny>center</aligny>
						<font>reg24</font>
						<textcolor>softgrey</textcolor>
						<shadowcolor>text_shadow</shadowcolor>
						<label>$INFO[MusicPlayer.PlaylistPosition,$LOCALIZE[554] , / ]$INFO[MusicPlayer.PlaylistLength]</label>
						<visible>Integer.IsGreater(MusicPlayer.PlaylistLength,0)</visible>
					</control>
				</control>
				<!-- Bottom label section -->
				<control type="grouplist" id="99">
					<visible>!Window.IsVisible(musicosd)</visible>
					<orientation>horizontal</orientation>
					<height>50</height>
					<bottom>30</bottom>
					<left>309</left>
					<right>20</right>
					<itemgap>0</itemgap>
					<include>PlayerBottomLabels</include>
				</control>
				<!-- Volume -->
				<!-- Icon -->
				<control type="label" id="99">
					<bottom>23</bottom>
					<right>231</right>
					<height>50</height>
					<width>auto</width>
					<align>center</align>
					<font>Material34</font>
					<textcolor>text_white</textcolor>
					<label>$VAR[VolumeIcon]</label>
				</control>
				<control type="progress" id="99">
					<bottom>53</bottom>
					<right>31</right>
					<width>150</width>
					<height>5</height>
					<info>player.volume</info>
					<texturebg colordiffuse="grey">common/ProgressBack.png</texturebg>
					<lefttexture>-</lefttexture>
					<midtexture colordiffuse="emby">common/ProgressBar.png</midtexture>
					<righttexture>-</righttexture>
					<overlaytexture>-</overlaytexture>
					<visible>Integer.IsGreater(player.volume,1)</visible>
				</control>
				<control type="progress" id="99">
					<bottom>53</bottom>
					<right>31</right>
					<width>150</width>
					<height>5</height>
					<texturebg colordiffuse="grey">common/ProgressBack.png</texturebg>
					<lefttexture>-</lefttexture>
					<midtexture colordiffuse="ff00000">common/ProgressBar.png</midtexture>
					<righttexture>-</righttexture>
					<overlaytexture>-</overlaytexture>
					<visible>!Integer.IsGreater(player.volume,1)</visible>
				</control>
			</control>
		</control>
	</controls>
</window>
