<?xml version="1.0" encoding="utf-8"?>
<window>
	<onload>Dialog.Close(fullscreeninfo)</onload>
	<defaultcontrol always="true">603</defaultcontrol>
	<include>PropertyIncludes</include>
	<controls>
		<!-- Menu -->
		<control type="group">
			<visible>ControlGroup(700).HasFocus + !Window.IsVisible(DialogSettings.xml) + !Window.IsVisible(playerprocessinfo) + !Window.IsVisible(visualisationpresetlist)</visible>
			<include>Visible_PopupOpenClose</include>
			<centerleft>50%</centerleft>
			<width>384</width>
			<centertop>50%</centertop>
			<height>970</height>
			<control type="grouplist" id="700">
				<orientation>vertical</orientation>
				<height>auto</height>
				<align>center</align>
				<itemgap>0</itemgap>
				<onright>close</onright>
				<onleft>close</onleft>
				<onback>612</onback>
				<usecontrolcoords>true</usecontrolcoords>
				<control type="image">
					<width>100%</width>
					<height>10</height>
					<texture border="5" colordiffuse="panel">common/menu_top.png</texture>
				</control>
				<control type="button" id="701">
					<include content="CommonButton"/>
					<label>$LOCALIZE[31039]</label>
					<onclick>ActivateWindow(osdaudiosettings)</onclick>
				</control>
				<control type="radiobutton" id="500">
					<include content="CommonButton"/>
					<label>$LOCALIZE[250]</label>
					<selected>Visualisation.Enabled</selected>
				</control>
				<control type="button" id="702">
					<include content="CommonButton"/>
					<label>$LOCALIZE[31054]</label>
					<onclick>ActivateWindow(visualisationpresetlist)</onclick>
					<visible>Visualisation.Enabled + Visualisation.HasPresets</visible>
				</control>
				<control type="button" id="703">
					<include content="CommonButton"/>
					<label>$LOCALIZE[31055]</label>
					<onclick>Addon.Default.OpenSettings(xbmc.player.musicviz)</onclick>
					<visible>Visualisation.Enabled</visible>
				</control>
				<control type="radiobutton" id="704">
					<include content="CommonButton"/>
					<label>$LOCALIZE[20445]</label>
					<selected>!Skin.HasSetting(VisFanartDisabled)</selected>
					<onclick>Skin.ToggleSetting(VisFanartDisabled)</onclick>
				</control>
				<control type="radiobutton" id="705">
					<include content="CommonButton"/>
					<label>$LOCALIZE[31056]</label>
					<selected>Skin.HasSetting(VisRandomFanart)</selected>
					<onclick>Skin.ToggleSetting(VisRandomFanart)</onclick>
					<visible>!Skin.HasSetting(VisFanartDisabled)</visible>
				</control>
				<control type="radiobutton" id="706">
					<include content="CommonButton"/>
					<label>$LOCALIZE[31177]</label>
					<selected>!Skin.HasSetting(HideDiscArt)</selected>
					<onclick>Skin.ToggleSetting(HideDiscArt)</onclick>
				</control>
				<control type="radiobutton" id="707">
					<include content="CommonButton"/>
					<label>$LOCALIZE[590]</label>
					<selected>Playlist.IsRandom</selected>
					<onclick>PlayerControl(random)</onclick>
					<visible>Integer.IsGreater(Playlist.Length(music),1)</visible>
				</control>
				<control type="button" id="708">
					<include content="CommonButton"/>
					<label>$LOCALIZE[486]</label>
					<label2>[COLOR lightgrey]$VAR[PlaylistRepeatButtonLabel][/COLOR]</label2>
					<onclick>PlayerControl(Repeat)</onclick>
					<visible>Integer.IsGreater(Playlist.Length(music),1)</visible>
				</control>
				<control type="button" id="709">
					<include content="CommonButton"/>
					<label>$LOCALIZE[31041]</label>
					<onclick>ActivateWindow(playerprocessinfo)</onclick>
				</control>
				<control type="image">
					<width>100%</width>
					<height>10</height>
					<texture border="5" colordiffuse="panel">common/menu_bottom.png</texture>
				</control>
			</control>
		</control>
		<!--Bottom-->
		<control type="group" id="1">
			<bottom>0</bottom>
			<control type="grouplist" id="600">
				<orientation>horizontal</orientation>
				<height>50</height>
				<bottom>30</bottom>
				<left>298</left>
				<right>20</right>
				<itemgap>5</itemgap>
				<control type="button" id="601">
					<include content="PlayerButtons">
						<param name="type" value="previous"/>
					</include>
					<onclick>PlayerControl(Previous)</onclick>
				</control>
				<control type="button" id="602">
					<include content="PlayerButtons">
						<param name="type" value="rewind"/>
					</include>
					<onclick>PlayerControl(Rewind)</onclick>
				</control>
				<control type="togglebutton" id="603">
					<include content="PlayerButtons">
						<param name="type" value="play"/>
						<param name="alt" value="pause"/>
					</include>
					<selected>!Player.Paused + !Player.Forwarding + !Player.Rewinding + !Player.Seeking</selected>
					<onclick>PlayerControl(Play)</onclick>
				</control>
				<control type="button" id="604">
					<include content="PlayerButtons">
						<param name="type" value="stop"/>
					</include>
					<onclick>PlayerControl(Stop)</onclick>
				</control>
				<control type="button" id="605">
					<include content="PlayerButtons">
						<param name="type" value="forward"/>
					</include>
					<onclick>PlayerControl(Forward)</onclick>
				</control>
				<control type="button" id="606">
					<include content="PlayerButtons">
						<param name="type" value="next"/>
					</include>
					<onclick>PlayerControl(Next)</onclick>
				</control>
				<control type="button" id="607">
					<include content="PlayerButtons">
						<param name="type" value="playlist"/>
					</include>
					<onclick>close</onclick>
					<onclick>ActivateWindow(musicplaylist)</onclick>
					<visible>Integer.IsGreater(Playlist.Length(music),1)</visible>
				</control>
				<control type="button" id="6080">
					<include content="PlayerButtons">
						<param name="type" value="config"/>
					</include>
					<onclick>SetFocus(700)</onclick>
				</control>
				<control type="label">
					<description>Spacer</description>
					<width>10</width>
				</control>
				<include>PlayerBottomLabels</include>
			</control>
		</control>
	</controls>
</window>
