<?xml version="1.0" encoding="UTF-8" standalone="yes"?>
<addon id="plugin.video.dailymotion" name="DailyMotion (dev)" version="0.2.3" provider-name="L0RE">
    <requires>
        <import addon="xbmc.python" version="2.24.0"/>
        <import addon="script.module.requests" version="2.9.1"/>
        <import addon="script.module.youtube.dl" version="14.810.0"/>        
    </requires>
    <extension point="xbmc.python.pluginsource" library="default.py">
        <provides>video</provides>
    </extension>
  <extension point="xbmc.addon.metadata">
        <platform>all</platform>
        <summary lang="en">Movies, TV, Music, User-Clips, 3D and Livestreams</summary>
        <language></language>
        <description lang="en">Movies, TV, Music, User-Clips, 3D and Livestreams</description>
        <disclaimer lang="en">Some parts of this addon may not be legal in your country of residence - please check with your local laws before installing.</disclaimer>
        <website>http://www.dailymotion.com</website>
        <source>https://github.com/AddonScriptorDE/plugin.video.dailymotion_com</source>
        <forum>http://forum.xbmc.org/showthread.php?tid=142626</forum>
        <email>AddonScriptorDE at yahoo dot de</email>
  </extension>
</addon>
