<?xml version="1.0" encoding="UTF-8"?>
<window>
	<!-- mediasource -->
	<defaultcontrol always="true">100</defaultcontrol>
	<controls>
		<!-- Hidden -->
		<control id="96" type="scrollbar">
			<left>-1200</left>
			<width>100</width>
			<height>1</height>
			<showonepage>false</showonepage>
			<orientation>vertical</orientation>
		</control>
		<!-- Background -->
		<include>Background</include>
		<!-- Info -->
		<control type="group">
			<include>Window_OpenClose</include>
			<include>FullscreenDimensions</include>
			<control type="group">
				<top>128</top>
				<height>435</height>
				<width>1920</width>
				<!-- Thumb image -->
				<include>MetaSquareThumb</include>
				<!-- meta -->
				<control type="grouplist">
					<left>434</left>
					<orientation>vertical</orientation>
					<height>1020</height>
					<width>1416</width>
					<align>top</align>
					<itemgap>0</itemgap>
					<control type="label">
						<width>100%</width>
						<height>60</height>
						<label>$INFO[ListItem.Label]</label>
						<font>Reg37</font>
						<shadowcolor>text_shadow</shadowcolor>
					</control>
					<!-- meta -->
					<include>MetaAddonInfos</include>
					<!-- type -->
					<include>MetaGenre</include>
					<!-- buttons -->
					<control type="grouplist" id="100">
						<height>75</height>
						<orientation>horizontal</orientation>
						<itemgap>5</itemgap>
						<onleft>9999</onleft>
						<onright>noop</onright>
						<control type="button" id="6">
							<include>LightGreyButton</include>
							<onup>SetFocus(6666)</onup>
							<visible>Control.IsEnabled(6)</visible>
						</control>
						<control type="button" id="12">
							<include>LightGreyButton</include>
							<label>$LOCALIZE[518]</label>
							<onup>SetFocus(6666)</onup>
							<visible>Control.IsEnabled(12)</visible>
						</control>
						<control type="button" id="9">
							<include>LightGreyButton</include>
							<label>$LOCALIZE[24020]</label>
							<onup>SetFocus(6666)</onup>
							<visible>Control.IsEnabled(9)</visible>
						</control>
						<control type="button" id="111">
							<include>LightGreyButton</include>
							<onup>SetFocus(6666)</onup>
							<label>$LOCALIZE[24036]</label>
							<onclick>RunScript(script.skin.helper.service,action=textviewer,header=$LOCALIZE[24036],message='$ESCINFO[ListItem.AddonNews]')</onclick>
							<visible>!String.IsEmpty(ListItem.AddonNews)</visible>
						</control>
						<control type="button" id="110">
							<include>LightGreyButton</include>
							<width>70</width>
							<height>50</height>
							<font>material24</font>
							<label></label>
							<onup>SetFocus(6666)</onup>
							<onclick>RunScript(script.skin.helper.service,action=textviewer,header='$ESCINFO[ListItem.Label]',message='$ESCINFO[ListItem.AddonDescription]')</onclick>
							<visible>!String.IsEmpty(ListItem.AddonDescription)</visible>
						</control>
						<control type="button" id="103">
							<include>LightGreyButton</include>
							<width>70</width>
							<height>50</height>
							<font>material24</font>
							<label></label>
							<onup>SetFocus(6666)</onup>
							<ondown>SetFocus(200)</ondown>
							<onclick>SetFocus(4000)</onclick>
							<visible>Control.IsEnabled(7) | Control.IsEnabled(8) | Control.IsEnabled(13)</visible>
						</control>
					</control>
					<!-- flags -->
					<include content="MetaFlags">
						<param name="type" value="AddonFlags"/>
					</include>
					<!-- Desc -->
					<control type="textbox">
						<width>100%</width>
						<height>605</height>
						<align>justify</align>
						<aligny>top</aligny>
						<label>$INFO[ListItem.AddonSummary,[B],[/B][CR][CR]]$INFO[ListItem.AddonDisclaimer,,[CR][CR]]$INFO[ListItem.AddonDescription]</label>
						<font>Light24</font>
						<shadowcolor>text_shadow</shadowcolor>
						<autoscroll>false</autoscroll>
					</control>
				</control>
			</control>
		</control>
		<!-- Menu control -->
		<control type="group">
			<include>FullscreenDimensions</include>
			<include content="DiffuseMask">
				<param name="visible">ControlGroup(4000).HasFocus + !Window.IsVisible(selectdialog) + !Window.IsVisible(filebrowser) + !Window.IsVisible(DialogConfirm.xml)</param>
			</include>
			<control type="group">
				<visible>ControlGroup(4000).HasFocus + !Window.IsVisible(selectdialog) + !Window.IsVisible(filebrowser) + !Window.IsVisible(DialogConfirm.xml)</visible>
				<include>Visible_PopupOpenClose</include>
				<centerleft>50%</centerleft>
				<width>384</width>
				<centertop>50%</centertop>
				<height>970</height>
				<control type="grouplist" id="4000">
					<orientation>vertical</orientation>
					<height>auto</height>
					<align>center</align>
					<itemgap>0</itemgap>
					<onright>50</onright>
					<onleft>50</onleft>
					<onback>103</onback>
					<usecontrolcoords>true</usecontrolcoords>
					<control type="image">
						<width>100%</width>
						<height>10</height>
						<texture border="5" colordiffuse="panel">common/menu_top.png</texture>
					</control>
					<control type="button" id="8">
						<include content="CommonButton"/>
						<label>$LOCALIZE[24069]</label>
						<visible>Control.IsEnabled(8)</visible>
					</control>
					<control type="radiobutton" id="13">
						<include content="CommonButton"/>
						<visible>Control.IsEnabled(13)</visible>
					</control>
					<control type="button" id="7">
						<include content="CommonButton"/>
						<visible>Control.IsEnabled(7)</visible>
					</control>
					<control type="image">
						<width>100%</width>
						<height>10</height>
						<texture border="5" colordiffuse="panel">common/menu_bottom.png</texture>
					</control>
				</control>
			</control>
		</control>
		<!-- header bar -->
		<include content="HeaderBar">		
			<param name="id">100</param>
			<param name="enabled">false</param>
		</include>
		<!-- side panel -->
		<include content="SidePanel">
			<param name="onright">100</param>
		</include>
	</controls>
</window>