<?xml version="1.0" encoding="utf-8"?>
<window>
	<defaultcontrol always="true">100</defaultcontrol>
	<controls>
		<control type="list" id="100">
			<left>-1920</left>
			<top>-1080</top>
			<width>1</width>
			<height>1</height>
			<itemlayout width="1" height="1"/>
			<focusedlayout width="1" height="1"/>
		</control>
		<control type="list" id="110">
			<include>HiddenObject</include>
		</control>
		<control type="list" id="120">
			<include>HiddenObject</include>
		</control>
		<control type="list" id="130">
			<include>HiddenObject</include>
		</control>
		<control type="list" id="140">
			<include>HiddenObject</include>
		</control>
		<control type="list" id="150">
			<include>HiddenObject</include>
		</control>
		<control type="list" id="160">
			<include>HiddenObject</include>
		</control>
		<control type="list" id="170">
			<include>HiddenObject</include>
		</control>
		<control type="list" id="180">
			<include>HiddenObject</include>
		</control>
		<control type="list" id="200">
			<include>HiddenObject</include>
		</control>
		<control type="image">
			<include>Visible_Fade</include>
			<include>FullscreenDimensions</include>
			<texture colordiffuse="background_diffuse">common/white.jpg</texture>
		</control>
		<control type="scrollbar" id="3000">
			<include>HiddenObject</include>
		</control>
		<control type="grouplist">
			<include>Dialog_PopupOpenClose</include>
			<centerleft>50%</centerleft>
			<centertop>50%</centertop>
			<width>800</width>
			<height max="940">auto</height>
			<orientation>vertical</orientation>
			<itemgap>20</itemgap>
			<align>center</align>
			<!-- headline -->	
			<control type="label">
				<centerleft>50%</centerleft>
				<width>100%</width>
				<height>26</height>
				<font>Med28</font>
				<autoscroll>false</autoscroll>
				<align>center</align>
				<aligny>top</aligny>
				<label>$INFO[Container(100).ListItem.Label]</label>
			</control>
			<!-- message -->	
			<control type="textbox">
				<centerleft>50%</centerleft>
				<width>100%</width>
				<height max="745">auto</height>
				<font>PopUpText</font>
				<autoscroll>false</autoscroll>
				<align>center</align>
				<aligny>top</aligny>
				<pagecontrol>3000</pagecontrol>
				<label>$INFO[Container(100).ListItem.Property(Plot)]</label>
				<visible>![Control.IsVisible(130) | Control.IsVisible(160) | Control.IsVisible(170) | Control.IsVisible(180)]</visible>
			</control>
			<control type="textbox">
				<centerleft>50%</centerleft>
				<width>100%</width>
				<height max="745">auto</height>
				<font>PopUpText</font>
				<autoscroll>false</autoscroll>
				<align>center</align>
				<aligny>top</aligny>
				<pagecontrol>3000</pagecontrol>
				<label>$INFO[Container(100).ListItem.Property(Artist_Description)]</label>
				<visible>Control.IsVisible(160)</visible>
			</control>
			<control type="textbox">
				<centerleft>50%</centerleft>
				<width>100%</width>
				<height max="745">auto</height>
				<font>PopUpText</font>
				<autoscroll>false</autoscroll>
				<align>center</align>
				<aligny>top</aligny>
				<pagecontrol>3000</pagecontrol>
				<label>$INFO[Container(100).ListItem.Property(Album_Description)]</label>
				<visible>Control.IsVisible(170)</visible>
			</control>
			<control type="textbox">
				<centerleft>50%</centerleft>
				<width>100%</width>
				<height max="745">auto</height>
				<font>PopUpText</font>
				<autoscroll>false</autoscroll>
				<align>center</align>
				<aligny>top</aligny>
				<pagecontrol>3000</pagecontrol>
				<label>$INFO[Container(100).ListItem.Property(Comment)]</label>
				<visible>Control.IsVisible(180)</visible>
			</control>
			<!-- Button -->
			<control type="grouplist" id="50">
				<height>50</height>
				<width>100%</width>
				<orientation>horizontal</orientation>
				<itemgap>5</itemgap>
				<align>center</align>
				<onright>noop</onright>
				<onleft>noop</onleft>
				<control type="button" id="192">
					<onup>PageUp(3000)</onup>
					<ondown>PageDown(3000)</ondown>
				</control>
				<control type="button" id="193">
					<onup>PageUp(3000)</onup>
					<ondown>PageDown(3000)</ondown>
				</control>
			</control>
		</control>
	</controls>
</window>
