<?xml version="1.0" encoding="UTF-8"?>
<window id="1131">
	<defaultcontrol always="true">100</defaultcontrol>
	<menucontrol>6666</menucontrol>
	<backgroundcolor>background</backgroundcolor>
	<include>PropertyIncludes</include>
	<controls>
		<include condition="String.IsEqual(Window(home).Property(plugin.video.embycon-view_item.0.type),movies) + String.IsEqual(Window(home).Property(EmbyHubNr),0)" content="EmbyConHubMovieTemplate">
			<param name="nr" value="0"/>
		</include>
		<include condition="String.IsEqual(Window(home).Property(plugin.video.embycon-view_item.1.type),movies) + String.IsEqual(Window(home).Property(EmbyHubNr),1)" content="EmbyConHubMovieTemplate">
			<param name="nr" value="1"/>
		</include>
		<include condition="String.IsEqual(Window(home).Property(plugin.video.embycon-view_item.2.type),movies) + String.IsEqual(Window(home).Property(EmbyHubNr),2)" content="EmbyConHubMovieTemplate">
			<param name="nr" value="2"/>
		</include>
		<include condition="String.IsEqual(Window(home).Property(plugin.video.embycon-view_item.3.type),movies) + String.IsEqual(Window(home).Property(EmbyHubNr),3)" content="EmbyConHubMovieTemplate">
			<param name="nr" value="3"/>
		</include>
		<include condition="String.IsEqual(Window(home).Property(plugin.video.embycon-view_item.4.type),movies) + String.IsEqual(Window(home).Property(EmbyHubNr),4)" content="EmbyConHubMovieTemplate">
			<param name="nr" value="4"/>
		</include>
		<include condition="String.IsEqual(Window(home).Property(plugin.video.embycon-view_item.5.type),movies) + String.IsEqual(Window(home).Property(EmbyHubNr),5)" content="EmbyConHubMovieTemplate">
			<param name="nr" value="5"/>
		</include>
		<include condition="String.IsEqual(Window(home).Property(plugin.video.embycon-view_item.6.type),movies) + String.IsEqual(Window(home).Property(EmbyHubNr),6)" content="EmbyConHubMovieTemplate">
			<param name="nr" value="6"/>
		</include>
		<include condition="String.IsEqual(Window(home).Property(plugin.video.embycon-view_item.7.type),movies) + String.IsEqual(Window(home).Property(EmbyHubNr),7)" content="EmbyConHubMovieTemplate">
			<param name="nr" value="7"/>
		</include>
		<include condition="String.IsEqual(Window(home).Property(plugin.video.embycon-view_item.8.type),movies) + String.IsEqual(Window(home).Property(EmbyHubNr),8)" content="EmbyConHubMovieTemplate">
			<param name="nr" value="8"/>
		</include>
		<include condition="String.IsEqual(Window(home).Property(plugin.video.embycon-view_item.9.type),movies) + String.IsEqual(Window(home).Property(EmbyHubNr),9)" content="EmbyConHubMovieTemplate">
			<param name="nr" value="9"/>
		</include>
		<include condition="String.IsEqual(Window(home).Property(plugin.video.embycon-view_item.10.type),movies) + String.IsEqual(Window(home).Property(EmbyHubNr),10)" content="EmbyConHubMovieTemplate">
			<param name="nr" value="10"/>
		</include>
		<include condition="String.IsEqual(Window(home).Property(plugin.video.embycon-view_item.11.type),movies) + String.IsEqual(Window(home).Property(EmbyHubNr),11)" content="EmbyConHubMovieTemplate">
			<param name="nr" value="11"/>
		</include>
		<include condition="String.IsEqual(Window(home).Property(plugin.video.embycon-view_item.12.type),movies) + String.IsEqual(Window(home).Property(EmbyHubNr),12)" content="EmbyConHubMovieTemplate">
			<param name="nr" value="12"/>
		</include>
		<include condition="String.IsEqual(Window(home).Property(plugin.video.embycon-view_item.13.type),movies) + String.IsEqual(Window(home).Property(EmbyHubNr),13)" content="EmbyConHubMovieTemplate">
			<param name="nr" value="13"/>
		</include>
		<include condition="String.IsEqual(Window(home).Property(plugin.video.embycon-view_item.14.type),movies) + String.IsEqual(Window(home).Property(EmbyHubNr),14)" content="EmbyConHubMovieTemplate">
			<param name="nr" value="14"/>
		</include>
		<include condition="String.IsEqual(Window(home).Property(plugin.video.embycon-view_item.15.type),movies) + String.IsEqual(Window(home).Property(EmbyHubNr),15)" content="EmbyConHubMovieTemplate">
			<param name="nr" value="15"/>
		</include>
		<include condition="String.IsEqual(Window(home).Property(plugin.video.embycon-view_item.16.type),movies) + String.IsEqual(Window(home).Property(EmbyHubNr),16)" content="EmbyConHubMovieTemplate">
			<param name="nr" value="16"/>
		</include>
		<include condition="String.IsEqual(Window(home).Property(plugin.video.embycon-view_item.17.type),movies) + String.IsEqual(Window(home).Property(EmbyHubNr),17)" content="EmbyConHubMovieTemplate">
			<param name="nr" value="17"/>
		</include>
		<include condition="String.IsEqual(Window(home).Property(plugin.video.embycon-view_item.18.type),movies) + String.IsEqual(Window(home).Property(EmbyHubNr),18)" content="EmbyConHubMovieTemplate">
			<param name="nr" value="18"/>
		</include>
		<include condition="String.IsEqual(Window(home).Property(plugin.video.embycon-view_item.19.type),movies) + String.IsEqual(Window(home).Property(EmbyHubNr),19)" content="EmbyConHubMovieTemplate">
			<param name="nr" value="19"/>
		</include>

		<include condition="String.IsEqual(Window(home).Property(plugin.video.embycon-view_item.0.type),tvshows) + String.IsEqual(Window(home).Property(EmbyHubNr),0)" content="EmbyConHubTVShowTemplate">
			<param name="nr" value="0"/>
		</include>
		<include condition="String.IsEqual(Window(home).Property(plugin.video.embycon-view_item.1.type),tvshows) + String.IsEqual(Window(home).Property(EmbyHubNr),1)" content="EmbyConHubTVShowTemplate">
			<param name="nr" value="1"/>
		</include>
		<include condition="String.IsEqual(Window(home).Property(plugin.video.embycon-view_item.2.type),tvshows) + String.IsEqual(Window(home).Property(EmbyHubNr),2)" content="EmbyConHubTVShowTemplate">
			<param name="nr" value="2"/>
		</include>
		<include condition="String.IsEqual(Window(home).Property(plugin.video.embycon-view_item.3.type),tvshows) + String.IsEqual(Window(home).Property(EmbyHubNr),3)" content="EmbyConHubTVShowTemplate">
			<param name="nr" value="3"/>
		</include>
		<include condition="String.IsEqual(Window(home).Property(plugin.video.embycon-view_item.4.type),tvshows) + String.IsEqual(Window(home).Property(EmbyHubNr),4)" content="EmbyConHubTVShowTemplate">
			<param name="nr" value="4"/>
		</include>
		<include condition="String.IsEqual(Window(home).Property(plugin.video.embycon-view_item.5.type),tvshows) + String.IsEqual(Window(home).Property(EmbyHubNr),5)" content="EmbyConHubTVShowTemplate">
			<param name="nr" value="5"/>
		</include>
		<include condition="String.IsEqual(Window(home).Property(plugin.video.embycon-view_item.6.type),tvshows) + String.IsEqual(Window(home).Property(EmbyHubNr),6)" content="EmbyConHubTVShowTemplate">
			<param name="nr" value="6"/>
		</include>
		<include condition="String.IsEqual(Window(home).Property(plugin.video.embycon-view_item.7.type),tvshows) + String.IsEqual(Window(home).Property(EmbyHubNr),7)" content="EmbyConHubTVShowTemplate">
			<param name="nr" value="7"/>
		</include>
		<include condition="String.IsEqual(Window(home).Property(plugin.video.embycon-view_item.8.type),tvshows) + String.IsEqual(Window(home).Property(EmbyHubNr),8)" content="EmbyConHubTVShowTemplate">
			<param name="nr" value="8"/>
		</include>
		<include condition="String.IsEqual(Window(home).Property(plugin.video.embycon-view_item.9.type),tvshows) + String.IsEqual(Window(home).Property(EmbyHubNr),9)" content="EmbyConHubTVShowTemplate">
			<param name="nr" value="9"/>
		</include>
		<include condition="String.IsEqual(Window(home).Property(plugin.video.embycon-view_item.10.type),tvshows) + String.IsEqual(Window(home).Property(EmbyHubNr),10)" content="EmbyConHubTVShowTemplate">
			<param name="nr" value="10"/>
		</include>
		<include condition="String.IsEqual(Window(home).Property(plugin.video.embycon-view_item.11.type),tvshows) + String.IsEqual(Window(home).Property(EmbyHubNr),11)" content="EmbyConHubTVShowTemplate">
			<param name="nr" value="11"/>
		</include>
		<include condition="String.IsEqual(Window(home).Property(plugin.video.embycon-view_item.12.type),tvshows) + String.IsEqual(Window(home).Property(EmbyHubNr),12)" content="EmbyConHubTVShowTemplate">
			<param name="nr" value="12"/>
		</include>
		<include condition="String.IsEqual(Window(home).Property(plugin.video.embycon-view_item.13.type),tvshows) + String.IsEqual(Window(home).Property(EmbyHubNr),13)" content="EmbyConHubTVShowTemplate">
			<param name="nr" value="13"/>
		</include>
		<include condition="String.IsEqual(Window(home).Property(plugin.video.embycon-view_item.14.type),tvshows) + String.IsEqual(Window(home).Property(EmbyHubNr),14)" content="EmbyConHubTVShowTemplate">
			<param name="nr" value="14"/>
		</include>
		<include condition="String.IsEqual(Window(home).Property(plugin.video.embycon-view_item.15.type),tvshows) + String.IsEqual(Window(home).Property(EmbyHubNr),15)" content="EmbyConHubTVShowTemplate">
			<param name="nr" value="15"/>
		</include>
		<include condition="String.IsEqual(Window(home).Property(plugin.video.embycon-view_item.16.type),tvshows) + String.IsEqual(Window(home).Property(EmbyHubNr),16)" content="EmbyConHubTVShowTemplate">
			<param name="nr" value="16"/>
		</include>
		<include condition="String.IsEqual(Window(home).Property(plugin.video.embycon-view_item.17.type),tvshows) + String.IsEqual(Window(home).Property(EmbyHubNr),17)" content="EmbyConHubTVShowTemplate">
			<param name="nr" value="17"/>
		</include>
		<include condition="String.IsEqual(Window(home).Property(plugin.video.embycon-view_item.18.type),tvshows) + String.IsEqual(Window(home).Property(EmbyHubNr),18)" content="EmbyConHubTVShowTemplate">
			<param name="nr" value="18"/>
		</include>
		<include condition="String.IsEqual(Window(home).Property(plugin.video.embycon-view_item.19.type),tvshows) + String.IsEqual(Window(home).Property(EmbyHubNr),19)" content="EmbyConHubTVShowTemplate">
			<param name="nr" value="19"/>
		</include>

		<include condition="String.IsEqual(Window(home).Property(plugin.video.embycon-view_item.0.type),music) + String.IsEqual(Window(home).Property(EmbyHubNr),0)" content="EmbyConHubMusicTemplate">
			<param name="nr" value="0"/>
		</include>
		<include condition="String.IsEqual(Window(home).Property(plugin.video.embycon-view_item.1.type),music) + String.IsEqual(Window(home).Property(EmbyHubNr),1)" content="EmbyConHubMusicTemplate">
			<param name="nr" value="1"/>
		</include>
		<include condition="String.IsEqual(Window(home).Property(plugin.video.embycon-view_item.2.type),music) + String.IsEqual(Window(home).Property(EmbyHubNr),2)" content="EmbyConHubMusicTemplate">
			<param name="nr" value="2"/>
		</include>
		<include condition="String.IsEqual(Window(home).Property(plugin.video.embycon-view_item.3.type),music) + String.IsEqual(Window(home).Property(EmbyHubNr),3)" content="EmbyConHubMusicTemplate">
			<param name="nr" value="3"/>
		</include>
		<include condition="String.IsEqual(Window(home).Property(plugin.video.embycon-view_item.4.type),music) + String.IsEqual(Window(home).Property(EmbyHubNr),4)" content="EmbyConHubMusicTemplate">
			<param name="nr" value="4"/>
		</include>
		<include condition="String.IsEqual(Window(home).Property(plugin.video.embycon-view_item.5.type),music) + String.IsEqual(Window(home).Property(EmbyHubNr),5)" content="EmbyConHubMusicTemplate">
			<param name="nr" value="5"/>
		</include>
		<include condition="String.IsEqual(Window(home).Property(plugin.video.embycon-view_item.6.type),music) + String.IsEqual(Window(home).Property(EmbyHubNr),6)" content="EmbyConHubMusicTemplate">
			<param name="nr" value="6"/>
		</include>
		<include condition="String.IsEqual(Window(home).Property(plugin.video.embycon-view_item.7.type),music) + String.IsEqual(Window(home).Property(EmbyHubNr),7)" content="EmbyConHubMusicTemplate">
			<param name="nr" value="7"/>
		</include>
		<include condition="String.IsEqual(Window(home).Property(plugin.video.embycon-view_item.8.type),music) + String.IsEqual(Window(home).Property(EmbyHubNr),8)" content="EmbyConHubMusicTemplate">
			<param name="nr" value="8"/>
		</include>
		<include condition="String.IsEqual(Window(home).Property(plugin.video.embycon-view_item.9.type),music) + String.IsEqual(Window(home).Property(EmbyHubNr),9)" content="EmbyConHubMusicTemplate">
			<param name="nr" value="9"/>
		</include>
		<include condition="String.IsEqual(Window(home).Property(plugin.video.embycon-view_item.10.type),music) + String.IsEqual(Window(home).Property(EmbyHubNr),10)" content="EmbyConHubMusicTemplate">
			<param name="nr" value="10"/>
		</include>
		<include condition="String.IsEqual(Window(home).Property(plugin.video.embycon-view_item.11.type),music) + String.IsEqual(Window(home).Property(EmbyHubNr),11)" content="EmbyConHubMusicTemplate">
			<param name="nr" value="11"/>
		</include>
		<include condition="String.IsEqual(Window(home).Property(plugin.video.embycon-view_item.12.type),music) + String.IsEqual(Window(home).Property(EmbyHubNr),12)" content="EmbyConHubMusicTemplate">
			<param name="nr" value="12"/>
		</include>
		<include condition="String.IsEqual(Window(home).Property(plugin.video.embycon-view_item.13.type),music) + String.IsEqual(Window(home).Property(EmbyHubNr),13)" content="EmbyConHubMusicTemplate">
			<param name="nr" value="13"/>
		</include>
		<include condition="String.IsEqual(Window(home).Property(plugin.video.embycon-view_item.14.type),music) + String.IsEqual(Window(home).Property(EmbyHubNr),14)" content="EmbyConHubMusicTemplate">
			<param name="nr" value="14"/>
		</include>
		<include condition="String.IsEqual(Window(home).Property(plugin.video.embycon-view_item.15.type),music) + String.IsEqual(Window(home).Property(EmbyHubNr),15)" content="EmbyConHubMusicTemplate">
			<param name="nr" value="15"/>
		</include>
		<include condition="String.IsEqual(Window(home).Property(plugin.video.embycon-view_item.16.type),music) + String.IsEqual(Window(home).Property(EmbyHubNr),16)" content="EmbyConHubMusicTemplate">
			<param name="nr" value="16"/>
		</include>
		<include condition="String.IsEqual(Window(home).Property(plugin.video.embycon-view_item.17.type),music) + String.IsEqual(Window(home).Property(EmbyHubNr),17)" content="EmbyConHubMusicTemplate">
			<param name="nr" value="17"/>
		</include>
		<include condition="String.IsEqual(Window(home).Property(plugin.video.embycon-view_item.18.type),music) + String.IsEqual(Window(home).Property(EmbyHubNr),18)" content="EmbyConHubMusicTemplate">
			<param name="nr" value="18"/>
		</include>
		<include condition="String.IsEqual(Window(home).Property(plugin.video.embycon-view_item.19.type),music) + String.IsEqual(Window(home).Property(EmbyHubNr),19)" content="EmbyConHubMusicTemplate">
			<param name="nr" value="19"/>
		</include>

	</controls>
</window>
