<?xml version="1.0" encoding="UTF-8"?>
<includes>
	<include name="Season_View_54">
		<!-- Hidden scrollbar -->
		<control id="96" type="scrollbar">
			<left>-1200</left>
			<width>100</width>
			<height>1</height>
			<showonepage>false</showonepage>
			<orientation>vertical</orientation>
		</control>
		<!-- season 54 -->
		<control type="grouplist" id="540">
			<include>Visible_OpenClose</include>
			<visible>Control.IsVisible(54)</visible>
			<include>Bounce_Up_Down</include>
			<width>2130</width>
			<height>100%</height>
			<orientation>vertical</orientation>
			<usecontrolcoords>true</usecontrolcoords>
			<scrolltime tween="sine" easing="out">400</scrolltime>
			<itemgap>-80</itemgap>
			<!-- Meta -->
			<control type="group">
				<width>1920</width>
				<height>1077</height>
				<control type="group">
					<top>128</top>
					<height>435</height>
					<width>1920</width>
					<!-- poster -->
					<control type="group">
						<left>70</left>
						<control type="image">
							<top>-2</top>
							<left>-2</left>
							<width>282</width>
							<height>420</height>
							<texture>items/shadow_poster.png</texture>
						</control>
						<control type="image">
							<width>276</width>
							<height>414</height>
							<texture colordiffuse="green" diffuse="items/mask_poster.png">common/white.jpg</texture>
							<aspectratio scalediffuse="false">stretch</aspectratio>
							<visible>String.IsEmpty(ListItem.Art(tvshow.poster))</visible>
						</control>
						<control type="textbox">
							<top>10</top>
							<left>10</left>
							<width>256</width>
							<height>394</height>
							<font>Light24</font>
							<align>center</align>
							<aligny>center</aligny>
							<label>$INFO[ListItem.TvShowTitle]</label>
							<visible>String.IsEmpty(ListItem.Art(tvshow.poster))</visible>
						</control>
						<control type="image">
							<width>276</width>
							<height>414</height>
							<texture diffuse="items/mask_poster.png" background="true">$INFO[ListItem.Art(tvshow.poster)]</texture>
							<aspectratio scalediffuse="false">scale</aspectratio>
						</control>
						<control type="group">
							<width>276</width>
							<height>414</height>
							<control type="group">
								<visible>String.IsEqual(Window(home).Property(TVShowOverlay),OverlayWatched.png)</visible>
								<right>8</right>
								<top>9</top>
								<width>44</width>
								<height>44</height>
								<control type="image">
									<width>44</width>
									<height>44</height>
									<texture colordiffuse="emby">items/bubble_small.png</texture>
									<aspectratio>keep</aspectratio>
								</control>
								<control type="label">
									<top>9</top>
									<left>2</left>
									<width>44</width>
									<height>44</height>
									<label></label>
									<font>FontAwesome20Light</font>
									<shadowcolor>text_shadow</shadowcolor>
									<align>center</align>
								</control>
							</control>
						</control>
					</control>
					<!-- meta -->
					<control type="grouplist">
						<left>370</left>
						<orientation>vertical</orientation>
						<height>500</height>
						<align>top</align>
						<itemgap>0</itemgap>
						<width>1480</width>
						<control type="label">
							<width>1040</width>
							<height>60</height>
							<label>$INFO[ListItem.TVShowTitle]</label>
							<font>Reg37</font>
							<shadowcolor>text_shadow</shadowcolor>
						</control>
						<control type="grouplist">
							<height>60</height>
							<width>1166</width>
							<itemgap>5</itemgap>
							<orientation>horizontal</orientation>
							<control type="label">
								<width>auto</width>
								<height>60</height>
								<label>$INFO[ListItem.Title]</label>
								<font>Reg37</font>
								<shadowcolor>text_shadow</shadowcolor>
							</control>
						</control>
						<control type="grouplist">
							<height>40</height>
							<width>1040</width>
							<itemgap>5</itemgap>
							<orientation>horizontal</orientation>
							<control type="label">
								<width>auto</width>
								<height>24</height>
								<label>$INFO[Window(home).Property(TVShowPremiered)]   </label>
								<font>reg22</font>
								<shadowcolor>text_shadow</shadowcolor>
								<visible>!String.IsEmpty(Window(home).Property(TVShowPremiered))</visible>
							</control>
							<control type="label">
								<width>auto</width>
								<height>24</height>
								<label>$INFO[Window(home).Property(TVShowTotalSeasons),$LOCALIZE[33054]: ]   </label>
								<font>reg22</font>
								<shadowcolor>text_shadow</shadowcolor>
								<visible>!String.IsEmpty(Window(home).Property(TVShowTotalSeasons))</visible>
							</control>
							<control type="label">
								<width>auto</width>
								<height>24</height>
								<label>$INFO[Window(home).Property(TVShowTotalEpisodes),$LOCALIZE[20360]: ]   </label>
								<font>reg22</font>
								<shadowcolor>text_shadow</shadowcolor>
								<visible>!String.IsEmpty(Window(home).Property(TVShowTotalEpisodes))</visible>
							</control>
							<control type="button">
								<width min="24">auto</width>
								<height>28</height>
								<font>med16</font>
								<label>$INFO[ListItem.Mpaa]</label>
								<textoffsetx>10</textoffsetx>
								<align>center</align>
								<textcolor>white</textcolor>
								<texturefocus border="10" colordiffuse="text_white">icons/rating/mpaa.png</texturefocus>
								<texturenofocus border="10" colordiffuse="text_white">icons/rating/mpaa.png</texturenofocus>
								<enabled>false</enabled>
								<visible>!String.IsEmpty(ListItem.Mpaa)</visible>
							</control>
							<control type="label">
								<width>12</width>
								<height>24</height>
								<label/>
								<visible>!String.IsEmpty(ListItem.Mpaa)</visible>
							</control>
							<control type="button">
								<width min="24">auto</width>
								<height>28</height>
								<font>med16</font>
								<label>$INFO[Window(home).Property(EmbyMPAA)]</label>
								<textoffsetx>10</textoffsetx>
								<align>center</align>
								<textcolor>white</textcolor>
								<texturefocus border="10" colordiffuse="text_white">icons/rating/mpaa.png</texturefocus>
								<texturenofocus border="10" colordiffuse="text_white">icons/rating/mpaa.png</texturenofocus>
								<enabled>false</enabled>
								<visible>String.IsEmpty(ListItem.Mpaa) + !String.IsEmpty(Window(home).Property(EmbyMPAA)) + String.StartsWith(ListItem.Path,plugin://plugin.video.embycon)</visible>
							</control>
							<control type="label">
								<width>12</width>
								<height>24</height>
								<label/>
								<visible>String.IsEmpty(ListItem.Mpaa) + !String.IsEmpty(Window(home).Property(EmbyMPAA)) + String.StartsWith(ListItem.Path,plugin://plugin.video.embycon)</visible>
							</control>
							<control type="label">
								<width>auto</width>
								<height>24</height>
								<label></label>
								<font>Material26</font>
								<textcolor>red</textcolor>
								<shadowcolor>text_shadow</shadowcolor>
								<visible>!String.IsEmpty(Window(home).Property(TvShowRating))</visible>
							</control>
							<control type="label">
								<width>auto</width>
								<height>24</height>
								<label>$INFO[Window(home).Property(TvShowRating)]   </label>
								<font>reg22</font>
								<shadowcolor>text_shadow</shadowcolor>
								<visible>!String.IsEmpty(Window(home).Property(TvShowRating))</visible>
							</control>
						</control>
						<control type="grouplist" id="100">
							<height>75</height>
							<orientation>horizontal</orientation>
							<itemgap>5</itemgap>
							<onright>noop</onright>
							<onleft>9999</onleft>
							<control type="button" id="101">
								<include>LightGreyButton</include>
								<label>$LOCALIZE[31069]</label>
								<onup>SetFocus(6666)</onup>
								<ondown>SetFocus(54)</ondown>
								<onclick>back</onclick>
							</control>
							<control type="button" id="110">
								<visible>Control.IsVisible(96)</visible>
								<include>LightGreyButton</include>
								<label>$LOCALIZE[31013]</label>
								<onclick>RunScript(script.skin.helper.service,action=textviewer,header='$ESCINFO[ListItem.TVShowTitle]',message='$ESCINFO[ListItem.Plot]')</onclick>
								<onup>SetFocus(6666)</onup>
								<ondown>SetFocus(54)</ondown>
							</control>
							<control type="togglebutton" id="102">
								<include>LightGreyButton</include>
								<width>70</width>
								<height>50</height>
								<font>material24</font>
								<label>[B][/B]</label>
								<altlabel>[B][COLOR red][/COLOR][/B]</altlabel>
								<onclick>ToggleWatched</onclick>
								<onup>SetFocus(6666)</onup>
								<ondown>SetFocus(54)</ondown>
								<selected>String.IsEqual(ListItem.Overlay,OverlayWatched.png) | Integer.IsGreaterOrEqual(ListItem.PlayCount,1) | [String.IsEqual(ListItem.DBtype,tvshow) + !String.IsEmpty(ListItem.Property(UnWatchedEpisodes)) + Integer.IsLess(ListItem.Property(UnWatchedEpisodes),1)]</selected>
							</control>
						</control>
						<control type="label">
							<width>auto</width>
							<height>40</height>
							<label>$INFO[ListItem.Genre,$LOCALIZE[515]: ,   ]$INFO[ListItem.Director,$LOCALIZE[20339]: ]</label>
							<font>reg22</font> 
							<textcolor>emby</textcolor>
							<shadowcolor>text_shadow</shadowcolor>
						</control>
						<control type="label">
							<width>auto</width>
							<height>40</height>
							<label>$INFO[Window(home).Property(EmbyGenre)]</label>
							<font>reg22</font> 
							<textcolor>emby</textcolor>
							<shadowcolor>text_shadow</shadowcolor>
							<visible>String.IsEmpty(ListItem.Genre) + !String.IsEmpty(Window(home).Property(EmbyGenre)) + String.StartsWith(ListItem.Path,plugin://plugin.video.embycon)</visible>
						</control>
						<control type="textbox">
							<width>100%</width>
							<height>130</height>
							<align>justify</align>
							<aligny>top</aligny>
							<label>$VAR[SeasonViewPlot]</label>
							<font>Light24</font>
							<shadowcolor>text_shadow</shadowcolor>
							<autoscroll>false</autoscroll>
							<pagecontrol>96</pagecontrol>
						</control>
					</control>
					<!-- logo -->
					<control type="image">
						<right>70</right>
						<width>400</width>
						<height>155</height>
						<texture>$VAR[ListItemClearlogo]</texture>
						<aspectratio>keep</aspectratio>
					</control>
				</control>
				<control type="group">
					<top>524</top>
					<!-- Seasons -->
					<include content="PosterWidget">
						<param name="id" value="54"/>
						<param name="onup" value="100"/>
						<param name="ondown" value="200"/>
						<param name="headline" value="$LOCALIZE[33054]"/>
						<param name="sublabel" value=""/>
						<param name="use_custom_content" value="false"/>
						<param name="height">553</param>
						<param name="content_visibility">Container.Content(seasons)</param>
						<param name="list_name">$LOCALIZE[20373]</param>
					</include>
				</control>
			</control>
			<!-- Next Up -->
			<include content="WideWidget">
				<param name="id" value="200"/>
				<param name="onup" value="54"/>
				<param name="ondown" value="300"/>
				<param name="onback" value="54"/>
				<param name="height" value="438"/>
				<param name="sublabel" value=""/>
				<param name="sortby" value="playcount"/>
				<param name="sortorder" value="ascending"/>
				<param name="limit" value="1"/>
				<param name="headline" value="$LOCALIZE[31012]"/>
				<param name="content_visibility">Container.Content(seasons)</param>
				<param name="content" value="$VAR[View54_NextUp_Content]"/>
			</include>
			<!-- Cast -->
			<include content="CastWidget">
				<param name="id" value="300"/>
				<param name="onup" value="200"/>
				<param name="ondown" value="SetProperty(BounceDown,1,home)"/>
				<param name="onback" value="54"/>
				<param name="mainlabel" value="$INFO[ListItem.Label]"/>
				<param name="sublabel" value="$INFO[ListItem.Label2]"/>
				<param name="headline" value="$LOCALIZE[206]"/>
				<param name="content_visibility">Container.Content(seasons)</param>
				<param name="content" value="$VAR[View_Cast_Content]"/>
			</include>
		</control>
	</include>
</includes>