<?xml version="1.0" encoding="UTF-8"?>
<window>
	<defaultcontrol always="true">10</defaultcontrol>
	<backgroundcolor>background</backgroundcolor>
	<views>10</views>
	<menucontrol>6666</menucontrol>
	<controls>
		<control type="label" id="29">
			<font></font>
			<include>HiddenObject</include>
		</control>
		<control type="label" id="30">
			<font></font>
			<include>HiddenObject</include>
		</control>
		<include>Background</include>
		<control type="group" id="50">
			<control type="group">				
				<include>Window_OpenClose</include>
				<visible>Control.IsVisible(10)</visible>
				<control type="epggrid" id="10">
					<height>704</height>
					<top>100</top>
					<left>10</left>
					<pagecontrol>60</pagecontrol>
					<scrolltime tween="quadratic" easing="out">300</scrolltime>
					<timeblocks>20</timeblocks>
					<rulerunit>6</rulerunit>
					<onback>6666</onback>
					<onleft>9999</onleft>
					<onright>10</onright>
					<onup>10</onup>
					<ondown>10</ondown>
					<viewtype label="19032">list</viewtype>
					<rulerlayout height="40" width="100">
						<control type="label">
							<width>365</width>
							<height>30</height>
							<font>Med20</font>
							<label>$INFO[ListItem.Label]</label>
							<aligny>center</aligny>
							<textoffsetx>10</textoffsetx>
							<textcolor>lightgrey</textcolor>
						</control>
					</rulerlayout>
					<progresstexture border="0,70,18,14">views/epg_progress.png</progresstexture>
					<channellayout height="83" width="400">
						<control type="image">
							<width>400</width>
							<height>83</height>
							<align>center</align>
							<aligny>center</aligny>
							<texture border="10" colordiffuse="grid_title">views/epg_mask_grid.png</texture>
						</control>
						<control type="label">
							<left>15</left>
							<width>60</width>
							<height>83</height>
							<font>reg22</font>
							<label>$INFO[ListItem.ChannelNumberLabel]</label>
							<align>left</align>
							<aligny>center</aligny>
						</control>
						<control type="label">
							<left>68</left>
							<width>225</width>
							<height>83</height>
							<font>reg22</font>
							<label>$INFO[ListItem.ChannelName]</label>
							<aligny>center</aligny>
							<textoffsetx>10</textoffsetx>
						</control>
						<control type="image">
							<right>10</right>
							<width>100</width>
							<texture background="true">$INFO[ListItem.Icon]</texture>
							<aspectratio align="right">keep</aspectratio>	
							<bordersize>10</bordersize>							
						</control>
					</channellayout>
					<focusedchannellayout height="83" width="400">
						<control type="image">
							<width>400</width>
							<height>83</height>
							<align>center</align>
							<aligny>center</aligny>
							<texture border="10" colordiffuse="grid_hover">views/epg_mask_grid.png</texture>
						</control>
						<control type="label">
							<left>15</left>
							<width>60</width>
							<height>83</height>
							<font>reg22</font>
							<label>$INFO[ListItem.ChannelNumberLabel]</label>
							<align>left</align>
							<aligny>center</aligny>
						</control>
						<control type="label">
							<left>68</left>
							<width>225</width>
							<height>83</height>
							<font>reg22</font>
							<label>$INFO[ListItem.ChannelName]</label>
							<aligny>center</aligny>
							<textoffsetx>10</textoffsetx>
						</control>
						<control type="image">
							<right>10</right>
							<width>100</width>
							<texture background="true">$INFO[ListItem.Icon]</texture>
							<aspectratio align="right">keep</aspectratio>	
							<bordersize>10</bordersize>							
						</control>
					</focusedchannellayout>
					<itemlayout height="83" width="60">
						<control type="image" id="2">
							<width>65</width>
							<height>83</height>
							<texture border="10" colordiffuse="grid_label">views/epg_mask_grid.png</texture>
							<visible>Integer.IsLess(ListItem.Progress,1)</visible>
						</control>
						<control type="image" id="2">
							<width>65</width>
							<height>83</height>
							<texture border="10" colordiffuse="grid_label_inprogress">views/epg_mask_grid.png</texture>
							<visible>!Integer.IsLess(ListItem.Progress,1)</visible>
						</control>
						<control type="label" id="1">
							<textoffsetx>15</textoffsetx>
							<top>5</top>
							<width>50</width>
							<height>73</height>
							<aligny>center</aligny>
							<font>reg22</font>
							<shadowcolor>text_shadow</shadowcolor>1
							<label>$INFO[ListItem.Label]</label>
							<visible>String.IsEmpty(ListItem.Episodename)</visible>
						</control>
						<control type="label" id="1">
							<textoffsetx>15</textoffsetx>
							<top>10</top>
							<width>50</width>
							<height>36</height>
							<aligny>center</aligny>
							<font>reg22</font>
							<shadowcolor>text_shadow</shadowcolor>1
							<label>$INFO[ListItem.Label]</label>
							<visible>!String.IsEmpty(ListItem.Episodename)</visible>
						</control>
						<control type="label" id="1">
							<textoffsetx>15</textoffsetx>
							<bottom>10</bottom>
							<width>50</width>
							<height>36</height>
							<aligny>center</aligny>
							<font>reg22</font>
							<textcolor>softgrey</textcolor>
							<shadowcolor>text_shadow</shadowcolor>
							<label>$INFO[ListItem.Episodename]</label>
						</control>
						<control type="image" id="2">
							<right>-15</right>
							<height>83</height>
							<width>64</width>
							<texture colordiffuse="softgrey">$VAR[PVRTimerIcon]</texture>
							<bordersize>30</bordersize>
							<aspectratio align="right">keep</aspectratio>
							<visible>!ListItem.TimerIsActive</visible>
						</control>
						<control type="image" id="2">
							<right>-15</right>
							<height>83</height>
							<width>64</width>
							<texture colordiffuse="red">$VAR[PVRTimerIcon]</texture>
							<bordersize>30</bordersize>
							<aspectratio align="right">keep</aspectratio>
							<visible>ListItem.TimerIsActive</visible>
						</control>
					</itemlayout>
					<focusedlayout height="83" width="60">
						<control type="image" id="2">
							<width>65</width>
							<height>83</height>
							<texture border="10" colordiffuse="grid_label">views/epg_mask_grid.png</texture>
							<visible>Integer.IsLess(ListItem.Progress,1) + !Control.HasFocus(10)</visible>
						</control>
						<control type="image" id="2">
							<width>65</width>
							<height>83</height>
							<texture border="10" colordiffuse="grid_label_inprogress">views/epg_mask_grid.png</texture>
							<visible>!Integer.IsLess(ListItem.Progress,1) + !Control.HasFocus(10)</visible>
						</control>
						<control type="image" id="2">
							<width>65</width>
							<height>83</height>
							<texture border="10" colordiffuse="emby">views/epg_mask_grid.png</texture>
							<visible>Control.HasFocus(10)</visible>
						</control>
						<control type="label" id="1">
							<textoffsetx>15</textoffsetx>
							<top>5</top>
							<width>50</width>
							<height>73</height>
							<aligny>center</aligny>
							<font>reg22</font>
							<shadowcolor>text_shadow</shadowcolor>1
							<label>$INFO[ListItem.Label]</label>
							<visible>String.IsEmpty(ListItem.Episodename)</visible>
						</control>
						<control type="label" id="1">
							<textoffsetx>15</textoffsetx>
							<top>10</top>
							<width>50</width>
							<height>36</height>
							<aligny>center</aligny>
							<font>reg22</font>
							<shadowcolor>text_shadow</shadowcolor>1
							<label>$INFO[ListItem.Label]</label>
							<visible>!String.IsEmpty(ListItem.Episodename)</visible>
						</control>
						<control type="label" id="1">
							<textoffsetx>15</textoffsetx>
							<bottom>10</bottom>
							<width>50</width>
							<height>36</height>
							<aligny>center</aligny>
							<font>reg22</font>
							<textcolor>white</textcolor>
							<shadowcolor>text_shadow</shadowcolor>
							<label>$INFO[ListItem.Episodename]</label>
						</control>
						<control type="image" id="2">
							<right>-15</right>
							<height>83</height>
							<width>64</width>
							<texture colordiffuse="softgrey">$VAR[PVRTimerIcon]</texture>
							<bordersize>30</bordersize>
							<aspectratio align="right">keep</aspectratio>
							<visible>!ListItem.TimerIsActive</visible>
						</control>
						<control type="image" id="2">
							<right>-15</right>
							<height>83</height>
							<width>64</width>
							<texture colordiffuse="red">$VAR[PVRTimerIcon]</texture>
							<bordersize>30</bordersize>
							<aspectratio align="right">keep</aspectratio>
							<visible>ListItem.TimerIsActive</visible>
						</control>
					</focusedlayout>
				</control>
				<control type="group">
					<bottom>0</bottom>
					<height>250</height>
					<control type="image">
						<top>5</top>
						<left>30</left>
						<width>360</width>
						<height>150</height>
						<aspectratio align="center" aligny="top">keep</aspectratio>
						<texture>$INFO[ListItem.Icon]</texture>
					</control>
					<control type="label">
						<left>415</left>
						<right>70</right>
						<height>30</height>
						<font>med24</font>
						<textcolor>white</textcolor>
						<shadowcolor>text_shadow</shadowcolor>
						<label fallback="19055">$INFO[ListItem.EpgEventTitle]$INFO[ListItem.Episodename,  -  ]</label>
					</control>
					<control type="grouplist">
						<top>33</top>
						<height>30</height>
						<left>415</left>
						<right>70</right>
						<itemgap>5</itemgap>
						<orientation>horizontal</orientation>
						<control type="label">
							<width>auto</width>
							<height>24</height>
							<label>$INFO[ListItem.Date]$INFO[ListItem.Endtime, - ]   </label>
							<font>reg22</font>
							<shadowcolor>text_shadow</shadowcolor>
						</control>
						<control type="label">
							<width>auto</width>
							<height>24</height>
							<label>$INFO[ListItem.Channelnumber,$LOCALIZE[19029] ]   </label>
							<font>reg22</font>
							<shadowcolor>text_shadow</shadowcolor>
						</control>
						<control type="label">
							<width>auto</width>
							<height>24</height>
							<label>$INFO[ListItem.Channelname]   </label>
							<font>reg22</font>
							<shadowcolor>text_shadow</shadowcolor>
						</control>
						<control type="label">
							<width>auto</width>
							<height>24</height>
							<label>$INFO[ListItem.Genre,$LOCALIZE[515]: ]   </label>
							<font>reg22</font>
							<shadowcolor>text_shadow</shadowcolor>
						</control>
					</control>
					<control type="textbox">
						<left>415</left>
						<top>68</top>
						<right>70</right>
						<height>98</height>
						<font>Light24</font>
						<align>justify</align>
						<label>$INFO[ListItem.Plot]</label>
						<autoscroll>false</autoscroll>
					</control>
				</control>
			</control>
			<include content="ScrollbarVertical">
				<param name="id" value="60"/>
			</include>
			<include content="HeaderBar"/>
			<!-- side panel -->
			<include content="SidePanel">
				<param name="onright">10</param>
			</include>
		</control>
	</controls>
</window>
