﻿<?xml version="1.0" encoding="UTF-8"?>
<window id="28">
  <defaultcontrol always="true">55</defaultcontrol>
  <allowoverlay>no</allowoverlay>
  <views>55</views>
  <controls>
	  <include>CommonHomeBack</include>	
	  <include>ViewsVideo</include>  
	  <include>BigInfosTime</include>
	  <include>BigInfosDatabaseCount</include>
	  <include>BigInfosWeather</include>
	  <include>CommonHomeButton</include>
	  <include>HomePlaying</include>
	  <include>CommonPageCountView</include>
	  <control type="group">
	<visible>!Skin.HasSetting(kiosk)</visible>
	<animation effect="slide" start="0,0" end="480,0" time="400" tween="quadratic" easing="out" condition="ControlGroup(9020).HasFocus">Conditional</animation>
	<animation effect="slide" start="0,0" end="-570,0" time="400" tween="quadratic" easing="out" condition="ControlGroup(9020).HasFocus">WindowClose</animation>
	<control type="image">
	  <left>-495</left>
	  <top>0</top>
	  <width>420</width>
	  <height>1080</height>
	  <texture background="true">skin/dialog_blank.png</texture>
	  <colordiffuse>$VAR[ColorButtonDialogeBack]</colordiffuse>
	  <aspectratio>stretch</aspectratio>
	</control>
	<control type="group">
	  <left>-457</left>
	  <top>60</top>
	  <control type="label">
		<description>View options</description>
		<left>0</left>
		<top>0</top>
		<width>375</width>
		<height>45</height>
		<font>primal_20</font>
		<textcolor>$VAR[ColorFontSelected]</textcolor>
		<shadowcolor>$VAR[ColorFontShadow]</shadowcolor>
		<scroll>false</scroll>
		<align>left</align>
		<aligny>center</aligny>
		<label>$LOCALIZE[14018]</label>
	  </control>
	</control>
    <control type="grouplist" id="9020">
        <description>My first group list control</description>
		<left>-482</left>
		<top>120</top>
		<width>400</width>
		<height>800</height>
		<itemgap>2</itemgap>
		<pagecontrol>25</pagecontrol>
		<scrolltime tween="sine" easing="out">200</scrolltime>
		<orientation>vertical</orientation>
		<usecontrolcoords>false</usecontrolcoords>
		<visible>true</visible>
		<onleft>55</onleft>
		<onright>55</onright>
		<onup>9020</onup>
		<ondown>9020</ondown>
        <!--<control type="button" id="2">
          <description>View As button</description>
          <left>0</left>
          <top>0</top>
          <include>ButtonCommonValues</include>
          <label>-</label>
          <onleft>55</onleft>
          <onright>55</onright>
          <onup>611</onup>
          <ondown>20</ondown>
        </control>-->
        <control type="radiobutton" id="20">
          <description>Shuffle button</description>
          <width>400</width>
          <height>60</height>
          <label>191</label>
          <onleft>55</onleft>
          <onright>55</onright>
          <onup>2</onup>
          <ondown>26</ondown>
        </control>
        <control type="button" id="26">
          <description>Repeat button</description>
          <width>400</width>
          <height>60</height>
          <label>-</label>
          <onleft>55</onleft>
          <onright>55</onright>
          <onup>20</onup>
          <ondown>21</ondown>
        </control>
        <control type="button" id="21">
          <description>Save button</description>
          <width>400</width>
          <height>60</height>
          <label>190</label>
          <onleft>55</onleft>
          <onright>55</onright>
          <onup>26</onup>
          <ondown>22</ondown>
        </control>
        <control type="button" id="22">
          <description>Clear button</description>
          <width>400</width>
          <height>60</height>
          <label>192</label>
          <onclick>ReplaceWindow(video)</onclick>
          <include>ButtonCommonValues</include>
          <onleft>55</onleft>
          <onright>55</onright>
          <onup>21</onup>
          <ondown>610</ondown>
        </control>
      </control>
    </control>
  </controls>
</window>