<?xml version="1.0" encoding="UTF-8"?>
<window id="1112" type="dialog">
	<visible>[!Skin.HasSetting(SkinSetup) + !Window.IsVisible(startup) + !Window.IsVisible(1119)] | !String.IsEmpty(Window(home).Property(MainMenuReset)) | !String.IsEmpty(Window(home).Property(HomeWidgetReset)) | !String.IsEmpty(Window(home).Property(MovieHubWidgetReset)) | !String.IsEmpty(Window(home).Property(MusicHubWidgetReset))</visible>

	<onload condition="$EXP[SkinSetup]">Notification(Embuary,$LOCALIZE[31217])</onload>

	<!-- Main Menu -->
	<onload condition="$EXP[MenuCheck] | !String.IsEmpty(Window(home).Property(MainMenuReset))">Skin.SetString(home_menu_pos_1,movies)</onload>
	<onload condition="$EXP[MenuCheck] | !String.IsEmpty(Window(home).Property(MainMenuReset))">Skin.SetString(home_menu_pos_2,shows)</onload>
	<onload condition="$EXP[MenuCheck] | !String.IsEmpty(Window(home).Property(MainMenuReset))">Skin.SetString(home_menu_pos_3,emby0)</onload>
	<onload condition="$EXP[MenuCheck] | !String.IsEmpty(Window(home).Property(MainMenuReset))">Skin.SetString(home_menu_pos_4,emby1)</onload>
	<onload condition="$EXP[MenuCheck] | !String.IsEmpty(Window(home).Property(MainMenuReset))">Skin.SetString(home_menu_pos_5,emby2)</onload>
	<onload condition="$EXP[MenuCheck] | !String.IsEmpty(Window(home).Property(MainMenuReset))">Skin.SetString(home_menu_pos_6,emby3)</onload>
	<onload condition="$EXP[MenuCheck] | !String.IsEmpty(Window(home).Property(MainMenuReset))">Skin.SetString(home_menu_pos_7,emby4)</onload>
	<onload condition="$EXP[MenuCheck] | !String.IsEmpty(Window(home).Property(MainMenuReset))">Skin.SetString(home_menu_pos_8,emby5)</onload>
	<onload condition="$EXP[MenuCheck] | !String.IsEmpty(Window(home).Property(MainMenuReset))">Skin.SetString(home_menu_pos_9,emby6)</onload>
	<onload condition="$EXP[MenuCheck] | !String.IsEmpty(Window(home).Property(MainMenuReset))">Skin.SetString(home_menu_pos_10,emby7)</onload>
	<onload condition="$EXP[MenuCheck] | !String.IsEmpty(Window(home).Property(MainMenuReset))">Skin.SetString(home_menu_pos_11,emby8)</onload>
	<onload condition="$EXP[MenuCheck] | !String.IsEmpty(Window(home).Property(MainMenuReset))">Skin.SetString(home_menu_pos_12,emby9)</onload>
	<onload condition="$EXP[MenuCheck] | !String.IsEmpty(Window(home).Property(MainMenuReset))">Skin.SetString(home_menu_pos_13,embycon0)</onload>
	<onload condition="$EXP[MenuCheck] | !String.IsEmpty(Window(home).Property(MainMenuReset))">Skin.SetString(home_menu_pos_14,embycon1)</onload>
	<onload condition="$EXP[MenuCheck] | !String.IsEmpty(Window(home).Property(MainMenuReset))">Skin.SetString(home_menu_pos_15,embycon2)</onload>
	<onload condition="$EXP[MenuCheck] | !String.IsEmpty(Window(home).Property(MainMenuReset))">Skin.SetString(home_menu_pos_16,embycon3)</onload>
	<onload condition="$EXP[MenuCheck] | !String.IsEmpty(Window(home).Property(MainMenuReset))">Skin.SetString(home_menu_pos_17,embycon4)</onload>
	<onload condition="$EXP[MenuCheck] | !String.IsEmpty(Window(home).Property(MainMenuReset))">Skin.SetString(home_menu_pos_18,embycon5)</onload>
	<onload condition="$EXP[MenuCheck] | !String.IsEmpty(Window(home).Property(MainMenuReset))">Skin.SetString(home_menu_pos_19,embycon6)</onload>
	<onload condition="$EXP[MenuCheck] | !String.IsEmpty(Window(home).Property(MainMenuReset))">Skin.SetString(home_menu_pos_20,embycon7)</onload>
	<onload condition="$EXP[MenuCheck] | !String.IsEmpty(Window(home).Property(MainMenuReset))">Skin.SetString(home_menu_pos_21,embycon8)</onload>
	<onload condition="$EXP[MenuCheck] | !String.IsEmpty(Window(home).Property(MainMenuReset))">Skin.SetString(home_menu_pos_22,embycon9)</onload>
	<onload condition="$EXP[MenuCheck] | !String.IsEmpty(Window(home).Property(MainMenuReset))">Skin.SetString(home_menu_pos_23,pvr)</onload>
	<onload condition="$EXP[MenuCheck] | !String.IsEmpty(Window(home).Property(MainMenuReset))">Skin.SetString(home_menu_pos_24,music)</onload>
	<onload condition="$EXP[MenuCheck] | !String.IsEmpty(Window(home).Property(MainMenuReset))">Skin.SetString(home_menu_pos_25,musicvideos)</onload>
	<onload condition="$EXP[MenuCheck] | !String.IsEmpty(Window(home).Property(MainMenuReset))">Skin.SetString(home_menu_pos_26,addons)</onload>
	<onload condition="$EXP[MenuCheck] | !String.IsEmpty(Window(home).Property(MainMenuReset))">Skin.SetString(home_menu_pos_27,custom1)</onload>
	<onload condition="$EXP[MenuCheck] | !String.IsEmpty(Window(home).Property(MainMenuReset))">Skin.SetString(home_menu_pos_28,custom2)</onload>
	<onload condition="$EXP[MenuCheck] | !String.IsEmpty(Window(home).Property(MainMenuReset))">Skin.SetString(home_menu_pos_29,custom3)</onload>
	<onload condition="$EXP[MenuCheck] | !String.IsEmpty(Window(home).Property(MainMenuReset))">Skin.SetString(home_menu_pos_30,custom4)</onload>
	<onload condition="$EXP[MenuCheck] | !String.IsEmpty(Window(home).Property(MainMenuReset))">Skin.SetString(home_menu_pos_31,custom5)</onload>
	<onload condition="$EXP[MenuCheck] | !String.IsEmpty(Window(home).Property(MainMenuReset))">Skin.SetString(home_menu_pos_32,custom6)</onload>
	<onload condition="$EXP[MenuCheck] | !String.IsEmpty(Window(home).Property(MainMenuReset))">Skin.SetString(home_menu_pos_1.label,$LOCALIZE[31180])</onload>
	<onload condition="$EXP[MenuCheck] | !String.IsEmpty(Window(home).Property(MainMenuReset))">Skin.SetString(home_menu_pos_2.label,$LOCALIZE[31179])</onload>
	<onload condition="$EXP[MenuCheck] | !String.IsEmpty(Window(home).Property(MainMenuReset))">Skin.SetString(home_menu_pos_3.label,$INFO[Window(home).Property(emby.nodes.0.title),,   ][COLOR lightgrey]($LOCALIZE[31181])[/COLOR])</onload>
	<onload condition="$EXP[MenuCheck] | !String.IsEmpty(Window(home).Property(MainMenuReset))">Skin.SetString(home_menu_pos_4.label,$INFO[Window(home).Property(emby.nodes.1.title),,   ][COLOR lightgrey]($LOCALIZE[31181])[/COLOR])</onload>
	<onload condition="$EXP[MenuCheck] | !String.IsEmpty(Window(home).Property(MainMenuReset))">Skin.SetString(home_menu_pos_5.label,$INFO[Window(home).Property(emby.nodes.2.title),,   ][COLOR lightgrey]($LOCALIZE[31181])[/COLOR])</onload>
	<onload condition="$EXP[MenuCheck] | !String.IsEmpty(Window(home).Property(MainMenuReset))">Skin.SetString(home_menu_pos_6.label,$INFO[Window(home).Property(emby.nodes.3.title),,   ][COLOR lightgrey]($LOCALIZE[31181])[/COLOR])</onload>
	<onload condition="$EXP[MenuCheck] | !String.IsEmpty(Window(home).Property(MainMenuReset))">Skin.SetString(home_menu_pos_7.label,$INFO[Window(home).Property(emby.nodes.4.title),,   ][COLOR lightgrey]($LOCALIZE[31181])[/COLOR])</onload>
	<onload condition="$EXP[MenuCheck] | !String.IsEmpty(Window(home).Property(MainMenuReset))">Skin.SetString(home_menu_pos_8.label,$INFO[Window(home).Property(emby.nodes.5.title),,   ][COLOR lightgrey]($LOCALIZE[31181])[/COLOR])</onload>
	<onload condition="$EXP[MenuCheck] | !String.IsEmpty(Window(home).Property(MainMenuReset))">Skin.SetString(home_menu_pos_9.label,$INFO[Window(home).Property(emby.nodes.6.title),,   ][COLOR lightgrey]($LOCALIZE[31181])[/COLOR])</onload>
	<onload condition="$EXP[MenuCheck] | !String.IsEmpty(Window(home).Property(MainMenuReset))">Skin.SetString(home_menu_pos_10.label,$INFO[Window(home).Property(emby.nodes.7.title),,   ][COLOR lightgrey]($LOCALIZE[31181])[/COLOR])</onload>
	<onload condition="$EXP[MenuCheck] | !String.IsEmpty(Window(home).Property(MainMenuReset))">Skin.SetString(home_menu_pos_11.label,$INFO[Window(home).Property(emby.nodes.8.title),,   ][COLOR lightgrey]($LOCALIZE[31181])[/COLOR])</onload>
	<onload condition="$EXP[MenuCheck] | !String.IsEmpty(Window(home).Property(MainMenuReset))">Skin.SetString(home_menu_pos_12.label,$INFO[Window(home).Property(emby.nodes.9.title),,   ][COLOR lightgrey]($LOCALIZE[31181])[/COLOR])</onload>
	<onload condition="$EXP[MenuCheck] | !String.IsEmpty(Window(home).Property(MainMenuReset))">Skin.SetString(home_menu_pos_13.label,$INFO[Window(home).Property(plugin.video.embycon-view_item.0.name),,   ][COLOR lightgrey]($LOCALIZE[31208])[/COLOR])</onload>
	<onload condition="$EXP[MenuCheck] | !String.IsEmpty(Window(home).Property(MainMenuReset))">Skin.SetString(home_menu_pos_14.label,$INFO[Window(home).Property(plugin.video.embycon-view_item.1.name),,   ][COLOR lightgrey]($LOCALIZE[31208])[/COLOR])</onload>
	<onload condition="$EXP[MenuCheck] | !String.IsEmpty(Window(home).Property(MainMenuReset))">Skin.SetString(home_menu_pos_15.label,$INFO[Window(home).Property(plugin.video.embycon-view_item.2.name),,   ][COLOR lightgrey]($LOCALIZE[31208])[/COLOR])</onload>
	<onload condition="$EXP[MenuCheck] | !String.IsEmpty(Window(home).Property(MainMenuReset))">Skin.SetString(home_menu_pos_16.label,$INFO[Window(home).Property(plugin.video.embycon-view_item.3.name),,   ][COLOR lightgrey]($LOCALIZE[31208])[/COLOR])</onload>
	<onload condition="$EXP[MenuCheck] | !String.IsEmpty(Window(home).Property(MainMenuReset))">Skin.SetString(home_menu_pos_17.label,$INFO[Window(home).Property(plugin.video.embycon-view_item.4.name),,   ][COLOR lightgrey]($LOCALIZE[31208])[/COLOR])</onload>
	<onload condition="$EXP[MenuCheck] | !String.IsEmpty(Window(home).Property(MainMenuReset))">Skin.SetString(home_menu_pos_18.label,$INFO[Window(home).Property(plugin.video.embycon-view_item.5.name),,   ][COLOR lightgrey]($LOCALIZE[31208])[/COLOR])</onload>
	<onload condition="$EXP[MenuCheck] | !String.IsEmpty(Window(home).Property(MainMenuReset))">Skin.SetString(home_menu_pos_19.label,$INFO[Window(home).Property(plugin.video.embycon-view_item.6.name),,   ][COLOR lightgrey]($LOCALIZE[31208])[/COLOR])</onload>
	<onload condition="$EXP[MenuCheck] | !String.IsEmpty(Window(home).Property(MainMenuReset))">Skin.SetString(home_menu_pos_20.label,$INFO[Window(home).Property(plugin.video.embycon-view_item.7.name),,   ][COLOR lightgrey]($LOCALIZE[31208])[/COLOR])</onload>
	<onload condition="$EXP[MenuCheck] | !String.IsEmpty(Window(home).Property(MainMenuReset))">Skin.SetString(home_menu_pos_21.label,$INFO[Window(home).Property(plugin.video.embycon-view_item.8.name),,   ][COLOR lightgrey]($LOCALIZE[31208])[/COLOR])</onload>
	<onload condition="$EXP[MenuCheck] | !String.IsEmpty(Window(home).Property(MainMenuReset))">Skin.SetString(home_menu_pos_22.label,$INFO[Window(home).Property(plugin.video.embycon-view_item.9.name),,   ][COLOR lightgrey]($LOCALIZE[31208])[/COLOR])</onload>
	<onload condition="$EXP[MenuCheck] | !String.IsEmpty(Window(home).Property(MainMenuReset))">Skin.SetString(home_menu_pos_23.label,$VAR[PVRLabel])</onload>
	<onload condition="$EXP[MenuCheck] | !String.IsEmpty(Window(home).Property(MainMenuReset))">Skin.SetString(home_menu_pos_24.label,$LOCALIZE[2])</onload>
	<onload condition="$EXP[MenuCheck] | !String.IsEmpty(Window(home).Property(MainMenuReset))">Skin.SetString(home_menu_pos_25.label,$LOCALIZE[20389])</onload>
	<onload condition="$EXP[MenuCheck] | !String.IsEmpty(Window(home).Property(MainMenuReset))">Skin.SetString(home_menu_pos_26.label,$LOCALIZE[24001])</onload>
	<onload condition="$EXP[MenuCheck] | !String.IsEmpty(Window(home).Property(MainMenuReset))">Skin.SetString(home_menu_pos_27.label,$INFO[Skin.String(UserHomeHub1_name),,   ][COLOR lightgrey]($LOCALIZE[31200] 1)[/COLOR])</onload>
	<onload condition="$EXP[MenuCheck] | !String.IsEmpty(Window(home).Property(MainMenuReset))">Skin.SetString(home_menu_pos_28.label,$INFO[Skin.String(UserHomeHub2_name),,   ][COLOR lightgrey]($LOCALIZE[31200] 2)[/COLOR])</onload>
	<onload condition="$EXP[MenuCheck] | !String.IsEmpty(Window(home).Property(MainMenuReset))">Skin.SetString(home_menu_pos_29.label,$INFO[Skin.String(UserHomeHub3_name),,   ][COLOR lightgrey]($LOCALIZE[31200] 3)[/COLOR])</onload>
	<onload condition="$EXP[MenuCheck] | !String.IsEmpty(Window(home).Property(MainMenuReset))">Skin.SetString(home_menu_pos_30.label,$INFO[Skin.String(UserHomeHub4_name),,   ][COLOR lightgrey]($LOCALIZE[31200] 4)[/COLOR])</onload>
	<onload condition="$EXP[MenuCheck] | !String.IsEmpty(Window(home).Property(MainMenuReset))">Skin.SetString(home_menu_pos_31.label,$INFO[Skin.String(UserHomeHub5_name),,   ][COLOR lightgrey]($LOCALIZE[31200] 5)[/COLOR])</onload>
	<onload condition="$EXP[MenuCheck] | !String.IsEmpty(Window(home).Property(MainMenuReset))">Skin.SetString(home_menu_pos_32.label,$INFO[Skin.String(UserHomeHub6_name),,   ][COLOR lightgrey]($LOCALIZE[31200] 6)[/COLOR])</onload>

	<onload condition="!String.IsEmpty(Window(home).Property(MainMenuReset))">Skin.Reset(movies.icon)</onload>
	<onload condition="!String.IsEmpty(Window(home).Property(MainMenuReset))">Skin.Reset(shows.icon)</onload>
	<onload condition="!String.IsEmpty(Window(home).Property(MainMenuReset))">Skin.Reset(pvr.icon)</onload>
	<onload condition="!String.IsEmpty(Window(home).Property(MainMenuReset))">Skin.Reset(music.icon)</onload>
	<onload condition="!String.IsEmpty(Window(home).Property(MainMenuReset))">Skin.Reset(musicvideos.icon)</onload>
	<onload condition="!String.IsEmpty(Window(home).Property(MainMenuReset))">Skin.Reset(addons.icon)</onload>
	<onload condition="!String.IsEmpty(Window(home).Property(MainMenuReset))">Skin.Reset(custom1.icon)</onload>
	<onload condition="!String.IsEmpty(Window(home).Property(MainMenuReset))">Skin.Reset(custom2.icon)</onload>
	<onload condition="!String.IsEmpty(Window(home).Property(MainMenuReset))">Skin.Reset(custom3.icon)</onload>
	<onload condition="!String.IsEmpty(Window(home).Property(MainMenuReset))">Skin.Reset(custom4.icon)</onload>
	<onload condition="!String.IsEmpty(Window(home).Property(MainMenuReset))">Skin.Reset(custom5.icon)</onload>
	<onload condition="!String.IsEmpty(Window(home).Property(MainMenuReset))">Skin.Reset(custom6.icon)</onload>
	<onload condition="!String.IsEmpty(Window(home).Property(MainMenuReset))">Skin.Reset(emby0.icon)</onload>
	<onload condition="!String.IsEmpty(Window(home).Property(MainMenuReset))">Skin.Reset(emby1.icon)</onload>
	<onload condition="!String.IsEmpty(Window(home).Property(MainMenuReset))">Skin.Reset(emby2.icon)</onload>
	<onload condition="!String.IsEmpty(Window(home).Property(MainMenuReset))">Skin.Reset(emby3.icon)</onload>
	<onload condition="!String.IsEmpty(Window(home).Property(MainMenuReset))">Skin.Reset(emby4.icon)</onload>
	<onload condition="!String.IsEmpty(Window(home).Property(MainMenuReset))">Skin.Reset(emby5.icon)</onload>
	<onload condition="!String.IsEmpty(Window(home).Property(MainMenuReset))">Skin.Reset(emby6.icon)</onload>
	<onload condition="!String.IsEmpty(Window(home).Property(MainMenuReset))">Skin.Reset(emby7.icon)</onload>
	<onload condition="!String.IsEmpty(Window(home).Property(MainMenuReset))">Skin.Reset(emby8.icon)</onload>
	<onload condition="!String.IsEmpty(Window(home).Property(MainMenuReset))">Skin.Reset(emby9.icon)</onload>
	<onload condition="!String.IsEmpty(Window(home).Property(MainMenuReset))">Skin.Reset(embycon0.icon)</onload>
	<onload condition="!String.IsEmpty(Window(home).Property(MainMenuReset))">Skin.Reset(embycon1.icon)</onload>
	<onload condition="!String.IsEmpty(Window(home).Property(MainMenuReset))">Skin.Reset(embycon2.icon)</onload>
	<onload condition="!String.IsEmpty(Window(home).Property(MainMenuReset))">Skin.Reset(embycon3.icon)</onload>
	<onload condition="!String.IsEmpty(Window(home).Property(MainMenuReset))">Skin.Reset(embycon4.icon)</onload>
	<onload condition="!String.IsEmpty(Window(home).Property(MainMenuReset))">Skin.Reset(embycon5.icon)</onload>
	<onload condition="!String.IsEmpty(Window(home).Property(MainMenuReset))">Skin.Reset(embycon6.icon)</onload>
	<onload condition="!String.IsEmpty(Window(home).Property(MainMenuReset))">Skin.Reset(embycon7.icon)</onload>
	<onload condition="!String.IsEmpty(Window(home).Property(MainMenuReset))">Skin.Reset(embycon8.icon)</onload>
	<onload condition="!String.IsEmpty(Window(home).Property(MainMenuReset))">Skin.Reset(embycon9.icon)</onload>

	<onload condition="[!$EXP[SkinSetup] + $EXP[MenuCheck]] | !String.IsEmpty(Window(home).Property(MainMenuReset))">Notification(Embuary,$LOCALIZE[31207])</onload>

	<!-- home widget reset -->
	<onload condition="$EXP[SkinSetup] | !String.IsEmpty(Window(home).Property(HomeWidgetReset))">Skin.SetString(home_widget_pos_1,W_InProgressMedia)</onload>
	<onload condition="$EXP[SkinSetup] | !String.IsEmpty(Window(home).Property(HomeWidgetReset))">Skin.SetString(home_widget_pos_2,W_EmbyCon_InProgressMedia)</onload>
	<onload condition="$EXP[SkinSetup] | !String.IsEmpty(Window(home).Property(HomeWidgetReset))">Skin.SetString(home_widget_pos_3,W_PVR)</onload>
	<onload condition="$EXP[SkinSetup] | !String.IsEmpty(Window(home).Property(HomeWidgetReset))">Skin.SetString(home_widget_pos_4,W_NextUp)</onload>
	<onload condition="$EXP[SkinSetup] | !String.IsEmpty(Window(home).Property(HomeWidgetReset))">Skin.SetString(home_widget_pos_5,W_EmbyCon_NextUp)</onload>
	<onload condition="$EXP[SkinSetup] | !String.IsEmpty(Window(home).Property(HomeWidgetReset))">Skin.SetString(home_widget_pos_6,W_NewMovies)</onload>
	<onload condition="$EXP[SkinSetup] | !String.IsEmpty(Window(home).Property(HomeWidgetReset))">Skin.SetString(home_widget_pos_7,W_EmbyCon_NewMovies)</onload>
	<onload condition="$EXP[SkinSetup] | !String.IsEmpty(Window(home).Property(HomeWidgetReset))">Skin.SetString(home_widget_pos_8,W_NewEpisodes)</onload>
	<onload condition="$EXP[SkinSetup] | !String.IsEmpty(Window(home).Property(HomeWidgetReset))">Skin.SetString(home_widget_pos_9,W_EmbyCon_NewEpisodes)</onload>
	<onload condition="$EXP[SkinSetup] | !String.IsEmpty(Window(home).Property(HomeWidgetReset))">Skin.SetString(home_widget_pos_10,W_NewAlbums)</onload>
	<onload condition="$EXP[SkinSetup] | !String.IsEmpty(Window(home).Property(HomeWidgetReset))">Skin.SetString(home_widget_pos_11,W_EmbyCon_NewAlbums)</onload>
	<onload condition="$EXP[SkinSetup] | !String.IsEmpty(Window(home).Property(HomeWidgetReset))">Skin.SetString(home_widget_pos_12,W_HomeCustom1)</onload>
	<onload condition="$EXP[SkinSetup] | !String.IsEmpty(Window(home).Property(HomeWidgetReset))">Skin.SetString(home_widget_pos_13,W_HomeCustom2)</onload>
	<onload condition="$EXP[SkinSetup] | !String.IsEmpty(Window(home).Property(HomeWidgetReset))">Skin.SetString(home_widget_pos_14,W_HomeCustom3)</onload>
	<onload condition="$EXP[SkinSetup] | !String.IsEmpty(Window(home).Property(HomeWidgetReset))">Skin.SetString(home_widget_pos_15,W_HomeCustom4)</onload>
	<onload condition="$EXP[SkinSetup] | !String.IsEmpty(Window(home).Property(HomeWidgetReset))">Skin.SetString(home_widget_pos_16,W_HomeCustom5)</onload>
	<onload condition="$EXP[SkinSetup] | !String.IsEmpty(Window(home).Property(HomeWidgetReset))">Skin.SetString(home_widget_pos_17,W_HomeCustom6)</onload>
	<onload condition="$EXP[SkinSetup] | !String.IsEmpty(Window(home).Property(HomeWidgetReset))">Skin.SetString(home_widget_pos_1.label,$LOCALIZE[31080])</onload>
	<onload condition="$EXP[SkinSetup] | !String.IsEmpty(Window(home).Property(HomeWidgetReset))">Skin.SetString(home_widget_pos_2.label,$LOCALIZE[31080]   [COLOR lightgrey]($LOCALIZE[31208])[/COLOR])</onload>
	<onload condition="$EXP[SkinSetup] | !String.IsEmpty(Window(home).Property(HomeWidgetReset))">Skin.SetString(home_widget_pos_3.label,$LOCALIZE[19023])</onload>
	<onload condition="$EXP[SkinSetup] | !String.IsEmpty(Window(home).Property(HomeWidgetReset))">Skin.SetString(home_widget_pos_4.label,$LOCALIZE[31012])</onload>
	<onload condition="$EXP[SkinSetup] | !String.IsEmpty(Window(home).Property(HomeWidgetReset))">Skin.SetString(home_widget_pos_5.label,$LOCALIZE[31012]   [COLOR lightgrey]($LOCALIZE[31208])[/COLOR])</onload>
	<onload condition="$EXP[SkinSetup] | !String.IsEmpty(Window(home).Property(HomeWidgetReset))">Skin.SetString(home_widget_pos_6.label,$LOCALIZE[20386])</onload>
	<onload condition="$EXP[SkinSetup] | !String.IsEmpty(Window(home).Property(HomeWidgetReset))">Skin.SetString(home_widget_pos_7.label,$LOCALIZE[20386]   [COLOR lightgrey]($LOCALIZE[31208])[/COLOR])</onload>
	<onload condition="$EXP[SkinSetup] | !String.IsEmpty(Window(home).Property(HomeWidgetReset))">Skin.SetString(home_widget_pos_8.label,$LOCALIZE[31081])</onload>
	<onload condition="$EXP[SkinSetup] | !String.IsEmpty(Window(home).Property(HomeWidgetReset))">Skin.SetString(home_widget_pos_9.label,$LOCALIZE[31081]   [COLOR lightgrey]($LOCALIZE[31208])[/COLOR])</onload>
	<onload condition="$EXP[SkinSetup] | !String.IsEmpty(Window(home).Property(HomeWidgetReset))">Skin.SetString(home_widget_pos_10.label,$LOCALIZE[359])</onload>
	<onload condition="$EXP[SkinSetup] | !String.IsEmpty(Window(home).Property(HomeWidgetReset))">Skin.SetString(home_widget_pos_11.label,$LOCALIZE[359]   [COLOR lightgrey]($LOCALIZE[31208])[/COLOR])</onload>
	<onload condition="$EXP[SkinSetup] | !String.IsEmpty(Window(home).Property(HomeWidgetReset))">Skin.SetString(home_widget_pos_12.label,$LOCALIZE[31125] #1)</onload>
	<onload condition="$EXP[SkinSetup] | !String.IsEmpty(Window(home).Property(HomeWidgetReset))">Skin.SetString(home_widget_pos_13.label,$LOCALIZE[31125] #2)</onload>
	<onload condition="$EXP[SkinSetup] | !String.IsEmpty(Window(home).Property(HomeWidgetReset))">Skin.SetString(home_widget_pos_14.label,$LOCALIZE[31125] #3)</onload>
	<onload condition="$EXP[SkinSetup] | !String.IsEmpty(Window(home).Property(HomeWidgetReset))">Skin.SetString(home_widget_pos_15.label,$LOCALIZE[31125] #4)</onload>
	<onload condition="$EXP[SkinSetup] | !String.IsEmpty(Window(home).Property(HomeWidgetReset))">Skin.SetString(home_widget_pos_16.label,$LOCALIZE[31125] #5)</onload>
	<onload condition="$EXP[SkinSetup] | !String.IsEmpty(Window(home).Property(HomeWidgetReset))">Skin.SetString(home_widget_pos_17.label,$LOCALIZE[31125] #6)</onload>

	<onload condition="!String.IsEmpty(Window(home).Property(HomeWidgetReset))">Notification(Embuary,$LOCALIZE[31127])</onload>

	<!-- movie widget reset -->
	<onload condition="$EXP[SkinSetup] | !String.IsEmpty(Window(home).Property(MovieHubWidgetReset))">Skin.SetString(moviehub_widget_pos_1,W_InProgressMovies)</onload>
	<onload condition="$EXP[SkinSetup] | !String.IsEmpty(Window(home).Property(MovieHubWidgetReset))">Skin.SetString(moviehub_widget_pos_2,W_EmbyCon_InProgressMovies)</onload>
	<onload condition="$EXP[SkinSetup] | !String.IsEmpty(Window(home).Property(MovieHubWidgetReset))">Skin.SetString(moviehub_widget_pos_3,W_NewMovies)</onload>
	<onload condition="$EXP[SkinSetup] | !String.IsEmpty(Window(home).Property(MovieHubWidgetReset))">Skin.SetString(moviehub_widget_pos_4,W_EmbyCon_NewMovies)</onload>
	<onload condition="$EXP[SkinSetup] | !String.IsEmpty(Window(home).Property(MovieHubWidgetReset))">Skin.SetString(moviehub_widget_pos_5,W_MovieGenres)</onload>
	<onload condition="$EXP[SkinSetup] | !String.IsEmpty(Window(home).Property(MovieHubWidgetReset))">Skin.SetString(moviehub_widget_pos_6,W_EmbyCon_MovieGenres)</onload>
	<onload condition="$EXP[SkinSetup] | !String.IsEmpty(Window(home).Property(MovieHubWidgetReset))">Skin.SetString(moviehub_widget_pos_7,W_RecommendedMovies)</onload>
	<onload condition="$EXP[SkinSetup] | !String.IsEmpty(Window(home).Property(MovieHubWidgetReset))">Skin.SetString(moviehub_widget_pos_8,W_EmbyCon_RecommendedMovies)</onload>
	<onload condition="$EXP[SkinSetup] | !String.IsEmpty(Window(home).Property(MovieHubWidgetReset))">Skin.SetString(moviehub_widget_pos_9,W_SimilarMovies)</onload>
	<onload condition="$EXP[SkinSetup] | !String.IsEmpty(Window(home).Property(MovieHubWidgetReset))">Skin.SetString(moviehub_widget_pos_10,W_EmbyCon_SimilarMovies)</onload>
	<onload condition="$EXP[SkinSetup] | !String.IsEmpty(Window(home).Property(MovieHubWidgetReset))">Skin.SetString(moviehub_widget_pos_11,W_Top250Movies)</onload>
	<onload condition="$EXP[SkinSetup] | !String.IsEmpty(Window(home).Property(MovieHubWidgetReset))">Skin.SetString(moviehub_widget_pos_12,W_FavMovies)</onload>
	<onload condition="$EXP[SkinSetup] | !String.IsEmpty(Window(home).Property(MovieHubWidgetReset))">Skin.SetString(moviehub_widget_pos_13,W_EmbyCon_FavMovies)</onload>
	<onload condition="$EXP[SkinSetup] | !String.IsEmpty(Window(home).Property(MovieHubWidgetReset))">Skin.SetString(moviehub_widget_pos_14,W_MovieHubCustom1)</onload>
	<onload condition="$EXP[SkinSetup] | !String.IsEmpty(Window(home).Property(MovieHubWidgetReset))">Skin.SetString(moviehub_widget_pos_15,W_MovieHubCustom2)</onload>
	<onload condition="$EXP[SkinSetup] | !String.IsEmpty(Window(home).Property(MovieHubWidgetReset))">Skin.SetString(moviehub_widget_pos_16,W_MovieHubCustom3)</onload>
	<onload condition="$EXP[SkinSetup] | !String.IsEmpty(Window(home).Property(MovieHubWidgetReset))">Skin.SetString(moviehub_widget_pos_17,W_MovieHubCustom4)</onload>
	<onload condition="$EXP[SkinSetup] | !String.IsEmpty(Window(home).Property(MovieHubWidgetReset))">Skin.SetString(moviehub_widget_pos_18,W_MovieHubCustom5)</onload>
	<onload condition="$EXP[SkinSetup] | !String.IsEmpty(Window(home).Property(MovieHubWidgetReset))">Skin.SetString(moviehub_widget_pos_19,W_MovieHubCustom6)</onload>
	<onload condition="$EXP[SkinSetup] | !String.IsEmpty(Window(home).Property(MovieHubWidgetReset))">Skin.SetString(moviehub_widget_pos_1.label,$LOCALIZE[31080])</onload>
	<onload condition="$EXP[SkinSetup] | !String.IsEmpty(Window(home).Property(MovieHubWidgetReset))">Skin.SetString(moviehub_widget_pos_2.label,$LOCALIZE[31080]   [COLOR lightgrey]($LOCALIZE[31208])[/COLOR])</onload>
	<onload condition="$EXP[SkinSetup] | !String.IsEmpty(Window(home).Property(MovieHubWidgetReset))">Skin.SetString(moviehub_widget_pos_3.label,$LOCALIZE[20386])</onload>
	<onload condition="$EXP[SkinSetup] | !String.IsEmpty(Window(home).Property(MovieHubWidgetReset))">Skin.SetString(moviehub_widget_pos_4.label,$LOCALIZE[20386]   [COLOR lightgrey]($LOCALIZE[31208])[/COLOR])</onload>
	<onload condition="$EXP[SkinSetup] | !String.IsEmpty(Window(home).Property(MovieHubWidgetReset))">Skin.SetString(moviehub_widget_pos_5.label,$LOCALIZE[135])</onload>
	<onload condition="$EXP[SkinSetup] | !String.IsEmpty(Window(home).Property(MovieHubWidgetReset))">Skin.SetString(moviehub_widget_pos_6.label,$LOCALIZE[135]   [COLOR lightgrey]($LOCALIZE[31208])[/COLOR])</onload>
	<onload condition="$EXP[SkinSetup] | !String.IsEmpty(Window(home).Property(MovieHubWidgetReset))">Skin.SetString(moviehub_widget_pos_7.label,$LOCALIZE[31017])</onload>
	<onload condition="$EXP[SkinSetup] | !String.IsEmpty(Window(home).Property(MovieHubWidgetReset))">Skin.SetString(moviehub_widget_pos_8.label,$LOCALIZE[31017]   [COLOR lightgrey]($LOCALIZE[31208])[/COLOR])</onload>
	<onload condition="$EXP[SkinSetup] | !String.IsEmpty(Window(home).Property(MovieHubWidgetReset))">Skin.SetString(moviehub_widget_pos_9.label,$LOCALIZE[31018])</onload>
	<onload condition="$EXP[SkinSetup] | !String.IsEmpty(Window(home).Property(MovieHubWidgetReset))">Skin.SetString(moviehub_widget_pos_10.label,$LOCALIZE[31018]   [COLOR lightgrey]($LOCALIZE[31208])[/COLOR])</onload>
	<onload condition="$EXP[SkinSetup] | !String.IsEmpty(Window(home).Property(MovieHubWidgetReset))">Skin.SetString(moviehub_widget_pos_11.label,$LOCALIZE[31097])</onload>
	<onload condition="$EXP[SkinSetup] | !String.IsEmpty(Window(home).Property(MovieHubWidgetReset))">Skin.SetString(moviehub_widget_pos_12.label,$LOCALIZE[31062]   [COLOR lightgrey]($LOCALIZE[31181])[/COLOR])</onload>
	<onload condition="$EXP[SkinSetup] | !String.IsEmpty(Window(home).Property(MovieHubWidgetReset))">Skin.SetString(moviehub_widget_pos_13.label,$LOCALIZE[31062]   [COLOR lightgrey]($LOCALIZE[31208])[/COLOR])</onload>
	<onload condition="$EXP[SkinSetup] | !String.IsEmpty(Window(home).Property(MovieHubWidgetReset))">Skin.SetString(moviehub_widget_pos_14.label,$LOCALIZE[31125] #1)</onload>
	<onload condition="$EXP[SkinSetup] | !String.IsEmpty(Window(home).Property(MovieHubWidgetReset))">Skin.SetString(moviehub_widget_pos_15.label,$LOCALIZE[31125] #2)</onload>
	<onload condition="$EXP[SkinSetup] | !String.IsEmpty(Window(home).Property(MovieHubWidgetReset))">Skin.SetString(moviehub_widget_pos_16.label,$LOCALIZE[31125] #3)</onload>
	<onload condition="$EXP[SkinSetup] | !String.IsEmpty(Window(home).Property(MovieHubWidgetReset))">Skin.SetString(moviehub_widget_pos_17.label,$LOCALIZE[31125] #4)</onload>
	<onload condition="$EXP[SkinSetup] | !String.IsEmpty(Window(home).Property(MovieHubWidgetReset))">Skin.SetString(moviehub_widget_pos_18.label,$LOCALIZE[31125] #5)</onload>
	<onload condition="$EXP[SkinSetup] | !String.IsEmpty(Window(home).Property(MovieHubWidgetReset))">Skin.SetString(moviehub_widget_pos_19.label,$LOCALIZE[31125] #6)</onload>

	<onload condition="!String.IsEmpty(Window(home).Property(MovieHubWidgetReset))">Notification(Embuary,$LOCALIZE[31127])</onload>

	<!-- tvshow widget reset -->
	<onload condition="$EXP[SkinSetup] | !String.IsEmpty(Window(home).Property(TVShowHubWidgetReset))">Skin.SetString(tvshowhub_widget_pos_1,W_InProgressShows)</onload>
	<onload condition="$EXP[SkinSetup] | !String.IsEmpty(Window(home).Property(TVShowHubWidgetReset))">Skin.SetString(tvshowhub_widget_pos_2,W_EmbyCon_InProgressShows)</onload>
	<onload condition="$EXP[SkinSetup] | !String.IsEmpty(Window(home).Property(TVShowHubWidgetReset))">Skin.SetString(tvshowhub_widget_pos_3,W_NextUp)</onload>
	<onload condition="$EXP[SkinSetup] | !String.IsEmpty(Window(home).Property(TVShowHubWidgetReset))">Skin.SetString(tvshowhub_widget_pos_4,W_EmbyCon_NextUp)</onload>
	<onload condition="$EXP[SkinSetup] | !String.IsEmpty(Window(home).Property(TVShowHubWidgetReset))">Skin.SetString(tvshowhub_widget_pos_5,W_NewEpisodes)</onload>
	<onload condition="$EXP[SkinSetup] | !String.IsEmpty(Window(home).Property(TVShowHubWidgetReset))">Skin.SetString(tvshowhub_widget_pos_6,W_EmbyCon_NewEpisodes)</onload>
	<onload condition="$EXP[SkinSetup] | !String.IsEmpty(Window(home).Property(TVShowHubWidgetReset))">Skin.SetString(tvshowhub_widget_pos_7,W_TVShowGenres)</onload>
	<onload condition="$EXP[SkinSetup] | !String.IsEmpty(Window(home).Property(TVShowHubWidgetReset))">Skin.SetString(tvshowhub_widget_pos_8,W_EmbyCon_TVShowGenres)</onload>
	<onload condition="$EXP[SkinSetup] | !String.IsEmpty(Window(home).Property(TVShowHubWidgetReset))">Skin.SetString(tvshowhub_widget_pos_9,W_RecommendedShows)</onload>
	<onload condition="$EXP[SkinSetup] | !String.IsEmpty(Window(home).Property(TVShowHubWidgetReset))">Skin.SetString(tvshowhub_widget_pos_10,W_EmbyCon_RecommendedShows)</onload>
	<onload condition="$EXP[SkinSetup] | !String.IsEmpty(Window(home).Property(TVShowHubWidgetReset))">Skin.SetString(tvshowhub_widget_pos_11,W_Top250Shows)</onload>
	<onload condition="$EXP[SkinSetup] | !String.IsEmpty(Window(home).Property(TVShowHubWidgetReset))">Skin.SetString(tvshowhub_widget_pos_12,W_FavShows)</onload>
	<onload condition="$EXP[SkinSetup] | !String.IsEmpty(Window(home).Property(TVShowHubWidgetReset))">Skin.SetString(tvshowhub_widget_pos_13,W_EmbyCon_FavShows)</onload>
	<onload condition="$EXP[SkinSetup] | !String.IsEmpty(Window(home).Property(TVShowHubWidgetReset))">Skin.SetString(tvshowhub_widget_pos_14,W_TVShowHubCustom1)</onload>
	<onload condition="$EXP[SkinSetup] | !String.IsEmpty(Window(home).Property(TVShowHubWidgetReset))">Skin.SetString(tvshowhub_widget_pos_15,W_TVShowHubCustom2)</onload>
	<onload condition="$EXP[SkinSetup] | !String.IsEmpty(Window(home).Property(TVShowHubWidgetReset))">Skin.SetString(tvshowhub_widget_pos_16,W_TVShowHubCustom3)</onload>
	<onload condition="$EXP[SkinSetup] | !String.IsEmpty(Window(home).Property(TVShowHubWidgetReset))">Skin.SetString(tvshowhub_widget_pos_17,W_TVShowHubCustom4)</onload>
	<onload condition="$EXP[SkinSetup] | !String.IsEmpty(Window(home).Property(TVShowHubWidgetReset))">Skin.SetString(tvshowhub_widget_pos_18,W_TVShowHubCustom5)</onload>
	<onload condition="$EXP[SkinSetup] | !String.IsEmpty(Window(home).Property(TVShowHubWidgetReset))">Skin.SetString(tvshowhub_widget_pos_19,W_TVShowHubCustom6)</onload>
	<onload condition="$EXP[SkinSetup] | !String.IsEmpty(Window(home).Property(TVShowHubWidgetReset))">Skin.SetString(tvshowhub_widget_pos_1.label,$LOCALIZE[31080])</onload>
	<onload condition="$EXP[SkinSetup] | !String.IsEmpty(Window(home).Property(TVShowHubWidgetReset))">Skin.SetString(tvshowhub_widget_pos_2.label,$LOCALIZE[31080]   [COLOR lightgrey]($LOCALIZE[31208])[/COLOR])</onload>
	<onload condition="$EXP[SkinSetup] | !String.IsEmpty(Window(home).Property(TVShowHubWidgetReset))">Skin.SetString(tvshowhub_widget_pos_3.label,$LOCALIZE[31012])</onload>
	<onload condition="$EXP[SkinSetup] | !String.IsEmpty(Window(home).Property(TVShowHubWidgetReset))">Skin.SetString(tvshowhub_widget_pos_4.label,$LOCALIZE[31012]   [COLOR lightgrey]($LOCALIZE[31208])[/COLOR])</onload>
	<onload condition="$EXP[SkinSetup] | !String.IsEmpty(Window(home).Property(TVShowHubWidgetReset))">Skin.SetString(tvshowhub_widget_pos_5.label,$LOCALIZE[31081])</onload>
	<onload condition="$EXP[SkinSetup] | !String.IsEmpty(Window(home).Property(TVShowHubWidgetReset))">Skin.SetString(tvshowhub_widget_pos_6.label,$LOCALIZE[31081]   [COLOR lightgrey]($LOCALIZE[31208])[/COLOR])</onload>
	<onload condition="$EXP[SkinSetup] | !String.IsEmpty(Window(home).Property(TVShowHubWidgetReset))">Skin.SetString(tvshowhub_widget_pos_7.label,$LOCALIZE[135])</onload>
	<onload condition="$EXP[SkinSetup] | !String.IsEmpty(Window(home).Property(TVShowHubWidgetReset))">Skin.SetString(tvshowhub_widget_pos_8.label,$LOCALIZE[135]   [COLOR lightgrey]($LOCALIZE[31208])[/COLOR])</onload>
	<onload condition="$EXP[SkinSetup] | !String.IsEmpty(Window(home).Property(TVShowHubWidgetReset))">Skin.SetString(tvshowhub_widget_pos_9.label,$LOCALIZE[31017])</onload>
	<onload condition="$EXP[SkinSetup] | !String.IsEmpty(Window(home).Property(TVShowHubWidgetReset))">Skin.SetString(tvshowhub_widget_pos_10.label,$LOCALIZE[31017]   [COLOR lightgrey]($LOCALIZE[31208])[/COLOR])</onload>
	<onload condition="$EXP[SkinSetup] | !String.IsEmpty(Window(home).Property(TVShowHubWidgetReset))">Skin.SetString(tvshowhub_widget_pos_11.label,$LOCALIZE[31098])</onload>
	<onload condition="$EXP[SkinSetup] | !String.IsEmpty(Window(home).Property(TVShowHubWidgetReset))">Skin.SetString(tvshowhub_widget_pos_12.label,$LOCALIZE[31064]   [COLOR lightgrey]($LOCALIZE[31181])[/COLOR])</onload>
	<onload condition="$EXP[SkinSetup] | !String.IsEmpty(Window(home).Property(TVShowHubWidgetReset))">Skin.SetString(tvshowhub_widget_pos_13.label,$LOCALIZE[31064]   [COLOR lightgrey]($LOCALIZE[31208])[/COLOR])</onload>
	<onload condition="$EXP[SkinSetup] | !String.IsEmpty(Window(home).Property(TVShowHubWidgetReset))">Skin.SetString(tvshowhub_widget_pos_14.label,$LOCALIZE[31125] #1)</onload>
	<onload condition="$EXP[SkinSetup] | !String.IsEmpty(Window(home).Property(TVShowHubWidgetReset))">Skin.SetString(tvshowhub_widget_pos_15.label,$LOCALIZE[31125] #2)</onload>
	<onload condition="$EXP[SkinSetup] | !String.IsEmpty(Window(home).Property(TVShowHubWidgetReset))">Skin.SetString(tvshowhub_widget_pos_16.label,$LOCALIZE[31125] #3)</onload>
	<onload condition="$EXP[SkinSetup] | !String.IsEmpty(Window(home).Property(TVShowHubWidgetReset))">Skin.SetString(tvshowhub_widget_pos_17.label,$LOCALIZE[31125] #4)</onload>
	<onload condition="$EXP[SkinSetup] | !String.IsEmpty(Window(home).Property(TVShowHubWidgetReset))">Skin.SetString(tvshowhub_widget_pos_18.label,$LOCALIZE[31125] #5)</onload>
	<onload condition="$EXP[SkinSetup] | !String.IsEmpty(Window(home).Property(TVShowHubWidgetReset))">Skin.SetString(tvshowhub_widget_pos_19.label,$LOCALIZE[31125] #6)</onload>

	<onload condition="!String.IsEmpty(Window(home).Property(TVShowHubWidgetReset))">Notification(Embuary,$LOCALIZE[31127])</onload>

	<!-- music widget reset -->
	<onload condition="$EXP[SkinSetup] | !String.IsEmpty(Window(home).Property(MusicHubWidgetReset))">Skin.SetString(musichub_widget_pos_1,W_NewAlbums)</onload>
	<onload condition="$EXP[SkinSetup] | !String.IsEmpty(Window(home).Property(MusicHubWidgetReset))">Skin.SetString(musichub_widget_pos_2,W_EmbyCon_NewAlbums)</onload>
	<onload condition="$EXP[SkinSetup] | !String.IsEmpty(Window(home).Property(MusicHubWidgetReset))">Skin.SetString(musichub_widget_pos_3,W_PlayedAlbums)</onload>
	<onload condition="$EXP[SkinSetup] | !String.IsEmpty(Window(home).Property(MusicHubWidgetReset))">Skin.SetString(musichub_widget_pos_4,W_OftenPlayedSongs)</onload>
	<onload condition="$EXP[SkinSetup] | !String.IsEmpty(Window(home).Property(MusicHubWidgetReset))">Skin.SetString(musichub_widget_pos_5,W_EmbyCon_OftenPlayedSongs)</onload>
	<onload condition="$EXP[SkinSetup] | !String.IsEmpty(Window(home).Property(MusicHubWidgetReset))">Skin.SetString(musichub_widget_pos_6,W_EmbyCon_FavArtists)</onload>
	<onload condition="$EXP[SkinSetup] | !String.IsEmpty(Window(home).Property(MusicHubWidgetReset))">Skin.SetString(musichub_widget_pos_7,W_EmbyCon_FavAlbums)</onload>
	<onload condition="$EXP[SkinSetup] | !String.IsEmpty(Window(home).Property(MusicHubWidgetReset))">Skin.SetString(musichub_widget_pos_8,W_EmbyCon_FavSongs)</onload>
	<onload condition="$EXP[SkinSetup] | !String.IsEmpty(Window(home).Property(MusicHubWidgetReset))">Skin.SetString(musichub_widget_pos_9,W_MusicHubCustom1)</onload>
	<onload condition="$EXP[SkinSetup] | !String.IsEmpty(Window(home).Property(MusicHubWidgetReset))">Skin.SetString(musichub_widget_pos_10,W_MusicHubCustom2)</onload>
	<onload condition="$EXP[SkinSetup] | !String.IsEmpty(Window(home).Property(MusicHubWidgetReset))">Skin.SetString(musichub_widget_pos_11,W_MusicHubCustom3)</onload>
	<onload condition="$EXP[SkinSetup] | !String.IsEmpty(Window(home).Property(MusicHubWidgetReset))">Skin.SetString(musichub_widget_pos_12,W_MusicHubCustom4)</onload>
	<onload condition="$EXP[SkinSetup] | !String.IsEmpty(Window(home).Property(MusicHubWidgetReset))">Skin.SetString(musichub_widget_pos_13,W_MusicHubCustom5)</onload>
	<onload condition="$EXP[SkinSetup] | !String.IsEmpty(Window(home).Property(MusicHubWidgetReset))">Skin.SetString(musichub_widget_pos_14,W_MusicHubCustom6)</onload>
	<onload condition="$EXP[SkinSetup] | !String.IsEmpty(Window(home).Property(MusicHubWidgetReset))">Skin.SetString(musichub_widget_pos_1.label,$LOCALIZE[359])</onload>
	<onload condition="$EXP[SkinSetup] | !String.IsEmpty(Window(home).Property(MusicHubWidgetReset))">Skin.SetString(musichub_widget_pos_2.label,$LOCALIZE[359]   [COLOR lightgrey]($LOCALIZE[31208])[/COLOR])</onload>
	<onload condition="$EXP[SkinSetup] | !String.IsEmpty(Window(home).Property(MusicHubWidgetReset))">Skin.SetString(musichub_widget_pos_3.label,$LOCALIZE[517])</onload>
	<onload condition="$EXP[SkinSetup] | !String.IsEmpty(Window(home).Property(MusicHubWidgetReset))">Skin.SetString(musichub_widget_pos_4.label,$LOCALIZE[31215])</onload>
	<onload condition="$EXP[SkinSetup] | !String.IsEmpty(Window(home).Property(MusicHubWidgetReset))">Skin.SetString(musichub_widget_pos_5.label,$LOCALIZE[31215]   [COLOR lightgrey]($LOCALIZE[31208])[/COLOR])</onload>
	<onload condition="$EXP[SkinSetup] | !String.IsEmpty(Window(home).Property(MusicHubWidgetReset))">Skin.SetString(musichub_widget_pos_6.label,$LOCALIZE[31212]   [COLOR lightgrey]($LOCALIZE[31208])[/COLOR])</onload>
	<onload condition="$EXP[SkinSetup] | !String.IsEmpty(Window(home).Property(MusicHubWidgetReset))">Skin.SetString(musichub_widget_pos_7.label,$LOCALIZE[31213]   [COLOR lightgrey]($LOCALIZE[31208])[/COLOR])</onload>
	<onload condition="$EXP[SkinSetup] | !String.IsEmpty(Window(home).Property(MusicHubWidgetReset))">Skin.SetString(musichub_widget_pos_8.label,$LOCALIZE[31214]   [COLOR lightgrey]($LOCALIZE[31208])[/COLOR])</onload>
	<onload condition="$EXP[SkinSetup] | !String.IsEmpty(Window(home).Property(MusicHubWidgetReset))">Skin.SetString(musichub_widget_pos_9.label,$LOCALIZE[31125] #1)</onload>
	<onload condition="$EXP[SkinSetup] | !String.IsEmpty(Window(home).Property(MusicHubWidgetReset))">Skin.SetString(musichub_widget_pos_10.label,$LOCALIZE[31125] #2)</onload>
	<onload condition="$EXP[SkinSetup] | !String.IsEmpty(Window(home).Property(MusicHubWidgetReset))">Skin.SetString(musichub_widget_pos_11.label,$LOCALIZE[31125] #3)</onload>
	<onload condition="$EXP[SkinSetup] | !String.IsEmpty(Window(home).Property(MusicHubWidgetReset))">Skin.SetString(musichub_widget_pos_12.label,$LOCALIZE[31125] #4)</onload>
	<onload condition="$EXP[SkinSetup] | !String.IsEmpty(Window(home).Property(MusicHubWidgetReset))">Skin.SetString(musichub_widget_pos_13.label,$LOCALIZE[31125] #5)</onload>
	<onload condition="$EXP[SkinSetup] | !String.IsEmpty(Window(home).Property(MusicHubWidgetReset))">Skin.SetString(musichub_widget_pos_14.label,$LOCALIZE[31125] #6)</onload>

	<onload condition="!String.IsEmpty(Window(home).Property(MusicHubWidgetReset))">Notification(Embuary,$LOCALIZE[31127])</onload>

	<!-- unload -->
	<onload>ClearProperty(MainMenuReset,home)</onload>
	<onload>ClearProperty(HomeWidgetReset,home)</onload>
	<onload>ClearProperty(MovieHubWidgetReset,home)</onload>
	<onload>ClearProperty(TVShowHubWidgetReset,home)</onload>
	<onload>ClearProperty(MusicHubWidgetReset,home)</onload>
	<onload>ClearProperty(MusicHubWidgetReset,home)</onload>
	<onload>Skin.SetBool(SkinSetup)</onload>
	<onunload condition="Window.IsVisible(home)">AlarmClock(ReloadSkin,ReloadSkin(),00:02,silent)</onunload>

	<controls/>
</window>