<?xml version="1.0" encoding="UTF-8"?>
<window id="1111" type="dialog">
	<defaultcontrol always="true">100</defaultcontrol>
	<onunload>ClearProperty(menu_position,home)</onunload>
	<onunload>ClearProperty(home_widget_position,home)</onunload>
	<onunload>ClearProperty(moviehub_widget_position,home)</onunload>
	<onunload>ClearProperty(tvshowhub_widget_position,home)</onunload>
	<onunload>ClearProperty(musichub_widget_position,home)</onunload>
	<include>PropertyIncludes</include>
	<controls>
		<control type="group">
			<include>FullscreenDimensions</include>
			<control type="image">
				<include>Visible_Fade</include>
				<include>FullscreenDimensions</include>
				<texture colordiffuse="background">common/white.jpg</texture>
			</control>
			<control type="grouplist">
				<include>Dialog_PopupOpenClose</include>
				<include>Visible_PopupOpenClose</include>
				<centerleft>50%</centerleft>
				<centertop>50%</centertop>
				<width>800</width>
				<height max="940">auto</height>
				<orientation>vertical</orientation>
				<itemgap>20</itemgap>
				<align>center</align>
				<!-- edit -->
				<control type="group">
					<height>50</height>
					<control type="label">
						<width>100%</width>
						<height>48</height>
						<font>Reg24</font>
						<aligny>center</aligny>
						<textoffsetx>5</textoffsetx>
						<textcolor>text_white</textcolor>
						<label>$LOCALIZE[31107]</label>
					</control>
					<control type="image">
						<width>100%</width>
						<top>45</top>
						<height>2</height>
						<texture colordiffuse="lightgrey">common/white.jpg</texture>
						<aspectratio>stretch</aspectratio>
					</control>
					<control type="image">
						<width>100%</width>
						<top>45</top>
						<height>2</height>
						<texture colordiffuse="emby">common/white.jpg</texture>
						<aspectratio>stretch</aspectratio>
						<include>WindowOpen_GreenBar</include>
					</control>
				</control>
				<!-- list -->
				<control type="group">
					<height>470</height>
					<control type="image">
						<height>470</height>
						<texture colordiffuse="thumb_background">common/white.jpg</texture>
						<aspectratio>stretch</aspectratio>
					</control>
					<control type="list" id="100">
						<centerleft>50%</centerleft>
						<top>10</top>
						<height>450</height>
						<onup>noop</onup>
						<onleft>101</onleft>
						<onright>101</onright>
						<ondown>101</ondown>
						<pagecontrol>60</pagecontrol>
						<scrolltime>200</scrolltime>
						<itemlayout height="75" width="800">
							<control type="image">
								<height>75</height>
								<width>75</width>
								<left>10</left>
								<bordersize>5</bordersize>
								<texture background="true">$INFO[ListItem.Icon]</texture>
								<aspectratio>keep</aspectratio>
							</control>
							<control type="label">
								<right>20</right>
								<left>100</left>
								<height>75</height>
								<aligny>center</aligny>
								<font>Reg24</font>
								<label>$INFO[ListItem.Label]$INFO[ListItem.Label2, [,]]</label>
							</control>
						</itemlayout>
						<focusedlayout height="75" width="800">
							<control type="image">
								<width>100%</width>
								<height>75</height>
								<texture colordiffuse="list_hover">common/white.jpg</texture>
								<visible>Control.HasFocus(100)</visible>
							</control>
							<control type="image">
								<height>75</height>
								<width>75</width>
								<left>10</left>
								<bordersize>5</bordersize>
								<texture background="true">$INFO[ListItem.Icon]</texture>
								<aspectratio>keep</aspectratio>
							</control>
							<control type="label">
								<right>20</right>
								<left>100</left>
								<height>75</height>
								<aligny>center</aligny>
								<font>Reg24</font>
								<label>$INFO[ListItem.Label]$INFO[ListItem.Label2, [,]]</label>
							</control>
						</focusedlayout>
						<content>
							<include condition="!String.IsEmpty(Window(home).Property(menu_position))">MainMenuAvailableItems</include>
							<include condition="!String.IsEmpty(Window(home).Property(home_widget_position))">HomeAvailableWidgets</include>
							<include condition="!String.IsEmpty(Window(home).Property(moviehub_widget_position))">MovieHubAvailableWidgets</include>
							<include condition="!String.IsEmpty(Window(home).Property(tvshowhub_widget_position))">TVShowHubAvailableWidgets</include>
							<include condition="!String.IsEmpty(Window(home).Property(musichub_widget_position))">MusicHubAvailableWidgets</include>
						</content>
					</control>
					<control type="scrollbar" id="60">
						<right>0</right>
						<top>0</top>
						<bottom>0</bottom>
						<width>4</width>
						<orientation>vertical</orientation>
						<showonepage>false</showonepage>
						<texturesliderbackground colordiffuse="00ffffff">common/white.jpg</texturesliderbackground>
						<texturesliderbar colordiffuse="softgrey">common/white.jpg</texturesliderbar>
					</control>
				</control>
				<!-- Button -->
				<control type="grouplist">
					<height>50</height>
					<width>100%</width>
					<orientation>horizontal</orientation>
					<itemgap>5</itemgap>
					<align>center</align>
					<onright>noop</onright>
					<onleft>noop</onleft>
					<control type="button" id="101">
						<include>DarkGreyButton</include>
						<label>$LOCALIZE[15067]</label>
						<onclick>close</onclick>
						<onup>SetFocus(100)</onup>
					</control>
				</control>
			</control>
		</control>
	</controls>
</window>