<?xml version="1.0" encoding="UTF-8"?>
<window id="1123">
	<defaultcontrol always="true">101</defaultcontrol>
	<menucontrol>6666</menucontrol>
	<backgroundcolor>background</backgroundcolor>
	<include>PropertyIncludes</include>
	<controls>
		<!-- background -->
		<include>Background</include>
		<!-- hub -->
		<control type="grouplist" id="10">
			<include>Window_OpenClose</include>
			<defaultcontrol>10000</defaultcontrol>
			<width>100%</width>
			<height>100%</height>
			<itemgap>-160</itemgap>
			<orientation>vertical</orientation>
			<usecontrolcoords>true</usecontrolcoords>
			<include>ScrollTime</include>
			<pagecontrol>17</pagecontrol>
			<include content="WidgetSpacer">
				<param name="id" value="101"/>
			</include>
			<control type="group">
				<width>1920</width>
				<height>300</height>
				<control type="group">
					<include content="widget_headline">
						<param name="headline">$LOCALIZE[24001]</param>
						<param name="left">65</param>
					</include>
					<control type="grouplist" id="100">
						<top>90</top>
						<left>70</left>
						<height>50</height>
						<orientation>horizontal</orientation>
						<itemgap>5</itemgap>
						<onright>noop</onright>
						<onleft>900</onleft>
						<onup>6666</onup>
						<ondown>200</ondown>
						<control type="button" id="101">
							<include>DarkGreyButton</include>
							<label>$LOCALIZE[31193]</label>
							<onclick>ActivateWindow(addonbrowser,addons://user/,return)</onclick>
							<onup>6666</onup>
							<ondown>200</ondown>
						</control>
						<control type="button" id="102">
							<include>DarkGreyButton</include>
							<label>$LOCALIZE[24004]</label>
							<onclick>ActivateWindow(addonbrowser,addons://recently_updated/,return)</onclick>
							<onup>6666</onup>
							<ondown>200</ondown>
						</control>
						<control type="button" id="103">
							<include>DarkGreyButton</include>
							<label>$LOCALIZE[24041]</label>
							<onclick>SetProperty(NoJumpToFirstPage,1,home)</onclick>
							<onclick>ActivateWindow(addonbrowser,addons://install/,return)</onclick>
							<onclick>select</onclick>
							<onup>6666</onup>
							<ondown>200</ondown>
							<visible>!Skin.HasSetting(KioskMode)</visible>
						</control>
						<control type="button" id="104">
							<include>DarkGreyButton</include>
							<label>$LOCALIZE[24033]</label>
							<onclick>ActivateWindow(addonbrowser,addons://repos/,return)</onclick>
							<onup>6666</onup>
							<ondown>200</ondown>
							<visible>!Skin.HasSetting(KioskMode)</visible>
						</control>
						<control type="button" id="105">
							<include>DarkGreyButton</include>
							<label>$LOCALIZE[31194]</label>
							<onclick>ActivateWindow(addonbrowser,addons://search/,return)</onclick>
							<onup>6666</onup>
							<ondown>200</ondown>
							<visible>!Skin.HasSetting(KioskMode)</visible>
						</control>
					</control>
				</control>
			</control>
			<include content="HomeSquareWidget">
				<param name="id" value="200"/>
				<param name="onup" value="100"/>
				<param name="ondown" value="201"/>
				<param name="height" value="575"/>
				<param name="headline" value="$LOCALIZE[1037]"/>
				<param name="widget_target" value="videos"/>
				<param name="sortby" value="lastused"/>
				<param name="sortorder" value="descending"/>
				<param name="content" value="addons://sources/video/"/>
			</include>
			<include content="HomeSquareWidget">
				<param name="id" value="201"/>
				<param name="onup" value="200"/>
				<param name="ondown" value="202"/>
				<param name="height" value="575"/>
				<param name="headline" value="$LOCALIZE[1038]"/>
				<param name="widget_target" value="music"/>
				<param name="sortby" value="lastused"/>
				<param name="sortorder" value="descending"/>
				<param name="content" value="addons://sources/audio/"/>
			</include>
			<include content="HomeSquareWidget">
				<param name="id" value="202"/>
				<param name="onup" value="201"/>
				<param name="ondown" value="203"/>
				<param name="height" value="575"/>
				<param name="headline" value="$LOCALIZE[1043]"/>
				<param name="widget_target" value="programs"/>
				<param name="sortby" value="lastused"/>
				<param name="sortorder" value="descending"/>
				<param name="content" value="addons://sources/executable/"/>
			</include>
			<include content="HomeSquareWidget">
				<param name="visible" value="System.Platform.Android"/>
				<param name="id" value="203"/>
				<param name="onup" value="202"/>
				<param name="ondown" value="204"/>
				<param name="height" value="575"/>
				<param name="headline" value="$LOCALIZE[20244]"/>
				<param name="widget_target" value="programs"/>
				<param name="sortby" value="lastused"/>
				<param name="sortorder" value="descending"/>
				<param name="content" value="androidapp://sources/apps/"/>
			</include>
			<include content="HomeSquareWidget">
				<param name="id" value="204"/>
				<param name="onup" value="203"/>
				<param name="height" value="575"/>
				<param name="ondown" value="noop"/>
				<param name="headline" value="$LOCALIZE[1039]"/>
				<param name="widget_target" value="pictures"/>
				<param name="sortby" value="lastused"/>
				<param name="sortorder" value="descending"/>
				<param name="content" value="addons://sources/image/"/>
			</include>
		</control>
		<!-- header bar -->
		<include content="HeaderBar">
			<param name="id">10</param>
		</include>
		<!-- side panel -->
		<include content="SidePanel"/>
	</controls>
</window>
