<?xml version="1.0" encoding="UTF-8"?>
<window id="1122">
	<defaultcontrol always="true">100</defaultcontrol>
	<menucontrol>6666</menucontrol>
	<backgroundcolor>background</backgroundcolor>
	<include>PropertyIncludes</include>
	<controls>
		<!-- background -->
		<include>Background</include>
		<!-- hub -->
		<control type="grouplist" id="10">
			<include>Window_OpenClose</include>
			<defaultcontrol>10000</defaultcontrol>
			<width>100%</width>
			<height>100%</height>
			<itemgap>-160</itemgap>
			<orientation>vertical</orientation>
			<usecontrolcoords>true</usecontrolcoords>
			<include>ScrollTime</include>
			<pagecontrol>17</pagecontrol>
			<ondown>noop</ondown>
			<include content="WidgetSpacer">
				<param name="id" value="11"/>
			</include>
			<control type="group">
				<width>1920</width>
				<height>300</height>
				<control type="group">
					<include content="widget_headline">
						<param name="headline">$LOCALIZE[2]</param>
						<param name="left">65</param>
					</include>
					<control type="grouplist" id="100">
						<top>90</top>
						<left>70</left>
						<height>50</height>
						<orientation>horizontal</orientation>
						<itemgap>5</itemgap>
						<onright>noop</onright>
						<onleft>900</onleft>
						<onup>6666</onup>
						<ondown>200</ondown>
						<control type="button" id="101">
							<visible>Library.HasContent(music) + !Skin.HasSetting(HideMusicHubArtistButton)</visible>
							<include>DarkGreyButton</include>
							<label>$LOCALIZE[133]</label>
							<onclick>ActivateWindow(music,library://music/artists.xml/,return)</onclick>
							<onup>6666</onup>
							<ondown>200</ondown>
						</control>
						<control type="button" id="102">
							<visible>Library.HasContent(music) + !Skin.HasSetting(HideMusicHubAlbumButton)</visible>
							<include>DarkGreyButton</include>
							<label>$LOCALIZE[132]</label>
							<onclick>ActivateWindow(music,library://music/albums.xml/,return)</onclick>
							<onup>6666</onup>
							<ondown>200</ondown>
						</control>
						<control type="button" id="103">
							<visible>Library.HasContent(music) + !Skin.HasSetting(HideMusicHubSongButton)</visible>
							<include>DarkGreyButton</include>
							<label>$LOCALIZE[134]</label>
							<onclick>ActivateWindow(music,library://music/songs.xml/,return)</onclick>
							<onup>6666</onup>
							<ondown>200</ondown>
						</control>
						<control type="button" id="104">
							<visible>Library.HasContent(music) + !Skin.HasSetting(HideMusicHubPlaylistButton)</visible>
							<include>DarkGreyButton</include>
							<label>$LOCALIZE[136]</label>
							<onclick>ActivateWindow(music,special://musicplaylists/,return)</onclick>
							<onup>6666</onup>
							<ondown>200</ondown>
						</control>
						<control type="button" id="105">
							<visible>!Skin.HasSetting(HideMusicHubLibraryButton)</visible>
							<label>$LOCALIZE[14022]</label>
							<onclick>ActivateWindow(music,musicdb://root,return)</onclick>
							<onup>6666</onup>
							<ondown>200</ondown>
						</control>
						<control type="button" id="106">
							<visible>Library.HasContent(MusicVideos) + !Skin.HasSetting(HideMusicHubMusicvideoButton)</visible>
							<include>DarkGreyButton</include>
							<label>$LOCALIZE[20389]</label>
							<onclick>ActivateWindow(videos,library://video/musicvideos/titles.xml/,return)</onclick>
							<onup>6666</onup>
							<ondown>200</ondown>
						</control>
						<control type="button" id="107">
							<visible>Library.HasContent(music) + !Skin.HasSetting(HideMusicHubPartymodeButton)</visible>
							<include>DarkGreyButton</include>
							<label>$VAR[PartyModeButton]</label>
							<onclick condition="MusicPartyMode.Enabled">Playercontrol(stop)</onclick>
							<onclick condition="!MusicPartyMode.Enabled">Playercontrol(partymode(music))</onclick>
							<onup>6666</onup>
							<ondown>200</ondown>
						</control>
						<control type="button" id="108">
							<visible>System.HasAddon(plugin.video.embycon) + !Skin.HasSetting(HideMusicHubEmbyConButton)</visible>
							<include>DarkGreyButton</include>
							<label>$LOCALIZE[133] [COLOR FF505050](EmbyCon)[/COLOR]</label>
							<onclick>ActivateWindow(music,plugin://plugin.video.embycon/?media_type=MusicArtists&amp;mode=GET_CONTENT&amp;url=%7bserver%7d%2femby%2fArtists%2fAlbumArtists%3fRecursive%3dtrue%26ImageTypeLimit%3d1%26EnableImageTypes%3dPrimary%2cBackdrop%2cBanner%2cThumb%26format%3djson,return)</onclick>
							<onup>6666</onup>
							<ondown>200</ondown>
						</control>
						<control type="button" id="109">
							<visible>System.HasAddon(plugin.video.embycon) + !Skin.HasSetting(HideMusicHubEmbyConButton)</visible>
							<include>DarkGreyButton</include>
							<label>$LOCALIZE[132] [COLOR FF505050](EmbyCon)[/COLOR]</label>
							<onclick>ActivateWindow(music,plugin://plugin.video.embycon/?media_type=MusicAlbums&amp;mode=GET_CONTENT&amp;url=%7bserver%7d%2femby%2fUsers%2f%7buserid%7d%2fItems%3fRecursive%3dtrue%26IncludeItemTypes%3dMusicAlbum%26ImageTypeLimit%3d1%26EnableImageTypes%3dPrimary%2cBackdrop%2cBanner%2cThumb%26format%3djson,return)</onclick>
							<onup>6666</onup>
							<ondown>200</ondown>
						</control>
						<include content="CustomHubShortcutTemplate">
							<param name="id" value="110"/>
							<param name="type" value="Music"/>
							<param name="nr" value="1"/>
						</include>
						<include content="CustomHubShortcutTemplate">
							<param name="id" value="111"/>
							<param name="type" value="Music"/>
							<param name="nr" value="2"/>
						</include>
						<include content="CustomHubShortcutTemplate">
							<param name="id" value="112"/>
							<param name="type" value="Music"/>
							<param name="nr" value="3"/>
						</include>
						<include content="CustomHubShortcutTemplate">
							<param name="id" value="113"/>
							<param name="type" value="Music"/>
							<param name="nr" value="4"/>
						</include>
						<include content="CustomHubShortcutTemplate">
							<param name="id" value="114"/>
							<param name="type" value="Music"/>
							<param name="nr" value="5"/>
						</include>
						<include content="CustomHubShortcutTemplate">
							<param name="id" value="115"/>
							<param name="type" value="Music"/>
							<param name="nr" value="6"/>
						</include>
						<control type="button" id="198">
							<visible>Library.HasContent(music) + !Skin.HasSetting(HideMusicHubSearchButton)</visible>
							<include>DarkGreyButton</include>
							<label>$LOCALIZE[137]</label>
							<include>search_action</include>
							<onup>6666</onup>
							<ondown>200</ondown>
						</control>
						<control type="button" id="199">
							<visible>!Control.IsVisible(101) + !Control.IsVisible(102) + !Control.IsVisible(103) + !Control.IsVisible(104) + !Control.IsVisible(105) + !Control.IsVisible(106) + !Control.IsVisible(107) + !Control.IsVisible(108) + !Control.IsVisible(109) + !Control.IsVisible(110) + !Control.IsVisible(111) + !Control.IsVisible(112) + !Control.IsVisible(113) + !Control.IsVisible(114) + !Control.IsVisible(115) + !Control.IsVisible(198)</visible>
							<include>DarkGreyButton</include>
							<label>$LOCALIZE[31028]</label>
							<onclick>ActivateWindow(skinsettings)</onclick>
							<onup>6666</onup>
							<ondown>200</ondown>
						</control>
					</control>
				</control>
			</control>
			<include content="WidgetCallMusic">
				<param name="pos" value="1"/>
				<param name="id" value="200"/>
				<param name="onup" value="100"/>
				<param name="ondown" value="201"/>
			</include>
			<include content="WidgetCallMusic">
				<param name="pos" value="2"/>
				<param name="id" value="201"/>
				<param name="onup" value="200"/>
				<param name="ondown" value="202"/>
			</include>
			<include content="WidgetCallMusic">
				<param name="pos" value="3"/>
				<param name="id" value="202"/>
				<param name="onup" value="201"/>
				<param name="ondown" value="203"/>
			</include>
			<include content="WidgetCallMusic">
				<param name="pos" value="4"/>
				<param name="id" value="203"/>
				<param name="onup" value="202"/>
				<param name="ondown" value="204"/>
			</include>
			<include content="WidgetCallMusic">
				<param name="pos" value="5"/>
				<param name="id" value="204"/>
				<param name="onup" value="203"/>
				<param name="ondown" value="205"/>
			</include>
			<include content="WidgetCallMusic">
				<param name="pos" value="6"/>
				<param name="id" value="205"/>
				<param name="onup" value="204"/>
				<param name="ondown" value="206"/>
			</include>
			<include content="WidgetCallMusic">
				<param name="pos" value="7"/>
				<param name="id" value="206"/>
				<param name="onup" value="205"/>
				<param name="ondown" value="207"/>
			</include>
			<include content="WidgetCallMusic">
				<param name="pos" value="8"/>
				<param name="id" value="207"/>
				<param name="onup" value="206"/>
				<param name="ondown" value="208"/>
			</include>
			<include content="WidgetCallMusic">
				<param name="pos" value="9"/>
				<param name="id" value="208"/>
				<param name="onup" value="207"/>
				<param name="ondown" value="209"/>
			</include>
			<include content="WidgetCallMusic">
				<param name="pos" value="10"/>
				<param name="id" value="209"/>
				<param name="onup" value="208"/>
				<param name="ondown" value="210"/>
			</include>
			<include content="WidgetCallMusic">
				<param name="pos" value="11"/>
				<param name="id" value="210"/>
				<param name="onup" value="209"/>
				<param name="ondown" value="211"/>
			</include>
			<include content="WidgetCallMusic">
				<param name="pos" value="12"/>
				<param name="id" value="211"/>
				<param name="onup" value="210"/>
				<param name="ondown" value="212"/>
			</include>
		</control>
		<!-- header bar -->
		<include content="HeaderBar">
			<param name="id">10</param>
		</include>
		<!-- side panel -->
		<include content="SidePanel"/>
	</controls>
</window>
