<?xml version="1.0" encoding="UTF-8"?>
<window>
	<defaultcontrol always="true">820</defaultcontrol>
	<allowoverlay>no</allowoverlay>
	<include>ViewsidPVR</include>
	<controls>
		<!-- ================================================================================= -->
		<!-- ==================================== TV, RADIO LISTE ============================ -->
		<!-- ================================================================================= -->
		<include>CommonViewBack</include>
		<!--<include>CommonAllFront2</include>-->			
		<include>ViewsPVR</include>
		<include>CommonHomeButton</include> 
		<include>BigInfosTime</include>
		<include>HomePlaying</include>
		<include>PVRSideBlade</include>
	</controls>
</window>
