<?xml version="1.0" encoding="UTF-8" standalone="yes"?>
<addon id="plugin.video.bundesliega3" name="3 Bundesliega" version="0.1" provider-name="L0RE">
    <requires>
        <import addon="xbmc.python" version="2.1.0"/>
    </requires>
    <extension point="xbmc.python.pluginsource" library="default.py">
        <provides>video</provides>
    </extension>
  <extension point="xbmc.addon.metadata">
    <summary lang="en">Live Tv from the 3. Bundesliga</summary>
    <summary lang="de">Livespiele der Dritten Bundesliega</summary>    
    <website></website> 
    <email>andreas at vogler dot name</email>
    <platform>all</platform>
  </extension>
</addon>
