<?xml version="1.0" encoding="UTF-8"?>
<window type="dialog" id="1141">
    <defaultcontrol always="true">11</defaultcontrol>
    <!-- <zorder>2</zorder> -->
    <include>openclose</include>
    <include>opencloseslidedown</include>
    <controls>
        <include>DialogLayout</include>
        <control type="group">
            <control type="label" id="1">
                <description>Heading</description>
                <left>0</left>
                <top>9</top>
                <label>$LOCALIZE[20314] - Movies</label>
                <width>1920</width>
                <height>30</height>
                <font>impacted24</font>
                <shadowcolor>black</shadowcolor>
                <textcolor>grey</textcolor>
                <align>center</align>
                <scroll>true</scroll>
            </control>
            <control type="group">
                <left>0</left>
                <top>126</top>
                <animation effect="slide" end="0,-64" time="200" condition="[Control.HasFocus(10)|Control.HasFocus(13)]+System.HasAddon(script.artwork.downloader)">Conditional</animation>
                <control type="label" id="1">
                    <animation effect="slide" end="0,34" time="200" condition="[Control.HasFocus(10)|Control.HasFocus(13)]+System.HasAddon(script.artwork.downloader)">Conditional</animation>
                    <description>dialog line</description>
                    <left>150</left>
                    <top>0</top>
                    <label>$LOCALIZE[22080] ...</label>
                    <width>1620</width>
                    <height>30</height>
                    <align>center</align>
                    <font>impacted18</font>
                </control>
                <control type="group" id="9">
                    <include>opencloseslidedown</include>
                    <left>502</left>
                    <top>45</top>
                    <control type="button" id="10">
                        <description>Yes button</description>
                        <left>0</left>
                        <top>60</top>
                        <width>330</width>
                        <height>39</height>
                        <label>653</label>
                        <align>center</align>
                        <onleft>12</onleft>
                        <onright>11</onright>
                        <ondown>13</ondown>
                        <onclick>Dialog.Close(1141,force)</onclick>
                        <onclick>UpdateLibrary(video)</onclick>
                        <texturenofocus>-</texturenofocus>
                    </control>
                    <control type="button" id="11">
                        <description>No button</description>
                        <left>345</left>
                        <top>60</top>
                        <width>225</width>
                        <height>39</height>
                        <label>10212</label>
                        <align>center</align>
                        <onleft>10</onleft>
                        <onright>12</onright>
                        <onclick>Dialog.Close(1141,force)</onclick>
                        <texturenofocus>-</texturenofocus>
                    </control>
                    <control type="button" id="12">
                        <description>Clean button</description>
                        <left>585</left>
                        <top>60</top>
                        <width>330</width>
                        <height>39</height>
                        <label>313</label>
                        <align>center</align>
                        <onleft>11</onleft>
                        <onright>10</onright>
                        <onclick>Dialog.Close(1141,force)</onclick>
                        <onclick>CleanLibrary(video)</onclick>
                        <texturenofocus>-</texturenofocus>
                    </control>
                    <control type="radiobutton" id="13">
                        <description>Extra Art's Video</description>
                        <left>0</left>
                        <top>120</top>
                        <width>915</width>
                        <align>left</align>
                        <focusedcolor>black</focusedcolor>
                        <label>51416</label>
                        <onup>10</onup>
                        <onclick>Skin.ToggleSetting(automaticAD)</onclick>
                        <selected>Skin.HasSetting(automaticAD)</selected>
                        <visible>System.HasAddon(script.artwork.downloader)</visible>
                        <visible>Control.HasFocus(10)|Control.HasFocus(13)</visible>
                        <animation effect="fade" start="0" end="100" time="100" delay="500">Visible</animation>
                        <animation effect="fade" start="100" end="0" time="100">Hidden</animation>
                        <texturenofocus>-</texturenofocus>
                    </control>
                </control>
            </control>
        </control>
    </controls>
</window>
