<?xml version="1.0" encoding="utf-8"?>
<window>
	<defaultcontrol always="true">100</defaultcontrol>
	<controls>
		<control type="image">
			<include>Visible_Fade</include>
			<include>FullscreenDimensions</include>
			<texture colordiffuse="background">common/white.jpg</texture>
		</control>
		<control type="grouplist">
			<include>Dialog_PopupOpenClose</include>
			<centerleft>50%</centerleft>
			<centertop>50%</centertop>
			<width>800</width>
			<height max="940">auto</height>
			<orientation>vertical</orientation>
			<itemgap>20</itemgap>
			<align>center</align>
			<!-- edit -->
			<control type="group">
				<height>50</height>
				<control id="12" type="edit">
					<width>100%</width>
					<height>48</height>
					<ondown>10</ondown>
					<font>Reg24</font>
					<focusedcolor>emby</focusedcolor>
					<hinttext>[COLOR text_white]$LOCALIZE[21899][/COLOR]</hinttext>
					<onup>noop</onup>
					<onleft>noop</onleft>
					<onright>noop</onright>
					<ondown>10</ondown>
				</control>
				<control type="image">
					<width>100%</width>
					<top>45</top>
					<height>2</height>
					<texture colordiffuse="lightgrey">common/white.jpg</texture>
					<aspectratio>stretch</aspectratio>
				</control>
				<control type="image">
					<width>100%</width>
					<top>45</top>
					<height>2</height>
					<texture colordiffuse="emby">common/white.jpg</texture>
					<aspectratio>stretch</aspectratio>
					<include>WindowOpen_GreenBar</include>
				</control>
			</control>
			<!-- list -->
			<control type="group">
				<height>270</height>
				<control type="image">
					<height>270</height>
					<texture colordiffuse="thumb_background">common/white.jpg</texture>
					<aspectratio>stretch</aspectratio>
				</control>
				<control type="list" id="10">
					<centerleft>50%</centerleft>
					<top>10</top>
					<height>250</height>
					<onup>12</onup>
					<onleft>noop</onleft>
					<onright>noop</onright>
					<ondown>100</ondown>
					<pagecontrol>60</pagecontrol>
					<itemlayout height="50" width="800">
						<control type="label">
							<width>100%</width>
							<heigth>50</heigth>
							<font>Light26</font>
							<autoscroll>false</autoscroll>
							<align>center</align>
							<aligny>center</aligny>
							<label>$INFO[ListItem.Label]</label>
						</control>
					</itemlayout>
					<focusedlayout height="50" width="800">
						<control type="image">
							<width>100%</width>
							<height>50</height>
							<texture colordiffuse="list_hover2">common/white.jpg</texture>
						</control>
						<control type="label">
							<width>100%</width>
							<heigth>50</heigth>
							<font>Light26</font>
							<autoscroll>false</autoscroll>
							<align>center</align>
							<aligny>center</aligny>
							<label>$INFO[ListItem.Label]</label>
						</control>
					</focusedlayout>
				</control>
			</control>
			<!-- Button -->
			<control type="grouplist" id="100">
				<height>50</height>
				<width>100%</width>
				<orientation>horizontal</orientation>
				<itemgap>5</itemgap>
				<align>center</align>
				<onright>noop</onright>
				<onleft>noop</onleft>
				<control type="button" id="18">
					<visible>Control.IsEnabled(18)</visible>
					<label>$LOCALIZE[186]</label>
					<onup>SetFocus(10)</onup>
				</control>
				<control type="button" id="11">
					<label>$LOCALIZE[1024]</label>
					<onup>SetFocus(10)</onup>
				</control>
				<control type="button" id="13">
					<visible>Control.IsEnabled(13)</visible>
					<label>$LOCALIZE[15019]</label>
					<onup>SetFocus(10)</onup>
				</control>
				<control type="button" id="14">
					<visible>Control.IsEnabled(14)</visible>
					<label>$LOCALIZE[1210]</label>
					<onup>SetFocus(10)</onup>
				</control>
				<control type="button" id="19">
					<visible>Control.IsEnabled(19)</visible>
					<label>$LOCALIZE[222]</label>
					<onup>SetFocus(10)</onup>
				</control>
			</control>
		</control>
	</controls>
</window>
