<?xml version="1.0" encoding="UTF-8"?>
<includes>
	<include name="List_View_53">
		<param name="mainlabel">$VAR[MainListLabel]</param>
		<param name="sublabel">$VAR[SubListLabel]</param>
		<param name="thumblabel">$VAR[MainListLabel]</param>
		<param name="rightlabel">$VAR[RightListLabel]</param>
		<param name="rightlabel2">$VAR[RightListLabel2]</param>
		<definition>
			<control type="group">
				<include>Visible_OpenClose</include>
				<visible>Control.IsVisible(53)</visible>
				<!-- List -->
				<control id="53" type="list">
					<visible>[!Container.Content(seasons) + !Container.Content(episodes) + !String.Contains(Container.FolderPath,setid) + !String.StartsWith(Container.FolderPath,plugin://script.skin.helper.widgets/?action=browsegenres)] | [Container.Content(episodes) + String.StartsWith(Container.FolderPath,plugin://) + !String.StartsWith(Container.FolderPath,plugin://plugin.video.embycon)]</visible>
					<top>90</top>
					<width>1230</width>
					<height>950</height>
					<onup>SetFocus(6666)</onup>
					<onright condition="Control.IsVisible(7000)">SetFocus(7000)</onright>
					<ondown>noop</ondown>
					<onleft>9999</onleft>
					<defaultcontrol always="true">0</defaultcontrol>
					<focusposition>1</focusposition>
					<orientation>vertical</orientation>
					<viewtype label="535">list</viewtype>
					<pagecontrol>17</pagecontrol>
					<scrolltime tween="sine" easing="out">400</scrolltime>
					<preloaditems>4</preloaditems>
					<itemlayout height="120" width="1160">
						<control type="group">
							<top>60</top>
							<left>70</left>
							<include content="ListLayout">
								<param name="id">53</param>
								<param name="mainlabel">$PARAM[mainlabel]</param>
								<param name="sublabel">$PARAM[sublabel]</param>
								<param name="rightlabel">$PARAM[rightlabel]</param>
								<param name="rightlabel2">$PARAM[rightlabel2]</param>
								<param name="fallbacklabel">$PARAM[fallbacklabel]</param>
							</include>
						</control>
					</itemlayout>
					<focusedlayout height="120" width="1160">
						<include>SetPropertyOnFocus</include>
						<control type="group">
							<top>60</top>
							<left>70</left>
							<include content="ListLayout">
								<param name="focused" value="true"/>
								<param name="id">53</param>
								<param name="mainlabel">$PARAM[mainlabel]</param>
								<param name="sublabel">$PARAM[sublabel]</param>
								<param name="rightlabel">$PARAM[rightlabel]</param>
								<param name="rightlabel2">$PARAM[rightlabel2]</param>
								<param name="fallbacklabel">$PARAM[fallbacklabel]</param>
							</include>
						</control>
					</focusedlayout>
				</control>
				<!-- Hidden scrollbar -->
				<control id="96" type="scrollbar">
					<left>-1200</left>
					<width>100</width>
					<height>1</height>
					<showonepage>false</showonepage>
					<orientation>vertical</orientation>
				</control>
				<!-- Thumb image -->
				<control type="group">
					<visible>true</visible>
					<right>90</right>
					<top>145</top>
					<width>590</width>
					<control type="group">
						<control type="image">
							<top>-2</top>
							<left>-2</left>
							<width>596</width>
							<height>338</height>
							<texture>items/shadow_wide_big.png</texture>
						</control>
						<control type="image">
							<width>590</width>
							<height>332</height>
							<texture colordiffuse="green" diffuse="items/mask_wide_big.png">common/white.jpg</texture>
							<aspectratio scalediffuse="false">stretch</aspectratio>
							<visible>String.IsEmpty(ListItem.Icon) | String.StartsWith(ListItem.Icon,Default)</visible>
						</control>
						<control type="image">
							<width>590</width>
							<height>332</height>
							<texture colordiffuse="darkbutton" diffuse="items/mask_wide_big.png">common/white.jpg</texture>
							<aspectratio scalediffuse="false">stretch</aspectratio>
							<visible>!String.IsEmpty(ListItem.Icon) + !String.StartsWith(ListItem.Icon,Default)</visible>
						</control>
						<control type="textbox">
							<top>10</top>
							<left>10</left>
							<width>570</width>
							<height>312</height>
							<font>Light24</font>
							<textcolor>white</textcolor>
							<shadowcolor>00ffffff</shadowcolor>
							<align>center</align>
							<aligny>center</aligny>
							<label>$PARAM[thumblabel]</label>
							<visible>String.IsEmpty(ListItem.Icon) | String.StartsWith(ListItem.Icon,Default)</visible>
						</control>
						<control type="image">
							<width>590</width>
							<height>332</height>
							<texture diffuse="items/mask_wide_db.png" background="true">$VAR[IconLandscape]</texture>
							<aspectratio scalediffuse="false">keep</aspectratio>
							<bordersize>20</bordersize>
							<visible>String.StartsWith(ListItem.Path,pvr://) + !String.StartsWith(ListItem.Icon,Default)</visible>
						</control>
						<control type="image">
							<width>590</width>
							<height>332</height>
							<texture diffuse="items/mask_wide_db.png" background="true">$VAR[IconLandscape]</texture>
							<aspectratio scalediffuse="false">keep</aspectratio>
							<visible>!String.StartsWith(ListItem.Path,pvr://) + !String.StartsWith(ListItem.Icon,Default)</visible>
						</control>
						<control type="group">
							<width>590</width>
							<height>332</height>
							<include>bubble_overlay</include>
							<include>bubble_play</include>
						</control>
						<include content="progress">
							<param name="top" value="328"/>
							<param name="width" value="590"/>
						</include>
						<include content="static_labels">
							<param name="top">348</param>
							<param name="width">590</param>
							<param name="mainlabel">$PARAM[mainlabel]</param>
							<param name="sublabel">$PARAM[sublabel]</param>
							<param name="fallbacklabel">$PARAM[fallbacklabel]</param>
						</include>
					</control>
					<control type="grouplist">
						<orientation>vertical</orientation>
						<top>425</top>
						<height>500</height>
						<align>top</align>
						<itemgap>00</itemgap>
						<width>590</width>			
						<control type="textbox" id="97">
							<width>590</width>
							<height>400</height>
							<align>justify</align>
							<aligny>top</aligny>
							<label>$VAR[ListViewPlot]</label>
							<font>Light24</font>
							<shadowcolor>text_shadow</shadowcolor>
							<autoscroll>false</autoscroll>
						</control>
						<control type="label">
							<width>auto</width>
							<align>center</align>
							<font>Material44</font>
							<textcolor>panel_text</textcolor>
							<label></label>
							<visible>Container(97).HasNext</visible>
						</control>				
					</control>
				</control>
				<control type="image">
					<height>90</height>
					<width>1920</width>
					<top>58</top>
					<texture flipy="true" colordiffuse="background">items/listview_mask.png</texture>
					<visible>Container.HasPrevious</visible>
					<animation effect="fade" start="0" end="100" time="200" tween="sine">Visible</animation>
					<animation effect="fade" start="100" end="0" time="0">Hidden</animation>
				</control>
				<control type="image">
					<height>90</height>
					<width>1920</width>
					<bottom>10</bottom>
					<texture colordiffuse="background">items/listview_mask.png</texture>
					<visible>Container.HasNext</visible>
					<animation effect="fade" start="0" end="100" time="200" tween="sine">Visible</animation>
					<animation effect="fade" start="100" end="0" time="0">Hidden</animation>
				</control>
				<include content="list_mask_vertical_top">
					<param name="height" value="70"/>
					<param name="left" value="0"/>
					<param name="right" value="0"/>
					<param name="top" value="58"/>
					<param name="id" value="53"/>
					<param name="visible_forced" value="true"/>
				</include>
				<include content="list_mask_vertical">
					<param name="height" value="70"/>
					<param name="left" value="0"/>
					<param name="right" value="0"/>
					<param name="id" value="53"/>
					<param name="visible_forced" value="true"/>
				</include>
				<include content="ScrollbarVertical"/>
				<include content="JumpToLetter_vertical">
					<param name="top" value="58"/>
				</include>
			</control>
		</definition>
	</include>
</includes>