[{
	"name": "Castle",
	"tvshow": "Castle 2009"
}, {
	"name": "Navy CIS",
	"tvshow": "NCIS"
}, {
	"name": "Once Upon a Time - Es war einmal...",
	"tvshow": "Once Upon a Time 2011"
}, {
	"name": "Bones - Die Knochenjägerin",
	"tvshow": "Bones"
}, {
	"name": "Angie Tribeca: Sonst nichts!",
	"tvshow": "Angie Tribeca"
}, {
	"name": "Awkward - Mein sogenanntes Leben",
	"tvshow": "Awkward"
}, {
	"name": "Disney S3 - Stark, schnell, schlau",
	"tvshow": "Lab Rats (2012)"
}, {
	"name": "Die Millers",
	"tvshow": "The Millers"
}, {
	"name": "Meine wilden Töchter",
	"tvshow": "8 Simple Rules"	
}, {
	"name": "Faking It",
	"tvshow": "Faking It (2014)"	
}, {
	"name": "Liv & Maddie",
	"tvshow": "Liv and Maddie"
}, {
	"name": "Parenthood",
	"tvshow": "Parenthood (2010)"
}, {
	"name": "The Newsroom",
	"tvshow": "The Newsroom (2012)"
}, {
	"name": "Aquarius",
	"tvshow": "Aquarius (2015)"
}, {
	"name": "Reign",
	"tvshow": "Reign (2013)"
}, {
	"name": "Proof",
	"tvshow": "Proof (2015)"
}, {
	"name": "Schwermetall",
	"tvshow": "Metal Hurlant Chronicles"
}, {
	"name": "Web Therapy",
	"tvshow": "Web Therapy (2011)"
}, {
	"name": "House of Cards",
	"tvshow": "House of Cards (2013)"
}, {
	"name": "The Frankenstein Chronicles",
	"tvshow": "Frankenstein Chronicles"
}, {
	"name": "19-2",
	"tvshow": "19-2 (2014)"
}, {
	"name": "Jessie",
	"tvshow": "Jessie (2011)"
}, {
	"name": "Arrow",
	"tvshow": "The green Arrow"
}, {
	"name": "Reckless",
	"tvshow": "Reckless (2014)"	
}, {
	"name": "Snooki and JWoww",
	"tvshow": "Snooki JWoww"	
}]
