<?xml version="1.0" encoding="UTF-8" standalone="yes"?>
<addon id="plugin.video.wdr" name="WDR" version="0.8.2" provider-name="L0RE">
    <requires>
        <import addon="xbmc.python" version="2.1.0"/>
    </requires>
    <extension point="xbmc.python.pluginsource" library="default.py">
        <provides>video</provides>
    </extension>
  <extension point="xbmc.addon.metadata">
    <summary lang="en">Videos von WDR</summary>
    <summary lang="de">Videos of WDR</summary>
    <description lang="en">Videos der Mediathek von WDR</description>
    <description lang="de">Video From WDR </description>
    <website></website>
    <source>https://github.com/kodinerds/repo/tree/master/addons/plugin.video.wdr</source>
    <forum>http://www.kodinerds.net/index.php/Thread/46939-Repo-Lost-Found/</forum>
    <email>andreas at vogler dot name</email>
    <platform>all</platform>
  </extension>
</addon>
