<?xml version="1.0" encoding="UTF-8"?>
<window>
	<defaultcontrol always="true">50</defaultcontrol>
	<allowoverlay>no</allowoverlay>
	<include>ViewsidSearch</include>
	<controls>
	    <include>CommonHomeBack</include>	
		<include>CommonAllFront3</include>	
		<include>SideBladeForViews</include>			
		<include>BigInfosTime</include>
		<include>CommonHomeButton</include>
		<include>HomePlaying</include>
		<control type="group">
		      <include>Animation.ZoomIn</include>
			  <description>TV Search group</description>
			  <visible>Control.IsVisible(50)</visible>
			  <control type="group">
				<left>0</left>
				<top>0</top>
				<control type="label">
				  <description>Time label</description>
				  <left>200</left>
				  <top>180</top>
				  <width>220</width>
				  <height>20</height>
				  <font>primal_20</font>
				  <textcolor>$VAR[ColorFontNormal]</textcolor>
	              <shadowcolor>$VAR[ColorFontShadow]</shadowcolor>
				  <align>center</align>
				  <aligny>center</aligny>
				  <label>21820</label>
				</control>
				<control type="label">
				  <description>Channel label</description>
				  <left>600</left>
				  <top>180</top>
				  <width>300</width>
				  <height>20</height>
				  <font>primal_20</font>
				  <textcolor>$VAR[ColorFontNormal]</textcolor>
	              <shadowcolor>$VAR[ColorFontShadow]</shadowcolor>
				  <align>center</align>
				  <aligny>center</aligny>
				  <label>19148</label>
				</control>
				<control type="label">
				  <description>Title</description>
				  <left>1060</left>
				  <top>180</top>
				  <width>300</width>
				  <height>20</height>
				  <font>primal_20</font>
				  <textcolor>$VAR[ColorFontNormal]</textcolor>
	              <shadowcolor>$VAR[ColorFontShadow]</shadowcolor>
				  <align>left</align>
				  <aligny>center</aligny>
				  <label>369</label>
				</control>
				<control type="label">
				  <description>Status header label</description>
				  <left>1660</left>
				  <top>180</top>
				  <width>210</width>
				  <height>30</height>
				  <font>primal_20</font>
				  <textcolor>$VAR[ColorFontNormal]</textcolor>
	              <shadowcolor>$VAR[ColorFontShadow]</shadowcolor>
				  <align>left</align>
				  <aligny>center</aligny>
				  <label>126</label>
				</control>
				<control type="list" id="50">
					<left>184</left>
					<top>245</top>
					<width>1645</width>
					<height>720</height>
					<onup>50</onup>
					<ondown>50</ondown>
					<onleft>9020</onleft>
					<onright>36</onright>
					<pagecontrol>77</pagecontrol>
					<scrolltime>200</scrolltime>
					<itemlayout height="65">
					  <control type="image">
						<left>0</left>
						<top>0</top>
						<width>1850</width>
						<height>1</height>
						<texture background="true">default/separator.png</texture>
					  </control>
					  <control type="label">
						<left>30</left>
						<top>0</top>
						<width>250</width>
						<height>60</height>
						<font>primal_20</font>
						<align>left</align>
						<aligny>center</aligny>
						<textcolor>$VAR[ColorFontNormal]</textcolor>
	                    <shadowcolor>$VAR[ColorFontShadow]</shadowcolor>
						<selectedcolor>$VAR[ColorFontSelected]</selectedcolor>
						<info>ListItem.Date</info>
					  </control>
					  <control type="image">
						<left>330</left>
						<top>8</top>
						<width>50</width>
						<height>50</height>
						<info>ListItem.Icon</info>
					  </control>
					  <control type="label">
						<left>400</left>
						<top>4</top>
						<width>300</width>
						<height>52</height>
						<font>primal_20</font>
						<align>left</align>
						<aligny>center</aligny>
						<textcolor>$VAR[ColorFontNormal]</textcolor>
	                    <shadowcolor>$VAR[ColorFontShadow]</shadowcolor>
						<selectedcolor>$VAR[ColorFontSelected]</selectedcolor>
						<info>ListItem.ChannelName</info>
					  </control>
					  <control type="label">
						<left>800</left>
						<top>4</top>
						<width>585</width>
						<height>52</height>
						<font>primal_20</font>
						<align>left</align>
						<aligny>center</aligny>
						<textcolor>$VAR[ColorFontNormal]</textcolor>
	                    <shadowcolor>$VAR[ColorFontShadow]</shadowcolor>
						<selectedcolor>$VAR[ColorFontSelected]</selectedcolor>
						<info>ListItem.Label</info>
					  </control>
					  <control type="image">
						<left>1455</left>
						<top>15</top>
						<width>45</width>
						<height>30</height>
						<texture>PVR-IsRecording.png</texture>
						<visible>ListItem.IsRecording</visible>
					  </control>
					  <control type="label">
						<left>1508</left>
						<top>0</top>
						<width>120</width>
						<height>60</height>
						<font>primal_20</font>
						<align>left</align>
						<aligny>center</aligny>
						<textcolor>$VAR[ColorFontNormal]</textcolor>
	                    <shadowcolor>$VAR[ColorFontShadow]</shadowcolor>
						<selectedcolor>$VAR[ColorFontSelected]</selectedcolor>
						<label>19043</label>
						<visible>ListItem.IsRecording</visible>
					  </control>
					  <control type="image">
						<left>1455</left>
						<top>15</top>
						<width>30</width>
						<height>30</height>
						<texture>PVR-HasTimer.png</texture>
						<visible>ListItem.HasTimer</visible>
					  </control>
					  <control type="label">
						<left>1500</left>
						<top>4</top>
						<width>120</width>
						<height>60</height>
						<font>primal_20</font>
						<align>left</align>
						<aligny>center</aligny>
						<textcolor>$VAR[ColorFontNormal]</textcolor>
	                    <shadowcolor>$VAR[ColorFontShadow]</shadowcolor>
						<selectedcolor>$VAR[ColorFontSelected]</selectedcolor>
						<label>31510</label>
						<visible>ListItem.HasTimer</visible>
					  </control>
					</itemlayout>
					<focusedlayout height="65">
					  <control type="image">
						<left>0</left>
						<top>0</top>
						<width>296</width>
						<height>65</height>
						<texture background="true">skin/button_klein.png</texture>
			            <colordiffuse>$VAR[BackColorButton]</colordiffuse>
					  </control>
					  <control type="image">
						<left>301</left>
						<top>0</top>
						<width>449</width>
						<height>65</height>
						<texture background="true">skin/button_klein.png</texture>
			            <colordiffuse>$VAR[BackColorButton]</colordiffuse>
					  </control>
					  <control type="image">
						<left>755</left>
						<top>0</top>
						<width>780</width>
						<height>65</height>
						<texture background="true">skin/button_klein.png</texture>
			            <colordiffuse>$VAR[BackColorButton]</colordiffuse>
					  </control>
					  <control type="image">
						<left>1540</left>
						<top>0</top>
						<width>320</width>
						<height>65</height>
						<texture background="true">skin/button_klein.png</texture>
			            <colordiffuse>$VAR[BackColorButton]</colordiffuse>
					  </control>
					  <control type="label">
						<left>30</left>
						<top>0</top>
						<width>250</width>
						<height>60</height>
						<font>primal_20</font>
						<align>left</align>
						<aligny>center</aligny>
						<textcolor>$VAR[ColorFontNormal]</textcolor>
	                    <shadowcolor>$VAR[ColorFontShadow]</shadowcolor>
						<selectedcolor>$VAR[ColorFontSelected]</selectedcolor>
						<info>ListItem.Date</info>
					  </control>
					  <control type="image">
						<left>330</left>
						<top>8</top>
						<width>50</width>
						<height>50</height>
						<info>ListItem.Icon</info>
					  </control>
					  <control type="label">
						<left>400</left>
						<top>4</top>
						<width>300</width>
						<height>52</height>
						<font>primal_20</font>
						<align>left</align>
						<aligny>center</aligny>
						<textcolor>$VAR[ColorFontNormal]</textcolor>
	                    <shadowcolor>$VAR[ColorFontShadow]</shadowcolor>
						<selectedcolor>$VAR[ColorFontSelected]</selectedcolor>
						<info>ListItem.ChannelName</info>
					  </control>
					  <control type="label">
						<left>800</left>
						<top>4</top>
						<width>585</width>
						<height>52</height>
						<font>primal_20</font>
						<align>left</align>
						<aligny>center</aligny>
						<textcolor>$VAR[ColorFontNormal]</textcolor>
	                    <shadowcolor>$VAR[ColorFontShadow]</shadowcolor>
						<selectedcolor>$VAR[ColorFontSelected]</selectedcolor>
						<info>ListItem.Label</info>
					  </control>
					  <control type="image">
						<left>1455</left>
						<top>15</top>
						<width>45</width>
						<height>30</height>
						<texture>PVR-IsRecording.png</texture>
						<visible>ListItem.IsRecording</visible>
					  </control>
					  <control type="label">
						<left>1508</left>
						<top>0</top>
						<width>120</width>
						<height>60</height>
						<font>primal_20</font>
						<align>left</align>
						<aligny>center</aligny>
						<textcolor>$VAR[ColorFontNormal]</textcolor>
	                    <shadowcolor>$VAR[ColorFontShadow]</shadowcolor>
						<selectedcolor>$VAR[ColorFontSelected]</selectedcolor>
						<label>19043</label>
						<visible>ListItem.IsRecording</visible>
					  </control>
					  <control type="image">
						<left>1455</left>
						<top>15</top>
						<width>30</width>
						<height>30</height>
						<texture>PVR-HasTimer.png</texture>
						<visible>ListItem.HasTimer</visible>
					  </control>
					  <control type="label">
						<left>1500</left>
						<top>4</top>
						<width>120</width>
						<height>60</height>
						<font>primal_20</font>
						<align>left</align>
						<aligny>center</aligny>
						<textcolor>$VAR[ColorFontNormal]</textcolor>
	                    <shadowcolor>$VAR[ColorFontShadow]</shadowcolor>
						<selectedcolor>$VAR[ColorFontSelected]</selectedcolor>
						<label>31510</label>
						<visible>ListItem.HasTimer</visible>
					  </control>
					</focusedlayout>
				  </control>
				<control type="scrollbar" id="77">
				  <left>1845</left>
				  <top>165</top>
				  <width>10</width>
				  <height>810</height>
				  <texturesliderbackground>button/ScrollBarV.png</texturesliderbackground>
				  <texturesliderbar colordiffuse="$VAR[BackColorFront]">button/ScrollBarV_bar.png</texturesliderbar>
				  <texturesliderbarfocus colordiffuse="$VAR[BackColorButton]">button/ScrollBarV_bar_focus.png</texturesliderbarfocus>
				  <textureslidernib>button/ScrollBarNib.png</textureslidernib>
				  <textureslidernibfocus>button/ScrollBarNib.png</textureslidernibfocus>
				  <showonepage>true</showonepage>
				  <orientation>vertical</orientation>
				  <onleft>50</onleft>
				  <onright>1860</onright>
			  </control>
			</control>
			<control type="label">
				<description>Page Count Label</description>
				<left>80</left>
				<top>1020</top>
				<width>500</width>
				<height>20</height>
				<font>primal_20</font>
				<textcolor>$VAR[ColorFontNormal]</textcolor>
	            <shadowcolor>$VAR[ColorFontShadow]</shadowcolor>
				<scroll>false</scroll>
				<aligny>center</aligny>
				<label>($INFO[Container(50).NumItems]) $LOCALIZE[31025] - $LOCALIZE[31024] ($INFO[Container(50).CurrentPage]/$INFO[Container(50).NumPages])</label>
			</control>
		</control>		
		<include>PVRSideBlade</include>
	</controls>
</window>
