<?xml version="1.0" encoding="UTF-8"?>
<includes>
	<!-- List available positions -->
	<include name="PositionSelectorItems">
		<param name="content">MainMenuPositionSelector</param>
		<definition>
			<content>
				<include content="$PARAM[content]">
					<param name="nr" value="1"/>
				</include>
				<include condition="Integer.IsGreaterOrEqual(Window(home).Property(PositionCount),2)" content="$PARAM[content]">
					<param name="nr" value="2"/>
				</include>
				<include condition="Integer.IsGreaterOrEqual(Window(home).Property(PositionCount),3)" content="$PARAM[content]">
					<param name="nr" value="3"/>
				</include>
				<include condition="Integer.IsGreaterOrEqual(Window(home).Property(PositionCount),4)" content="$PARAM[content]">
					<param name="nr" value="4"/>
				</include>
				<include condition="Integer.IsGreaterOrEqual(Window(home).Property(PositionCount),5)" content="$PARAM[content]">
					<param name="nr" value="5"/>
				</include>
				<include condition="Integer.IsGreaterOrEqual(Window(home).Property(PositionCount),6)" content="$PARAM[content]">
					<param name="nr" value="6"/>
				</include>
				<include condition="Integer.IsGreaterOrEqual(Window(home).Property(PositionCount),7)" content="$PARAM[content]">
					<param name="nr" value="7"/>
				</include>
				<include condition="Integer.IsGreaterOrEqual(Window(home).Property(PositionCount),8)" content="$PARAM[content]">
					<param name="nr" value="8"/>
				</include>
				<include condition="Integer.IsGreaterOrEqual(Window(home).Property(PositionCount),9)" content="$PARAM[content]">
					<param name="nr" value="9"/>
				</include>
				<include condition="Integer.IsGreaterOrEqual(Window(home).Property(PositionCount),10)" content="$PARAM[content]">
					<param name="nr" value="10"/>
				</include>
				<include condition="Integer.IsGreaterOrEqual(Window(home).Property(PositionCount),11)" content="$PARAM[content]">
					<param name="nr" value="11"/>
				</include>
				<include condition="Integer.IsGreaterOrEqual(Window(home).Property(PositionCount),12)" content="$PARAM[content]">
					<param name="nr" value="12"/>
				</include>
				<include condition="Integer.IsGreaterOrEqual(Window(home).Property(PositionCount),13)" content="$PARAM[content]">
					<param name="nr" value="13"/>
				</include>
				<include condition="Integer.IsGreaterOrEqual(Window(home).Property(PositionCount),14)" content="$PARAM[content]">
					<param name="nr" value="14"/>
				</include>
				<include condition="Integer.IsGreaterOrEqual(Window(home).Property(PositionCount),15)" content="$PARAM[content]">
					<param name="nr" value="15"/>
				</include>
				<include condition="Integer.IsGreaterOrEqual(Window(home).Property(PositionCount),16)" content="$PARAM[content]">
					<param name="nr" value="16"/>
				</include>
				<include condition="Integer.IsGreaterOrEqual(Window(home).Property(PositionCount),17)" content="$PARAM[content]">
					<param name="nr" value="17"/>
				</include>
				<include condition="Integer.IsGreaterOrEqual(Window(home).Property(PositionCount),18)" content="$PARAM[content]">
					<param name="nr" value="18"/>
				</include>
				<include condition="Integer.IsGreaterOrEqual(Window(home).Property(PositionCount),19)" content="$PARAM[content]">
					<param name="nr" value="19"/>
				</include>
				<include condition="Integer.IsGreaterOrEqual(Window(home).Property(PositionCount),20)" content="$PARAM[content]">
					<param name="nr" value="20"/>
				</include>
				<include condition="Integer.IsGreaterOrEqual(Window(home).Property(PositionCount),21)" content="$PARAM[content]">
					<param name="nr" value="21"/>
				</include>
				<include condition="Integer.IsGreaterOrEqual(Window(home).Property(PositionCount),22)" content="$PARAM[content]">
					<param name="nr" value="22"/>
				</include>
				<include condition="Integer.IsGreaterOrEqual(Window(home).Property(PositionCount),23)" content="$PARAM[content]">
					<param name="nr" value="23"/>
				</include>
				<include condition="Integer.IsGreaterOrEqual(Window(home).Property(PositionCount),24)" content="$PARAM[content]">
					<param name="nr" value="24"/>
				</include>
				<include condition="Integer.IsGreaterOrEqual(Window(home).Property(PositionCount),25)" content="$PARAM[content]">
					<param name="nr" value="25"/>
				</include>
				<include condition="Integer.IsGreaterOrEqual(Window(home).Property(PositionCount),26)" content="$PARAM[content]">
					<param name="nr" value="26"/>
				</include>
				<include condition="Integer.IsGreaterOrEqual(Window(home).Property(PositionCount),27)" content="$PARAM[content]">
					<param name="nr" value="27"/>
				</include>
				<include condition="Integer.IsGreaterOrEqual(Window(home).Property(PositionCount),28)" content="$PARAM[content]">
					<param name="nr" value="28"/>
				</include>
				<include condition="Integer.IsGreaterOrEqual(Window(home).Property(PositionCount),29)" content="$PARAM[content]">
					<param name="nr" value="29"/>
				</include>
				<include condition="Integer.IsGreaterOrEqual(Window(home).Property(PositionCount),30)" content="$PARAM[content]">
					<param name="nr" value="30"/>
				</include>
				<include condition="Integer.IsGreaterOrEqual(Window(home).Property(PositionCount),31)" content="$PARAM[content]">
					<param name="nr" value="31"/>
				</include>
				<include condition="Integer.IsGreaterOrEqual(Window(home).Property(PositionCount),32)" content="$PARAM[content]">
					<param name="nr" value="32"/>
				</include>
				<include condition="Integer.IsGreaterOrEqual(Window(home).Property(PositionCount),33)" content="$PARAM[content]">
					<param name="nr" value="33"/>
				</include>
				<include condition="Integer.IsGreaterOrEqual(Window(home).Property(PositionCount),34)" content="$PARAM[content]">
					<param name="nr" value="34"/>
				</include>
			</content>
		</definition>
	</include>

	<!-- Available custom widgets -->
	<include name="AvailableCustomWidgets">
		<include content="$PARAM[type]SelectAvailableWidget">
			<param name="label" value="$INFO[Skin.String(UserWidget1_name),,   ($LOCALIZE[31200] 1)]"/>
			<param name="item" value="W_Custom1"/>
			<param name="visible" value="!String.IsEmpty(Skin.String(UserWidget1_name))"/>
		</include>
		<include content="$PARAM[type]SelectAvailableWidget">
			<param name="label" value="$INFO[Skin.String(UserWidget2_name),,   ($LOCALIZE[31200] 2)]"/>
			<param name="item" value="W_Custom2"/>
			<param name="visible" value="!String.IsEmpty(Skin.String(UserWidget2_name))"/>
		</include>
		<include content="$PARAM[type]SelectAvailableWidget">
			<param name="label" value="$INFO[Skin.String(UserWidget3_name),,   ($LOCALIZE[31200] 3)]"/>
			<param name="item" value="W_Custom3"/>
			<param name="visible" value="!String.IsEmpty(Skin.String(UserWidget3_name))"/>
		</include>
		<include content="$PARAM[type]SelectAvailableWidget">
			<param name="label" value="$INFO[Skin.String(UserWidget4_name),,   ($LOCALIZE[31200] 4)]"/>
			<param name="item" value="W_Custom4"/>
			<param name="visible" value="!String.IsEmpty(Skin.String(UserWidget4_name))"/>
		</include>
		<include content="$PARAM[type]SelectAvailableWidget">
			<param name="label" value="$INFO[Skin.String(UserWidget5_name),,   ($LOCALIZE[31200] 5)]"/>
			<param name="item" value="W_Custom5"/>
			<param name="visible" value="!String.IsEmpty(Skin.String(UserWidget5_name))"/>
		</include>
		<include content="$PARAM[type]SelectAvailableWidget">
			<param name="label" value="$INFO[Skin.String(UserWidget6_name),,   ($LOCALIZE[31200] 6)]"/>
			<param name="item" value="W_Custom6"/>
			<param name="visible" value="!String.IsEmpty(Skin.String(UserWidget6_name))"/>
		</include>
		<include content="$PARAM[type]SelectAvailableWidget">
			<param name="label" value="$INFO[Skin.String(UserWidget7_name),,   ($LOCALIZE[31200] 7)]"/>
			<param name="item" value="W_Custom7"/>
			<param name="visible" value="!String.IsEmpty(Skin.String(UserWidget7_name))"/>
		</include>
		<include content="$PARAM[type]SelectAvailableWidget">
			<param name="label" value="$INFO[Skin.String(UserWidget8_name),,   ($LOCALIZE[31200] 8)]"/>
			<param name="item" value="W_Custom8"/>
			<param name="visible" value="!String.IsEmpty(Skin.String(UserWidget8_name))"/>
		</include>
		<include content="$PARAM[type]SelectAvailableWidget">
			<param name="label" value="$INFO[Skin.String(UserWidget9_name),,   ($LOCALIZE[31200] 9)]"/>
			<param name="item" value="W_Custom9"/>
			<param name="visible" value="!String.IsEmpty(Skin.String(UserWidget9_name))"/>
		</include>
		<include content="$PARAM[type]SelectAvailableWidget">
			<param name="label" value="$INFO[Skin.String(UserWidget10_name),,   ($LOCALIZE[31200] 10)]"/>
			<param name="item" value="W_Custom10"/>
			<param name="visible" value="!String.IsEmpty(Skin.String(UserWidget10_name))"/>
		</include>
		<include content="$PARAM[type]SelectAvailableWidget">
			<param name="label" value="$INFO[Skin.String(UserWidget11_name),,   ($LOCALIZE[31200] 11)]"/>
			<param name="item" value="W_Custom11"/>
			<param name="visible" value="!String.IsEmpty(Skin.String(UserWidget11_name))"/>
		</include>
		<include content="$PARAM[type]SelectAvailableWidget">
			<param name="label" value="$INFO[Skin.String(UserWidget12_name),,   ($LOCALIZE[31200] 12)]"/>
			<param name="item" value="W_Custom12"/>
			<param name="visible" value="!String.IsEmpty(Skin.String(UserWidget12_name))"/>
		</include>
		<include content="$PARAM[type]SelectAvailableWidget">
			<param name="label" value="$INFO[Skin.String(UserWidget13_name),,   ($LOCALIZE[31200] 13)]"/>
			<param name="item" value="W_Custom13"/>
			<param name="visible" value="!String.IsEmpty(Skin.String(UserWidget13_name))"/>
		</include>
		<include content="$PARAM[type]SelectAvailableWidget">
			<param name="label" value="$INFO[Skin.String(UserWidget14_name),,   ($LOCALIZE[31200] 14)]"/>
			<param name="item" value="W_Custom14"/>
			<param name="visible" value="!String.IsEmpty(Skin.String(UserWidget14_name))"/>
		</include>
		<include content="$PARAM[type]SelectAvailableWidget">
			<param name="label" value="$INFO[Skin.String(UserWidget15_name),,   ($LOCALIZE[31200] 15)]"/>
			<param name="item" value="W_Custom15"/>
			<param name="visible" value="!String.IsEmpty(Skin.String(UserWidget15_name))"/>
		</include>
		<include content="$PARAM[type]SelectAvailableWidget">
			<param name="label" value="$INFO[Skin.String(UserWidget16_name),,   ($LOCALIZE[31200] 16)]"/>
			<param name="item" value="W_Custom16"/>
			<param name="visible" value="!String.IsEmpty(Skin.String(UserWidget16_name))"/>
		</include>
		<include content="$PARAM[type]SelectAvailableWidget">
			<param name="label" value="$INFO[Skin.String(UserWidget17_name),,   ($LOCALIZE[31200] 17)]"/>
			<param name="item" value="W_Custom17"/>
			<param name="visible" value="!String.IsEmpty(Skin.String(UserWidget17_name))"/>
		</include>
		<include content="$PARAM[type]SelectAvailableWidget">
			<param name="label" value="$INFO[Skin.String(UserWidget18_name),,   ($LOCALIZE[31200] 18)]"/>
			<param name="item" value="W_Custom18"/>
			<param name="visible" value="!String.IsEmpty(Skin.String(UserWidget18_name))"/>
		</include>
		<include content="$PARAM[type]SelectAvailableWidget">
			<param name="label" value="$INFO[Skin.String(UserWidget19_name),,   ($LOCALIZE[31200] 19)]"/>
			<param name="item" value="W_Custom19"/>
			<param name="visible" value="!String.IsEmpty(Skin.String(UserWidget19_name))"/>
		</include>
		<include content="$PARAM[type]SelectAvailableWidget">
			<param name="label" value="$INFO[Skin.String(UserWidget20_name),,   ($LOCALIZE[31200] 20)]"/>
			<param name="item" value="W_Custom20"/>
			<param name="visible" value="!String.IsEmpty(Skin.String(UserWidget20_name))"/>
		</include>
	</include>

	<!-- Label template -->
	<include name="WidgetItemTemplate">
		<include condition="!String.StartsWith(Skin.String($PARAM[type]_widget_pos_$PARAM[nr]),W_Custom)" content="$PARAM[template]">
			<param name="nr" value="$PARAM[nr]"/>
			<param name="label" value="$INFO[Skin.String($PARAM[type]_widget_pos_$PARAM[nr].label)]"/>
		</include>
		<include condition="String.IsEqual(Skin.String($PARAM[type]_widget_pos_$PARAM[nr]),W_Custom1)" content="$PARAM[template]">
			<param name="nr" value="$PARAM[nr]"/>
			<param name="label" value="$INFO[Skin.String(UserWidget1_name),,   ($LOCALIZE[31200] 1)]"/>
		</include>
		<include condition="String.IsEqual(Skin.String($PARAM[type]_widget_pos_$PARAM[nr]),W_Custom2)" content="$PARAM[template]">
			<param name="nr" value="$PARAM[nr]"/>
			<param name="label" value="$INFO[Skin.String(UserWidget2_name),,   ($LOCALIZE[31200] 2)]"/>
		</include>
		<include condition="String.IsEqual(Skin.String($PARAM[type]_widget_pos_$PARAM[nr]),W_Custom3)" content="$PARAM[template]">
			<param name="nr" value="$PARAM[nr]"/>
			<param name="label" value="$INFO[Skin.String(UserWidget3_name),,   ($LOCALIZE[31200] 3)]"/>
		</include>
		<include condition="String.IsEqual(Skin.String($PARAM[type]_widget_pos_$PARAM[nr]),W_Custom4)" content="$PARAM[template]">
			<param name="nr" value="$PARAM[nr]"/>
			<param name="label" value="$INFO[Skin.String(UserWidget4_name),,   ($LOCALIZE[31200] 4)]"/>
		</include>
		<include condition="String.IsEqual(Skin.String($PARAM[type]_widget_pos_$PARAM[nr]),W_Custom5)" content="$PARAM[template]">
			<param name="nr" value="$PARAM[nr]"/>
			<param name="label" value="$INFO[Skin.String(UserWidget5_name),,   ($LOCALIZE[31200] 5)]"/>
		</include>
		<include condition="String.IsEqual(Skin.String($PARAM[type]_widget_pos_$PARAM[nr]),W_Custom6)" content="$PARAM[template]">
			<param name="nr" value="$PARAM[nr]"/>
			<param name="label" value="$INFO[Skin.String(UserWidget6_name),,   ($LOCALIZE[31200] 6)]"/>
		</include>
		<include condition="String.IsEqual(Skin.String($PARAM[type]_widget_pos_$PARAM[nr]),W_Custom7)" content="$PARAM[template]">
			<param name="nr" value="$PARAM[nr]"/>
			<param name="label" value="$INFO[Skin.String(UserWidget7_name),,   ($LOCALIZE[31200] 7)]"/>
		</include>
		<include condition="String.IsEqual(Skin.String($PARAM[type]_widget_pos_$PARAM[nr]),W_Custom8)" content="$PARAM[template]">
			<param name="nr" value="$PARAM[nr]"/>
			<param name="label" value="$INFO[Skin.String(UserWidget8_name),,   ($LOCALIZE[31200] 8)]"/>
		</include>
		<include condition="String.IsEqual(Skin.String($PARAM[type]_widget_pos_$PARAM[nr]),W_Custom9)" content="$PARAM[template]">
			<param name="nr" value="$PARAM[nr]"/>
			<param name="label" value="$INFO[Skin.String(UserWidget9_name),,   ($LOCALIZE[31200] 9)]"/>
		</include>
		<include condition="String.IsEqual(Skin.String($PARAM[type]_widget_pos_$PARAM[nr]),W_Custom10)" content="$PARAM[template]">
			<param name="nr" value="$PARAM[nr]"/>
			<param name="label" value="$INFO[Skin.String(UserWidget10_name),,   ($LOCALIZE[31200] 10)]"/>
		</include>
		<include condition="String.IsEqual(Skin.String($PARAM[type]_widget_pos_$PARAM[nr]),W_Custom11)" content="$PARAM[template]">
			<param name="nr" value="$PARAM[nr]"/>
			<param name="label" value="$INFO[Skin.String(UserWidget11_name),,   ($LOCALIZE[31200] 11)]"/>
		</include>
		<include condition="String.IsEqual(Skin.String($PARAM[type]_widget_pos_$PARAM[nr]),W_Custom12)" content="$PARAM[template]">
			<param name="nr" value="$PARAM[nr]"/>
			<param name="label" value="$INFO[Skin.String(UserWidget12_name),,   ($LOCALIZE[31200] 12)]"/>
		</include>
		<include condition="String.IsEqual(Skin.String($PARAM[type]_widget_pos_$PARAM[nr]),W_Custom13)" content="$PARAM[template]">
			<param name="nr" value="$PARAM[nr]"/>
			<param name="label" value="$INFO[Skin.String(UserWidget13_name),,   ($LOCALIZE[31200] 13)]"/>
		</include>
		<include condition="String.IsEqual(Skin.String($PARAM[type]_widget_pos_$PARAM[nr]),W_Custom14)" content="$PARAM[template]">
			<param name="nr" value="$PARAM[nr]"/>
			<param name="label" value="$INFO[Skin.String(UserWidget14_name),,   ($LOCALIZE[31200] 14)]"/>
		</include>
		<include condition="String.IsEqual(Skin.String($PARAM[type]_widget_pos_$PARAM[nr]),W_Custom15)" content="$PARAM[template]">
			<param name="nr" value="$PARAM[nr]"/>
			<param name="label" value="$INFO[Skin.String(UserWidget15_name),,   ($LOCALIZE[31200] 15)]"/>
		</include>
		<include condition="String.IsEqual(Skin.String($PARAM[type]_widget_pos_$PARAM[nr]),W_Custom16)" content="$PARAM[template]">
			<param name="nr" value="$PARAM[nr]"/>
			<param name="label" value="$INFO[Skin.String(UserWidget16_name),,   ($LOCALIZE[31200] 16)]"/>
		</include>
		<include condition="String.IsEqual(Skin.String($PARAM[type]_widget_pos_$PARAM[nr]),W_Custom17)" content="$PARAM[template]">
			<param name="nr" value="$PARAM[nr]"/>
			<param name="label" value="$INFO[Skin.String(UserWidget17_name),,   ($LOCALIZE[31200] 17)]"/>
		</include>
		<include condition="String.IsEqual(Skin.String($PARAM[type]_widget_pos_$PARAM[nr]),W_Custom18)" content="$PARAM[template]">
			<param name="nr" value="$PARAM[nr]"/>
			<param name="label" value="$INFO[Skin.String(UserWidget18_name),,   ($LOCALIZE[31200] 18)]"/>
		</include>
		<include condition="String.IsEqual(Skin.String($PARAM[type]_widget_pos_$PARAM[nr]),W_Custom19)" content="$PARAM[template]">
			<param name="nr" value="$PARAM[nr]"/>
			<param name="label" value="$INFO[Skin.String(UserWidget19_name),,   ($LOCALIZE[31200] 19)]"/>
		</include>
		<include condition="String.IsEqual(Skin.String($PARAM[type]_widget_pos_$PARAM[nr]),W_Custom20)" content="$PARAM[template]">
			<param name="nr" value="$PARAM[nr]"/>
			<param name="label" value="$INFO[Skin.String(UserWidget20_name),,   ($LOCALIZE[31200] 20)]"/>
		</include>
	</include>

	<!-- Home Widgets -->
	<include name="HomeWidgetsPositionSelectorTemplate">
		<item>
			<icon>DefaultFolder.png</icon>
			<label>$PARAM[label]</label>
			<property name="pos">$LOCALIZE[31100] $PARAM[nr]</property>
			<onclick>SetProperty(home_widget_position,$PARAM[nr],home)</onclick>
			<onclick>ActivateWindow(1111)</onclick>
		</item>
	</include>
	<include name="HomeWidgetsPositionSelector">
		<include content="WidgetItemTemplate">
			<param name="nr" value="$PARAM[nr]"/>
			<param name="type" value="home"/>
			<param name="template" value="HomeWidgetsPositionSelectorTemplate"/>
		</include>
	</include>
	<include name="HomeAvailableWidgets">
		<include content="HomeSelectAvailableWidget">
			<param name="label" value="$LOCALIZE[192]"/>
			<param name="setitem" value="false"/>
			<param name="clearitem" value="true"/>
			<param name="icon" value="DefaultAddonNone"/>
		</include>
		<include content="HomeSelectAvailableWidget">
			<param name="label" value="$LOCALIZE[31080]"/>
			<param name="item" value="W_InProgressMedia"/>
		</include>
		<include content="HomeSelectAvailableWidget">
			<param name="label" value="$LOCALIZE[31080]   ($LOCALIZE[31208])"/>
			<param name="item" value="W_EmbyCon_InProgressMedia"/>
			<param name="visible" value="System.HasAddon(plugin.video.embycon)"/>
		</include>
		<include content="HomeSelectAvailableWidget">
			<param name="label" value="$LOCALIZE[19023]"/>
			<param name="item" value="W_PVR"/>
		</include>
		<include content="HomeSelectAvailableWidget">
			<param name="label" value="$LOCALIZE[31030]"/>
			<param name="item" value="W_RecentPVR"/>
		</include>
		<include content="HomeSelectAvailableWidget">
			<param name="label" value="$LOCALIZE[31012]"/>
			<param name="item" value="W_NextUp"/>
		</include>
		<include content="HomeSelectAvailableWidget">
			<param name="label" value="$LOCALIZE[31012]   ($LOCALIZE[31208])"/>
			<param name="item" value="W_EmbyCon_NextUp"/>
		</include>
		<include content="HomeSelectAvailableWidget">
			<param name="label" value="$LOCALIZE[20386]"/>
			<param name="item" value="W_NewMovies"/>
		</include>
		<include content="HomeSelectAvailableWidget">
			<param name="label" value="$LOCALIZE[20386]   ($LOCALIZE[31208])"/>
			<param name="item" value="W_EmbyCon_NewMovies"/>
			<param name="visible" value="System.HasAddon(plugin.video.embycon)"/>
		</include>
		<include content="HomeSelectAvailableWidget">
			<param name="label" value="$LOCALIZE[31081]"/>
			<param name="item" value="W_NewEpisodes"/>
		</include>
		<include content="HomeSelectAvailableWidget">
			<param name="label" value="$LOCALIZE[31081]   ($LOCALIZE[31208])"/>
			<param name="item" value="W_NewEpisodes"/>
			<param name="visible" value="System.HasAddon(plugin.video.embycon)"/>
		</include>
		<include content="HomeSelectAvailableWidget">
			<param name="label" value="$LOCALIZE[359]"/>
			<param name="item" value="W_NewAlbums"/>
		</include>
		<include content="HomeSelectAvailableWidget">
			<param name="label" value="$LOCALIZE[359]   ($LOCALIZE[31208])"/>
			<param name="item" value="W_EmbyCon_NewAlbums"/>
		</include>
		<include content="AvailableCustomWidgets">
			<param name="type" value="Home"/>
		</include>
	</include>
	<include name="HomeSelectAvailableWidget">
		<param name="icon">DefaultFolder</param>
		<param name="setitem">true</param>
		<param name="clearitem">false</param>
		<param name="visible">true</param>
		<param name="nr">$INFO[Window(home).Property(home_widget_position)]</param>
		<definition>
			<item>
				<icon>$PARAM[icon].png</icon>
				<label>$PARAM[label]</label>
				<onclick condition="$PARAM[setitem] + String.IsEqual(Skin.String(home_widget_pos_1),$PARAM[item])">Skin.Reset(home_widget_pos_1)</onclick>
				<onclick condition="$PARAM[setitem] + String.IsEqual(Skin.String(home_widget_pos_1),$PARAM[item])">Skin.Reset(home_widget_pos_1.label)</onclick>
				<onclick condition="$PARAM[setitem] + String.IsEqual(Skin.String(home_widget_pos_2),$PARAM[item])">Skin.Reset(home_widget_pos_2)</onclick>
				<onclick condition="$PARAM[setitem] + String.IsEqual(Skin.String(home_widget_pos_2),$PARAM[item])">Skin.Reset(home_widget_pos_2.label)</onclick>
				<onclick condition="$PARAM[setitem] + String.IsEqual(Skin.String(home_widget_pos_3),$PARAM[item])">Skin.Reset(home_widget_pos_3)</onclick>
				<onclick condition="$PARAM[setitem] + String.IsEqual(Skin.String(home_widget_pos_3),$PARAM[item])">Skin.Reset(home_widget_pos_3.label)</onclick>
				<onclick condition="$PARAM[setitem] + String.IsEqual(Skin.String(home_widget_pos_4),$PARAM[item])">Skin.Reset(home_widget_pos_4)</onclick>
				<onclick condition="$PARAM[setitem] + String.IsEqual(Skin.String(home_widget_pos_4),$PARAM[item])">Skin.Reset(home_widget_pos_4.label)</onclick>
				<onclick condition="$PARAM[setitem] + String.IsEqual(Skin.String(home_widget_pos_5),$PARAM[item])">Skin.Reset(home_widget_pos_5)</onclick>
				<onclick condition="$PARAM[setitem] + String.IsEqual(Skin.String(home_widget_pos_5),$PARAM[item])">Skin.Reset(home_widget_pos_5.label)</onclick>
				<onclick condition="$PARAM[setitem] + String.IsEqual(Skin.String(home_widget_pos_6),$PARAM[item])">Skin.Reset(home_widget_pos_6)</onclick>
				<onclick condition="$PARAM[setitem] + String.IsEqual(Skin.String(home_widget_pos_6),$PARAM[item])">Skin.Reset(home_widget_pos_6.label)</onclick>
				<onclick condition="$PARAM[setitem] + String.IsEqual(Skin.String(home_widget_pos_7),$PARAM[item])">Skin.Reset(home_widget_pos_7)</onclick>
				<onclick condition="$PARAM[setitem] + String.IsEqual(Skin.String(home_widget_pos_7),$PARAM[item])">Skin.Reset(home_widget_pos_7.label)</onclick>
				<onclick condition="$PARAM[setitem] + String.IsEqual(Skin.String(home_widget_pos_8),$PARAM[item])">Skin.Reset(home_widget_pos_8)</onclick>
				<onclick condition="$PARAM[setitem] + String.IsEqual(Skin.String(home_widget_pos_8),$PARAM[item])">Skin.Reset(home_widget_pos_8.label)</onclick>
				<onclick condition="$PARAM[setitem] + String.IsEqual(Skin.String(home_widget_pos_9),$PARAM[item])">Skin.Reset(home_widget_pos_9)</onclick>
				<onclick condition="$PARAM[setitem] + String.IsEqual(Skin.String(home_widget_pos_9,)$PARAM[item])">Skin.Reset(home_widget_pos_9.label)</onclick>
				<onclick condition="$PARAM[setitem] + String.IsEqual(Skin.String(home_widget_pos_10),$PARAM[item])">Skin.Reset(home_widget_pos_10)</onclick>
				<onclick condition="$PARAM[setitem] + String.IsEqual(Skin.String(home_widget_pos_10),$PARAM[item])">Skin.Reset(home_widget_pos_10.label)</onclick>
				<onclick condition="$PARAM[setitem] + String.IsEqual(Skin.String(home_widget_pos_11),$PARAM[item])">Skin.Reset(home_widget_pos_11)</onclick>
				<onclick condition="$PARAM[setitem] + String.IsEqual(Skin.String(home_widget_pos_11),$PARAM[item])">Skin.Reset(home_widget_pos_11.label)</onclick>
				<onclick condition="$PARAM[setitem] + String.IsEqual(Skin.String(home_widget_pos_12),$PARAM[item])">Skin.Reset(home_widget_pos_12)</onclick>
				<onclick condition="$PARAM[setitem] + String.IsEqual(Skin.String(home_widget_pos_12),$PARAM[item])">Skin.Reset(home_widget_pos_12.label)</onclick>
				<onclick condition="$PARAM[setitem] + String.IsEqual(Skin.String(home_widget_pos_13),$PARAM[item])">Skin.Reset(home_widget_pos_13)</onclick>
				<onclick condition="$PARAM[setitem] + String.IsEqual(Skin.String(home_widget_pos_13),$PARAM[item])">Skin.Reset(home_widget_pos_13.label)</onclick>
				<onclick condition="$PARAM[setitem] + String.IsEqual(Skin.String(home_widget_pos_14),$PARAM[item])">Skin.Reset(home_widget_pos_14)</onclick>
				<onclick condition="$PARAM[setitem] + String.IsEqual(Skin.String(home_widget_pos_14),$PARAM[item])">Skin.Reset(home_widget_pos_14.label)</onclick>
				<onclick condition="$PARAM[setitem] + String.IsEqual(Skin.String(home_widget_pos_15),$PARAM[item])">Skin.Reset(home_widget_pos_15)</onclick>
				<onclick condition="$PARAM[setitem] + String.IsEqual(Skin.String(home_widget_pos_15),$PARAM[item])">Skin.Reset(home_widget_pos_15.label)</onclick>
				<onclick condition="$PARAM[setitem] + String.IsEqual(Skin.String(home_widget_pos_16),$PARAM[item])">Skin.Reset(home_widget_pos_16)</onclick>
				<onclick condition="$PARAM[setitem] + String.IsEqual(Skin.String(home_widget_pos_16),$PARAM[item])">Skin.Reset(home_widget_pos_16.label)</onclick>
				<onclick condition="$PARAM[setitem] + String.IsEqual(Skin.String(home_widget_pos_17),$PARAM[item])">Skin.Reset(home_widget_pos_17)</onclick>
				<onclick condition="$PARAM[setitem] + String.IsEqual(Skin.String(home_widget_pos_17),$PARAM[item])">Skin.Reset(home_widget_pos_17.label)</onclick>
				<onclick condition="$PARAM[setitem]">Skin.SetString(home_widget_pos_$PARAM[nr].label,$PARAM[label])</onclick>
				<onclick condition="$PARAM[setitem]">Skin.SetString(home_widget_pos_$PARAM[nr],$PARAM[item])</onclick>
				<onclick condition="$PARAM[clearitem]">Skin.Reset(home_widget_pos_$PARAM[nr])</onclick>
				<onclick condition="$PARAM[clearitem]">Skin.Reset(home_widget_pos_$PARAM[nr].label)</onclick>
				<onclick>AlarmClock(Wait,ActivateWindow(1110),00:01,silent)</onclick>
				<onclick>SetProperty(DoNotKillProperties,1,home)</onclick>
				<onclick>SetProperty(ShowBusy,1,home)</onclick>
				<onclick>Dialog.Close(1110)</onclick>
				<onclick>Dialog.Close(1111)</onclick>
				<visible>$PARAM[visible]</visible>
			</item>
		</definition>
	</include>

	<!-- Movie HUB Widgets -->
	<include name="MovieHubWidgetsPositionSelectorTemplate">
		<item>
			<icon>DefaultFolder.png</icon>
			<label>$PARAM[label]</label>
			<property name="pos">$LOCALIZE[31100] $PARAM[nr]</property>
			<onclick>SetProperty(moviehub_widget_position,$PARAM[nr],home)</onclick>
			<onclick>ActivateWindow(1111)</onclick>
		</item>
	</include>
	<include name="MovieHubWidgetsPositionSelector">
		<include content="WidgetItemTemplate">
			<param name="nr" value="$PARAM[nr]"/>
			<param name="type" value="moviehub"/>
			<param name="template" value="MovieHubWidgetsPositionSelectorTemplate"/>
		</include>
	</include>
	<include name="MovieHubAvailableWidgets">
		<include content="MovieHubSelectAvailableWidget">
			<param name="label" value="$LOCALIZE[192]"/>
			<param name="setitem" value="false"/>
			<param name="clearitem" value="true"/>
			<param name="icon" value="DefaultAddonNone"/>
		</include>
		<include content="MovieHubSelectAvailableWidget">
			<param name="label" value="$LOCALIZE[31080]"/>
			<param name="item" value="W_InProgressMovies"/>
		</include>
		<include content="MovieHubSelectAvailableWidget">
			<param name="label" value="$LOCALIZE[31080]   ($LOCALIZE[31208])"/>
			<param name="item" value="W_EmbyCon_InProgressMovies"/>
			<param name="visible" value="System.HasAddon(plugin.video.embycon)"/>
		</include>
		<include content="MovieHubSelectAvailableWidget">
			<param name="label" value="$LOCALIZE[20386]"/>
			<param name="item" value="W_NewMovies"/>
		</include>
		<include content="MovieHubSelectAvailableWidget">
			<param name="label" value="$LOCALIZE[20386]   ($LOCALIZE[31208])"/>
			<param name="item" value="W_EmbyCon_NewMovies"/>
			<param name="visible" value="System.HasAddon(plugin.video.embycon)"/>
		</include>
		<include content="MovieHubSelectAvailableWidget">
			<param name="label" value="$LOCALIZE[135]"/>
			<param name="item" value="W_MovieGenres"/>
		</include>
		<include content="MovieHubSelectAvailableWidget">
			<param name="label" value="$LOCALIZE[135]   ($LOCALIZE[31208])"/>
			<param name="item" value="W_EmbyCon_MovieGenres"/>
			<param name="visible" value="System.HasAddon(plugin.video.embycon)"/>
		</include>
		<include content="MovieHubSelectAvailableWidget">
			<param name="label" value="$LOCALIZE[31017]"/>
			<param name="item" value="W_RecommendedMovies"/>
		</include>
		<include content="MovieHubSelectAvailableWidget">
			<param name="label" value="$LOCALIZE[31017]   ($LOCALIZE[31208])"/>
			<param name="item" value="W_EmbyCon_RecommendedMovies"/>
			<param name="visible" value="System.HasAddon(plugin.video.embycon)"/>
		</include>
		<include content="MovieHubSelectAvailableWidget">
			<param name="label" value="$LOCALIZE[31018]"/>
			<param name="item" value="W_SimilarMovies"/>
		</include>
		<include content="MovieHubSelectAvailableWidget">
			<param name="label" value="$LOCALIZE[31018]   ($LOCALIZE[31208])"/>
			<param name="item" value="W_EmbyCon_SimilarMovies"/>
			<param name="visible" value="System.HasAddon(plugin.video.embycon)"/>
		</include>
		<include content="MovieHubSelectAvailableWidget">
			<param name="label" value="$LOCALIZE[31097]"/>
			<param name="item" value="W_Top250Movies"/>
		</include>
		<include content="MovieHubSelectAvailableWidget">
			<param name="label" value="$LOCALIZE[31062]   ($LOCALIZE[31181])"/>
			<param name="item" value="W_FavMovies"/>
			<param name="visible" value="System.HasAddon(plugin.video.emby)"/>
		</include>
		<include content="MovieHubSelectAvailableWidget">
			<param name="label" value="$LOCALIZE[31062]   ($LOCALIZE[31208])"/>
			<param name="item" value="W_EmbyCon_FavMovies"/>
			<param name="visible" value="System.HasAddon(plugin.video.embycon)"/>
		</include>
		<include content="AvailableCustomWidgets">
			<param name="type" value="MovieHub"/>
		</include>
	</include>
	<include name="MovieHubSelectAvailableWidget">
		<param name="icon">DefaultFolder</param>
		<param name="setitem">true</param>
		<param name="clearitem">false</param>
		<param name="visible">true</param>
		<param name="nr">$INFO[Window(home).Property(moviehub_widget_position)]</param>
		<definition>
			<item>
				<icon>$PARAM[icon].png</icon>
				<label>$PARAM[label]</label>
				<onclick condition="$PARAM[setitem] + String.IsEqual(Skin.String(moviehub_widget_pos_1),$PARAM[item])">Skin.Reset(moviehub_widget_pos_1)</onclick>
				<onclick condition="$PARAM[setitem] + String.IsEqual(Skin.String(moviehub_widget_pos_1),$PARAM[item])">Skin.Reset(moviehub_widget_pos_1.label)</onclick>
				<onclick condition="$PARAM[setitem] + String.IsEqual(Skin.String(moviehub_widget_pos_2),$PARAM[item])">Skin.Reset(moviehub_widget_pos_2)</onclick>
				<onclick condition="$PARAM[setitem] + String.IsEqual(Skin.String(moviehub_widget_pos_2),$PARAM[item])">Skin.Reset(moviehub_widget_pos_2.label)</onclick>
				<onclick condition="$PARAM[setitem] + String.IsEqual(Skin.String(moviehub_widget_pos_3),$PARAM[item])">Skin.Reset(moviehub_widget_pos_3)</onclick>
				<onclick condition="$PARAM[setitem] + String.IsEqual(Skin.String(moviehub_widget_pos_3),$PARAM[item])">Skin.Reset(moviehub_widget_pos_3.label)</onclick>
				<onclick condition="$PARAM[setitem] + String.IsEqual(Skin.String(moviehub_widget_pos_4),$PARAM[item])">Skin.Reset(moviehub_widget_pos_4)</onclick>
				<onclick condition="$PARAM[setitem] + String.IsEqual(Skin.String(moviehub_widget_pos_4),$PARAM[item])">Skin.Reset(moviehub_widget_pos_4.label)</onclick>
				<onclick condition="$PARAM[setitem] + String.IsEqual(Skin.String(moviehub_widget_pos_5),$PARAM[item])">Skin.Reset(moviehub_widget_pos_5)</onclick>
				<onclick condition="$PARAM[setitem] + String.IsEqual(Skin.String(moviehub_widget_pos_5),$PARAM[item])">Skin.Reset(moviehub_widget_pos_5.label)</onclick>
				<onclick condition="$PARAM[setitem] + String.IsEqual(Skin.String(moviehub_widget_pos_6),$PARAM[item])">Skin.Reset(moviehub_widget_pos_6)</onclick>
				<onclick condition="$PARAM[setitem] + String.IsEqual(Skin.String(moviehub_widget_pos_6),$PARAM[item])">Skin.Reset(moviehub_widget_pos_6.label)</onclick>
				<onclick condition="$PARAM[setitem] + String.IsEqual(Skin.String(moviehub_widget_pos_7),$PARAM[item])">Skin.Reset(moviehub_widget_pos_7)</onclick>
				<onclick condition="$PARAM[setitem] + String.IsEqual(Skin.String(moviehub_widget_pos_7),$PARAM[item])">Skin.Reset(moviehub_widget_pos_7.label)</onclick>
				<onclick condition="$PARAM[setitem] + String.IsEqual(Skin.String(moviehub_widget_pos_8),$PARAM[item])">Skin.Reset(moviehub_widget_pos_8)</onclick>
				<onclick condition="$PARAM[setitem] + String.IsEqual(Skin.String(moviehub_widget_pos_8),$PARAM[item])">Skin.Reset(moviehub_widget_pos_8.label)</onclick>
				<onclick condition="$PARAM[setitem] + String.IsEqual(Skin.String(moviehub_widget_pos_9),$PARAM[item])">Skin.Reset(moviehub_widget_pos_9)</onclick>
				<onclick condition="$PARAM[setitem] + String.IsEqual(Skin.String(moviehub_widget_pos_9,)$PARAM[item])">Skin.Reset(moviehub_widget_pos_9.label)</onclick>
				<onclick condition="$PARAM[setitem] + String.IsEqual(Skin.String(moviehub_widget_pos_10),$PARAM[item])">Skin.Reset(moviehub_widget_pos_10)</onclick>
				<onclick condition="$PARAM[setitem] + String.IsEqual(Skin.String(moviehub_widget_pos_10),$PARAM[item])">Skin.Reset(moviehub_widget_pos_10.label)</onclick>
				<onclick condition="$PARAM[setitem] + String.IsEqual(Skin.String(moviehub_widget_pos_11),$PARAM[item])">Skin.Reset(moviehub_widget_pos_11)</onclick>
				<onclick condition="$PARAM[setitem] + String.IsEqual(Skin.String(moviehub_widget_pos_11),$PARAM[item])">Skin.Reset(moviehub_widget_pos_11.label)</onclick>
				<onclick condition="$PARAM[setitem] + String.IsEqual(Skin.String(moviehub_widget_pos_12),$PARAM[item])">Skin.Reset(moviehub_widget_pos_12)</onclick>
				<onclick condition="$PARAM[setitem] + String.IsEqual(Skin.String(moviehub_widget_pos_12),$PARAM[item])">Skin.Reset(moviehub_widget_pos_12.label)</onclick>
				<onclick condition="$PARAM[setitem] + String.IsEqual(Skin.String(moviehub_widget_pos_13),$PARAM[item])">Skin.Reset(moviehub_widget_pos_13)</onclick>
				<onclick condition="$PARAM[setitem] + String.IsEqual(Skin.String(moviehub_widget_pos_13),$PARAM[item])">Skin.Reset(moviehub_widget_pos_13.label)</onclick>
				<onclick condition="$PARAM[setitem] + String.IsEqual(Skin.String(moviehub_widget_pos_14),$PARAM[item])">Skin.Reset(moviehub_widget_pos_14)</onclick>
				<onclick condition="$PARAM[setitem] + String.IsEqual(Skin.String(moviehub_widget_pos_14),$PARAM[item])">Skin.Reset(moviehub_widget_pos_14.label)</onclick>
				<onclick condition="$PARAM[setitem] + String.IsEqual(Skin.String(moviehub_widget_pos_15),$PARAM[item])">Skin.Reset(moviehub_widget_pos_15)</onclick>
				<onclick condition="$PARAM[setitem] + String.IsEqual(Skin.String(moviehub_widget_pos_15),$PARAM[item])">Skin.Reset(moviehub_widget_pos_15.label)</onclick>
				<onclick condition="$PARAM[setitem] + String.IsEqual(Skin.String(moviehub_widget_pos_16),$PARAM[item])">Skin.Reset(moviehub_widget_pos_16)</onclick>
				<onclick condition="$PARAM[setitem] + String.IsEqual(Skin.String(moviehub_widget_pos_16),$PARAM[item])">Skin.Reset(moviehub_widget_pos_16.label)</onclick>
				<onclick condition="$PARAM[setitem] + String.IsEqual(Skin.String(moviehub_widget_pos_17),$PARAM[item])">Skin.Reset(moviehub_widget_pos_17)</onclick>
				<onclick condition="$PARAM[setitem] + String.IsEqual(Skin.String(moviehub_widget_pos_17),$PARAM[item])">Skin.Reset(moviehub_widget_pos_17.label)</onclick>
				<onclick condition="$PARAM[setitem] + String.IsEqual(Skin.String(moviehub_widget_pos_18),$PARAM[item])">Skin.Reset(moviehub_widget_pos_18)</onclick>
				<onclick condition="$PARAM[setitem] + String.IsEqual(Skin.String(moviehub_widget_pos_18),$PARAM[item])">Skin.Reset(moviehub_widget_pos_18.label)</onclick>
				<onclick condition="$PARAM[setitem] + String.IsEqual(Skin.String(moviehub_widget_pos_19),$PARAM[item])">Skin.Reset(moviehub_widget_pos_19)</onclick>
				<onclick condition="$PARAM[setitem] + String.IsEqual(Skin.String(moviehub_widget_pos_19),$PARAM[item])">Skin.Reset(moviehub_widget_pos_19.label)</onclick>
				<onclick condition="$PARAM[setitem]">Skin.SetString(moviehub_widget_pos_$PARAM[nr].label,$PARAM[label])</onclick>
				<onclick condition="$PARAM[setitem]">Skin.SetString(moviehub_widget_pos_$PARAM[nr],$PARAM[item])</onclick>
				<onclick condition="$PARAM[clearitem]">Skin.Reset(moviehub_widget_pos_$PARAM[nr])</onclick>
				<onclick condition="$PARAM[clearitem]">Skin.Reset(moviehub_widget_pos_$PARAM[nr].label)</onclick>
				<onclick>AlarmClock(Wait,ActivateWindow(1110),00:01,silent)</onclick>
				<onclick>SetProperty(DoNotKillProperties,1,home)</onclick>
				<onclick>SetProperty(ShowBusy,1,home)</onclick>
				<onclick>Dialog.Close(1110)</onclick>
				<onclick>Dialog.Close(1111)</onclick>
				<visible>$PARAM[visible]</visible>
			</item>
		</definition>
	</include>

	<!-- TV Show HUB Widgets -->
	<include name="TVShowHubWidgetsPositionSelectorTemplate">
		<item>
			<icon>DefaultFolder.png</icon>
			<label>$PARAM[label]</label>
			<property name="pos">$LOCALIZE[31100] $PARAM[nr]</property>
			<onclick>SetProperty(tvshowhub_widget_position,$PARAM[nr],home)</onclick>
			<onclick>ActivateWindow(1111)</onclick>
		</item>
	</include>
	<include name="TVShowHubWidgetsPositionSelector">
		<include content="WidgetItemTemplate">
			<param name="nr" value="$PARAM[nr]"/>
			<param name="type" value="tvshowhub"/>
			<param name="template" value="TVShowHubWidgetsPositionSelectorTemplate"/>
		</include>
	</include>
	<include name="TVShowHubAvailableWidgets">
		<include content="TVShowHubSelectAvailableWidget">
			<param name="label" value="$LOCALIZE[192]"/>
			<param name="setitem" value="false"/>
			<param name="clearitem" value="true"/>
			<param name="icon" value="DefaultAddonNone"/>
		</include>
		<include content="TVShowHubSelectAvailableWidget">
			<param name="label" value="$LOCALIZE[31080]"/>
			<param name="item" value="W_InProgressShows"/>
		</include>
		<include content="TVShowHubSelectAvailableWidget">
			<param name="label" value="$LOCALIZE[31080]   ($LOCALIZE[31208])"/>
			<param name="item" value="W_EmbyCon_InProgressShows"/>
			<param name="visible" value="System.HasAddon(plugin.video.embycon)"/>
		</include>
		<include content="TVShowHubSelectAvailableWidget">
			<param name="label" value="$LOCALIZE[31012]"/>
			<param name="item" value="W_NextUp"/>
		</include>
		<include content="TVShowHubSelectAvailableWidget">
			<param name="label" value="$LOCALIZE[31012]   ($LOCALIZE[31208])"/>
			<param name="item" value="W_EmbyCon_NextUp"/>
			<param name="visible" value="System.HasAddon(plugin.video.embycon)"/>
		</include>
		<include content="TVShowHubSelectAvailableWidget">
			<param name="label" value="$LOCALIZE[31081]"/>
			<param name="item" value="W_NewEpisodes"/>
		</include>
		<include content="TVShowHubSelectAvailableWidget">
			<param name="label" value="$LOCALIZE[31081]   ($LOCALIZE[31208])"/>
			<param name="item" value="W_EmbyCon_NewEpisodes"/>
			<param name="visible" value="System.HasAddon(plugin.video.embycon)"/>
		</include>
		<include content="TVShowHubSelectAvailableWidget">
			<param name="label" value="$LOCALIZE[135]"/>
			<param name="item" value="W_TVShowGenres"/>
		</include>
		<include content="TVShowHubSelectAvailableWidget">
			<param name="label" value="$LOCALIZE[135]   ($LOCALIZE[31208])"/>
			<param name="item" value="W_EmbyCon_TVShowGenres"/>
			<param name="visible" value="System.HasAddon(plugin.video.embycon)"/>
		</include>
		<include content="TVShowHubSelectAvailableWidget">
			<param name="label" value="$LOCALIZE[31017]"/>
			<param name="item" value="W_RecommendedShows"/>
		</include>
		<include content="TVShowHubSelectAvailableWidget">
			<param name="label" value="$LOCALIZE[31017]   ($LOCALIZE[31208])"/>
			<param name="item" value="W_EmbyCon_RecommendedShows"/>
			<param name="visible" value="System.HasAddon(plugin.video.embycon)"/>
		</include>
		<include content="TVShowHubSelectAvailableWidget">
			<param name="label" value="$LOCALIZE[31098]"/>
			<param name="item" value="W_Top250Shows"/>
		</include>
		<include content="TVShowHubSelectAvailableWidget">
			<param name="label" value="$LOCALIZE[31064]   ($LOCALIZE[31181])"/>
			<param name="item" value="W_FavShows"/>
			<param name="visible" value="System.HasAddon(plugin.video.emby)"/>
		</include>
		<include content="TVShowHubSelectAvailableWidget">
			<param name="label" value="$LOCALIZE[31064]   ($LOCALIZE[31208])"/>
			<param name="item" value="W_EmbyCon_FavShows"/>
			<param name="visible" value="System.HasAddon(plugin.video.embycon)"/>
		</include>
		<include content="AvailableCustomWidgets">
			<param name="type" value="TVShowHub"/>
		</include>
	</include>
	<include name="TVShowHubSelectAvailableWidget">
		<param name="icon">DefaultFolder</param>
		<param name="setitem">true</param>
		<param name="clearitem">false</param>
		<param name="visible">true</param>
		<param name="nr">$INFO[Window(home).Property(tvshowhub_widget_position)]</param>
		<definition>
			<item>
				<icon>$PARAM[icon].png</icon>
				<label>$PARAM[label]</label>
				<onclick condition="$PARAM[setitem] + String.IsEqual(Skin.String(tvshowhub_widget_pos_1),$PARAM[item])">Skin.Reset(tvshowhub_widget_pos_1)</onclick>
				<onclick condition="$PARAM[setitem] + String.IsEqual(Skin.String(tvshowhub_widget_pos_1),$PARAM[item])">Skin.Reset(tvshowhub_widget_pos_1.label)</onclick>
				<onclick condition="$PARAM[setitem] + String.IsEqual(Skin.String(tvshowhub_widget_pos_2),$PARAM[item])">Skin.Reset(tvshowhub_widget_pos_2)</onclick>
				<onclick condition="$PARAM[setitem] + String.IsEqual(Skin.String(tvshowhub_widget_pos_2),$PARAM[item])">Skin.Reset(tvshowhub_widget_pos_2.label)</onclick>
				<onclick condition="$PARAM[setitem] + String.IsEqual(Skin.String(tvshowhub_widget_pos_3),$PARAM[item])">Skin.Reset(tvshowhub_widget_pos_3)</onclick>
				<onclick condition="$PARAM[setitem] + String.IsEqual(Skin.String(tvshowhub_widget_pos_3),$PARAM[item])">Skin.Reset(tvshowhub_widget_pos_3.label)</onclick>
				<onclick condition="$PARAM[setitem] + String.IsEqual(Skin.String(tvshowhub_widget_pos_4),$PARAM[item])">Skin.Reset(tvshowhub_widget_pos_4)</onclick>
				<onclick condition="$PARAM[setitem] + String.IsEqual(Skin.String(tvshowhub_widget_pos_4),$PARAM[item])">Skin.Reset(tvshowhub_widget_pos_4.label)</onclick>
				<onclick condition="$PARAM[setitem] + String.IsEqual(Skin.String(tvshowhub_widget_pos_5),$PARAM[item])">Skin.Reset(tvshowhub_widget_pos_5)</onclick>
				<onclick condition="$PARAM[setitem] + String.IsEqual(Skin.String(tvshowhub_widget_pos_5),$PARAM[item])">Skin.Reset(tvshowhub_widget_pos_5.label)</onclick>
				<onclick condition="$PARAM[setitem] + String.IsEqual(Skin.String(tvshowhub_widget_pos_6),$PARAM[item])">Skin.Reset(tvshowhub_widget_pos_6)</onclick>
				<onclick condition="$PARAM[setitem] + String.IsEqual(Skin.String(tvshowhub_widget_pos_6),$PARAM[item])">Skin.Reset(tvshowhub_widget_pos_6.label)</onclick>
				<onclick condition="$PARAM[setitem] + String.IsEqual(Skin.String(tvshowhub_widget_pos_7),$PARAM[item])">Skin.Reset(tvshowhub_widget_pos_7)</onclick>
				<onclick condition="$PARAM[setitem] + String.IsEqual(Skin.String(tvshowhub_widget_pos_7),$PARAM[item])">Skin.Reset(tvshowhub_widget_pos_7.label)</onclick>
				<onclick condition="$PARAM[setitem] + String.IsEqual(Skin.String(tvshowhub_widget_pos_8),$PARAM[item])">Skin.Reset(tvshowhub_widget_pos_8)</onclick>
				<onclick condition="$PARAM[setitem] + String.IsEqual(Skin.String(tvshowhub_widget_pos_8),$PARAM[item])">Skin.Reset(tvshowhub_widget_pos_8.label)</onclick>
				<onclick condition="$PARAM[setitem] + String.IsEqual(Skin.String(tvshowhub_widget_pos_9),$PARAM[item])">Skin.Reset(tvshowhub_widget_pos_9)</onclick>
				<onclick condition="$PARAM[setitem] + String.IsEqual(Skin.String(tvshowhub_widget_pos_9,)$PARAM[item])">Skin.Reset(tvshowhub_widget_pos_9.label)</onclick>
				<onclick condition="$PARAM[setitem] + String.IsEqual(Skin.String(tvshowhub_widget_pos_10),$PARAM[item])">Skin.Reset(tvshowhub_widget_pos_10)</onclick>
				<onclick condition="$PARAM[setitem] + String.IsEqual(Skin.String(tvshowhub_widget_pos_10),$PARAM[item])">Skin.Reset(tvshowhub_widget_pos_10.label)</onclick>
				<onclick condition="$PARAM[setitem] + String.IsEqual(Skin.String(tvshowhub_widget_pos_11),$PARAM[item])">Skin.Reset(tvshowhub_widget_pos_11)</onclick>
				<onclick condition="$PARAM[setitem] + String.IsEqual(Skin.String(tvshowhub_widget_pos_11),$PARAM[item])">Skin.Reset(tvshowhub_widget_pos_11.label)</onclick>
				<onclick condition="$PARAM[setitem] + String.IsEqual(Skin.String(tvshowhub_widget_pos_12),$PARAM[item])">Skin.Reset(tvshowhub_widget_pos_12)</onclick>
				<onclick condition="$PARAM[setitem] + String.IsEqual(Skin.String(tvshowhub_widget_pos_12),$PARAM[item])">Skin.Reset(tvshowhub_widget_pos_12.label)</onclick>
				<onclick condition="$PARAM[setitem] + String.IsEqual(Skin.String(tvshowhub_widget_pos_13),$PARAM[item])">Skin.Reset(tvshowhub_widget_pos_13)</onclick>
				<onclick condition="$PARAM[setitem] + String.IsEqual(Skin.String(tvshowhub_widget_pos_13),$PARAM[item])">Skin.Reset(tvshowhub_widget_pos_13.label)</onclick>
				<onclick condition="$PARAM[setitem] + String.IsEqual(Skin.String(tvshowhub_widget_pos_14),$PARAM[item])">Skin.Reset(tvshowhub_widget_pos_14)</onclick>
				<onclick condition="$PARAM[setitem] + String.IsEqual(Skin.String(tvshowhub_widget_pos_14),$PARAM[item])">Skin.Reset(tvshowhub_widget_pos_14.label)</onclick>
				<onclick condition="$PARAM[setitem] + String.IsEqual(Skin.String(tvshowhub_widget_pos_15),$PARAM[item])">Skin.Reset(tvshowhub_widget_pos_15)</onclick>
				<onclick condition="$PARAM[setitem] + String.IsEqual(Skin.String(tvshowhub_widget_pos_15),$PARAM[item])">Skin.Reset(tvshowhub_widget_pos_15.label)</onclick>
				<onclick condition="$PARAM[setitem] + String.IsEqual(Skin.String(tvshowhub_widget_pos_16),$PARAM[item])">Skin.Reset(tvshowhub_widget_pos_16)</onclick>
				<onclick condition="$PARAM[setitem] + String.IsEqual(Skin.String(tvshowhub_widget_pos_16),$PARAM[item])">Skin.Reset(tvshowhub_widget_pos_16.label)</onclick>
				<onclick condition="$PARAM[setitem] + String.IsEqual(Skin.String(tvshowhub_widget_pos_17),$PARAM[item])">Skin.Reset(tvshowhub_widget_pos_17)</onclick>
				<onclick condition="$PARAM[setitem] + String.IsEqual(Skin.String(tvshowhub_widget_pos_17),$PARAM[item])">Skin.Reset(tvshowhub_widget_pos_17.label)</onclick>
				<onclick condition="$PARAM[setitem] + String.IsEqual(Skin.String(tvshowhub_widget_pos_18),$PARAM[item])">Skin.Reset(tvshowhub_widget_pos_18)</onclick>
				<onclick condition="$PARAM[setitem] + String.IsEqual(Skin.String(tvshowhub_widget_pos_18),$PARAM[item])">Skin.Reset(tvshowhub_widget_pos_18.label)</onclick>
				<onclick condition="$PARAM[setitem] + String.IsEqual(Skin.String(tvshowhub_widget_pos_19),$PARAM[item])">Skin.Reset(tvshowhub_widget_pos_19)</onclick>
				<onclick condition="$PARAM[setitem] + String.IsEqual(Skin.String(tvshowhub_widget_pos_19),$PARAM[item])">Skin.Reset(tvshowhub_widget_pos_19.label)</onclick>
				<onclick condition="$PARAM[setitem]">Skin.SetString(tvshowhub_widget_pos_$PARAM[nr].label,$PARAM[label])</onclick>
				<onclick condition="$PARAM[setitem]">Skin.SetString(tvshowhub_widget_pos_$PARAM[nr],$PARAM[item])</onclick>
				<onclick condition="$PARAM[clearitem]">Skin.Reset(tvshowhub_widget_pos_$PARAM[nr])</onclick>
				<onclick condition="$PARAM[clearitem]">Skin.Reset(tvshowhub_widget_pos_$PARAM[nr].label)</onclick>
				<onclick>AlarmClock(Wait,ActivateWindow(1110),00:01,silent)</onclick>
				<onclick>SetProperty(DoNotKillProperties,1,home)</onclick>
				<onclick>SetProperty(ShowBusy,1,home)</onclick>
				<onclick>Dialog.Close(1110)</onclick>
				<onclick>Dialog.Close(1111)</onclick>
				<visible>$PARAM[visible]</visible>
			</item>
		</definition>
	</include>

	<!-- Music HUB Widgets -->
	<include name="MusicHubWidgetsPositionSelectorTemplate">
		<item>
			<icon>DefaultFolder.png</icon>
			<label>$PARAM[label]</label>
			<property name="pos">$LOCALIZE[31100] $PARAM[nr]</property>
			<onclick>SetProperty(musichub_widget_position,$PARAM[nr],home)</onclick>
			<onclick>ActivateWindow(1111)</onclick>
		</item>
	</include>
	<include name="MusicHubWidgetsPositionSelector">
		<include content="WidgetItemTemplate">
			<param name="nr" value="$PARAM[nr]"/>
			<param name="type" value="musichub"/>
			<param name="template" value="MusicHubWidgetsPositionSelectorTemplate"/>
		</include>
	</include>
	<include name="MusicHubAvailableWidgets">
		<include content="MusicHubSelectAvailableWidget">
			<param name="label" value="$LOCALIZE[192]"/>
			<param name="setitem" value="false"/>
			<param name="clearitem" value="true"/>
			<param name="icon" value="DefaultAddonNone"/>
		</include>
		<include content="MusicHubSelectAvailableWidget">
			<param name="label" value="$LOCALIZE[359]"/>
			<param name="item" value="W_NewAlbums"/>
		</include>
		<include content="MusicHubSelectAvailableWidget">
			<param name="label" value="$LOCALIZE[359]   ($LOCALIZE[31208])"/>
			<param name="item" value="W_EmbyCon_NewAlbums"/>
			<param name="visible" value="System.HasAddon(plugin.video.embycon)"/>
		</include>
		<include content="MusicHubSelectAvailableWidget">
			<param name="label" value="$LOCALIZE[517]"/>
			<param name="item" value="W_PlayedAlbums"/>
		</include>
		<include content="MusicHubSelectAvailableWidget">
			<param name="label" value="$LOCALIZE[31215]"/>
			<param name="item" value="W_OftenPlayedSongs"/>
		</include>
		<include content="MusicHubSelectAvailableWidget">
			<param name="label" value="$LOCALIZE[31215]   ($LOCALIZE[31208])"/>
			<param name="item" value="W_EmbyCon_OftenPlayedSongs"/>
			<param name="visible" value="System.HasAddon(plugin.video.embycon)"/>
		</include>
		<include content="MusicHubSelectAvailableWidget">
			<param name="label" value="$LOCALIZE[31212]   ($LOCALIZE[31208])"/>
			<param name="item" value="W_EmbyCon_FavArtists"/>
			<param name="visible" value="System.HasAddon(plugin.video.embycon)"/>
		</include>
		<include content="MusicHubSelectAvailableWidget">
			<param name="label" value="$LOCALIZE[31213]   ($LOCALIZE[31208])"/>
			<param name="item" value="W_EmbyCon_FavAlbums"/>
			<param name="visible" value="System.HasAddon(plugin.video.embycon)"/>
		</include>
		<include content="MusicHubSelectAvailableWidget">
			<param name="label" value="$LOCALIZE[31214]   ($LOCALIZE[31208])"/>
			<param name="item" value="W_EmbyCon_FavSongs"/>
			<param name="visible" value="System.HasAddon(plugin.video.embycon)"/>
		</include>
		<include content="AvailableCustomWidgets">
			<param name="type" value="MusicHub"/>
		</include>
	</include>
	<include name="MusicHubSelectAvailableWidget">
		<param name="icon">DefaultFolder</param>
		<param name="setitem">true</param>
		<param name="clearitem">false</param>
		<param name="visible">true</param>
		<param name="nr">$INFO[Window(home).Property(musichub_widget_position)]</param>
		<definition>
			<item>
				<icon>$PARAM[icon].png</icon>
				<label>$PARAM[label]</label>
				<onclick condition="$PARAM[setitem] + String.IsEqual(Skin.String(musichub_widget_pos_1),$PARAM[item])">Skin.Reset(musichub_widget_pos_1)</onclick>
				<onclick condition="$PARAM[setitem] + String.IsEqual(Skin.String(musichub_widget_pos_1),$PARAM[item])">Skin.Reset(musichub_widget_pos_1.label)</onclick>
				<onclick condition="$PARAM[setitem] + String.IsEqual(Skin.String(musichub_widget_pos_2),$PARAM[item])">Skin.Reset(musichub_widget_pos_2)</onclick>
				<onclick condition="$PARAM[setitem] + String.IsEqual(Skin.String(musichub_widget_pos_2),$PARAM[item])">Skin.Reset(musichub_widget_pos_2.label)</onclick>
				<onclick condition="$PARAM[setitem] + String.IsEqual(Skin.String(musichub_widget_pos_3),$PARAM[item])">Skin.Reset(musichub_widget_pos_3)</onclick>
				<onclick condition="$PARAM[setitem] + String.IsEqual(Skin.String(musichub_widget_pos_3),$PARAM[item])">Skin.Reset(musichub_widget_pos_3.label)</onclick>
				<onclick condition="$PARAM[setitem] + String.IsEqual(Skin.String(musichub_widget_pos_4),$PARAM[item])">Skin.Reset(musichub_widget_pos_4)</onclick>
				<onclick condition="$PARAM[setitem] + String.IsEqual(Skin.String(musichub_widget_pos_4),$PARAM[item])">Skin.Reset(musichub_widget_pos_4.label)</onclick>
				<onclick condition="$PARAM[setitem] + String.IsEqual(Skin.String(musichub_widget_pos_5),$PARAM[item])">Skin.Reset(musichub_widget_pos_5)</onclick>
				<onclick condition="$PARAM[setitem] + String.IsEqual(Skin.String(musichub_widget_pos_5),$PARAM[item])">Skin.Reset(musichub_widget_pos_5.label)</onclick>
				<onclick condition="$PARAM[setitem] + String.IsEqual(Skin.String(musichub_widget_pos_6),$PARAM[item])">Skin.Reset(musichub_widget_pos_6)</onclick>
				<onclick condition="$PARAM[setitem] + String.IsEqual(Skin.String(musichub_widget_pos_6),$PARAM[item])">Skin.Reset(musichub_widget_pos_6.label)</onclick>
				<onclick condition="$PARAM[setitem] + String.IsEqual(Skin.String(musichub_widget_pos_7),$PARAM[item])">Skin.Reset(musichub_widget_pos_7)</onclick>
				<onclick condition="$PARAM[setitem] + String.IsEqual(Skin.String(musichub_widget_pos_7),$PARAM[item])">Skin.Reset(musichub_widget_pos_7.label)</onclick>
				<onclick condition="$PARAM[setitem] + String.IsEqual(Skin.String(musichub_widget_pos_8),$PARAM[item])">Skin.Reset(musichub_widget_pos_8)</onclick>
				<onclick condition="$PARAM[setitem] + String.IsEqual(Skin.String(musichub_widget_pos_8),$PARAM[item])">Skin.Reset(musichub_widget_pos_8.label)</onclick>
				<onclick condition="$PARAM[setitem] + String.IsEqual(Skin.String(musichub_widget_pos_9),$PARAM[item])">Skin.Reset(musichub_widget_pos_9)</onclick>
				<onclick condition="$PARAM[setitem] + String.IsEqual(Skin.String(musichub_widget_pos_9,)$PARAM[item])">Skin.Reset(musichub_widget_pos_9.label)</onclick>
				<onclick condition="$PARAM[setitem] + String.IsEqual(Skin.String(musichub_widget_pos_10),$PARAM[item])">Skin.Reset(musichub_widget_pos_10)</onclick>
				<onclick condition="$PARAM[setitem] + String.IsEqual(Skin.String(musichub_widget_pos_10),$PARAM[item])">Skin.Reset(musichub_widget_pos_10.label)</onclick>
				<onclick condition="$PARAM[setitem] + String.IsEqual(Skin.String(musichub_widget_pos_11),$PARAM[item])">Skin.Reset(musichub_widget_pos_11)</onclick>
				<onclick condition="$PARAM[setitem] + String.IsEqual(Skin.String(musichub_widget_pos_11),$PARAM[item])">Skin.Reset(musichub_widget_pos_11.label)</onclick>
				<onclick condition="$PARAM[setitem] + String.IsEqual(Skin.String(musichub_widget_pos_12),$PARAM[item])">Skin.Reset(musichub_widget_pos_12)</onclick>
				<onclick condition="$PARAM[setitem] + String.IsEqual(Skin.String(musichub_widget_pos_12),$PARAM[item])">Skin.Reset(musichub_widget_pos_12.label)</onclick>
				<onclick condition="$PARAM[setitem] + String.IsEqual(Skin.String(musichub_widget_pos_13),$PARAM[item])">Skin.Reset(musichub_widget_pos_13)</onclick>
				<onclick condition="$PARAM[setitem] + String.IsEqual(Skin.String(musichub_widget_pos_13),$PARAM[item])">Skin.Reset(musichub_widget_pos_13.label)</onclick>
				<onclick condition="$PARAM[setitem] + String.IsEqual(Skin.String(musichub_widget_pos_14),$PARAM[item])">Skin.Reset(musichub_widget_pos_14)</onclick>
				<onclick condition="$PARAM[setitem] + String.IsEqual(Skin.String(musichub_widget_pos_14),$PARAM[item])">Skin.Reset(musichub_widget_pos_14.label)</onclick>
				<onclick condition="$PARAM[setitem]">Skin.SetString(musichub_widget_pos_$PARAM[nr].label,$PARAM[label])</onclick>
				<onclick condition="$PARAM[setitem]">Skin.SetString(musichub_widget_pos_$PARAM[nr],$PARAM[item])</onclick>
				<onclick condition="$PARAM[clearitem]">Skin.Reset(musichub_widget_pos_$PARAM[nr])</onclick>
				<onclick condition="$PARAM[clearitem]">Skin.Reset(musichub_widget_pos_$PARAM[nr].label)</onclick>
				<onclick>AlarmClock(Wait,ActivateWindow(1110),00:01,silent)</onclick>
				<onclick>SetProperty(DoNotKillProperties,1,home)</onclick>
				<onclick>SetProperty(ShowBusy,1,home)</onclick>
				<onclick>Dialog.Close(1110)</onclick>
				<onclick>Dialog.Close(1111)</onclick>
				<visible>$PARAM[visible]</visible>
			</item>
		</definition>
	</include>

	<!-- Main menu -->
	<include name="MainMenuPositionSelectorTemplate">
		<item>
			<icon>DefaultFolder.png</icon>
			<label>$PARAM[label]</label>
			<property name="pos">$LOCALIZE[31100] $PARAM[nr]</property>
			<onclick>SetProperty(menu_position,$PARAM[nr],home)</onclick>
			<onclick>ActivateWindow(1111)</onclick>
		</item>
	</include>
	<include name="MainMenuPositionSelector">
		<!-- default -->
		<include condition="!String.StartsWith(Skin.String(home_menu_pos_$PARAM[nr]),emby) + !String.StartsWith(Skin.String(home_menu_pos_$PARAM[nr]),custom)" content="MainMenuPositionSelectorTemplate">
			<param name="nr" value="$PARAM[nr]"/>
			<param name="label" value="$INFO[Skin.String(home_menu_pos_$PARAM[nr].label)]"/>
		</include>
		<!-- custom -->
		<include condition="String.IsEqual(Skin.String(home_menu_pos_$PARAM[nr]),custom1)" content="MainMenuPositionSelectorTemplate">
			<param name="nr" value="$PARAM[nr]"/>
			<param name="label" value="$INFO[Skin.String(UserHomeHub1_name),,   ($LOCALIZE[31200] 1)]"/>
		</include>
		<include condition="String.IsEqual(Skin.String(home_menu_pos_$PARAM[nr]),custom2)" content="MainMenuPositionSelectorTemplate">
			<param name="nr" value="$PARAM[nr]"/>
			<param name="label" value="$INFO[Skin.String(UserHomeHub2_name),,   ($LOCALIZE[31200] 2)]"/>
		</include>
		<include condition="String.IsEqual(Skin.String(home_menu_pos_$PARAM[nr]),custom3)" content="MainMenuPositionSelectorTemplate">
			<param name="nr" value="$PARAM[nr]"/>
			<param name="label" value="$INFO[Skin.String(UserHomeHub3_name),,   ($LOCALIZE[31200] 3)]"/>
		</include>
		<include condition="String.IsEqual(Skin.String(home_menu_pos_$PARAM[nr]),custom4)" content="MainMenuPositionSelectorTemplate">
			<param name="nr" value="$PARAM[nr]"/>
			<param name="label" value="$INFO[Skin.String(UserHomeHub4_name),,   ($LOCALIZE[31200] 4)]"/>
		</include>
		<include condition="String.IsEqual(Skin.String(home_menu_pos_$PARAM[nr]),custom5)" content="MainMenuPositionSelectorTemplate">
			<param name="nr" value="$PARAM[nr]"/>
			<param name="label" value="$INFO[Skin.String(UserHomeHub5_name),,   ($LOCALIZE[31200] 5)]"/>
		</include>
		<include condition="String.IsEqual(Skin.String(home_menu_pos_$PARAM[nr]),custom6)" content="MainMenuPositionSelectorTemplate">
			<param name="nr" value="$PARAM[nr]"/>
			<param name="label" value="$INFO[Skin.String(UserHomeHub6_name),,   ($LOCALIZE[31200] 6)]"/>
		</include>
		<!-- emby -->
		<include condition="String.IsEqual(Skin.String(home_menu_pos_$PARAM[nr]),emby0)" content="MainMenuPositionSelectorTemplate">
			<param name="nr" value="$PARAM[nr]"/>
			<param name="label" value="$INFO[Window(home).Property(emby.nodes.0.title),,   ($LOCALIZE[31181])]"/>
		</include>
		<include condition="String.IsEqual(Skin.String(home_menu_pos_$PARAM[nr]),emby1)" content="MainMenuPositionSelectorTemplate">
			<param name="nr" value="$PARAM[nr]"/>
			<param name="label" value="$INFO[Window(home).Property(emby.nodes.1.title),,   ($LOCALIZE[31181])]"/>
		</include>
		<include condition="String.IsEqual(Skin.String(home_menu_pos_$PARAM[nr]),emby2)" content="MainMenuPositionSelectorTemplate">
			<param name="nr" value="$PARAM[nr]"/>
			<param name="label" value="$INFO[Window(home).Property(emby.nodes.2.title),,   ($LOCALIZE[31181])]"/>
		</include>
		<include condition="String.IsEqual(Skin.String(home_menu_pos_$PARAM[nr]),emby3)" content="MainMenuPositionSelectorTemplate">
			<param name="nr" value="$PARAM[nr]"/>
			<param name="label" value="$INFO[Window(home).Property(emby.nodes.3.title),,   ($LOCALIZE[31181])]"/>
		</include>
		<include condition="String.IsEqual(Skin.String(home_menu_pos_$PARAM[nr]),emby4)" content="MainMenuPositionSelectorTemplate">
			<param name="nr" value="$PARAM[nr]"/>
			<param name="label" value="$INFO[Window(home).Property(emby.nodes.4.title),,   ($LOCALIZE[31181])]"/>
		</include>
		<include condition="String.IsEqual(Skin.String(home_menu_pos_$PARAM[nr]),emby5)" content="MainMenuPositionSelectorTemplate">
			<param name="nr" value="$PARAM[nr]"/>
			<param name="label" value="$INFO[Window(home).Property(emby.nodes.5.title),,   ($LOCALIZE[31181])]"/>
		</include>
		<include condition="String.IsEqual(Skin.String(home_menu_pos_$PARAM[nr]),emby6)" content="MainMenuPositionSelectorTemplate">
			<param name="nr" value="$PARAM[nr]"/>
			<param name="label" value="$INFO[Window(home).Property(emby.nodes.6.title),,   ($LOCALIZE[31181])]"/>
		</include>
		<include condition="String.IsEqual(Skin.String(home_menu_pos_$PARAM[nr]),emby7)" content="MainMenuPositionSelectorTemplate">
			<param name="nr" value="$PARAM[nr]"/>
			<param name="label" value="$INFO[Window(home).Property(emby.nodes.7.title),,   ($LOCALIZE[31181])]"/>
		</include>
		<include condition="String.IsEqual(Skin.String(home_menu_pos_$PARAM[nr]),emby8)" content="MainMenuPositionSelectorTemplate">
			<param name="nr" value="$PARAM[nr]"/>
			<param name="label" value="$INFO[Window(home).Property(emby.nodes.8.title),,   ($LOCALIZE[31181])]"/>
		</include>
		<include condition="String.IsEqual(Skin.String(home_menu_pos_$PARAM[nr]),emby9)" content="MainMenuPositionSelectorTemplate">
			<param name="nr" value="$PARAM[nr]"/>
			<param name="label" value="$INFO[Window(home).Property(emby.nodes.9.title),,   ($LOCALIZE[31181])]"/>
		</include>
		<!-- embycon -->
		<include condition="String.IsEqual(Skin.String(home_menu_pos_$PARAM[nr]),embycon0)" content="MainMenuPositionSelectorTemplate">
			<param name="nr" value="$PARAM[nr]"/>
			<param name="label" value="$INFO[Window(home).Property(plugin.video.embycon-view_item.0.name),,   ($LOCALIZE[31208])]"/>
		</include>
		<include condition="String.IsEqual(Skin.String(home_menu_pos_$PARAM[nr]),embycon1)" content="MainMenuPositionSelectorTemplate">
			<param name="nr" value="$PARAM[nr]"/>
			<param name="label" value="$INFO[Window(home).Property(plugin.video.embycon-view_item.1.name),,   ($LOCALIZE[31208])]"/>
		</include>
		<include condition="String.IsEqual(Skin.String(home_menu_pos_$PARAM[nr]),embycon2)" content="MainMenuPositionSelectorTemplate">
			<param name="nr" value="$PARAM[nr]"/>
			<param name="label" value="$INFO[Window(home).Property(plugin.video.embycon-view_item.2.name),,   ($LOCALIZE[31208])]"/>
		</include>
		<include condition="String.IsEqual(Skin.String(home_menu_pos_$PARAM[nr]),embycon3)" content="MainMenuPositionSelectorTemplate">
			<param name="nr" value="$PARAM[nr]"/>
			<param name="label" value="$INFO[Window(home).Property(plugin.video.embycon-view_item.3.name),,   ($LOCALIZE[31208])]"/>
		</include>
		<include condition="String.IsEqual(Skin.String(home_menu_pos_$PARAM[nr]),embycon4)" content="MainMenuPositionSelectorTemplate">
			<param name="nr" value="$PARAM[nr]"/>
			<param name="label" value="$INFO[Window(home).Property(plugin.video.embycon-view_item.4.name),,   ($LOCALIZE[31208])]"/>
		</include>
		<include condition="String.IsEqual(Skin.String(home_menu_pos_$PARAM[nr]),embycon5)" content="MainMenuPositionSelectorTemplate">
			<param name="nr" value="$PARAM[nr]"/>
			<param name="label" value="$INFO[Window(home).Property(plugin.video.embycon-view_item.5.name),,   ($LOCALIZE[31208])]"/>
		</include>
		<include condition="String.IsEqual(Skin.String(home_menu_pos_$PARAM[nr]),embycon6)" content="MainMenuPositionSelectorTemplate">
			<param name="nr" value="$PARAM[nr]"/>
			<param name="label" value="$INFO[Window(home).Property(plugin.video.embycon-view_item.6.name),,   ($LOCALIZE[31208])]"/>
		</include>
		<include condition="String.IsEqual(Skin.String(home_menu_pos_$PARAM[nr]),embycon7)" content="MainMenuPositionSelectorTemplate">
			<param name="nr" value="$PARAM[nr]"/>
			<param name="label" value="$INFO[Window(home).Property(plugin.video.embycon-view_item.7.name),,   ($LOCALIZE[31208])]"/>
		</include>
		<include condition="String.IsEqual(Skin.String(home_menu_pos_$PARAM[nr]),embycon8)" content="MainMenuPositionSelectorTemplate">
			<param name="nr" value="$PARAM[nr]"/>
			<param name="label" value="$INFO[Window(home).Property(plugin.video.embycon-view_item.8.name),,   ($LOCALIZE[31208])]"/>
		</include>
		<include condition="String.IsEqual(Skin.String(home_menu_pos_$PARAM[nr]),embycon9)" content="MainMenuPositionSelectorTemplate">
			<param name="nr" value="$PARAM[nr]"/>
			<param name="label" value="$INFO[Window(home).Property(plugin.video.embycon-view_item.9.name),,   ($LOCALIZE[31208])]"/>
		</include>
	</include>
	<include name="MainMenuAvailableItems">
		<include content="MainMenuSelectAvailableItems">
			<param name="label" value="$LOCALIZE[192]"/>
			<param name="setitem" value="false"/>
			<param name="clearitem" value="true"/>
			<param name="icon" value="DefaultAddonNone.png"/>
		</include>
		<include content="MainMenuSelectAvailableItems">
			<param name="label" value="$LOCALIZE[31180]"/>
			<param name="item" value="movies"/>
			<param name="setlabel" value="true"/>
			<param name="visible" value="$EXP[MenuMoviesVisiblity]"/>
		</include>
		<include content="MainMenuSelectAvailableItems">
			<param name="label" value="$LOCALIZE[31169]"/>
			<param name="item" value="sets"/>
			<param name="setlabel" value="true"/>
			<param name="visible" value="Library.HasContent(MovieSets)"/>
		</include>
		<include content="MainMenuSelectAvailableItems">
			<param name="label" value="$LOCALIZE[31179]"/>
			<param name="item" value="shows"/>
			<param name="setlabel" value="true"/>
			<param name="visible" value="$EXP[MenuTVShowsVisiblity]"/>
		</include>
		<include content="MainMenuSelectAvailableItems">
			<param name="label" value="$INFO[Window(home).Property(emby.nodes.0.title),,   ]($LOCALIZE[31181])"/>
			<param name="item" value="emby0"/>
			<param name="icon" value="$INFO[Window(home).Property(emby.nodes.0.artwork)]"/>
			<param name="visible" value="$EXP[MenuEmby0Visiblity] + !String.IsEmpty(Window(home).Property(emby.nodes.0.title))"/>
		</include>
		<include content="MainMenuSelectAvailableItems">
			<param name="label" value="$INFO[Window(home).Property(emby.nodes.1.title),,   ]($LOCALIZE[31181])"/>
			<param name="item" value="emby1"/>
			<param name="icon" value="$INFO[Window(home).Property(emby.nodes.1.artwork)]"/>
			<param name="visible" value="$EXP[MenuEmby1Visiblity] + !String.IsEmpty(Window(home).Property(emby.nodes.1.title))"/>
		</include>
		<include content="MainMenuSelectAvailableItems">
			<param name="label" value="$INFO[Window(home).Property(emby.nodes.2.title),,   ]($LOCALIZE[31181])"/>
			<param name="item" value="emby2"/>
			<param name="icon" value="$INFO[Window(home).Property(emby.nodes.2.artwork)]"/>
			<param name="visible" value="$EXP[MenuEmby2Visiblity] + !String.IsEmpty(Window(home).Property(emby.nodes.2.title))"/>
		</include>
		<include content="MainMenuSelectAvailableItems">
			<param name="label" value="$INFO[Window(home).Property(emby.nodes.3.title),,   ]($LOCALIZE[31181])"/>
			<param name="item" value="emby3"/>
			<param name="icon" value="$INFO[Window(home).Property(emby.nodes.3.artwork)]"/>
			<param name="visible" value="$EXP[MenuEmby3Visiblity] + !String.IsEmpty(Window(home).Property(emby.nodes.3.title))"/>
		</include>
		<include content="MainMenuSelectAvailableItems">
			<param name="label" value="$INFO[Window(home).Property(emby.nodes.4.title),,   ]($LOCALIZE[31181])"/>
			<param name="item" value="emby4"/>
			<param name="icon" value="$INFO[Window(home).Property(emby.nodes.4.artwork)]"/>
			<param name="visible" value="$EXP[MenuEmby4Visiblity] + !String.IsEmpty(Window(home).Property(emby.nodes.4.title))"/>
		</include>
		<include content="MainMenuSelectAvailableItems">
			<param name="label" value="$INFO[Window(home).Property(emby.nodes.5.title),,   ]($LOCALIZE[31181])"/>
			<param name="item" value="emby5"/>
			<param name="icon" value="$INFO[Window(home).Property(emby.nodes.5.artwork)]"/>
			<param name="visible" value="$EXP[MenuEmby5Visiblity] + !String.IsEmpty(Window(home).Property(emby.nodes.5.title))"/>
		</include>
		<include content="MainMenuSelectAvailableItems">
			<param name="label" value="$INFO[Window(home).Property(emby.nodes.6.title),,   ]($LOCALIZE[31181])"/>
			<param name="item" value="emby6"/>
			<param name="icon" value="$INFO[Window(home).Property(emby.nodes.6.artwork)]"/>
			<param name="visible" value="$EXP[MenuEmby6Visiblity] + !String.IsEmpty(Window(home).Property(emby.nodes.6.title))"/>
		</include>
		<include content="MainMenuSelectAvailableItems">
			<param name="label" value="$INFO[Window(home).Property(emby.nodes.7.title),,   ]($LOCALIZE[31181])"/>
			<param name="item" value="emby7"/>
			<param name="icon" value="$INFO[Window(home).Property(emby.nodes.7.artwork)]"/>
			<param name="visible" value="$EXP[MenuEmby7Visiblity] + !String.IsEmpty(Window(home).Property(emby.nodes.7.title))"/>
		</include>
		<include content="MainMenuSelectAvailableItems">
			<param name="label" value="$INFO[Window(home).Property(emby.nodes.8.title),,   ]($LOCALIZE[31181])"/>
			<param name="item" value="emby8"/>
			<param name="icon" value="$INFO[Window(home).Property(emby.nodes.8.artwork)]"/>
			<param name="visible" value="$EXP[MenuEmby8Visiblity] + !String.IsEmpty(Window(home).Property(emby.nodes.8.title))"/>
		</include>
		<include content="MainMenuSelectAvailableItems">
			<param name="label" value="$INFO[Window(home).Property(emby.nodes.9.title),,   ]($LOCALIZE[31181])"/>
			<param name="item" value="emby9"/>
			<param name="icon" value="$INFO[Window(home).Property(emby.nodes.9.artwork)]"/>
			<param name="visible" value="$EXP[MenuEmby9Visiblity] + !String.IsEmpty(Window(home).Property(emby.nodes.9.title))"/>
		</include>
		<include content="MainMenuSelectAvailableItems">
			<param name="label" value="$INFO[Window(home).Property(plugin.video.embycon-view_item.0.name),,   ]($LOCALIZE[31208])"/>
			<param name="item" value="embycon0"/>
			<param name="icon" value="$INFO[Window(home).Property(plugin.video.embycon-view_item.0.thumb)]"/>
			<param name="visible" value="$EXP[MenuEmbyCon0Visiblity] + !String.IsEmpty(Window(home).Property(plugin.video.embycon-view_item.0.name))"/>
		</include>
		<include content="MainMenuSelectAvailableItems">
			<param name="label" value="$INFO[Window(home).Property(plugin.video.embycon-view_item.1.name),,   ]($LOCALIZE[31208])"/>
			<param name="item" value="embycon1"/>
			<param name="icon" value="$INFO[Window(home).Property(plugin.video.embycon-view_item.1.thumb)]"/>
			<param name="visible" value="$EXP[MenuEmbyCon1Visiblity] + !String.IsEmpty(Window(home).Property(plugin.video.embycon-view_item.1.name))"/>
		</include>
		<include content="MainMenuSelectAvailableItems">
			<param name="label" value="$INFO[Window(home).Property(plugin.video.embycon-view_item.2.name),,   ]($LOCALIZE[31208])"/>
			<param name="item" value="embycon2"/>
			<param name="icon" value="$INFO[Window(home).Property(plugin.video.embycon-view_item.2.thumb)]"/>
			<param name="visible" value="$EXP[MenuEmbyCon2Visiblity] + !String.IsEmpty(Window(home).Property(plugin.video.embycon-view_item.2.name))"/>
		</include>
		<include content="MainMenuSelectAvailableItems">
			<param name="label" value="$INFO[Window(home).Property(plugin.video.embycon-view_item.3.name),,   ]($LOCALIZE[31208])"/>
			<param name="item" value="embycon3"/>
			<param name="icon" value="$INFO[Window(home).Property(plugin.video.embycon-view_item.3.thumb)]"/>
			<param name="visible" value="$EXP[MenuEmbyCon3Visiblity] + !String.IsEmpty(Window(home).Property(plugin.video.embycon-view_item.3.name))"/>
		</include>
		<include content="MainMenuSelectAvailableItems">
			<param name="label" value="$INFO[Window(home).Property(plugin.video.embycon-view_item.4.name),,   ]($LOCALIZE[31208])"/>
			<param name="item" value="embycon4"/>
			<param name="icon" value="$INFO[Window(home).Property(plugin.video.embycon-view_item.4.thumb)]"/>
			<param name="visible" value="$EXP[MenuEmbyCon2Visiblity] + !String.IsEmpty(Window(home).Property(plugin.video.embycon-view_item.4.name))"/>
		</include>
		<include content="MainMenuSelectAvailableItems">
			<param name="label" value="$INFO[Window(home).Property(plugin.video.embycon-view_item.5.name),,   ]($LOCALIZE[31208])"/>
			<param name="item" value="embycon5"/>
			<param name="icon" value="$INFO[Window(home).Property(plugin.video.embycon-view_item.5.thumb)]"/>
			<param name="visible" value="$EXP[MenuEmbyCon2Visiblity] + !String.IsEmpty(Window(home).Property(plugin.video.embycon-view_item.5.name))"/>
		</include>
		<include content="MainMenuSelectAvailableItems">
			<param name="label" value="$INFO[Window(home).Property(plugin.video.embycon-view_item.6.name),,   ]($LOCALIZE[31208])"/>
			<param name="item" value="embycon6"/>
			<param name="icon" value="$INFO[Window(home).Property(plugin.video.embycon-view_item.6.thumb)]"/>
			<param name="visible" value="$EXP[MenuEmbyCon2Visiblity] + !String.IsEmpty(Window(home).Property(plugin.video.embycon-view_item.6.name))"/>
		</include>
		<include content="MainMenuSelectAvailableItems">
			<param name="label" value="$INFO[Window(home).Property(plugin.video.embycon-view_item.7.name),,   ]($LOCALIZE[31208])"/>
			<param name="item" value="embycon7"/>
			<param name="icon" value="$INFO[Window(home).Property(plugin.video.embycon-view_item.7.thumb)]"/>
			<param name="visible" value="$EXP[MenuEmbyCon2Visiblity] + !String.IsEmpty(Window(home).Property(plugin.video.embycon-view_item.7.name))"/>
		</include>
		<include content="MainMenuSelectAvailableItems">
			<param name="label" value="$INFO[Window(home).Property(plugin.video.embycon-view_item.8.name),,   ]($LOCALIZE[31208])"/>
			<param name="item" value="embycon8"/>
			<param name="icon" value="$INFO[Window(home).Property(plugin.video.embycon-view_item.8.thumb)]"/>
			<param name="visible" value="$EXP[MenuEmbyCon2Visiblity] + !String.IsEmpty(Window(home).Property(plugin.video.embycon-view_item.8.name))"/>
		</include>
		<include content="MainMenuSelectAvailableItems">
			<param name="label" value="$INFO[Window(home).Property(plugin.video.embycon-view_item.9.name),,   ]($LOCALIZE[31208])"/>
			<param name="item" value="embycon9"/>
			<param name="icon" value="$INFO[Window(home).Property(plugin.video.embycon-view_item.9.thumb)]"/>
			<param name="visible" value="$EXP[MenuEmbyCon2Visiblity] + !String.IsEmpty(Window(home).Property(plugin.video.embycon-view_item.9.name))"/>
		</include>
		<include content="MainMenuSelectAvailableItems">
			<param name="label" value="$VAR[PVRLabel]"/>
			<param name="item" value="pvr"/>
			<param name="visible" value="$EXP[MenuPVRVisiblity]"/>
		</include>
		<include content="MainMenuSelectAvailableItems">
			<param name="label" value="$LOCALIZE[19017]"/>
			<param name="item" value="recordings"/>
			<param name="visible" value="$EXP[MenuPVRVisiblity]"/>
		</include>
		<include content="MainMenuSelectAvailableItems">
			<param name="label" value="$LOCALIZE[2]"/>
			<param name="item" value="music"/>
			<param name="setlabel" value="true"/>
			<param name="visible" value="$EXP[MenuMusicVisiblity]"/>
		</include>
		<include content="MainMenuSelectAvailableItems">
			<param name="label" value="$LOCALIZE[20389]"/>
			<param name="item" value="music"/>
			<param name="setlabel" value="true"/>
			<param name="visible" value="$EXP[MenuMusicvideosVisiblity]"/>
		</include>
		<include content="MainMenuSelectAvailableItems">
			<param name="label" value="$LOCALIZE[24001]"/>
			<param name="item" value="addons"/>
			<param name="setlabel" value="true"/>
			<param name="visible" value="true"/>
		</include>
		<include content="MainMenuSelectAvailableItems">
			<param name="label" value="$INFO[Skin.String(UserHomeHub1_name),,   ]($LOCALIZE[31200] 1)"/>
			<param name="item" value="custom1"/>
			<param name="visible" value="Skin.HasSetting(UserHomeHub1)"/>
		</include>
		<include content="MainMenuSelectAvailableItems">
			<param name="label" value="$INFO[Skin.String(UserHomeHub2_name),,   ]($LOCALIZE[31200] 2)"/>
			<param name="item" value="custom2"/>
			<param name="visible" value="Skin.HasSetting(UserHomeHub2)"/>
		</include>
		<include content="MainMenuSelectAvailableItems">
			<param name="label" value="$INFO[Skin.String(UserHomeHub3_name),,   ]($LOCALIZE[31200] 3)"/>
			<param name="item" value="custom3"/>
			<param name="visible" value="Skin.HasSetting(UserHomeHub3)"/>
		</include>
		<include content="MainMenuSelectAvailableItems">
			<param name="label" value="$INFO[Skin.String(UserHomeHub4_name),,   ]($LOCALIZE[31200] 4)"/>
			<param name="item" value="custom4"/>
			<param name="visible" value="Skin.HasSetting(UserHomeHub4)"/>
		</include>
		<include content="MainMenuSelectAvailableItems">
			<param name="label" value="$INFO[Skin.String(UserHomeHub4_name),,   ]($LOCALIZE[31200] 5)"/>
			<param name="item" value="custom5"/>
			<param name="visible" value="Skin.HasSetting(UserHomeHub5)"/>
		</include>
		<include content="MainMenuSelectAvailableItems">
			<param name="label" value="$INFO[Skin.String(UserHomeHub6_name),,   ]($LOCALIZE[31200] 6)"/>
			<param name="item" value="custom6"/>
			<param name="visible" value="Skin.HasSetting(UserHomeHub6)"/>
		</include>
	</include>
	<include name="MainMenuSelectAvailableItems">
		<param name="icon">DefaultFolder.png</param>
		<param name="setitem">true</param>
		<param name="clearitem">false</param>
		<param name="setlabel">false</param>
		<param name="nr">$INFO[Window(home).Property(menu_position)]</param>
		<definition>
			<item>
				<icon>$PARAM[icon]</icon>
				<label>$PARAM[label]</label>
				<onclick condition="$PARAM[setitem] + String.IsEqual(Skin.String(home_menu_pos_1),$PARAM[item])">Skin.Reset(home_menu_pos_1)</onclick>
				<onclick condition="$PARAM[setitem] + String.IsEqual(Skin.String(home_menu_pos_1.label),$PARAM[label])">Skin.Reset(home_menu_pos_1.label)</onclick>
				<onclick condition="$PARAM[setitem] + String.IsEqual(Skin.String(home_menu_pos_2),$PARAM[item])">Skin.Reset(home_menu_pos_2)</onclick>
				<onclick condition="$PARAM[setitem] + String.IsEqual(Skin.String(home_menu_pos_2.label),$PARAM[label])">Skin.Reset(home_menu_pos_2.label)</onclick>
				<onclick condition="$PARAM[setitem] + String.IsEqual(Skin.String(home_menu_pos_3),$PARAM[item])">Skin.Reset(home_menu_pos_3)</onclick>
				<onclick condition="$PARAM[setitem] + String.IsEqual(Skin.String(home_menu_pos_3.label),$PARAM[label])">Skin.Reset(home_menu_pos_3.label)</onclick>
				<onclick condition="$PARAM[setitem] + String.IsEqual(Skin.String(home_menu_pos_4),$PARAM[item])">Skin.Reset(home_menu_pos_4)</onclick>
				<onclick condition="$PARAM[setitem] + String.IsEqual(Skin.String(home_menu_pos_4.label),$PARAM[label])">Skin.Reset(home_menu_pos_4.label)</onclick>
				<onclick condition="$PARAM[setitem] + String.IsEqual(Skin.String(home_menu_pos_5),$PARAM[item])">Skin.Reset(home_menu_pos_5)</onclick>
				<onclick condition="$PARAM[setitem] + String.IsEqual(Skin.String(home_menu_pos_5.label),$PARAM[label])">Skin.Reset(home_menu_pos_5.label)</onclick>
				<onclick condition="$PARAM[setitem] + String.IsEqual(Skin.String(home_menu_pos_6),$PARAM[item])">Skin.Reset(home_menu_pos_6)</onclick>
				<onclick condition="$PARAM[setitem] + String.IsEqual(Skin.String(home_menu_pos_6.label),$PARAM[label])">Skin.Reset(home_menu_pos_6.label)</onclick>
				<onclick condition="$PARAM[setitem] + String.IsEqual(Skin.String(home_menu_pos_7),$PARAM[item])">Skin.Reset(home_menu_pos_7)</onclick>
				<onclick condition="$PARAM[setitem] + String.IsEqual(Skin.String(home_menu_pos_7.label),$PARAM[label])">Skin.Reset(home_menu_pos_7.label)</onclick>
				<onclick condition="$PARAM[setitem] + String.IsEqual(Skin.String(home_menu_pos_8),$PARAM[item])">Skin.Reset(home_menu_pos_8)</onclick>
				<onclick condition="$PARAM[setitem] + String.IsEqual(Skin.String(home_menu_pos_8.label),$PARAM[label])">Skin.Reset(home_menu_pos_8.label)</onclick>
				<onclick condition="$PARAM[setitem] + String.IsEqual(Skin.String(home_menu_pos_9),$PARAM[item])">Skin.Reset(home_menu_pos_9)</onclick>
				<onclick condition="$PARAM[setitem] + String.IsEqual(Skin.String(home_menu_pos_9.label,)$PARAM[label])">Skin.Reset(home_menu_pos_9.label)</onclick>
				<onclick condition="$PARAM[setitem] + String.IsEqual(Skin.String(home_menu_pos_10),$PARAM[item])">Skin.Reset(home_menu_pos_10)</onclick>
				<onclick condition="$PARAM[setitem] + String.IsEqual(Skin.String(home_menu_pos_10.label),$PARAM[label])">Skin.Reset(home_menu_pos_10.label)</onclick>
				<onclick condition="$PARAM[setitem] + String.IsEqual(Skin.String(home_menu_pos_11),$PARAM[item])">Skin.Reset(home_menu_pos_11)</onclick>
				<onclick condition="$PARAM[setitem] + String.IsEqual(Skin.String(home_menu_pos_11.label),$PARAM[label])">Skin.Reset(home_menu_pos_11.label)</onclick>
				<onclick condition="$PARAM[setitem] + String.IsEqual(Skin.String(home_menu_pos_12),$PARAM[item])">Skin.Reset(home_menu_pos_12)</onclick>
				<onclick condition="$PARAM[setitem] + String.IsEqual(Skin.String(home_menu_pos_12.label),$PARAM[label])">Skin.Reset(home_menu_pos_12.label)</onclick>
				<onclick condition="$PARAM[setitem] + String.IsEqual(Skin.String(home_menu_pos_13),$PARAM[item])">Skin.Reset(home_menu_pos_13)</onclick>
				<onclick condition="$PARAM[setitem] + String.IsEqual(Skin.String(home_menu_pos_13.label),$PARAM[label])">Skin.Reset(home_menu_pos_13.label)</onclick>
				<onclick condition="$PARAM[setitem] + String.IsEqual(Skin.String(home_menu_pos_14),$PARAM[item])">Skin.Reset(home_menu_pos_14)</onclick>
				<onclick condition="$PARAM[setitem] + String.IsEqual(Skin.String(home_menu_pos_14.label),$PARAM[label])">Skin.Reset(home_menu_pos_14.label)</onclick>
				<onclick condition="$PARAM[setitem] + String.IsEqual(Skin.String(home_menu_pos_15),$PARAM[item])">Skin.Reset(home_menu_pos_15)</onclick>
				<onclick condition="$PARAM[setitem] + String.IsEqual(Skin.String(home_menu_pos_15.label),$PARAM[label])">Skin.Reset(home_menu_pos_15.label)</onclick>
				<onclick condition="$PARAM[setitem] + String.IsEqual(Skin.String(home_menu_pos_16),$PARAM[item])">Skin.Reset(home_menu_pos_16)</onclick>
				<onclick condition="$PARAM[setitem] + String.IsEqual(Skin.String(home_menu_pos_16.label),$PARAM[label])">Skin.Reset(home_menu_pos_16.label)</onclick>
				<onclick condition="$PARAM[setitem] + String.IsEqual(Skin.String(home_menu_pos_17),$PARAM[item])">Skin.Reset(home_menu_pos_17)</onclick>
				<onclick condition="$PARAM[setitem] + String.IsEqual(Skin.String(home_menu_pos_17.label),$PARAM[label])">Skin.Reset(home_menu_pos_17.label)</onclick>
				<onclick condition="$PARAM[setitem] + String.IsEqual(Skin.String(home_menu_pos_18),$PARAM[item])">Skin.Reset(home_menu_pos_18)</onclick>
				<onclick condition="$PARAM[setitem] + String.IsEqual(Skin.String(home_menu_pos_18.label),$PARAM[label])">Skin.Reset(home_menu_pos_18.label)</onclick>
				<onclick condition="$PARAM[setitem] + String.IsEqual(Skin.String(home_menu_pos_19),$PARAM[item])">Skin.Reset(home_menu_pos_19)</onclick>
				<onclick condition="$PARAM[setitem] + String.IsEqual(Skin.String(home_menu_pos_19.label),$PARAM[label])">Skin.Reset(home_menu_pos_19.label)</onclick>
				<onclick condition="$PARAM[setitem] + String.IsEqual(Skin.String(home_menu_pos_20),$PARAM[item])">Skin.Reset(home_menu_pos_20)</onclick>
				<onclick condition="$PARAM[setitem] + String.IsEqual(Skin.String(home_menu_pos_20.label),$PARAM[label])">Skin.Reset(home_menu_pos_20.label)</onclick>
				<onclick condition="$PARAM[setitem] + String.IsEqual(Skin.String(home_menu_pos_21),$PARAM[item])">Skin.Reset(home_menu_pos_21)</onclick>
				<onclick condition="$PARAM[setitem] + String.IsEqual(Skin.String(home_menu_pos_21.label),$PARAM[label])">Skin.Reset(home_menu_pos_21.label)</onclick>
				<onclick condition="$PARAM[setitem] + String.IsEqual(Skin.String(home_menu_pos_22),$PARAM[item])">Skin.Reset(home_menu_pos_22)</onclick>
				<onclick condition="$PARAM[setitem] + String.IsEqual(Skin.String(home_menu_pos_22.label),$PARAM[label])">Skin.Reset(home_menu_pos_22.label)</onclick>
				<onclick condition="$PARAM[setitem] + String.IsEqual(Skin.String(home_menu_pos_23),$PARAM[item])">Skin.Reset(home_menu_pos_23)</onclick>
				<onclick condition="$PARAM[setitem] + String.IsEqual(Skin.String(home_menu_pos_23.label),$PARAM[label])">Skin.Reset(home_menu_pos_23.label)</onclick>
				<onclick condition="$PARAM[setitem] + String.IsEqual(Skin.String(home_menu_pos_24),$PARAM[item])">Skin.Reset(home_menu_pos_24)</onclick>
				<onclick condition="$PARAM[setitem] + String.IsEqual(Skin.String(home_menu_pos_24.label),$PARAM[label])">Skin.Reset(home_menu_pos_24.label)</onclick>
				<onclick condition="$PARAM[setitem] + String.IsEqual(Skin.String(home_menu_pos_25),$PARAM[item])">Skin.Reset(home_menu_pos_25)</onclick>
				<onclick condition="$PARAM[setitem] + String.IsEqual(Skin.String(home_menu_pos_25.label),$PARAM[label])">Skin.Reset(home_menu_pos_25.label)</onclick>
				<onclick condition="$PARAM[setitem] + String.IsEqual(Skin.String(home_menu_pos_26),$PARAM[item])">Skin.Reset(home_menu_pos_26)</onclick>
				<onclick condition="$PARAM[setitem] + String.IsEqual(Skin.String(home_menu_pos_26.label),$PARAM[label])">Skin.Reset(home_menu_pos_26.label)</onclick>
				<onclick condition="$PARAM[setitem] + String.IsEqual(Skin.String(home_menu_pos_27),$PARAM[item])">Skin.Reset(home_menu_pos_27)</onclick>
				<onclick condition="$PARAM[setitem] + String.IsEqual(Skin.String(home_menu_pos_27.label),$PARAM[label])">Skin.Reset(home_menu_pos_27.label)</onclick>
				<onclick condition="$PARAM[setitem] + String.IsEqual(Skin.String(home_menu_pos_28),$PARAM[item])">Skin.Reset(home_menu_pos_28)</onclick>
				<onclick condition="$PARAM[setitem] + String.IsEqual(Skin.String(home_menu_pos_28.label),$PARAM[label])">Skin.Reset(home_menu_pos_28.label)</onclick>
				<onclick condition="$PARAM[setitem] + String.IsEqual(Skin.String(home_menu_pos_29),$PARAM[item])">Skin.Reset(home_menu_pos_29)</onclick>
				<onclick condition="$PARAM[setitem] + String.IsEqual(Skin.String(home_menu_pos_29.label),$PARAM[label])">Skin.Reset(home_menu_pos_29.label)</onclick>
				<onclick condition="$PARAM[setitem] + String.IsEqual(Skin.String(home_menu_pos_30),$PARAM[item])">Skin.Reset(home_menu_pos_30)</onclick>
				<onclick condition="$PARAM[setitem] + String.IsEqual(Skin.String(home_menu_pos_30.label),$PARAM[label])">Skin.Reset(home_menu_pos_30.label)</onclick>
				<onclick condition="$PARAM[setitem] + String.IsEqual(Skin.String(home_menu_pos_31),$PARAM[item])">Skin.Reset(home_menu_pos_31)</onclick>
				<onclick condition="$PARAM[setitem] + String.IsEqual(Skin.String(home_menu_pos_31.label),$PARAM[label])">Skin.Reset(home_menu_pos_31.label)</onclick>
				<onclick condition="$PARAM[setitem] + String.IsEqual(Skin.String(home_menu_pos_32),$PARAM[item])">Skin.Reset(home_menu_pos_32)</onclick>
				<onclick condition="$PARAM[setitem] + String.IsEqual(Skin.String(home_menu_pos_32.label),$PARAM[label])">Skin.Reset(home_menu_pos_32.label)</onclick>
				<onclick condition="$PARAM[setitem] + String.IsEqual(Skin.String(home_menu_pos_33),$PARAM[item])">Skin.Reset(home_menu_pos_33)</onclick>
				<onclick condition="$PARAM[setitem] + String.IsEqual(Skin.String(home_menu_pos_33.label),$PARAM[label])">Skin.Reset(home_menu_pos_33.label)</onclick>
				<onclick condition="$PARAM[setitem] + String.IsEqual(Skin.String(home_menu_pos_33),$PARAM[item])">Skin.Reset(home_menu_pos_34)</onclick>
				<onclick condition="$PARAM[setitem] + String.IsEqual(Skin.String(home_menu_pos_33.label),$PARAM[label])">Skin.Reset(home_menu_pos_34.label)</onclick>
				<onclick>Skin.SetString(home_menu_pos_$PARAM[nr].label,$PARAM[label])</onclick>
				<onclick condition="$PARAM[setitem]">Skin.SetString(home_menu_pos_$PARAM[nr],$PARAM[item])</onclick>
				<onclick condition="$PARAM[clearitem]">Skin.Reset(home_menu_pos_$PARAM[nr])</onclick>
				<onclick condition="$PARAM[clearitem]">Skin.Reset(home_menu_pos_$PARAM[nr].label)</onclick>
				<onclick condition="$PARAM[setlabel]">Skin.SetString(home_menu_pos_$PARAM[nr].label)</onclick>
				<onclick>AlarmClock(Wait,ActivateWindow(1110),00:01,silent)</onclick>
				<onclick>SetProperty(DoNotKillProperties,1,home)</onclick>
				<onclick>SetProperty(ShowBusy,1,home)</onclick>
				<onclick>Dialog.Close(1110)</onclick>
				<onclick>Dialog.Close(1111)</onclick>
				<visible>$PARAM[visible]</visible>
			</item>
		</definition>
	</include>
	<!-- Art selector -->
	<include name="MainMenuItemArtSelector">
		<param name="icon">DefaultAddonImages.png</param>
		<definition>
			<item>
				<icon>$PARAM[icon]</icon>
				<property name="custom_art">$INFO[Skin.String($PARAM[item].icon)]</property>
				<label>$PARAM[label]</label>
				<onclick>SetProperty(Dialog.1.Label,$LOCALIZE[571])</onclick>
				<onclick>SetProperty(Dialog.1.BuiltIn,Skin.Reset($PARAM[item].icon))</onclick>
				<onclick>SetProperty(Dialog.2.Label,$LOCALIZE[1030])</onclick>
				<onclick>SetProperty(Dialog.2.BuiltIn,Skin.SetImage($PARAM[item].icon))</onclick>
				<onclick>RunScript(script.toolbox,info=selectdialog,header=$LOCALIZE[21858])</onclick>
				<visible>$PARAM[visible]</visible>
			</item>
		</definition>
	</include>
</includes>