<?xml version="1.0" encoding="UTF-8" standalone="yes"?>
<addon id="plugin.video.dazn" version="1.0.4" name="DAZN" provider-name="Jin">
    <requires>
        <import addon="xbmc.python" version="2.25.0"/>
        <import addon="inputstream.adaptive" version="2.0.18"/>
        <import addon="script.module.pydes" version="2.0.1"/>
        <import addon="script.module.inputstreamhelper" version="0.2.1"/>
    </requires>
    <extension point="xbmc.python.pluginsource" library="addon.py">
        <provides>video</provides>
    </extension>
    <extension point="xbmc.addon.metadata">
        <news>
- fix typeerror
- add missing utf encode
- add inputstreamhelper dependency (available in the kodi.tv repo*)
- inputstream adaptive version bump

* http://mirrors.kodi.tv/addons/krypton/script.module.inputstreamhelper/
        </news>
        
        <summary lang="de_DE">ERLEBE DEINEN SPORT. LIVE UND ON-DEMAND.</summary>
        <description lang="de_DE">
DAZN ist ein live und on-demand Sportstreaming-Dienst. 
Du kannst jetzt Sportevents anschauen, wann immer es dir passt. Jederzeit. Überall.
        </description>
        <disclaimer lang="de_DE">Inoffizielles Addon - Benutzung auf eigene Gefahr</disclaimer>
        
        <summary lang="en_GB">WATCH SPORTS. LIVE AND ON-DEMAND.</summary>
        <description lang="en_GB">
With DAZN, you can watch your favourite sport, live and on demand, at a time that suits you. 
Anytime. Anywhere.
        </description>
        <disclaimer lang="en_GB">Unofficial Addon - Use at your own risk</disclaimer>
        
        <summary lang="fr_CA">REGARDEZ LES SPORTS. VIVANT OU PLUS TARD.</summary>
        <description lang="fr_CA">
DAZN est un nouveau sport en direct et sur demande service de streaming passionnant.
Vous pouvez regarder le sport que vous aimez, vivez et sur demande à un moment qui vous convient. À tout moment. Nulle part.
        </description>
        <disclaimer lang="fr_CA">Addiciel non officiel - Utilisez à vos risques et périls</disclaimer>
        
        <summary lang="fr_FR">REGARDEZ LES SPORTS. VIVANT OU PLUS TARD.</summary>
        <description lang="fr_FR">
DAZN est un nouveau sport en direct et sur demande service de streaming passionnant.
Vous pouvez regarder le sport que vous aimez, vivez et sur demande à un moment qui vous convient. À tout moment. Nulle part.
        </description>
        <disclaimer lang="fr_FR">Addiciel non officiel - Utilisez à vos risques et périls</disclaimer>
        
        <platform>all</platform>
        <license>GNU GENERAL PUBLIC LICENSE. Version 2, June 1991</license>
        <website>https://www.dazn.com</website>
        <email>[jin] at [xyz] dot [de]</email>
        <source>https://github.com/kodinerds/repo/tree/master/plugin.video.dazn</source>
    </extension>
</addon>
