<?xml version="1.0" encoding="UTF-8" standalone="yes"?>
<addon id="plugin.video.christtvradio" name="ChristTVRadio" version="0.2.2" provider-name="L0RE">
    <requires>
        <import addon="xbmc.python" version="2.1.0"/>
    </requires>
    <extension point="xbmc.python.pluginsource" library="default.py">
        <provides>video</provides>
    </extension>
  <extension point="xbmc.addon.metadata">
    <summary lang="de">ChristTVRadio.net - Eine Auswahl christlicher Programme</summary>
    <summary lang="en">ChristTVRadio.net - A Selection of Christian Programs</summary>
    <summary lang="fr">ChristTVRadio.net - Une sélection de programmes chrétiens</summary>
    <description lang="de">Christliche Video- und Tonprogramme</description>
    <description lang="en">Christian Video and Audio Programs</description>
    <description lang="fr">Programmes chrétiens audiovisuels et sonores</description>
    <website></website>
    <license>GNU GENERAL PUBLIC LICENSE. Version 2, June 1991</license>
    <source>https://github.com/kodinerds/repo/tree/master/addons/plugin.video.br3</source>
    <forum>http://www.kodinerds.net/index.php/Thread/54128-Addon-oder-Plugin-Entwicklung/?postID=341001#post341001</forum>
    <email>andreas at vogler dot name</email>
    <platform>all</platform>
  </extension>
</addon>
