<?xml version="1.0" encoding="UTF-8"?>
<includes>
	<!-- PVR -->
	<include name="VideoPVRInfoLayout">		
		<!-- Background -->
		<include>Background</include>
		<!-- Thumb image -->
		<control type="group">
			<include>Window_OpenClose</include>
			<include>FullscreenDimensions</include>
			<control type="group">
				<top>128</top>
				<height>435</height>
				<width>1920</width>
				<control type="group">
					<left>70</left>
					<width>590</width>
					<control type="group">
						<control type="image">
							<top>-2</top>
							<left>-2</left>
							<width>596</width>
							<height>338</height>
							<texture>items/shadow_wide_big.png</texture>
						</control>
						<control type="image">
							<width>590</width>
							<height>332</height>
							<texture colordiffuse="green" diffuse="items/mask_wide_big.png">common/white.jpg</texture>
							<aspectratio scalediffuse="false">stretch</aspectratio>
							<visible>String.IsEmpty(VideoPlayer.Cover) | String.StartsWith(VideoPlayer.Cover,Default)</visible>
						</control>
						<control type="image">
							<width>590</width>
							<height>332</height>
							<texture colordiffuse="darkbutton" diffuse="items/mask_wide_big.png">common/white.jpg</texture>
							<aspectratio scalediffuse="false">stretch</aspectratio>
							<visible>!String.IsEmpty(VideoPlayer.Cover) + !String.StartsWith(VideoPlayer.Cover,Default)</visible>
						</control>
						<control type="textbox">
							<top>10</top>
							<left>10</left>
							<width>570</width>
							<height>312</height>
							<font>Light24</font>
							<align>center</align>#
							<aligny>center</aligny>
							<label>$INFO[VideoPlayer.Channelname]</label>
							<visible>String.IsEmpty(VideoPlayer.Cover) | String.StartsWith(VideoPlayer.Cover,Default)</visible>
						</control>
						<control type="image">
							<width>590</width>
							<height>332</height>
							<texture diffuse="items/mask_wide_db.png" background="true">$VAR[PlayerIcon]</texture>
							<fadetime>200</fadetime>
							<aspectratio scalediffuse="false">keep</aspectratio>
							<bordersize>20</bordersize>							
							<visible>!String.StartsWith(VideoPlayer.Cover,Default)</visible>
						</control>
						<control type="group">
							<width>590</width>
							<height>332</height>
							<include>bubble_overlay</include>
							<include>bubble_play</include>
						</control>
						<include content="PlayerProgress">
							<param name="top" value="328"/>
							<param name="width" value="590"/>
						</include>
					</control>
				</control>
				<!-- meta -->
				<control type="grouplist">
					<left>684</left>
					<orientation>vertical</orientation>
					<height>920</height>
					<width>1166</width>
					<align>top</align>
					<itemgap>0</itemgap>
					<control type="label">
						<width>1166</width>
						<height>60</height>
						<label>$INFO[VideoPlayer.Title]</label>
						<font>Reg37</font>
						<shadowcolor>text_shadow</shadowcolor>
					</control>
					<control type="grouplist">
						<height>60</height>
						<width>1166</width>
						<itemgap>5</itemgap>
						<orientation>horizontal</orientation>
						<control type="label">
							<width>auto</width>
							<height>60</height>
							<label>[COLOR softgrey]$VAR[PVREpisodeName][/COLOR]</label>
							<font>Reg37</font>
							<shadowcolor>text_shadow</shadowcolor>
						</control>
					</control>
					<control type="grouplist">
						<height>40</height>
						<width>1166</width>
						<itemgap>5</itemgap>
						<orientation>horizontal</orientation>
						<control type="label">
							<width>auto</width>
							<height>24</height>
							<label>$INFO[VideoPlayer.Starttime]$INFO[VideoPlayer.Endtime, - ]   </label>
							<font>reg22</font>
							<shadowcolor>text_shadow</shadowcolor>
							<visible>!String.StartsWith(Player.Filenameandpath,pvr://recordings)</visible>
						</control>
						<control type="label">
							<width>auto</width>
							<height>24</height>
							<label>$INFO[VideoPlayer.Channelnumber,$LOCALIZE[19029] ]   </label>
							<font>reg22</font>
							<shadowcolor>text_shadow</shadowcolor>
						</control>
						<control type="label">
							<width>auto</width>
							<height>24</height>
							<label>$INFO[VideoPlayer.Channelname]   </label>
							<font>reg22</font>
							<shadowcolor>text_shadow</shadowcolor>
						</control>
					</control>
					<control type="grouplist">
						<orientation>horizontal</orientation>
						<height>65</height>
						<itemgap>5</itemgap>
						<width>1166</width>
						<include>PlayerFlags</include>
					</control>
					<control type="grouplist" id="100">
						<height>75</height>
						<orientation>horizontal</orientation>
						<itemgap>5</itemgap>
						<onleft>9999</onleft>
						<onright>noop</onright>
						<control type="button" id="101">
							<include>LightGreyButton</include>
							<label>$LOCALIZE[15067]</label>
							<onclick>close</onclick>
							<onup>SetFocus(6666)</onup>
						</control>
						<control type="button" id="102">
							<visible>Control.IsVisible(96)</visible>
							<include>LightGreyButton</include>
							<label>$LOCALIZE[31013]</label>
							<onclick>RunScript(script.skin.helper.service,action=textviewer,header='$ESCINFO[VideoPlayer.Channelname]',message='$ESCVAR[TinyInfoDialogPlot]')</onclick>
							<onup>SetFocus(6666)</onup>
						</control>
					</control>
					<control type="label">
						<width>1166</width>
						<height>40</height>
						<label>$INFO[VideoPlayer.Genre,$LOCALIZE[515]: ,   ]$INFO[VideoPlayer.Director,$LOCALIZE[20339]: ]</label>
						<font>reg22</font>
						<textcolor>emby</textcolor>
						<shadowcolor>text_shadow</shadowcolor>
					</control>
					<control type="textbox">
						<width>1166</width>
						<height>565</height>
						<align>justify</align>
						<aligny>top</aligny>
						<label>$INFO[VideoPlayer.Plot]</label>
						<font>Light24</font>
						<shadowcolor>text_shadow</shadowcolor>
						<autoscroll>false</autoscroll>
						<pagecontrol>96</pagecontrol>
					</control>
				</control>
			</control>
		</control>
		<!-- header bar -->
		<include content="HeaderBar">		
			<param name="id">100</param>
			<param name="enabled">false</param>
			<param name="sidebar_id">9999</param>
		</include>
	</include>
	<!-- Move/TVShow -->
	<include name="VideoInfoLayout">
		<!-- Background -->
		<include>Background</include>
		<!-- Dialog -->
		<control type="grouplist" id="500">
			<include>Window_OpenClose</include>
			<width>2130</width>
			<height>100%</height>
			<orientation>vertical</orientation>
			<usecontrolcoords>true</usecontrolcoords>
			<scrolltime tween="sine" easing="out">400</scrolltime>
			<itemgap>-80</itemgap>
			<include>Bounce_Up_Down</include>
			<!-- Meta -->
			<control type="group">
				<width>1920</width>
				<height>604</height>
				<control type="group">
					<top>128</top>
					<height>435</height>
					<width>1920</width>
					<!-- poster -->
					<control type="group">
						<left>70</left>
						<control type="image">
							<top>-2</top>
							<left>-2</left>
							<width>282</width>
							<height>420</height>
							<texture>items/shadow_poster.png</texture>
						</control>
						<control type="image">
							<width>276</width>
							<height>414</height>
							<texture colordiffuse="green" diffuse="items/mask_poster.png">common/white.jpg</texture>
							<aspectratio scalediffuse="false">stretch</aspectratio>
							<visible>[String.IsEmpty(Player.Art(poster)) + String.IsEmpty(Player.Art(tvshow.poster))] | String.StartsWith(VideoPlayer.Cover,Default)</visible>
						</control>
						<control type="textbox">
							<top>10</top>
							<left>10</left>
							<width>256</width>
							<height>394</height>
							<font>Light24</font>
							<align>center</align>
							<aligny>center</aligny>
							<label>$VAR[PlayerTitleLabel]</label>
							<visible>[String.IsEmpty(Player.Art(poster)) + String.IsEmpty(Player.Art(tvshow.poster))] | String.StartsWith(VideoPlayer.Cover,Default)</visible>
						</control>
						<control type="image">
							<width>276</width>
							<height>414</height>
							<texture diffuse="items/mask_poster.png" background="true">$VAR[PlayerIcon]</texture>
							<aspectratio scalediffuse="false">scale</aspectratio>
							<visible>!String.StartsWith(VideoPlayer.Cover,Default)</visible>
						</control>
					</control>
					<!-- Meta -->
					<control type="group">
						<width>1920</width>
						<height>604</height>
						<control type="grouplist">
							<left>370</left>
							<orientation>vertical</orientation>
							<height>500</height>
							<align>top</align>
							<itemgap>0</itemgap>
							<width>1480</width>
							<control type="label">
								<width>1040</width>
								<height>60</height>
								<label>$INFO[VideoPlayer.TvShowTitle]</label>
								<font>Reg37</font>
								<shadowcolor>text_shadow</shadowcolor>
								<visible>VideoPlayer.Content(episodes)</visible>
							</control>
							<control type="label">
								<width>1040</width>
								<height>60</height>
								<label>$INFO[VideoPlayer.Season,S,:]$INFO[VideoPlayer.Episode,E, - ]$INFO[VideoPlayer.Title]</label>
								<font>Reg37</font>
								<shadowcolor>text_shadow</shadowcolor>
							</control>
							<control type="grouplist">
								<height>40</height>
								<width>1040</width>
								<itemgap>5</itemgap>
								<orientation>horizontal</orientation>
								<control type="label">
									<width>auto</width>
									<height>24</height>
									<label>$INFO[VideoPlayer.Year]   </label>
									<font>reg22</font>
									<shadowcolor>text_shadow</shadowcolor>
									<visible>!String.IsEmpty(VideoPlayer.Year) + VideoPlayer.Content(movies)</visible>
								</control>
								<control type="label">
									<width>auto</width>
									<height>24</height>
									<label>$VAR[PlayerDurationMinutes]   </label>
									<font>reg22</font>
									<shadowcolor>text_shadow</shadowcolor>
									<visible>!String.IsEmpty(Player.Duration)</visible>
								</control>
								<control type="button">
									<width min="24">auto</width>
									<height>28</height>
									<font>med16</font>
									<label>$INFO[VideoPlayer.Mpaa]</label>
									<textoffsetx>10</textoffsetx>
									<align>center</align>
									<textcolor>white</textcolor>
									<texturefocus border="10" colordiffuse="text_white">icons/rating/mpaa.png</texturefocus>
									<texturenofocus border="10" colordiffuse="text_white">icons/rating/mpaa.png</texturenofocus>
									<enabled>false</enabled>
									<visible>!String.IsEmpty(VideoPlayer.Mpaa)</visible>
								</control>
								<control type="label">
									<width>12</width>
									<height>24</height>
									<label/>
									<visible>!String.IsEmpty(VideoPlayer.Mpaa)</visible>
								</control>
								<control type="button">
									<width min="24">auto</width>
									<height>28</height>
									<font>med16</font>
									<label>CC</label>
									<textoffsetx>10</textoffsetx>
									<align>center</align>
									<enabledcolor>lightgrey</enabledcolor>
									<texturefocus border="10" colordiffuse="greybutton">items/shadow_smallbutton.png</texturefocus>
									<texturenofocus border="10" colordiffuse="greybutton">items/shadow_smallbutton.png</texturenofocus>
									<enabled>false</enabled>
									<visible>VideoPlayer.HasSubtitles</visible>
								</control>
								<control type="label">
									<width>9</width>
									<height>24</height>
									<label/>
									<visible>VideoPlayer.HasSubtitles</visible>
								</control>
								<control type="label">
									<width>auto</width>
									<height>24</height>
									<label></label>
									<font>Material26</font>
									<textcolor>red</textcolor>
									<shadowcolor>text_shadow</shadowcolor>
									<visible>!String.IsEmpty(VideoPlayer.Rating)</visible>
								</control>
								<control type="label">
									<width>auto</width>
									<height>24</height>
									<label>$INFO[VideoPlayer.Rating]   </label>
									<font>reg22</font>
									<shadowcolor>text_shadow</shadowcolor>
									<visible>!String.IsEmpty(VideoPlayer.Rating)</visible>
								</control>
								<include content="SkinHelperRatings">
									<param name="type" value="Player"/>
								</include>
							</control>
							<control type="grouplist" id="100">
								<height>65</height>
								<orientation>horizontal</orientation>
								<itemgap>5</itemgap>
								<onright>noop</onright>
								<onleft>9999</onleft>
								<control type="button" id="8">
									<include>LightGreyButton</include>
									<label>$LOCALIZE[15067]</label>
									<onclick>close</onclick>
									<onup>SetFocus(6666)</onup>
									<ondown>SetFocus(200)</ondown>
								</control>
								<control type="button" id="97">
									<visible>Control.IsVisible(96)</visible>
									<include>LightGreyButton</include>
									<label>$LOCALIZE[31013]</label>
									<onclick>RunScript(script.skin.helper.service,action=textviewer,header='$ESCVAR[TinyInfoDialogHeadline]',message='$ESCVAR[TinyInfoDialogPlot]')</onclick>
									<onup>SetFocus(6666)</onup>
									<ondown>SetFocus(200)</ondown>
								</control>
							</control>
							<control type="label">
								<height>10</height>
								<visible>!VideoPlayer.Content(episodes)</visible>
							</control>
							<control type="label">
								<width>auto</width>
								<height>40</height>
								<label>$INFO[VideoPlayer.Genre,$LOCALIZE[515]: ,   ]$INFO[VideoPlayer.Director,$LOCALIZE[20339]: ]</label>
								<font>reg22</font>
								<textcolor>emby</textcolor>
								<shadowcolor>text_shadow</shadowcolor>
								<visible>!VideoPlayer.Content(episodes)</visible>
							</control>
							<control type="textbox">
								<width>100%</width>
								<height>125</height>
								<align>justify</align>
								<aligny>top</aligny>
								<label>$INFO[VideoPlayer.Tagline,[B],[/B][CR]]$INFO[VideoPlayer.Plot]</label>
								<font>Light24</font>
								<shadowcolor>text_shadow</shadowcolor>
								<autoscroll>false</autoscroll>
								<pagecontrol>96</pagecontrol>
							</control>
							<control type="label">
								<height>20</height>
								<visible>!VideoPlayer.Content(episodes)</visible>
							</control>
							<control type="label">
								<height>15</height>
								<visible>VideoPlayer.Content(episodes)</visible>
							</control>
							<control type="grouplist">
								<orientation>horizontal</orientation>
								<height>65</height>
								<itemgap>5</itemgap>
								<width>1040</width>
								<include>PlayerFlags</include>
							</control>
						</control>
						<!-- logo -->
						<control type="image">
							<right>70</right>
							<width>400</width>
							<height>155</height>
							<texture>$VAR[PlayerClearlogo]</texture>
							<aspectratio>keep</aspectratio>
						</control>
					</control>
				</control>
			</control>
			<!-- Cast -->
			<include content="CastWidget">
				<param name="id" value="200"/>
				<param name="mainlabel" value="$INFO[ListItem.Label]"/>
				<param name="sublabel" value="$INFO[ListItem.Label2]"/>
				<param name="headline" value="$LOCALIZE[206]"/>
				<param name="onup" value="100"/>
				<param name="ondown" value="300"/>
				<param name="content" value="$VAR[PlayerCastContent]"/>
			</include>
			<!-- Media Info -->
			<include content="VideoMediaInfo">
				<param name="id" value="300"/>
				<param name="onup" value="200"/>
				<param name="ondown" value="SetProperty(BounceDown,1,home)"/>
			</include>
		</control>
		<!-- header bar -->
		<include content="HeaderBar">		
			<param name="id">100</param>
			<param name="enabled">false</param>
			<param name="sidebar_id">9999</param>
			<param name="custom_animation">Container(500).HasPrevious</param>
		</include>
	</include>
	<!-- MediaInfo -->
	<include name="VideoMediaInfo">
		<control type="group">
			<width>1920</width>
			<height>350</height>
			<control type="button" id="$PARAM[id]">
				<include>NoTextures</include>
				<top>25</top>
				<left>45</left>
				<width>1000</width>
				<height>87</height>
				<font>Med23</font>
				<align>left</align>
				<aligny>center</aligny>
				<textcolor>white</textcolor>
				<focusedcolor>emby</focusedcolor>
				<label>$LOCALIZE[544]</label>
				<onclick>noop</onclick>
				<onup>$PARAM[onup]</onup>
				<ondown>$PARAM[ondown]</ondown>
			</control>
			<control type="grouplist">
				<left>70</left>
				<top>94</top>
				<width>1000</width>
				<itemgap>5</itemgap>
				<orientation>vertical</orientation>
				<usecontrolcoords>true</usecontrolcoords>
				<control type="label">
					<width>1200</width>
					<height>30</height>
					<wrapmultiline>true</wrapmultiline>
					<font>Reg20</font>
					<aligny>bottom</aligny>
					<textcolor>white</textcolor>
					<shadowcolor>text_shadow</shadowcolor>
					<label>[COLOR softgrey]$LOCALIZE[21800]:[/COLOR]  $INFO[Player.FileName]</label>
					<visible>!String.IsEmpty(Player.FileName)</visible>
				</control>
				<control type="label">
					<width>1200</width>
					<height>30</height>
					<wrapmultiline>true</wrapmultiline>
					<font>Reg20</font>
					<aligny>bottom</aligny>
					<textcolor>white</textcolor>
					<shadowcolor>text_shadow</shadowcolor>
					<label>[COLOR softgrey]$LOCALIZE[573]:[/COLOR]  $INFO[Player.Folderpath]</label>
					<visible>!String.IsEmpty(Player.Folderpath)</visible>
				</control>
				<control type="label">
					<width>1200</width>
					<height>30</height>
					<wrapmultiline>true</wrapmultiline>
					<font>Reg20</font>
					<aligny>bottom</aligny>
					<textcolor>white</textcolor>
					<shadowcolor>text_shadow</shadowcolor>
					<label>[COLOR softgrey]$LOCALIZE[291]:[/COLOR]  $INFO[VideoPlayer.VideoResolution]$INFO[VideoPlayer.VideoCodec, ,]$INFO[VideoPlayer.VideoAspect, ,AR]$INFO[VideoPlayer.StereoscopicMode, ]</label>
					<visible>!String.IsEmpty(VideoPlayer.VideoResolution)</visible>
				</control>
				<control type="label">
					<width>1200</width>
					<height>30</height>
					<wrapmultiline>true</wrapmultiline>
					<font>Reg20</font>
					<aligny>bottom</aligny>
					<textcolor>white</textcolor>
					<shadowcolor>text_shadow</shadowcolor>
					<label>[COLOR softgrey]$LOCALIZE[292]:[/COLOR]  $INFO[VideoPlayer.AudioLanguage,, ]$INFO[VideoPlayer.AudioChannels,,ch ]$INFO[VideoPlayer.AudioCodec]</label>
					<visible>!String.IsEmpty(VideoPlayer.AudioLanguage)</visible>
				</control>
				<control type="label">
					<width>1200</width>
					<height>30</height>
					<wrapmultiline>true</wrapmultiline>
					<font>Reg20</font>
					<aligny>bottom</aligny>
					<textcolor>white</textcolor>
					<shadowcolor>text_shadow</shadowcolor>
					<label>[COLOR softgrey]$LOCALIZE[459]:[/COLOR]  $INFO[VideoPlayer.SubtitlesLanguage]</label>
					<visible>!String.IsEmpty(VideoPlayer.SubtitlesLanguage)</visible>
				</control>
			</control>
		</control>
	</include>
</includes>
