<?xml version="1.0" encoding="UTF-8"?>
<colors>
	<!-- background -->
	<color name="background">ff033361</color>
	<color name="background_diffuse">f2033361</color>
	<color name="black_diffuse">80000000</color>

	<!-- widgets and views-->
	<color name="focus_widget">FF52b54b</color>
	<color name="thumb_background">80000000</color>
	<color name="thumb_background_fallback">ff388e3c</color>
	<color name="thumb_background_fallback_secondary">80000000</color>

	<!-- player -->
	<color name="player_osd_color">FF52b54b</color>
	<color name="player_osd_buttons">FF52b54b</color>
	<color name="thumb_background_player">ff20272f</color>

	<!-- common colors -->
	<color name="black">FF000000</color>
	<color name="white">FFFFFFFFF</color>
	<color name="grey">FF404040</color>
	<color name="lightgrey">FF888888</color>
	<color name="softgrey">ffaaaaaa</color>
	<color name="blue">ff0288d1</color>
	<color name="green">ff388e3c</color>
	<color name="red">ffd32f2f</color>
	<color name="turquoise">ff009688</color>
	<color name="orange">fff57f17</color>
	<color name="lila">ff6b689d</color>

	<!-- text -->
	<color name="text_white">ccffffff</color>
	<color name="text_sublabel">80ffffff</color>
	<color name="text_headline">ccffffff</color>
	<color name="text_shadow">66000000</color>
	<color name="disabled">30FFFFFF</color>
	<color name="selected">ff0288d1</color>
	<color name="invalid">FFFF0000</color>

	<!-- buttons -->
	<color name="dark_button">80000000</color>
	<color name="light_button">80000000</color>
	<color name="selected_button">800288d1</color>
	<color name="grey_button">80000000</color>
	<color name="button_focus">ff52b54b</color>

	<!-- main focused colors -->
	<color name="accent">FF52b54b</color>
	<color name="accent_diffuse">5552b54b</color>

	<!-- sidepanel -->
	<color name="sidepanel_background">ff103360</color>
	<color name="sidepanel_textcolor">ccffffff</color>
	<color name="sidepanel_focus">ff081930</color>

	<!-- context menu -->
	<color name="context_textcolor">ccffffff</color>
	<color name="context_textcolor_focused">ccffffff</color>
	<color name="context_color">ff103360</color>
	<color name="context_subitem">ff0b284c</color>
	<color name="context_focusedcolor">ff081930</color>

	<!-- EPG -->
	<color name="grid_title">ff222326</color>
	<color name="grid_label">ff1c1d1f</color>
	<color name="grid_label_inprogress">66000000</color>
	<color name="grid_hover">FF52b54b</color>
	<color name="grid_border">0dffffff</color>

	<!-- header bar -->
	<color name="text_header">66ffffff</color>
	<color name="text_header_mainlabel">ccffffff</color>
	<color name="text_header_sublabel">66ffffff</color>
	<color name="footerbar">ff1a2537</color>
	<color name="header_shadow">cc060606</color>

	<!-- views -->
	<color name="list_panel">44141414</color>
	<color name="list_hover">44141414</color>

	<!-- scrollbar -->
	<color name="scrollbar_background">34ffffff</color>
	<color name="scrollbar_slider">FF888888</color>
	<color name="scrollbar_focus">FF52b54b</color>

	<!-- settings elements -->
	<color name="panel_background">80000000</color>
	<color name="panel_background2">ee000000</color>
	<color name="panel_focus">ff535e66</color>
	<color name="panel_subitem">99000000</color>
	<color name="panel_textcolor">ccffffff</color>
	<color name="panel_textcolor2">66ffffff</color>

	<color name="headline_line">FF52b54b</color>


</colors>
