﻿<?xml version="1.0" encoding="UTF-8" standalone="yes"?>
<addon id="script.delete.files" name="Delete Files" version="0.1.2" provider-name="mad-max">
  <requires>
    <import addon="xbmc.python" version="2.1.0"/>
  </requires>
  <extension point="xbmc.python.script" library="default.py" />
  <extension point="xbmc.addon.metadata">
    <summary lang="en">Delete old files from a Directory</summary>
	<summary lang="de">Löschen von alten Dateien aus einem Verzeichnis</summary>
    <description lang="en">Delete old files from a Directory for maintenance purposes</description>
	<description lang="de">Löschen von alten Dateien aus einem Verzeichnis zur Dateipflege</description>
    <license>The MIT License</license>
    <platform>all</platform>
    <language></language>
  </extension>
</addon>
