<?xml version="1.0" encoding="UTF-8"?>
<window>
	<defaultcontrol always="true">100</defaultcontrol>
	<backgroundcolor>background</backgroundcolor>
	<menucontrol>6666</menucontrol>
	<controls>
		<control type="label" id="11">
			<include>HiddenObject</include>
		</control>
		<include>Background</include>
		<control type="group">
			<include>Window_OpenClose</include>
			<control type="grouplist" id="100">
				<top>93</top>
				<width>1920</width>
				<height>40</height>
				<orientation>horizontal</orientation>
				<align>center</align>
				<itemgap>20</itemgap>
				<onleft>SetFocus(900)</onleft>
				<control type="label" id="101">
					<width>auto</width>
					<height>40</height>
					<font>Med18</font>
					<align>center</align>
					<aligny>center</aligny>
					<textcolor>softgrey</textcolor>
					<shadowcolor>text_shadow</shadowcolor>
					<label>$INFO[Control.GetLabel(3)]$INFO[Control.GetLabel(11), - $LOCALIZE[12014]: ]</label>
				</control>
				<control type="button" id="2">
					<width>auto</width>
					<height>40</height>
					<font>Med18</font>
					<align>center</align>
					<aligny>center</aligny>
					<textcolor>softgrey</textcolor>
					<shadowcolor>text_shadow</shadowcolor>
					<onup>6666</onup>
					<label>$LOCALIZE[184]</label>
				</control>
			</control>
			<!-- grid -->
			<control type="grouplist">
				<width>1820</width>
				<top>169</top>
				<right>50</right>
				<align>center</align>
				<height>853</height>
				<orientation>horizontal</orientation>
				<itemgap>1</itemgap>
				<control type="group">
					<left>5</left>
					<width>550</width>
					<control type="image">
						<height>100%</height>
						<texture background="true">$INFO[Weather.Fanartcode,weather/home/,.jpg]</texture>
						<aspectratio>scale</aspectratio>
					</control>
					<control type="image">
						<centertop>50%</centertop>
						<height>272</height>
						<texture colordiffuse="66222326">common/white.jpg</texture>
					</control>
					<control type="group">						
						<centertop>50%</centertop>
						<height>243</height>
						<control type="label">
							<textoffsetx>23</textoffsetx>
							<width>50%</width>
							<height>38</height>
							<font>Light28</font>
							<label>$LOCALIZE[33006]</label>
							<textcolor>white</textcolor>
						</control>
						<control type="label">
							<right>0</right>
							<textoffsetx>23</textoffsetx>
							<width>50%</width>
							<right>23</right>
							<height>38</height>
							<font>Light28</font>
							<align>right</align>
							<label>$LOCALIZE[19030]</label>
							<textcolor>white</textcolor>
						</control>
						<control type="textbox">
							<left>23</left>
							<width>50%</width>
							<top>49</top>
							<height>auto</height>
							<wrapmultiline>true</wrapmultiline>
							<font>med20</font>
							<label>$INFO[Window(Weather).Property(Day0.Outlook)]</label>
							<autoscroll>False</autoscroll>
							<textcolor>text_white</textcolor>
						</control>
						<control type="textbox">
							<right>23</right>
							<width>50%</width>
							<top>49</top>
							<height>auto</height>
							<wrapmultiline>true</wrapmultiline>
							<font>med20</font>
							<align>right</align>
							<label>$INFO[Window(Weather).Property(Current.Condition)]$INFO[Window(Weather).Property(Current.WindSpeed),[CR]$LOCALIZE[383] ]$INFO[Window(Weather).Property(Current.WindDirection), - ][CR]$INFO[Window(Weather).Property(Current.DewPoint),[CR]$LOCALIZE[405] ,°]$INFO[Window(Weather).Property(Current.Humidity),[CR]$LOCALIZE[406] ]</label>
							<autoscroll>False</autoscroll>
							<textcolor>text_white</textcolor>
						</control>
						<control type="image">
							<left>23</left>
							<right>23</right>
							<top>77</top>
							<width>140</width>
							<height>140</height>
							<texture background="true">$INFO[Window(Weather).Property(Day0.FanartCode),weather/icons/,.png]</texture>
							<aspectratio>keep</aspectratio>
						</control>
						<control type="label">
							<textoffsetx>23</textoffsetx>
							<width>50%</width>
							<top>214</top>
							<height>30</height>
							<font>med20</font>
							<textcolor>white</textcolor>
							<label>$INFO[Window(Weather).Property(Day0.LowTemp),$LOCALIZE[391] ,°]    $INFO[Window(Weather).Property(Day0.HighTemp),$LOCALIZE[393] ,°]</label>
						</control>
						<control type="label">
							<right>0</right>
							<textoffsetx>23</textoffsetx>
							<width>50%</width>
							<top>214</top>
							<height>30</height>
							<font>med20</font>
							<align>right</align>
							<textcolor>white</textcolor>
							<label>$INFO[Window(weather).Property(Current.Temperature),,°] $INFO[Window(weather).Property(Current.FeelsLike),($LOCALIZE[402] ,°)]</label>
						</control>
					</control>
				</control>
				<include content="weather_small_template">
					<param name="visible" value="!String.IsEmpty(Window(Weather).Property(Day1.Outlook))"/>
					<param name="art" value="$INFO[Window(Weather).Property(Day1.FanartCode),weather/home/,.jpg]"/>
					<param name="icon" value="$INFO[Window(Weather).Property(Day1.FanartCode),weather/icons/,.png]"/>
					<param name="day" value="$INFO[Window(Weather).Property(Day1.Title)]"/>
					<param name="outlook" value="$INFO[Window(Weather).Property(Day1.Outlook)]"/>
					<param name="temp" value="$INFO[Window(Weather).Property(Day1.LowTemp),$LOCALIZE[391] ,°]    $INFO[Window(Weather).Property(Day1.HighTemp),$LOCALIZE[393] ,°]"/>
				</include>
				<include content="weather_small_template">
					<param name="visible" value="!String.IsEmpty(Window(Weather).Property(Day2.Outlook))"/>
					<param name="art" value="$INFO[Window(Weather).Property(Day2.FanartCode),weather/home/,.jpg]"/>
					<param name="icon" value="$INFO[Window(Weather).Property(Day2.FanartCode),weather/icons/,.png]"/>
					<param name="day" value="$INFO[Window(Weather).Property(Day2.Title)]"/>
					<param name="outlook" value="$INFO[Window(Weather).Property(Day2.Outlook)]"/>
					<param name="temp" value="$INFO[Window(Weather).Property(Day2.LowTemp),$LOCALIZE[391] ,°]    $INFO[Window(Weather).Property(Day2.HighTemp),$LOCALIZE[393] ,°]"/>
				</include>
				<include content="weather_small_template">
					<param name="visible" value="!String.IsEmpty(Window(Weather).Property(Day3.Outlook))"/>
					<param name="art" value="$INFO[Window(Weather).Property(Day3.FanartCode),weather/home/,.jpg]"/>
					<param name="icon" value="$INFO[Window(Weather).Property(Day3.FanartCode),weather/icons/,.png]"/>
					<param name="day" value="$INFO[Window(Weather).Property(Day3.Title)]"/>
					<param name="outlook" value="$INFO[Window(Weather).Property(Day3.Outlook)]"/>
					<param name="temp" value="$INFO[Window(Weather).Property(Day3.LowTemp),$LOCALIZE[391] ,°]    $INFO[Window(Weather).Property(Day3.HighTemp),$LOCALIZE[393] ,°]"/>
				</include>
				<include content="weather_small_template">
					<param name="visible" value="!String.IsEmpty(Window(Weather).Property(Day4.Outlook))"/>
					<param name="art" value="$INFO[Window(Weather).Property(Day4.FanartCode),weather/home/,.jpg]"/>
					<param name="icon" value="$INFO[Window(Weather).Property(Day4.FanartCode),weather/icons/,.png]"/>
					<param name="day" value="$INFO[Window(Weather).Property(Day4.Title)]"/>
					<param name="outlook" value="$INFO[Window(Weather).Property(Day4.Outlook)]"/>
					<param name="temp" value="$INFO[Window(Weather).Property(Day4.LowTemp),$LOCALIZE[391] ,°]    $INFO[Window(Weather).Property(Day4.HighTemp),$LOCALIZE[393] ,°]"/>
				</include>
			</control>
		</control>
		<!-- Menu control -->
		<control type="group">
			<include>FullscreenDimensions</include>
			<include content="DiffuseMask">
				<param name="visible">ControlGroup(4000).HasFocus</param>
			</include>
			<control type="group">
				<visible>ControlGroup(4000).HasFocus</visible>
				<include>Visible_PopupOpenClose</include>
				<centerleft>50%</centerleft>
				<width>384</width>
				<centertop>50%</centertop>
				<height>970</height>
				<control type="grouplist" id="4000">
					<orientation>vertical</orientation>
					<height>auto</height>
					<align>center</align>
					<itemgap>0</itemgap>
					<onright>100</onright>
					<onleft>100</onleft>
					<onback>100</onback>
					<usecontrolcoords>true</usecontrolcoords>
					<control type="image">
						<width>100%</width>
						<height>10</height>
						<texture border="5" colordiffuse="panel">common/menu_top.png</texture>
					</control>
					<control type="spincontrolex" id="3">
						<include content="CommonButton"/>
						<label>$LOCALIZE[31066]</label>
					</control>
					<control type="image">
						<width>100%</width>
						<height>10</height>
						<texture border="5" colordiffuse="panel">common/menu_bottom.png</texture>
					</control>
				</control>
			</control>
		</control>
		<!-- header bar -->
		<include content="HeaderBar">		
			<param name="id">100</param>
		</include>
		<!-- side panel -->
		<include content="SidePanel">
			<param name="onright">100</param>
		</include>
	</controls>
</window>
