<?xml version="1.0" encoding="UTF-8"?>
<includes>
    <include name="LiveTVRecordingsView">
        <control type="group">
            <description>Recordings group</description>
            <visible>Control.IsVisible(50)</visible>
            <include>openclose</include>
            <include>opencloseslideup</include>
            <control type="group">
                <control type="image">
                    <left>-15</left>
                    <top>309</top>
                    <width>1950</width>
                    <height>780</height>
                    <colordiffuse>menudiffuse</colordiffuse>
                    <texture background="true" border="2">BlackBack.png</texture>
                </control>
                <control type="image">
                    <left>-15</left>
                    <top>309</top>
                    <width>1950</width>
                    <height>1</height>
                    <texture>Separator2.png</texture>
                </control>
            </control>
            <control type="list" id="50">
                <left>80</left>
                <top>322</top>
                <width>970</width>
                <height>675</height>
                <onleft>9000</onleft>
                <onright>70</onright>
                <onup>50</onup>
                <ondown>50</ondown>
                <viewtype label="535">list</viewtype>
                <pagecontrol>70</pagecontrol>
                <scrolltime>200</scrolltime>
                <orientation>vertical</orientation>
                <itemlayout height="112" width="870">
                    <control type="group">
                        <left>0</left>
                        <top>9</top>
                        <control type="image">
                            <left>15</left>
                            <top>6</top>
                            <width>75</width>
                            <height>75</height>
                            <texture>BlackBack.png</texture>
                        </control>
                        <control type="image">
                            <left>15</left>
                            <top>6</top>
                            <width>75</width>
                            <height>75</height>
                            <texture fallback="DefaultVideo.png">$INFO[ListItem.Icon]</texture>
                            <aspectratio>keep</aspectratio>
                        </control>
						<control type="label">
							<left>105</left>
							<top>0</top>
							<width>745</width>
							<height>38</height>
							<align>left</align>
							<aligny>center</aligny>
							<textcolor>grey</textcolor>
							<label>$INFO[ListItem.Label]</label>
							<font>ubuntu-r16b</font>
							<visible>![String.IsEmpty(ListItem.EpisodeName)+String.IsEmpty(ListItem.PlotOutline)]</visible>
						</control>
						<control type="label">
							<left>105</left>
							<top>0</top>
							<width>745</width>
							<height>38</height>
							<align>left</align>
							<aligny>center</aligny>
							<textcolor>grey</textcolor>
							<label>$INFO[ListItem.ChannelName]</label>
							<font>ubuntu-r16b</font>
							<visible>String.IsEmpty(ListItem.EpisodeName)+String.IsEmpty(ListItem.PlotOutline)</visible>
						</control>
						<control type="label">
							<left>105</left>
							<top>48</top>
							<width>768</width>
							<height>30</height>
							<align>left</align>
							<aligny>center</aligny>
							<label>$VAR[PVRRecordLabel]</label>
							<font>ubuntu-r19b</font>
						</control>
                        <control type="label">
                            <left>0</left>
                            <top>0</top>
                            <width>910</width>
                            <height>38</height>
                            <textcolor>grey1</textcolor>
                            <align>right</align>
                            <aligny>center</aligny>
                            <label>$INFO[ListItem.Date]</label>
                            <font>ubuntu-r16b</font>
                        </control>
                        <control type="image">
                            <left>880</left>
                            <top>42</top>
                            <width>36</width>
                            <height>38</height>
                            <texture>$INFO[ListItem.Overlay]</texture>
                            <visible>!ListItem.IsResumable+!String.Contains(ListItem.Overlay,OverlayHD.png)</visible>
                        </control>
                        <control type="image">
                            <left>880</left>
                            <top>42</top>
                            <width>36</width>
                            <height>38</height>
                            <texture>OverlayWatching.png</texture>
                            <visible>ListItem.IsResumable</visible>
                        </control>
                    </control>
                </itemlayout>
                <focusedlayout height="112" width="870">
                    <control type="group">
                        <include>focuseffect</include>
                        <control type="image">
                            <left>0</left>
                            <top>0</top>
                            <width>925</width>
                            <height>105</height>
                            <colordiffuse>reddiffuse</colordiffuse>
                            <texture diffuse="masks/banner_mask.png">WhiteBack.png</texture>
                            <visible>Control.HasFocus(50)</visible>
                        </control>
                        <control type="image">
                            <left>0</left>
                            <top>0</top>
                            <width>925</width>
                            <height>105</height>
                            <colordiffuse>grey</colordiffuse>
                            <texture border="4">masks/Default.png</texture>
                        </control>
                        <control type="group">
                            <left>0</left>
                            <top>9</top>
                            <control type="image">
                                <left>15</left>
                                <top>6</top>
                                <width>75</width>
                                <height>75</height>
                                <texture>BlackBack.png</texture>
                            </control>
                            <control type="image">
                                <left>15</left>
                                <top>6</top>
                                <width>75</width>
                                <height>75</height>
                                <texture fallback="DefaultVideo.png">$INFO[ListItem.Icon]</texture>
                                <aspectratio>keep</aspectratio>
                            </control>
                            <control type="label">
                                <left>105</left>
                                <top>0</top>
                                <width>745</width>
                                <height>38</height>
                                <align>left</align>
                                <aligny>center</aligny>
                                <label>$INFO[ListItem.Label]</label>
                                <font>ubuntu-r16b</font>
								<visible>![String.IsEmpty(ListItem.EpisodeName)+String.IsEmpty(ListItem.PlotOutline)]</visible>
                            </control>
                            <control type="label">
                                <left>105</left>
                                <top>0</top>
                                <width>745</width>
                                <height>38</height>
                                <align>left</align>
                                <aligny>center</aligny>
                                <label>$INFO[ListItem.ChannelName]</label>
                                <font>ubuntu-r16b</font>
								<visible>String.IsEmpty(ListItem.EpisodeName)+String.IsEmpty(ListItem.PlotOutline)</visible>
                            </control>
                            <control type="label">
                                <left>105</left>
                                <top>48</top>
                                <width>768</width>
                                <height>30</height>
                                <align>left</align>
                                <aligny>center</aligny>
                                <label>$VAR[PVRRecordLabel]</label>
                                <font>ubuntu-r19b</font>
                            </control>
                            <control type="label">
                                <left>0</left>
                                <top>0</top>
                                <width>910</width>
                                <height>38</height>
                                <textcolor>grey1</textcolor>
                                <align>right</align>
                                <aligny>center</aligny>
                                <label>$INFO[ListItem.Date]</label>
                                <font>ubuntu-r16b</font>
                            </control>
                            <control type="image">
                                <left>880</left>
                                <top>42</top>
                                <width>36</width>
                                <height>38</height>
                                <texture>$INFO[ListItem.Overlay]</texture>
                                <visible>!ListItem.IsResumable+!String.Contains(ListItem.Overlay,OverlayHD.png)</visible>
                            </control>
                            <control type="image">
                                <left>880</left>
                                <top>42</top>
                                <width>36</width>
                                <height>38</height>
                                <texture>OverlayWatching.png</texture>
                                <visible>ListItem.IsResumable</visible>
                            </control>
                        </control>
                    </control>
                </focusedlayout>
            </control>
            <control type="scrollbar" id="70">
                <left>1045</left>
                <top>326</top>
                <height>660</height>
                <onleft>50</onleft>
                <onright>noop</onright>
                <showonepage>false</showonepage>
                <orientation>vertical</orientation>
            </control>
            <control type="label">
                <left>1082</left>
                <top>375</top>
                <width>710</width>
                <height>38</height>
                <label>$INFO[ListItem.PlotOutline]</label>
                <align>center</align>
                <aligny>center</aligny>
                <font>ubuntu-r21b</font>
                <textcolor>description</textcolor>
                <shadowcolor>black</shadowcolor>
            </control>
            <control type="group">
                <left>130</left>
                <top>30</top>
                <visible>!String.IsEmpty(Container(50).ListItem.Plot)</visible>
                <!-- <control type="image">
                    <left>952</left>
                    <top>398</top>
                    <width>15</width>
                    <height>510</height>
                    <colordiffuse>fanartdiffuse</colordiffuse>
                    <texture background="true" flipx="true" border="1">SideFade.png</texture>
                </control>
                <control type="image">
                    <left>1708</left>
                    <top>398</top>
                    <width>15</width>
                    <height>510</height>
                    <colordiffuse>fanartdiffuse</colordiffuse>
                    <texture background="true" border="1">SideFade.png</texture>
                </control> -->
                <control type="textbox">
                    <description>Description Value for TV Show</description>
                    <left>982</left>
                    <top>405</top>
                    <width>710</width>
                    <height>510</height>
                    <include condition="!Skin.HasSetting(BigPlotText)">PlotText16Var</include>
                    <include condition="Skin.HasSetting(BigPlotText)">PlotTextBigVar</include>
                    <textcolor>white</textcolor>
                    <label>$INFO[Container(50).ListItem.Plot]</label>
                </control>
            </control>
            <control type="group">
                <left>1250</left>
                <top>165</top>
                <control type="label">
                    <description>Disk usage text</description>
                    <left>15</left>
                    <top>788</top>
                    <width>435</width>
                    <height>30</height>
                    <label>$INFO[PVR.backenddiskspace]</label>
                    <align>center</align>
                    <aligny>center</aligny>
                    <textcolor>grey</textcolor>
                    <shadowcolor>black</shadowcolor>
                    <font>font12</font>
                    <visible>!Integer.IsGreater(PVR.backenddiskspaceprogr,100)</visible>
                </control>
                <control type="progress">
                    <description>Disk usage bar</description>
                    <left>15</left>
                    <top>822</top>
                    <width>435</width>
                    <height>12</height>
                    <info>PVR.backenddiskspaceprogr</info>
                    <visible>!Integer.IsGreater(PVR.backenddiskspaceprogr,100)</visible>
                </control>
            </control>
        </control>
    </include>
</includes>
