<?xml version="1.0" encoding="UTF-8" standalone="yes"?>
<addon id="plugin.video.sport1de" version="2.0.1" name="Sport1" provider-name="Jin">
    <requires>
        <import addon="xbmc.python" version="2.24.0"/>
        <import addon="script.module.requests" version="2.12.4"/>
        <import addon="inputstream.adaptive" version="2.0.10"/>
        <import addon="script.module.pydes" version="2.0.1"/>
    </requires>
    <extension point="xbmc.python.pluginsource" library="addon.py">
        <provides>video</provides>
    </extension>
    <extension point="xbmc.addon.metadata">
        <news>
- fix login, video section and radio
- add sendung verpasst
- use inputstream adaptive for hls playback
- drop support for libressl
        </news>
        <summary>Sportnachrichten - aktuelle News und Livestreams</summary>
        <description>Für Sport1US und Sport1+ wird ein ABO auf sport1.de benötigt.</description>
        <disclaimer>Inoffizielles Addon - Benutzung auf eigene Gefahr</disclaimer>
        <platform>all</platform>
        <license>GNU GENERAL PUBLIC LICENSE. Version 2, June 1991</license>
        <website>https://www.sport1.de</website>
        <email>[jin] at [xyz] dot [de]</email>
        <source>https://github.com/kodinerds/repo/tree/master/plugin.video.sport1de</source>
    </extension>
</addon>