<?xml version="1.0" encoding="UTF-8"?>
<window type="buttonMenu">
    <defaultcontrol>9000</defaultcontrol>
	<backgroundcolor>$VAR[BackgroundOverlayColor]</backgroundcolor>
    <include>openclose</include>
    <controls>
        <!-- <control type="button" id="9001">
            <description>Make sure we hit the first button in the group list and not the close window button</description>
            <left>-24</left>
            <top>-24</top>
            <width>6</width>
            <height>6</height>
            <label>-</label>
            <font>-</font>
            <onfocus>down</onfocus>
            <onleft>9000</onleft>
            <onright>9000</onright>
            <onup>9000</onup>
            <ondown>2</ondown>
        </control> -->
        <control type="image">
            <include>openclosefanart</include>
            <include>Dimensions_Fullscreen</include>
            <colordiffuse>grey1</colordiffuse>
            <texture background="true">special://skin/backgrounds/fallback_background.jpg</texture>
        </control>
        <control type="image">
            <include>opencloseslideright</include>
            <description>background top image</description>
            <left>255</left>
            <top>-8</top>
            <width>510</width>
            <height>1095</height>
            <texture>BlackBack.png</texture>
        </control>
        <include>BlackStripes</include>
        <control type="group">
            <include>opencloseslideright</include>
			<animation effect="slide" end="0,300" condition="Integer.IsEqual(Container(9000).NumItems,1)">Conditional</animation>
			<animation effect="slide" end="0,270" condition="Integer.IsEqual(Container(9000).NumItems,2)">Conditional</animation>
			<animation effect="slide" end="0,240" condition="Integer.IsEqual(Container(9000).NumItems,3)">Conditional</animation>
			<animation effect="slide" end="0,210" condition="Integer.IsEqual(Container(9000).NumItems,4)">Conditional</animation>
			<animation effect="slide" end="0,180" condition="Integer.IsEqual(Container(9000).NumItems,5)">Conditional</animation>
			<animation effect="slide" end="0,150" condition="Integer.IsEqual(Container(9000).NumItems,6)">Conditional</animation>
			<animation effect="slide" end="0,120" condition="Integer.IsEqual(Container(9000).NumItems,7)">Conditional</animation>
			<animation effect="slide" end="0,90" condition="Integer.IsEqual(Container(9000).NumItems,8)">Conditional</animation>
			<animation effect="slide" end="0,60" condition="Integer.IsEqual(Container(9000).NumItems,9)">Conditional</animation>
			<animation effect="slide" end="0,30" condition="Integer.IsEqual(Container(9000).NumItems,10)">Conditional</animation>
			<control type="panel" id="9000">
				<left>255</left>
				<top>210</top>
				<width>510</width>
				<height min="60" max="660">auto</height>
				<onleft>9000</onleft>
				<onright>9000</onright>
				<onup>9000</onup>
				<ondown>9000</ondown>
				<itemgap>0</itemgap>
				<align>center</align>
				<aligny>center</aligny>
				<orientation>vertical</orientation>
				<itemlayout width="510" height="60">
					<control type="label">
						<width>510</width>
						<height>60</height>
						<align>center</align>
						<textcolor>white</textcolor>
						<shadowcolor>-</shadowcolor>
						<textwidth>435</textwidth>
						<label>$INFO[ListItem.Label]</label>
					</control>
					<control type="image">
						<top>29</top>
						<width>510</width>
						<height>1</height>
						<texture colordiffuse="menudiffuse">$INFO[ListItem.Property(separator)]</texture>
						<visible>!String.IsEmpty(ListItem.Property(separator))</visible>
					</control>
				</itemlayout>
				<focusedlayout width="510" height="60">
					<control type="image">
						<width>510</width>
						<height>60</height>
						<texture border="5">buttons/ButtonFO.png</texture>
					</control>
					<control type="image">
						<top>29</top>
						<width>510</width>
						<height>1</height>
						<texture colordiffuse="black">$INFO[ListItem.Property(separator)]</texture>
						<visible>!String.IsEmpty(ListItem.Property(separator))</visible>
					</control>
					<control type="label">
						<width>510</width>
						<height>60</height>
						<align>center</align>
						<textcolor>black</textcolor>
						<shadowcolor>-</shadowcolor>
						<textwidth>435</textwidth>
						<label>$INFO[ListItem.Label]</label>
					</control>
				</focusedlayout>
				<content>
					<item>
						<label>$LOCALIZE[13012]</label>
						<onclick>Quit()</onclick>
						<visible>System.ShowExitButton</visible>
						<visible>!Skin.HasSetting(Shutdown_noexit)</visible>
					</item>
					<item>
						<label>$LOCALIZE[13016]</label>
						<onclick>Powerdown()</onclick>
						<visible>System.CanPowerDown</visible>
						<visible>!Skin.HasSetting(Shutdown_noshutdown)</visible>
					</item>
					<item>
						<label>$LOCALIZE[20150]</label>
						<onclick>AlarmClock(shutdowntimer,Shutdown())</onclick>
						<visible>!System.HasAlarm(shutdowntimer)</visible>
						<visible>System.CanPowerDown | System.CanSuspend | System.CanHibernate</visible>
						<visible>!Skin.HasSetting(Shutdown_notimer)</visible>
					</item>
					<item>
						<label>$LOCALIZE[20151] $INFO[System.AlarmPos,(,)]</label>
						<onclick>CancelAlarm(shutdowntimer)</onclick>
						<visible>System.HasAlarm(shutdowntimer)</visible>
					</item>
					<item>
						<label>$LOCALIZE[13011]</label>
						<onclick>Suspend()</onclick>
						<visible>System.CanSuspend</visible>
						<visible>!Skin.HasSetting(Shutdown_nosuspent)</visible>
					</item>
					<item>
						<label>$LOCALIZE[13010]</label>
						<onclick>Hibernate()</onclick>
						<visible>System.CanHibernate</visible>
						<visible>!Skin.HasSetting(Shutdown_nohibernate)</visible>
					</item>
					<item>
						<label>$LOCALIZE[13013]</label>
						<onclick>Reset()</onclick>
						<visible>System.CanReboot</visible>
						<visible>!Skin.HasSetting(Shutdown_noreboot)</visible>
					</item>
					<item>
						<label>$LOCALIZE[20126] $INFO[system.profilename]</label>
						<onclick>dialog.close(all,true)</onclick>
						<onclick>System.LogOff</onclick>
						<visible>System.HasLoginScreen | Integer.IsGreater(System.ProfileCount,1)</visible>
						<visible>System.Loggedon</visible>
					</item>
					<item>
						<label>$LOCALIZE[20046]</label>
						<altlabel>$LOCALIZE[20045]</altlabel>
						<usealttexture>!System.IsMaster</usealttexture>
						<onclick>mastermode</onclick>
						<visible>System.HasLocks</visible>
					</item>
					<item>
						<label>$LOCALIZE[13017]</label>
						<onclick>InhibitIdleShutdown(true)</onclick>
						<visible>System.HasShutdown +!System.IsInhibit</visible>
						<visible>!Skin.HasSetting(shutdown_noinhibitidle)</visible>
					</item>
					<item>
						<label>$LOCALIZE[13018]</label>
						<onclick>InhibitIdleShutdown(false)</onclick>
						<visible>System.HasShutdown + System.IsInhibit</visible>
						<visible>!Skin.HasSetting(shutdown_noallowidle)</visible>
					</item>
					<item>
						<label>$LOCALIZE[14261]</label>
						<onclick>dialog.close(all,true)</onclick>
						<onclick>ActivateWindow(skinsettings)</onclick>
					</item>
					<item>
						<label></label>
						<property name="separator">Separator2.png</property>
						<onclick>-</onclick>
						<visible>Skin.HasSetting(shutdown_nand)|Skin.HasSetting(shutdown_restart)|Skin.HasSetting(shutdown_reload)</visible>
					</item>
					<item>
						<label>$LOCALIZE[51581]</label>
						<onclick>RestartApp</onclick>
						<visible>Skin.HasSetting(shutdown_restart)</visible>
					</item>
					<item>
						<label>$LOCALIZE[13013] $LOCALIZE[19156] Nand</label>
						<onclick>dialog.close(all,true)</onclick>
						<onclick>System.ExecWait("/usr/sbin/rebootfromnand")</onclick>
						<visible>System.CanReboot</visible>
						<!-- <visible>System.Platform.Android</visible> -->
						<visible>Skin.HasSetting(shutdown_nand)</visible>
					</item>
					<item>
						<label>$LOCALIZE[51579]</label>
						<onclick>ReloadSkin()</onclick>
						<visible>Skin.HasSetting(shutdown_reload)</visible>
					</item>
				</content>
			</control>
        </control>
        <control type="group">
            <include>openclosemedium</include>
            <left>885</left>
            <top>285</top>
			<include content="MiniWeather">
				<param name="left" value="0" />
				<param name="top" value="225" />
			</include>
			<control type="label">
				<left>0</left>
				<width>900</width>
				<height>45</height>
				<align>left</align>
				<aligny>center</aligny>
				<font>impacted44</font>
				<textcolor>white</textcolor>
				<shadowcolor>-</shadowcolor>
				<label>$INFO[System.Date]</label>
			</control>
			<control type="label">
				<top>75</top>
				<width>750</width>
				<height>45</height>
				<align>left</align>
				<aligny>center</aligny>
				<font>impacted54</font>
				<textcolor>white</textcolor>
				<shadowcolor>-</shadowcolor>
				<label>$INFO[System.Time]</label>
			</control>
			<control type="label">
				<top>135</top>
				<width>750</width>
				<height>45</height>
				<align>left</align>
				<aligny>center</aligny>
				<font>impacted24</font>
				<textcolor>grey</textcolor>
				<shadowcolor>-</shadowcolor>
				<label>$INFO[System.Uptime,$LOCALIZE[51451]  ,]</label>
			</control>
			<control type="label">
				<top>360</top>
				<width>750</width>
				<height>45</height>
				<align>left</align>
				<aligny>center</aligny>
				<font>impacted24</font>
				<textcolor>grey1</textcolor>
				<shadowcolor>-</shadowcolor>
				<label>$LOCALIZE[31023]:</label>
				<visible>Player.HasMedia</visible>
			</control>
			<control type="fadelabel">
				<top>405</top>
				<width>950</width>
				<height>45</height>
				<align>left</align>
				<aligny>center</aligny>
				<font>impacted26</font>
				<textcolor>white</textcolor>
				<shadowcolor>-</shadowcolor>
				<label>$VAR[HomeOSDTitle]</label>
				<label>$VAR[HomeOSDLabel]</label>
				<visible>Player.HasAudio</visible>
			</control>
			<control type="label">
				<top>405</top>
				<width>950</width>
				<height>45</height>
				<align>left</align>
				<aligny>center</aligny>
				<font>impacted26</font>
				<textcolor>white</textcolor>
				<shadowcolor>-</shadowcolor>
				<label>$VAR[HomeOSDTitle]$INFO[Player.TimeRemaining, - ,]</label>
				<visible>Player.HasVideo</visible>
			</control>
			<control type="image">
				<!-- Artistlogo -->
				<visible>Skin.HasSetting(music_art)</visible>
				<include>openclosevisible</include>
				<left>0</left>
				<top>465</top>
				<width>510</width>
				<height>180</height>
				<aspectratio align="left" aligny="top">keep</aspectratio>
				<texture>$INFO[Skin.String(Music_Folder_Path)]$INFO[MusicPlayer.Artist,,/logo.png]</texture>
				<visible>Player.HasMedia</visible>
			</control>
        </control>
        <control type="grouplist">
            <left>15</left>
            <top>6</top>
            <width>1800</width>
            <orientation>vertical</orientation>
            <itemgap>9</itemgap>
            <include>opencloseslidedown</include>
            <control type="label">
                <width>1800</width>
                <height>30</height>
                <label>$INFO[Pvr.NowRecordingTitle,[COLOR=red]$LOCALIZE[19158]: [/COLOR],]$INFO[Pvr.NowRecordingChannel, / ,]</label>
                <visible>Pvr.IsRecording</visible>
            </control>
            <control type="label">
                <width>1800</width>
                <height>30</height>
                <label>$INFO[Pvr.NextRecordingTitle,[COLOR=red]$LOCALIZE[19157]: [/COLOR],]$INFO[Pvr.NextRecordingChannel, / ,]</label>
                <visible>Pvr.HasNonRecordingTVTimer|Pvr.HasNonRecordingRadioTimer</visible>
            </control>
            <control type="label">
                <width>1800</width>
                <height>30</height>
                <label>[COLOR=red]nächster Umschalttimer: [/COLOR]$INFO[Window(Home).Property(t0:date)]$INFO[Window(Home).Property(t0:channel), / ,]</label>
                <visible>!String.IsEmpty(Window(Home).Property(t0:date))</visible>
            </control>
        </control>
        <control type="label">
            <visible>System.HasAlarm(shutdowntimer)</visible>
            <left>30</left>
            <top>990</top>
            <width>1860</width>
            <height>45</height>
            <align>center</align>
            <font>impacted26</font>
            <textcolor>red</textcolor>
            <label>$LOCALIZE[31329] $INFO[System.Alarmpos]</label>
            <include>opencloseslideup</include>
        </control>
    </controls>
</window>
