<?xml version="1.0" encoding="utf-8"?>
<window>
	<defaultcontrol always="true">52</defaultcontrol>
	<backgroundcolor>background</backgroundcolor>
	<controls>
		<include>Background</include>
		<control type="group">
			<animation condition="Integer.IsEqual(Container(52).NumItems,6)" effect="slide" start="0,0" end="12,0">Conditional</animation>
			<animation condition="Integer.IsEqual(Container(52).NumItems,5)" effect="slide" start="0,0" end="160,0">Conditional</animation>
			<animation condition="Integer.IsEqual(Container(52).NumItems,4)" effect="slide" start="0,0" end="308,0">Conditional</animation>
			<animation condition="Integer.IsEqual(Container(52).NumItems,3)" effect="slide" start="0,0" end="456,0">Conditional</animation>
			<animation condition="Integer.IsEqual(Container(52).NumItems,2)" effect="slide" start="0,0" end="604,0">Conditional</animation>
			<animation condition="Integer.IsEqual(Container(52).NumItems,1)" effect="slide" start="0,0" end="752,0">Conditional</animation>
			<top>70</top>
			<include content="ProfileWidget">
				<param name="id" value="52"/>
				<param name="onup" value="noop"/>
				<param name="ondown" value="100"/>
				<param name="headline" value="$LOCALIZE[13200]"/>
				<param name="mainlabel" value="$INFO[ListItem.Label]"/>
				<param name="use_custom_content" value="false"/>
			</include>
		</control>
		<control type="grouplist" id="100">
			<width>800</width>
			<centerleft>50%</centerleft>
			<top>490</top>
			<height>100</height>
			<align>center</align>
			<orientation>horizontal</orientation>
			<onup>52</onup>
			<onright>noop</onright>
			<ondown>noop</ondown>
			<control type="button" id="101">
				<include>DarkGreyButton</include>
				<width>80</width>
				<height>80</height>
				<font>material40</font>
				<label></label>
				<onclick>ActivateWindow(shutdownmenu)</onclick>
			</control>
		</control>
		<!-- header bar -->
		<include content="HeaderBar">
			<param name="id">52</param>
			<param name="enabled">false</param>
		</include>
	</controls>
</window>
