<?xml version="1.0" encoding="UTF-8" standalone="yes"?>
<addon id="repository.lost-and-found" name="kodinerds.net Add-ons" version="1.1.11" provider-name="L0RE">

   <requires>
        <import addon="repository.kodinerds" version="1.1.9"/>
   </requires>
	<extension point="xbmc.addon.repository" name="L0RE">
		<info compressed="true">https://raw.githubusercontent.com/kodinerds/repo/master/addons.xml</info>
		<checksum>https://raw.githubusercontent.com/kodinerds/repo/master/addons.xml.md5</checksum>
		<datadir zip="true">https://raw.githubusercontent.com/kodinerds/repo/master/</datadir>
	</extension>
	<extension point="xbmc.addon.metadata">
		<summary>Most of the addon have been abandoned, and Patched by someone new. Or have been Found without someone loosing them</summary>
		<description>Most of the addon have been abandoned, and Patched by someone new. Or have been Found without someone loosing them</description>
		<disclaimer></disclaimer>
		<platform>all</platform>
	</extension>
        <broken>Kodinerds Repo ersetzt Lost und Found</broken>
</addon>
