<?xml version="1.0" encoding="UTF-8"?>
<window>
	<defaultcontrol always="true">100</defaultcontrol>
	<menucontrol>6666</menucontrol>
	<backgroundcolor>background</backgroundcolor>
	<controls>
		<include>Background</include>
		<control type="group" id="50">
			<!-- left -->
			<control type="group">
				<include>Window_OpenClose</include>
				<include content="ContentPanel">
				</include>
				<control type="group">
					<top>112</top>
					<include content="SideMenuHeadline">
						<param name="nr">1</param>
						<param name="label">$LOCALIZE[5]</param>
					</include>
					<control type="grouplist" id="100">
						<description>button area</description>
						<left>0</left>
						<top>55</top>
						<bottom>130</bottom>
						<width>470</width>
						<usecontrolcoords>true</usecontrolcoords>
						<onleft>9999</onleft>
						<onup>6666</onup>
						<ondown>noop</ondown>
						<control type="button" id="101">
							<width>400</width>
							<height>50</height>
							<align>left</align>
							<aligny>center</aligny>
							<font>Reg22</font>
							<textoffsetx>50</textoffsetx>
							<textcolor>panel_text</textcolor>
							<focusedcolor>panel_text</focusedcolor>
							<selectedcolor>panel_text</selectedcolor>
							<shadowcolor>text_shadow</shadowcolor>
							<texturefocus colordiffuse="panel_hover">common/white.jpg</texturefocus>
							<include>NoTextures</include>
							<label>$LOCALIZE[480]</label>
							<onright>200</onright>
						</control>
						<control type="button" id="102">
							<width>400</width>
							<height>50</height>
							<align>left</align>
							<aligny>center</aligny>
							<font>Reg22</font>
							<textoffsetx>50</textoffsetx>
							<textcolor>panel_text</textcolor>
							<focusedcolor>panel_text</focusedcolor>
							<selectedcolor>panel_text</selectedcolor>
							<shadowcolor>text_shadow</shadowcolor>
							<texturefocus colordiffuse="panel_hover">common/white.jpg</texturefocus>
							<include>NoTextures</include>
							<label>$LOCALIZE[10000]</label>
							<onright>300</onright>
						</control>
						<control type="button" id="103">
							<width>400</width>
							<height>50</height>
							<align>left</align>
							<aligny>center</aligny>
							<font>Reg22</font>
							<textoffsetx>50</textoffsetx>
							<textcolor>panel_text</textcolor>
							<focusedcolor>panel_text</focusedcolor>
							<selectedcolor>panel_text</selectedcolor>
							<shadowcolor>text_shadow</shadowcolor>
							<texturefocus colordiffuse="panel_hover">common/white.jpg</texturefocus>
							<include>NoTextures</include>
							<label>$LOCALIZE[31134]</label>
							<onright>400</onright>
						</control>
						<control type="button" id="104">
							<width>400</width>
							<height>50</height>
							<align>left</align>
							<aligny>center</aligny>
							<font>Reg22</font>
							<textoffsetx>50</textoffsetx>
							<textcolor>panel_text</textcolor>
							<focusedcolor>panel_text</focusedcolor>
							<selectedcolor>panel_text</selectedcolor>
							<shadowcolor>text_shadow</shadowcolor>
							<texturefocus colordiffuse="panel_hover">common/white.jpg</texturefocus>
							<include>NoTextures</include>
							<label>$LOCALIZE[31173]</label>
							<onright>500</onright>
						</control>
						<control type="button" id="105">
							<width>400</width>
							<height>50</height>
							<align>left</align>
							<aligny>center</aligny>
							<font>Reg22</font>
							<textoffsetx>50</textoffsetx>
							<textcolor>panel_text</textcolor>
							<focusedcolor>panel_text</focusedcolor>
							<selectedcolor>panel_text</selectedcolor>
							<shadowcolor>text_shadow</shadowcolor>
							<texturefocus colordiffuse="panel_hover">common/white.jpg</texturefocus>
							<include>NoTextures</include>
							<label>$LOCALIZE[31172]</label>
							<onright>600</onright>
						</control>
						<control type="button" id="106">
							<width>400</width>
							<height>50</height>
							<align>left</align>
							<aligny>center</aligny>
							<font>Reg22</font>
							<textoffsetx>50</textoffsetx>
							<textcolor>panel_text</textcolor>
							<focusedcolor>panel_text</focusedcolor>
							<selectedcolor>panel_text</selectedcolor>
							<shadowcolor>text_shadow</shadowcolor>
							<texturefocus colordiffuse="panel_hover">common/white.jpg</texturefocus>
							<include>NoTextures</include>
							<label>$LOCALIZE[31174]</label>
							<onright>700</onright>
						</control>
					</control>
				</control>
			</control>
			<!-- right  -->
			<control type="group">
				<top>58</top>
				<include>Window_OpenClose</include>
				<control type="grouplist">
					<left>500</left>
					<right>100</right>
					<centertop>50%</centertop>
					<height max="940">auto</height>
					<orientation>vertical</orientation>
					<itemgap>20</itemgap>
					<align>center</align>
					<!-- heading -->
					<control type="group">
						<height>50</height>
						<control type="label">
							<width>800</width>
							<height>48</height>
							<font>Reg24</font>
							<aligny>center</aligny>
							<textoffsetx>5</textoffsetx>
							<label>$VAR[SkinSettingsHeadline]</label>
						</control>
						<control type="image">
							<width>100%</width>
							<top>45</top>
							<height>2</height>
							<texture colordiffuse="lightgrey">common/white.jpg</texture>
							<aspectratio>stretch</aspectratio>
						</control>
						<control type="image">
							<width>100%</width>
							<top>45</top>
							<height>2</height>
							<texture colordiffuse="emby">common/white.jpg</texture>
							<aspectratio>stretch</aspectratio>
							<include>WindowOpen_GreenBar</include>
						</control>
					</control>
					<!-- list -->
					<control type="group">
						<height>720</height>
						<control type="image">
							<height>720</height>
							<texture colordiffuse="thumb_background">common/white.jpg</texture>
							<aspectratio>stretch</aspectratio>
						</control>
						<!-- appearancesettings -->
						<control type="grouplist" id="200">
							<visible>ControlGroup(100).HasFocus(101)</visible>
							<centerleft>50%</centerleft>
							<top>10</top>
							<height>700</height>
							<onup>6666</onup>
							<onleft>100</onleft>
							<onright>noop</onright>
							<ondown>noop</ondown>
							<pagecontrol>70</pagecontrol>
							<scrolltime>200</scrolltime>
							<!-- background -->
							<control type="label" id="299">
								<height>50</height>
								<font>med22</font>
								<textoffsetx>15</textoffsetx>
								<textcolor>panel_text</textcolor>
								<shadowcolor>text_shadow</shadowcolor>
								<aligny>center</aligny>
								<label>$LOCALIZE[19190]</label>
							</control>
							<control type="radiobutton" id="201">
								<include>SettingsButton</include>
								<onclick>Skin.ToggleSetting(HideBackground)</onclick>
								<selected>!Skin.HasSetting(HideBackground)</selected>
								<label>$LOCALIZE[31087]</label>
							</control>
							<control type="radiobutton" id="202">
								<include>SettingsButton</include>
								<onclick>Skin.ToggleSetting(HideBackgroundPlayback)</onclick>
								<selected>!Skin.HasSetting(HideBackgroundPlayback)</selected>
								<label>$LOCALIZE[31088]</label>
							</control>
							<control type="button" id="203">
								<include>SettingsButton</include>
								<onclick>RunScript(script.skin.helper.service,action=setskinsetting,setting=BackgroundAlpha,header=$LOCALIZE[13324])</onclick>
								<label>$LOCALIZE[13324]</label>
								<label2>$VAR[BackgroundAlphaLabel]</label2>
								<enable>!Skin.HasSetting(HideBackground) | !Skin.HasSetting(HideBackgroundPlayback)</enable>
							</control>
							<control type="label" id="210">
								<height>50</height>
								<font>med22</font>
								<textoffsetx>15</textoffsetx>
								<textcolor>panel_text</textcolor>
								<shadowcolor>text_shadow</shadowcolor>
								<aligny>center</aligny>
								<label>$LOCALIZE[33070]</label>
							</control>
							<control type="radiobutton" id="211">
								<include>SettingsButton</include>
								<onclick>Skin.ToggleSetting(ShowStaticBackgroundImage)</onclick>
								<selected>Skin.HasSetting(ShowStaticBackgroundImage)</selected>
								<label>$LOCALIZE[31104]</label>
							</control>
							<control type="button" id="212">
								<textcolor>emby</textcolor>
								<texturenofocus colordiffuse="33000000">common/white.jpg</texturenofocus>
								<include>SettingsButton</include>
								<onclick>Skin.SetImage(StaticBackgroundImage)</onclick>
								<label>• $LOCALIZE[573]</label>
								<label2>$INFO[Skin.String(StaticBackgroundImage)]</label2>
								<enable>Skin.HasSetting(ShowStaticBackgroundImage)</enable>
								<visible>Skin.HasSetting(ShowStaticBackgroundImage)</visible>
							</control>
							<control type="label" id="220">
								<height>50</height>
								<font>med22</font>
								<textoffsetx>15</textoffsetx>
								<textcolor>panel_text</textcolor>
								<shadowcolor>text_shadow</shadowcolor>
								<aligny>center</aligny>
								<label>$LOCALIZE[31109]</label>
							</control>
							<control type="radiobutton" id="221">
								<include>SettingsButton</include>
								<onclick>Skin.ToggleSetting(HideHeaderWeather)</onclick>
								<selected>!Skin.HasSetting(HideHeaderWeather)</selected>
								<label>$LOCALIZE[31110]</label>
							</control>
							<!-- global widget settings -->
							<control type="label" id="240">
								<height>50</height>
								<font>med22</font>
								<textoffsetx>15</textoffsetx>
								<textcolor>panel_text</textcolor>
								<shadowcolor>text_shadow</shadowcolor>
								<aligny>center</aligny>
								<label>$LOCALIZE[31083]</label>
							</control>
							<control type="radiobutton" id="241">
								<include>SettingsButton</include>
								<onclick>Skin.ToggleSetting(WidgetDiffuse)</onclick>
								<selected>Skin.HasSetting(WidgetDiffuse)</selected>
								<label>$LOCALIZE[31016]</label>
							</control>
							<control type="radiobutton" id="242">
								<include>SettingsButton</include>
								<onclick>Skin.ToggleSetting(HideLibraryWidgets)</onclick>
								<selected>!Skin.HasSetting(HideLibraryWidgets)</selected>
								<label>$LOCALIZE[31084]</label>
							</control>
							<control type="radiobutton" id="243">
								<include>SettingsButton</include>
								<onclick>Skin.ToggleSetting(EnableEmbyConWidgets)</onclick>
								<selected>Skin.HasSetting(EnableEmbyConWidgets)</selected>
								<label>$LOCALIZE[31085]</label>
								<enable>System.HasAddon(plugin.video.embycon)</enable>
							</control>
							<!-- misc -->
							<control type="label" id="230">
								<height>50</height>
								<font>med22</font>
								<textoffsetx>15</textoffsetx>
								<textcolor>panel_text</textcolor>
								<shadowcolor>text_shadow</shadowcolor>
								<aligny>center</aligny>
								<label>$LOCALIZE[31001]</label>
							</control>
							<control type="radiobutton" id="231">
								<include>SettingsButton</include>
								<onclick>Skin.ToggleSetting(CustomDeviceName)</onclick>
								<selected>Skin.HasSetting(CustomDeviceName)</selected>
								<label>$LOCALIZE[31117]</label>
							</control>
							<control type="button" id="232">
								<textcolor>emby</textcolor>
								<texturenofocus colordiffuse="33000000">common/white.jpg</texturenofocus>
								<include>SettingsButton</include>
								<onclick>Skin.SetString(CustomDeviceName_label)</onclick>
								<label>• $LOCALIZE[21899]</label>
								<label2>$VAR[HeaderCustomDeviceName]</label2>
								<visible>Skin.HasSetting(CustomDeviceName)</visible>
							</control>
							<control type="radiobutton" id="233">
								<include>SettingsButton</include>
								<onclick>Skin.ToggleSetting(KioskMode)</onclick>
								<selected>Skin.HasSetting(KioskMode)</selected>
								<label>$LOCALIZE[31112]</label>
							</control>
							<control type="radiobutton" id="234">
								<include>SettingsButton</include>
								<onclick>Skin.ToggleSetting(HideEmbyConHubButtons)</onclick>
								<selected>!Skin.HasSetting(HideEmbyConHubButtons)</selected>
								<label>$LOCALIZE[31127]</label>
								<enable>System.HasAddon(plugin.video.embycon)</enable>
							</control>
							<control type="radiobutton" id="235">
								<include>SettingsButton</include>
								<onclick>Skin.ToggleSetting(HideLibraryEditButtons)</onclick>
								<selected>!Skin.HasSetting(HideLibraryEditButtons)</selected>
								<label>$LOCALIZE[31155]</label>
							</control>
							<control type="radiobutton" id="236">
								<include>SettingsButton</include>
								<onclick>Skin.ToggleSetting(HideHolidayTheme)</onclick>
								<selected>!Skin.HasSetting(HideHolidayTheme)</selected>
								<label>$LOCALIZE[31015]</label>
							</control>
						</control>
						<!-- widgets -->
						<control type="grouplist" id="300">
							<visible>ControlGroup(100).HasFocus(102)</visible>
							<centerleft>50%</centerleft>
							<top>10</top>
							<height>700</height>
							<onup>6666</onup>
							<onleft>100</onleft>
							<onright>noop</onright>
							<ondown>noop</ondown>
							<pagecontrol>70</pagecontrol>
							<scrolltime>200</scrolltime>
							<!-- media menu -->
							<control type="label" id="310">
								<height>50</height>
								<font>med22</font>
								<textoffsetx>15</textoffsetx>
								<textcolor>panel_text</textcolor>
								<shadowcolor>text_shadow</shadowcolor>
								<aligny>center</aligny>
								<label>$LOCALIZE[33061]</label>
							</control>
							<!-- movies tvshows music music videos addons -->
							<control type="radiobutton" id="311">
								<include>SettingsButton</include>
								<onclick>Skin.ToggleSetting(HideMovieLibrary)</onclick>
								<selected>!Skin.HasSetting(HideMovieLibrary)</selected>
								<label>$LOCALIZE[342]</label>
							</control>
							<control type="radiobutton" id="312">
								<include>SettingsButton</include>
								<onclick>Skin.ToggleSetting(HideTVShowLibrary)</onclick>
								<selected>!Skin.HasSetting(HideTVShowLibrary)</selected>
								<label>$LOCALIZE[20343]</label>
							</control>
							<!-- placeholder for leia netflix and amazon video
							<control type="radiobutton" id="313">
								<include>SettingsButton</include>
								<onclick>Skin.ToggleSetting(HideTVShowLibrary)</onclick>
								<selected>!Skin.HasSetting(HideTVShowLibrary)</selected>
								<label>$LOCALIZE[20343]</label>
							</control>
							<control type="radiobutton" id="314">
								<include>SettingsButton</include>
								<onclick>Skin.ToggleSetting(HideTVShowLibrary)</onclick>
								<selected>!Skin.HasSetting(HideTVShowLibrary)</selected>
								<label>$LOCALIZE[20343]</label>
							</control>-->
							<control type="radiobutton" id="315">
								<include>SettingsButton</include>
								<onclick>Skin.ToggleSetting(HidePVRLibrary)</onclick>
								<selected>!Skin.HasSetting(HidePVRLibrary)</selected>
								<label>$VAR[PVRLabel]</label>
							</control>
							<control type="radiobutton" id="316">
								<include>SettingsButton</include>
								<onclick>Skin.ToggleSetting(HideMusicLibrary)</onclick>
								<selected>!Skin.HasSetting(HideMusicLibrary)</selected>
								<label>$LOCALIZE[2]</label>
							</control>
							<control type="radiobutton" id="317">
								<include>SettingsButton</include>
								<onclick>Skin.ToggleSetting(HideMusicVideosLibrary)</onclick>
								<selected>!Skin.HasSetting(HideMusicVideosLibrary)</selected>
								<label>$LOCALIZE[20389]</label>
							</control>
							<control type="radiobutton" id="318">
								<include>SettingsButton</include>
								<onclick>Skin.ToggleSetting(HideAddonLibrary)</onclick>
								<selected>!Skin.HasSetting(HideAddonLibrary)</selected>
								<label>$LOCALIZE[24001]</label>
							</control>
							<!-- default widgets -->
							<control type="label" id="330">
								<height>50</height>
								<font>med22</font>
								<textoffsetx>15</textoffsetx>
								<textcolor>panel_text</textcolor>
								<shadowcolor>text_shadow</shadowcolor>
								<aligny>center</aligny>
								<label>$LOCALIZE[31086]</label>
							</control>
							<control type="radiobutton" id="331">
								<include>SettingsButton</include>
								<onclick>Skin.ToggleSetting(HideWidgetContinue)</onclick>
								<selected>!Skin.HasSetting(HideWidgetContinue)</selected>
								<label>$LOCALIZE[31080]</label>
							</control>
							<control type="radiobutton" id="332">
								<include>SettingsButton</include>
								<onclick>Skin.ToggleSetting(HideWidgetPVR)</onclick>
								<selected>!Skin.HasSetting(HideWidgetPVR)</selected>
								<label>$LOCALIZE[14204]</label>
							</control>
							<control type="radiobutton" id="3321">
								<textcolor>emby</textcolor>
								<texturenofocus colordiffuse="33000000">common/white.jpg</texturenofocus>
								<include>SettingsButton</include>
								<onclick>Skin.ToggleSetting(PreferLastTunedPVRChannels)</onclick>
								<selected>Skin.HasSetting(PreferLastTunedPVRChannels)</selected>
								<visible>!Skin.HasSetting(HideWidgetPVR)</visible>
								<label>• $LOCALIZE[31107]</label>
							</control>
							<control type="radiobutton" id="333">
								<include>SettingsButton</include>
								<onclick>Skin.ToggleSetting(HideWidgetNextup)</onclick>
								<selected>!Skin.HasSetting(HideWidgetNextup)</selected>
								<label>$LOCALIZE[31012]</label>
							</control>
							<control type="radiobutton" id="334">
								<include>SettingsButton</include>
								<onclick>Skin.ToggleSetting(HideWidgetNewMovies)</onclick>
								<selected>!Skin.HasSetting(HideWidgetNewMovies)</selected>
								<label>$LOCALIZE[20386]</label>
							</control>
							<control type="radiobutton" id="335">
								<include>SettingsButton</include>
								<onclick>Skin.ToggleSetting(HideWidgetNewEpisodes)</onclick>
								<selected>!Skin.HasSetting(HideWidgetNewEpisodes)</selected>
								<label>$LOCALIZE[31081]</label>
							</control>
							<control type="radiobutton" id="336">
								<include>SettingsButton</include>
								<onclick>Skin.ToggleSetting(HideWidgetNewAlbums)</onclick>
								<selected>!Skin.HasSetting(HideWidgetNewAlbums)</selected>
								<label>$LOCALIZE[359]</label>
							</control>
							<!-- custom widgets -->
							<control type="label" id="340">
								<height>50</height>
								<font>med22</font>
								<textoffsetx>15</textoffsetx>
								<textcolor>panel_text</textcolor>
								<shadowcolor>text_shadow</shadowcolor>
								<aligny>center</aligny>
								<label>$LOCALIZE[31125]</label>
							</control>
							<include content="CustomWidgetTemplate">
								<param name="id" value="1"/>
								<param name="section" value="34"/>
							</include>
							<include content="CustomWidgetTemplate">
								<param name="id" value="2"/>
								<param name="section" value="34"/>
							</include>
							<include content="CustomWidgetTemplate">
								<param name="id" value="3"/>
								<param name="section" value="34"/>
							</include>
							<include content="CustomWidgetTemplate">
								<param name="id" value="4"/>
								<param name="section" value="34"/>
							</include>
							<include content="CustomWidgetTemplate">
								<param name="id" value="5"/>
								<param name="section" value="34"/>
							</include>
							<include content="CustomWidgetTemplate">
								<param name="id" value="6"/>
								<param name="section" value="34"/>
							</include>
						</control>
						<!-- side panel -->
						<control type="grouplist" id="400">
							<visible>ControlGroup(100).HasFocus(103)</visible>
							<centerleft>50%</centerleft>
							<top>10</top>
							<height>700</height>
							<onup>6666</onup>
							<onleft>100</onleft>
							<onright>noop</onright>
							<ondown>noop</ondown>
							<pagecontrol>70</pagecontrol>
							<scrolltime>200</scrolltime>
							<!-- local / embycon source -->
							<control type="label" id="499">
								<height>50</height>
								<font>med22</font>
								<textoffsetx>15</textoffsetx>
								<textcolor>panel_text</textcolor>
								<shadowcolor>text_shadow</shadowcolor>
								<aligny>center</aligny>
								<label>$LOCALIZE[14211]</label>
							</control>
							<control type="radiobutton" id="450">
								<include>SettingsButton</include>
								<onclick>Skin.ToggleSetting(HideSPMovies)</onclick>
								<selected>!Skin.HasSetting(HideSPMovies)</selected>
								<label>$LOCALIZE[31135]</label>
							</control>
							<control type="radiobutton" id="451">
								<include>SettingsButton</include>
								<onclick>Skin.ToggleSetting(HideSPTVshows)</onclick>
								<selected>!Skin.HasSetting(HideSPTVshows)</selected>
								<label>$LOCALIZE[31136]</label>
							</control>
							<control type="radiobutton" id="452">
								<include>SettingsButton</include>
								<onclick>Skin.ToggleSetting(HideSPVideos)</onclick>
								<selected>!Skin.HasSetting(HideSPVideos)</selected>
								<label>$LOCALIZE[31137]</label>
							</control>
							<control type="radiobutton" id="453">
								<include>SettingsButton</include>
								<onclick>Skin.ToggleSetting(HideSPPVR)</onclick>
								<selected>!Skin.HasSetting(HideSPPVR)</selected>
								<label>$LOCALIZE[31138]</label>
							</control>
							<control type="radiobutton" id="454">
								<include>SettingsButton</include>
								<onclick>Skin.ToggleSetting(HideSPMusic)</onclick>
								<selected>!Skin.HasSetting(HideSPMusic)</selected>
								<label>$LOCALIZE[31139]</label>
							</control>
							<control type="radiobutton" id="455">
								<include>SettingsButton</include>
								<onclick>Skin.ToggleSetting(HideSPMusicvideos)</onclick>
								<selected>!Skin.HasSetting(HideSPMusicvideos)</selected>
								<label>$LOCALIZE[31168]</label>
							</control>
							<control type="radiobutton" id="456">
								<include>SettingsButton</include>
								<onclick>Skin.ToggleSetting(HideSPPictures)</onclick>
								<selected>!Skin.HasSetting(HideSPPictures)</selected>
								<label>$LOCALIZE[31140]</label>
							</control>
							<control type="label" id="460">
								<height>50</height>
								<font>med22</font>
								<textoffsetx>15</textoffsetx>
								<textcolor>panel_text</textcolor>
								<shadowcolor>text_shadow</shadowcolor>
								<aligny>center</aligny>
								<label>$LOCALIZE[31001]</label>
							</control>
							<control type="radiobutton" id="461">
								<include>SettingsButton</include>
								<onclick>Skin.ToggleSetting(HideSPAddons)</onclick>
								<selected>!Skin.HasSetting(HideSPAddons)</selected>
								<label>$LOCALIZE[31141]</label>
							</control>
							<control type="radiobutton" id="462">
								<include>SettingsButton</include>
								<onclick>Skin.ToggleSetting(HideSPFavourites)</onclick>
								<selected>!Skin.HasSetting(HideSPFavourites)</selected>
								<label>$LOCALIZE[31142]</label>
							</control>
							<control type="radiobutton" id="463">
								<include>SettingsButton</include>
								<onclick>Skin.ToggleSetting(HideSPWeather)</onclick>
								<selected>!Skin.HasSetting(HideSPWeather)</selected>
								<label>$LOCALIZE[31143]</label>
							</control>
							<control type="label" id="470">
								<height>50</height>
								<font>med22</font>
								<textoffsetx>15</textoffsetx>
								<textcolor>panel_text</textcolor>
								<shadowcolor>text_shadow</shadowcolor>
								<aligny>center</aligny>
								<label>$LOCALIZE[13000]</label>
							</control>
							<control type="radiobutton" id="471">
								<include>SettingsButton</include>
								<onclick>Skin.ToggleSetting(HideSPVideoUpdate)</onclick>
								<selected>!Skin.HasSetting(HideSPVideoUpdate)</selected>
								<label>$LOCALIZE[31113]</label>
							</control>
							<control type="radiobutton" id="472">
								<include>SettingsButton</include>
								<onclick>Skin.ToggleSetting(HideSPMusicUpdate)</onclick>
								<selected>!Skin.HasSetting(HideSPMusicUpdate)</selected>
								<label>$LOCALIZE[31114]</label>
							</control>
							<control type="radiobutton" id="473">
								<include>SettingsButton</include>
								<onclick>Skin.ToggleSetting(HideSPAddonUpdate)</onclick>
								<selected>!Skin.HasSetting(HideSPAddonUpdate)</selected>
								<label>$LOCALIZE[31144]</label>
							</control>
							<control type="radiobutton" id="474">
								<include>SettingsButton</include>
								<onclick>Skin.ToggleSetting(HideSPDebug)</onclick>
								<selected>!Skin.HasSetting(HideSPDebug)</selected>
								<label>$LOCALIZE[31145]</label>
							</control>
							<control type="radiobutton" id="475">
								<include>SettingsButton</include>
								<onclick>Skin.ToggleSetting(HideSPReload)</onclick>
								<selected>!Skin.HasSetting(HideSPReload)</selected>
								<label>$LOCALIZE[31146]</label>
							</control>
						</control>
						<!-- Movie hub -->
						<control type="grouplist" id="500">
							<visible>ControlGroup(100).HasFocus(104)</visible>
							<centerleft>50%</centerleft>
							<top>10</top>
							<height>700</height>
							<onup>6666</onup>
							<onleft>100</onleft>
							<onright>noop</onright>
							<ondown>noop</ondown>
							<pagecontrol>70</pagecontrol>
							<scrolltime>200</scrolltime>
							<control type="label" id="510">
								<height>50</height>
								<font>med22</font>
								<textoffsetx>15</textoffsetx>
								<textcolor>panel_text</textcolor>
								<shadowcolor>text_shadow</shadowcolor>
								<aligny>center</aligny>
								<label>$LOCALIZE[111]</label>
							</control>
							<control type="radiobutton" id="511">
								<include>SettingsButton</include>
								<onclick>Skin.ToggleSetting(HideMovieHubMovieButton)</onclick>
								<selected>!Skin.HasSetting(HideMovieHubMovieButton)</selected>
								<label>$LOCALIZE[342]</label>
							</control>
							<control type="radiobutton" id="512">
								<include>SettingsButton</include>
								<onclick>Skin.ToggleSetting(HideMovieHubBoxsetsButton)</onclick>
								<selected>!Skin.HasSetting(HideMovieHubBoxsetsButton)</selected>
								<label>$LOCALIZE[31169]</label>
							</control>
							<control type="radiobutton" id="513">
								<include>SettingsButton</include>
								<onclick>Skin.ToggleSetting(HideMovieHubGenreButton)</onclick>
								<selected>!Skin.HasSetting(HideMovieHubGenreButton)</selected>
								<label>$LOCALIZE[135]</label>
							</control>
							<control type="radiobutton" id="514">
								<include>SettingsButton</include>
								<onclick>Skin.ToggleSetting(HideMovieHubLibraryButton)</onclick>
								<selected>!Skin.HasSetting(HideMovieHubLibraryButton)</selected>
								<label>$LOCALIZE[14022]</label>
							</control>
							<control type="radiobutton" id="515">
								<include>SettingsButton</include>
								<onclick>Skin.ToggleSetting(HideMovieHubEmbyConButton)</onclick>
								<selected>!Skin.HasSetting(HideMovieHubEmbyConButton)</selected>
								<label>$LOCALIZE[31118]</label>
								<enable>System.HasAddon(plugin.video.embycon) + !Skin.HasSetting(HideEmbyConHubButtons)</enable>
							</control>
							<control type="radiobutton" id="516">
								<include>SettingsButton</include>
								<onclick>Skin.ToggleSetting(HideMovieHubSearchButton)</onclick>
								<selected>!Skin.HasSetting(HideMovieHubSearchButton)</selected>
								<label>$LOCALIZE[137]</label>
							</control>
							<control type="label" id="520">
								<height>50</height>
								<font>med22</font>
								<textoffsetx>15</textoffsetx>
								<textcolor>panel_text</textcolor>
								<shadowcolor>text_shadow</shadowcolor>
								<aligny>center</aligny>
								<label>$LOCALIZE[31027]</label>
							</control>
							<include content="CustomHubShortcutSettingsTemplate">
								<param name="section" value="52"/>
								<param name="id" value="1"/>
								<param name="type" value="Movie"/>
							</include>
							<include content="CustomHubShortcutSettingsTemplate">
								<param name="section" value="52"/>
								<param name="id" value="2"/>
								<param name="type" value="Movie"/>
							</include>
							<include content="CustomHubShortcutSettingsTemplate">
								<param name="section" value="52"/>
								<param name="id" value="3"/>
								<param name="type" value="Movie"/>
							</include>
							<include content="CustomHubShortcutSettingsTemplate">
								<param name="section" value="52"/>
								<param name="id" value="4"/>
								<param name="type" value="Movie"/>
							</include>
							<include content="CustomHubShortcutSettingsTemplate">
								<param name="section" value="52"/>
								<param name="id" value="5"/>
								<param name="type" value="Movie"/>
							</include>
							<include content="CustomHubShortcutSettingsTemplate">
								<param name="section" value="52"/>
								<param name="id" value="6"/>
								<param name="type" value="Movie"/>
							</include>
							<control type="label" id="530">
								<height>50</height>
								<font>med22</font>
								<textoffsetx>15</textoffsetx>
								<textcolor>panel_text</textcolor>
								<shadowcolor>text_shadow</shadowcolor>
								<aligny>center</aligny>
								<label>$LOCALIZE[31086]</label>
							</control>
							<control type="radiobutton" id="531">
								<include>SettingsButton</include>
								<onclick>Skin.ToggleSetting(HideMovieWidgetContinue)</onclick>
								<selected>!Skin.HasSetting(HideMovieWidgetContinue)</selected>
								<label>$LOCALIZE[31080]</label>
							</control>
							<control type="radiobutton" id="532">
								<include>SettingsButton</include>
								<onclick>Skin.ToggleSetting(HideMovieWidgetNewMovies)</onclick>
								<selected>!Skin.HasSetting(HideMovieWidgetNewMovies)</selected>
								<label>$LOCALIZE[20386]</label>
							</control>
							<control type="radiobutton" id="533">
								<include>SettingsButton</include>
								<onclick>Skin.ToggleSetting(HideMovieWidgetGenres)</onclick>
								<selected>!Skin.HasSetting(HideMovieWidgetGenres)</selected>
								<label>$LOCALIZE[135]</label>
							</control>
							<control type="radiobutton" id="534">
								<include>SettingsButton</include>
								<onclick>Skin.ToggleSetting(HideMovieWidgetRecommended)</onclick>
								<selected>!Skin.HasSetting(HideMovieWidgetRecommended)</selected>
								<label>$LOCALIZE[31017]</label>
							</control>
							<control type="radiobutton" id="535">
								<include>SettingsButton</include>
								<onclick>Skin.ToggleSetting(HideMovieWidgetSimilar)</onclick>
								<selected>!Skin.HasSetting(HideMovieWidgetSimilar)</selected>
								<label>$LOCALIZE[31018]</label>
							</control>
							<control type="radiobutton" id="536">
								<include>SettingsButton</include>
								<onclick>Skin.ToggleSetting(HideMovieWidgetTop250)</onclick>
								<selected>!Skin.HasSetting(HideMovieWidgetTop250)</selected>
								<label>$LOCALIZE[31097]</label>
							</control>
							<control type="radiobutton" id="537">
								<include>SettingsButton</include>
								<onclick>Skin.ToggleSetting(HideMovieWidgetFav)</onclick>
								<selected>!Skin.HasSetting(HideMovieWidgetFav)</selected>
								<label>$LOCALIZE[31062]</label>
							</control>
							<control type="label" id="540">
								<height>50</height>
								<font>med22</font>
								<textoffsetx>15</textoffsetx>
								<textcolor>panel_text</textcolor>
								<shadowcolor>text_shadow</shadowcolor>
								<aligny>center</aligny>
								<label>$LOCALIZE[31125]</label>
							</control>
							<include content="CustomWidgetTemplate">
								<param name="id" value="1"/>
								<param name="section" value="54"/>
								<param name="type" value="Movie"/>
							</include>
							<include content="CustomWidgetTemplate">
								<param name="id" value="2"/>
								<param name="section" value="54"/>
								<param name="type" value="Movie"/>
							</include>
							<include content="CustomWidgetTemplate">
								<param name="id" value="3"/>
								<param name="section" value="54"/>
								<param name="type" value="Movie"/>
							</include>
							<include content="CustomWidgetTemplate">
								<param name="id" value="4"/>
								<param name="section" value="54"/>
								<param name="type" value="Movie"/>
							</include>
							<include content="CustomWidgetTemplate">
								<param name="id" value="5"/>
								<param name="section" value="54"/>
								<param name="type" value="Movie"/>
							</include>
							<include content="CustomWidgetTemplate">
								<param name="id" value="6"/>
								<param name="section" value="54"/>
								<param name="type" value="Movie"/>
							</include>
						</control>
						<!-- TV show hub -->
						<control type="grouplist" id="600">
							<visible>ControlGroup(100).HasFocus(105)</visible>
							<centerleft>50%</centerleft>
							<top>10</top>
							<height>700</height>
							<onup>6666</onup>
							<onleft>100</onleft>
							<onright>noop</onright>
							<ondown>noop</ondown>
							<pagecontrol>70</pagecontrol>
							<scrolltime>200</scrolltime>
							<control type="label" id="610">
								<height>50</height>
								<font>med22</font>
								<textoffsetx>15</textoffsetx>
								<textcolor>panel_text</textcolor>
								<shadowcolor>text_shadow</shadowcolor>
								<aligny>center</aligny>
								<label>$LOCALIZE[111]</label>
							</control>
							<control type="radiobutton" id="611">
								<include>SettingsButton</include>
								<onclick>Skin.ToggleSetting(HideTVShowHubShowButton)</onclick>
								<selected>!Skin.HasSetting(HideTVShowHubShowButton)</selected>
								<label>$LOCALIZE[20343]</label>
							</control>
							<control type="radiobutton" id="612">
								<include>SettingsButton</include>
								<onclick>Skin.ToggleSetting(HideTVShowHubGenreButton)</onclick>
								<selected>!Skin.HasSetting(HideTVShowHubGenreButton)</selected>
								<label>$LOCALIZE[135]</label>
							</control>
							<control type="radiobutton" id="613">
								<include>SettingsButton</include>
								<onclick>Skin.ToggleSetting(HideTVShowHubNextAiredButton)</onclick>
								<selected>!Skin.HasSetting(HideTVShowHubNextAiredButton)</selected>
								<label>$LOCALIZE[31154]</label>
								<enable>System.HasAddon(script.tv.show.next.aired)</enable>
							</control>
							<control type="radiobutton" id="614">
								<include>SettingsButton</include>
								<onclick>Skin.ToggleSetting(HideTVShowHubLibrary)</onclick>
								<selected>!Skin.HasSetting(HideTVShowHubLibrary)</selected>
								<label>$LOCALIZE[14022]</label>
							</control>
							<control type="radiobutton" id="615">
								<include>SettingsButton</include>
								<onclick>Skin.ToggleSetting(HideTVShowHubEmbyConButton)</onclick>
								<selected>!Skin.HasSetting(HideTVShowHubEmbyConButton)</selected>
								<label>$LOCALIZE[31118]</label>
								<enable>System.HasAddon(plugin.video.embycon) + !Skin.HasSetting(HideEmbyConHubButtons)</enable>
							</control>
							<control type="radiobutton" id="616">
								<include>SettingsButton</include>
								<onclick>Skin.ToggleSetting(HideTVShowHubSearchButton)</onclick>
								<selected>!Skin.HasSetting(HideTVShowHubSearchButton)</selected>
								<label>$LOCALIZE[137]</label>
							</control>
							<control type="label" id="620">
								<height>50</height>
								<font>med22</font>
								<textoffsetx>15</textoffsetx>
								<textcolor>panel_text</textcolor>
								<shadowcolor>text_shadow</shadowcolor>
								<aligny>center</aligny>
								<label>$LOCALIZE[31027]</label>
							</control>
							<include content="CustomHubShortcutSettingsTemplate">
								<param name="section" value="62"/>
								<param name="id" value="1"/>
								<param name="type" value="TVShow"/>
							</include>
							<include content="CustomHubShortcutSettingsTemplate">
								<param name="section" value="62"/>
								<param name="id" value="2"/>
								<param name="type" value="TVShow"/>
							</include>
							<include content="CustomHubShortcutSettingsTemplate">
								<param name="section" value="62"/>
								<param name="id" value="3"/>
								<param name="type" value="TVShow"/>
							</include>
							<include content="CustomHubShortcutSettingsTemplate">
								<param name="section" value="62"/>
								<param name="id" value="4"/>
								<param name="type" value="TVShow"/>
							</include>
							<include content="CustomHubShortcutSettingsTemplate">
								<param name="section" value="62"/>
								<param name="id" value="5"/>
								<param name="type" value="TVShow"/>
							</include>
							<include content="CustomHubShortcutSettingsTemplate">
								<param name="section" value="62"/>
								<param name="id" value="6"/>
								<param name="type" value="TVShow"/>
							</include>
							<control type="label" id="630">
								<height>50</height>
								<font>med22</font>
								<textoffsetx>15</textoffsetx>
								<textcolor>panel_text</textcolor>
								<shadowcolor>text_shadow</shadowcolor>
								<aligny>center</aligny>
								<label>$LOCALIZE[31086]</label>
							</control>
							<control type="radiobutton" id="631">
								<include>SettingsButton</include>
								<onclick>Skin.ToggleSetting(HideTVShowWidgetContinue)</onclick>
								<selected>!Skin.HasSetting(HideTVShowWidgetContinue)</selected>
								<label>$LOCALIZE[31080]</label>
							</control>
							<control type="radiobutton" id="632">
								<include>SettingsButton</include>
								<onclick>Skin.ToggleSetting(HideTVShowWidgetNextup)</onclick>
								<selected>!Skin.HasSetting(HideTVShowWidgetNextup)</selected>
								<label>$LOCALIZE[31012]</label>
							</control>
							<control type="radiobutton" id="633">
								<include>SettingsButton</include>
								<onclick>Skin.ToggleSetting(HideTVShowWidgetNewEpisodes)</onclick>
								<selected>!Skin.HasSetting(HideTVShowWidgetNewEpisodes)</selected>
								<label>$LOCALIZE[31081]</label>
							</control>
							<control type="radiobutton" id="634">
								<include>SettingsButton</include>
								<onclick>Skin.ToggleSetting(HideTVShowWidgetGenre)</onclick>
								<selected>!Skin.HasSetting(HideTVShowWidgetGenre)</selected>
								<label>$LOCALIZE[135]</label>
							</control>
							<control type="radiobutton" id="635">
								<include>SettingsButton</include>
								<onclick>Skin.ToggleSetting(HideTVShowWidgetRecommended)</onclick>
								<selected>!Skin.HasSetting(HideTVShowWidgetRecommended)</selected>
								<label>$LOCALIZE[31017]</label>
							</control>
							<control type="radiobutton" id="636">
								<include>SettingsButton</include>
								<onclick>Skin.ToggleSetting(HideTVShowWidgetSimilar)</onclick>
								<selected>!Skin.HasSetting(HideTVShowWidgetSimilar)</selected>
								<label>$LOCALIZE[31018]</label>
							</control>
							<control type="radiobutton" id="637">
								<include>SettingsButton</include>
								<onclick>Skin.ToggleSetting(HideTVShowWidgetTop250)</onclick>
								<selected>!Skin.HasSetting(HideTVShowWidgetTop250)</selected>
								<label>$LOCALIZE[31098]</label>
							</control>
							<control type="radiobutton" id="638">
								<include>SettingsButton</include>
								<onclick>Skin.ToggleSetting(HideTVShowWidgetFav)</onclick>
								<selected>!Skin.HasSetting(HideTVShowWidgetFav)</selected>
								<label>$LOCALIZE[31064]</label>
							</control>
							<control type="label" id="640">
								<height>50</height>
								<font>med22</font>
								<textoffsetx>15</textoffsetx>
								<textcolor>panel_text</textcolor>
								<shadowcolor>text_shadow</shadowcolor>
								<aligny>center</aligny>
								<label>$LOCALIZE[31125]</label>
							</control>
							<include content="CustomWidgetTemplate">
								<param name="id" value="1"/>
								<param name="section" value="64"/>
								<param name="type" value="TVShow"/>
							</include>
							<include content="CustomWidgetTemplate">
								<param name="id" value="2"/>
								<param name="section" value="64"/>
								<param name="type" value="TVShow"/>
							</include>
							<include content="CustomWidgetTemplate">
								<param name="id" value="3"/>
								<param name="section" value="64"/>
								<param name="type" value="TVShow"/>
							</include>
							<include content="CustomWidgetTemplate">
								<param name="id" value="4"/>
								<param name="section" value="64"/>
								<param name="type" value="TVShow"/>
							</include>
							<include content="CustomWidgetTemplate">
								<param name="id" value="5"/>
								<param name="section" value="64"/>
								<param name="type" value="TVShow"/>
							</include>
							<include content="CustomWidgetTemplate">
								<param name="id" value="6"/>
								<param name="section" value="64"/>
								<param name="type" value="TVShow"/>
							</include>
						</control>
						<!-- Music hub -->
						<control type="grouplist" id="700">
							<visible>ControlGroup(100).HasFocus(106)</visible>
							<centerleft>50%</centerleft>
							<top>10</top>
							<height>700</height>
							<onup>6666</onup>
							<onleft>100</onleft>
							<onright>noop</onright>
							<ondown>noop</ondown>
							<pagecontrol>70</pagecontrol>
							<scrolltime>200</scrolltime>
							<control type="label" id="710">
								<height>50</height>
								<font>med22</font>
								<textoffsetx>15</textoffsetx>
								<textcolor>panel_text</textcolor>
								<shadowcolor>text_shadow</shadowcolor>
								<aligny>center</aligny>
								<label>$LOCALIZE[111]</label>
							</control>
							<control type="radiobutton" id="711">
								<include>SettingsButton</include>
								<onclick>Skin.ToggleSetting(HideMusicHubArtistButton)</onclick>
								<selected>!Skin.HasSetting(HideMusicHubArtistButton)</selected>
								<label>$LOCALIZE[133]</label>
							</control>
							<control type="radiobutton" id="712">
								<include>SettingsButton</include>
								<onclick>Skin.ToggleSetting(HideMusicHubAlbumButton)</onclick>
								<selected>!Skin.HasSetting(HideMusicHubAlbumButton)</selected>
								<label>$LOCALIZE[132]</label>
							</control>
							<control type="radiobutton" id="713">
								<include>SettingsButton</include>
								<onclick>Skin.ToggleSetting(HideMusicHubSongButton)</onclick>
								<selected>!Skin.HasSetting(HideMusicHubSongButton)</selected>
								<label>$LOCALIZE[134]</label>
							</control>
							<control type="radiobutton" id="714">
								<include>SettingsButton</include>
								<onclick>Skin.ToggleSetting(HideMusicHubPlaylistButton)</onclick>
								<selected>!Skin.HasSetting(HideMusicHubPlaylistButton)</selected>
								<label>$LOCALIZE[136]</label>
							</control>
							<control type="radiobutton" id="715">
								<include>SettingsButton</include>
								<onclick>Skin.ToggleSetting(HideMusicHubLibraryButton)</onclick>
								<selected>!Skin.HasSetting(HideMusicHubLibraryButton)</selected>
								<label>$LOCALIZE[14022]</label>
							</control>
							<control type="radiobutton" id="716">
								<include>SettingsButton</include>
								<onclick>Skin.ToggleSetting(HideMusicHubMusicvideoButton)</onclick>
								<selected>!Skin.HasSetting(HideMusicHubMusicvideoButton)</selected>
								<label>$LOCALIZE[20389]</label>
							</control>
							<control type="label" id="720">
								<height>50</height>
								<font>med22</font>
								<textoffsetx>15</textoffsetx>
								<textcolor>panel_text</textcolor>
								<shadowcolor>text_shadow</shadowcolor>
								<aligny>center</aligny>
								<label>$LOCALIZE[31027]</label>
							</control>
							<include content="CustomHubShortcutSettingsTemplate">
								<param name="section" value="72"/>
								<param name="id" value="1"/>
								<param name="type" value="Music"/>
							</include>
							<include content="CustomHubShortcutSettingsTemplate">
								<param name="section" value="72"/>
								<param name="id" value="2"/>
								<param name="type" value="Music"/>
							</include>
							<include content="CustomHubShortcutSettingsTemplate">
								<param name="section" value="72"/>
								<param name="id" value="3"/>
								<param name="type" value="Music"/>
							</include>
							<include content="CustomHubShortcutSettingsTemplate">
								<param name="section" value="72"/>
								<param name="id" value="4"/>
								<param name="type" value="Music"/>
							</include>
							<include content="CustomHubShortcutSettingsTemplate">
								<param name="section" value="72"/>
								<param name="id" value="5"/>
								<param name="type" value="Music"/>
							</include>
							<include content="CustomHubShortcutSettingsTemplate">
								<param name="section" value="72"/>
								<param name="id" value="6"/>
								<param name="type" value="Music"/>
							</include>
							<control type="label" id="73">
								<height>50</height>
								<font>med22</font>
								<textoffsetx>15</textoffsetx>
								<textcolor>panel_text</textcolor>
								<shadowcolor>text_shadow</shadowcolor>
								<aligny>center</aligny>
								<label>$LOCALIZE[31086]</label>
							</control>
							<control type="radiobutton" id="731">
								<include>SettingsButton</include>
								<onclick>Skin.ToggleSetting(HideMusicWidgetNewAlbums)</onclick>
								<selected>!Skin.HasSetting(HideMusicWidgetNewAlbums)</selected>
								<label>$LOCALIZE[359]</label>
							</control>
							<control type="radiobutton" id="732">
								<include>SettingsButton</include>
								<onclick>Skin.ToggleSetting(HideMusicWidgetPlayedAlbums)</onclick>
								<selected>!Skin.HasSetting(HideMusicWidgetPlayedAlbums)</selected>
								<label>$LOCALIZE[517]</label>
							</control>
							<control type="radiobutton" id="733">
								<include>SettingsButton</include>
								<onclick>Skin.ToggleSetting(HideMusicWidgetRecommended)</onclick>
								<selected>!Skin.HasSetting(HideMusicWidgetRecommended)</selected>
								<label>$LOCALIZE[31017]</label>
							</control>
							<control type="radiobutton" id="734">
								<include>SettingsButton</include>
								<onclick>Skin.ToggleSetting(HideMusicWidgetMusicVideos)</onclick>
								<selected>!Skin.HasSetting(HideMusicWidgetMusicVideos)</selected>
								<label>$LOCALIZE[20390]</label>
							</control>
							<control type="label" id="740">
								<height>50</height>
								<font>med22</font>
								<textoffsetx>15</textoffsetx>
								<textcolor>panel_text</textcolor>
								<shadowcolor>text_shadow</shadowcolor>
								<aligny>center</aligny>
								<label>$LOCALIZE[31125]</label>
							</control>
							<include content="CustomWidgetTemplate">
								<param name="id" value="1"/>
								<param name="section" value="74"/>
								<param name="type" value="Music"/>
							</include>
							<include content="CustomWidgetTemplate">
								<param name="id" value="2"/>
								<param name="section" value="74"/>
								<param name="type" value="Music"/>
							</include>
							<include content="CustomWidgetTemplate">
								<param name="id" value="3"/>
								<param name="section" value="74"/>
								<param name="type" value="Music"/>
							</include>
							<include content="CustomWidgetTemplate">
								<param name="id" value="4"/>
								<param name="section" value="74"/>
								<param name="type" value="Music"/>
							</include>
							<include content="CustomWidgetTemplate">
								<param name="id" value="5"/>
								<param name="section" value="74"/>
								<param name="type" value="Music"/>
							</include>
							<include content="CustomWidgetTemplate">
								<param name="id" value="6"/>
								<param name="section" value="74"/>
								<param name="type" value="Music"/>
							</include>
						</control>
						<control type="scrollbar" id="70">
							<right>0</right>
							<top>0</top>
							<bottom>0</bottom>
							<width>4</width>
							<orientation>vertical</orientation>
							<showonepage>false</showonepage>
							<texturesliderbackground colordiffuse="00ffffff">common/white.jpg</texturesliderbackground>
							<texturesliderbar colordiffuse="softgrey">common/white.jpg</texturesliderbar>
						</control>
					</control>
					<control type="textbox">
						<right>0</right>
						<left>0</left>
						<height>100</height>
						<font>reg22</font>
						<label>$VAR[SettingHelpText]</label>
					</control>
				</control>
			</control>
		</control>
		<!-- header bar -->
		<include content="HeaderBar">		
			<param name="id">50</param>
			<param name="enabled">false</param>
		</include>
		<!-- side panel -->
		<include content="SidePanel">
			<param name="onright">50</param>
		</include>
	</controls>
</window>
