﻿<?xml version="1.0" encoding="utf-8" standalone="yes"?>
<addon id="plugin.video.L0RE.dmax" name="DMAX Mediathek" version="1.0.1" provider-name="L0RE">
	<requires>
		<import addon="xbmc.python" version="2.24.0"/>
		<import addon="service.L0RE.cron" version="0.2.1" optional="true"/>
	</requires>
	<extension point="xbmc.python.pluginsource" library="default.py">
		<provides>video</provides>
	</extension>
	<extension point="xbmc.addon.metadata">
		<summary lang="en">DMAX Mediathek</summary>
		<summary lang="de">DMAX Mediathek</summary>
		<description lang="en">DMAX - the TV station. That's how it works here ! When and where you want: action, adventure, lifestyle. Real entertainment for real guys. Only on dmax.de of course !</description>
		<description lang="de">DMAX - der TV Sender. So läuft das hier ! Wann und wo du willst: Action, Abenteuer, Lifestyle. Echte Unterhaltung für echte Kerle. Nur auf dmax.de natürlich !</description>
		<disclaimer lang="en">The author does not host or distribute any of the content displayed by this addon. The author does not have any affiliation with the content providers.</disclaimer>
		<disclaimer lang="de">Die von diesem Addon dargestellten Inhalte werden von den Erstellern des Addons weder gehostet oder verbreitet, noch stehen die Ersteller in irgendeiner Beziehung zu den Anbietern des Inhalts.</disclaimer>
		<language></language>
		<platform>all</platform>
		<license>GNU GENERAL PUBLIC LICENSE. Version 3, June 1991</license>
		<forum>https://www.kodinerds.net/index.php/Thread/55451-L0REs-Blog/</forum>
		<website>https://www.dmax.de</website>
		<email></email>
		<source>https://github.com/kodinerds/repo/tree/master/plugin.video.L0RE.dmax</source>
		<assets>
			<icon>icon.png</icon>
			<fanart>fanart.jpg</fanart>
		</assets>
		<news>[B][COLOR orangered]Version 1.0.1  (07.10.2018)[/COLOR][/B] by realvito[CR]
- fixed: in der Rubrik "Alle Sendungen" fehlen einige Serien
- fixed: Vereinzelt werden KEINE Episoden angezeigt, obwohl Sie vorhanden sind (z.B. Specials)
- fixed: Info-Meldung wenn zurzeit KEINE Episoden im Serien-Ordner verfügbar sind
- fixed: Fehler wenn Abspielen mit "inputstream.adaptive" ausgewählt wurde, aber "inputstream.adaptive" NICHT aktiviert ist
- added: Neueste Episoden im Ordner oben anzeigen (settings)
- added: Eigene DMAX-Favoriten anlegen (RechtsKlick-Menü)
- optimized: Die Rubrik "Themen" wird jetzt direkt von der WebSeite ausgelesen (damit Diese immer aktuell und vollständig ist)
- optimized: Neue Struktur der "tvshow.nfo" für die Serie und neue Struktur der ".nfo" für jede Episode, wenn zur Medienbibliothek hinzufügen aktiviert ist (settings)
- optimized: Übertragung von Umlauten in die KODI-Medienbibliothek (Filter für Sonderzeichen-Windows)
- * WICHTIG : Es kann evtl. sein, dass zuvor mit diesem Addon angelegte Einträge in der KODI-Medienbibliothek neuerstellt werden müssen, weil sich die Namensstruktur geändert hat *
		</news>
	</extension>
</addon>