<?xml version="1.0" encoding="UTF-8"?>
<window id="1124">
	<defaultcontrol always="true">101</defaultcontrol>
	<menucontrol>6666</menucontrol>
	<backgroundcolor>background</backgroundcolor>
	<controls>
		<!-- background -->
		<include>Background</include>
		<!-- hub -->
		<control type="grouplist" id="10">
			<include>Window_OpenClose</include>
			<defaultcontrol>10000</defaultcontrol>
			<width>2130</width>
			<height>100%</height>
			<itemgap>-160</itemgap>
			<orientation>vertical</orientation>
			<usecontrolcoords>true</usecontrolcoords>
			<scrolltime tween="sine" easing="out">400</scrolltime>
			<pagecontrol>17</pagecontrol>
			<include>Bounce_Up_Down</include>
			<include content="WidgetSpacer">
				<param name="id" value="101"/>
			</include>
			<control type="group">
				<width>1920</width>
				<height>300</height>
				<control type="group">
					<include content="widget_headline">
						<param name="headline">$VAR[PVRLabel]</param>
						<param name="left">65</param>
					</include>
					<control type="grouplist" id="100">
						<top>90</top>
						<left>69</left>
						<height>50</height>
						<orientation>horizontal</orientation>
						<itemgap>5</itemgap>
						<onright>noop</onright>
						<onleft>900</onleft>
						<onup>6666</onup>
						<ondown>200</ondown>
						<control type="button" id="101">
							<label>$LOCALIZE[19023]</label>
							<onclick>ActivateWindow(tvchannels)</onclick>
							<onup>6666</onup>
							<ondown>200</ondown>
						</control>
						<control type="button" id="102">
							<label>$LOCALIZE[19069]</label>
							<onclick>ActivateWindow(tvguide)</onclick>
							<onup>6666</onup>
							<ondown>200</ondown>
						</control>
						<control type="button" id="103">
							<label>$LOCALIZE[19017]</label>
							<onclick>ActivateWindow(tvrecordings)</onclick>
							<onup>6666</onup>
							<ondown>200</ondown>
						</control>
						<control type="button" id="104">
							<label>$LOCALIZE[19040]</label>
							<onclick>ActivateWindow(tvtimers)</onclick>
							<onup>6666</onup>
							<ondown>200</ondown>
						</control>
						<control type="button" id="105">
							<label>$LOCALIZE[19024]</label>
							<onclick>ActivateWindow(radiochannels)</onclick>
							<onup>6666</onup>
							<ondown>200</ondown>
							<visible>Pvr.HasRadioChannels</visible>
						</control>
					</control>
				</control>
			</control>
			<include content="HomeSquareWidget">
				<param name="id" value="200"/>
				<param name="onup" value="100"/>
				<param name="ondown" value="201"/>
				<param name="headline" value="$LOCALIZE[31030]"/>
				<param name="mainlabel" value="$VAR[PVRWidgetMainListLabel]"/>
				<param name="thumblabel" value="$INFO[ListItem.Channelname]"/>
				<param name="sublabel" value="$INFO[ListItem.StartTime]$INFO[ListItem.EndTime, - ]"/>
				<param name="sortby" value="lastplayed"/>
				<param name="sortorder" value="descending"/>
				<param name="content" value="pvr://channels/tv/*?view=lastplayed"/>
			</include>
			<include content="HomeWideWidget">
				<param name="id" value="201"/>
				<param name="onup" value="200"/>
				<param name="ondown" value="202"/>
				<param name="headline" value="$LOCALIZE[19017]"/>
				<param name="mainlabel" value="$VAR[PVRWidgetMainListLabel]"/>
				<param name="thumblabel" value="$INFO[ListItem.Channelname]"/>
				<param name="sublabel" value="$VAR[ListItemEpisodeName]"/>
				<param name="sortby" value="date"/>
				<param name="sortorder" value="descending"/>
				<param name="content" value="pvr://recordings/tv/active/"/>
			</include>
			<include content="HomeSquareWidget">
				<param name="id" value="202"/>
				<param name="onup" value="201"/>
				<param name="ondown" value="203"/>
				<param name="headline" value="$LOCALIZE[575]"/>
				<param name="mainlabel" value="$VAR[PVRWidgetMainListLabel]"/>
				<param name="thumblabel" value="$INFO[ListItem.Channelname]"/>
				<param name="sublabel" value="$INFO[ListItem.StartTime]$INFO[ListItem.EndTime, - ]"/>
				<param name="content" value="pvr://channels/tv/*"/>
			</include>
			<include content="HomeSquareWidget">
				<param name="id" value="203"/>
				<param name="onup" value="202"/>
				<param name="ondown" value="SetProperty(BounceDown,1,home)"/>
				<param name="headline" value="$LOCALIZE[31082]"/>
				<param name="mainlabel" value="$VAR[PVRWidgetMainListLabel]"/>
				<param name="thumblabel" value="$INFO[ListItem.Channelname]"/>
				<param name="sublabel" value="$INFO[ListItem.StartTime]$INFO[ListItem.EndTime - ]"/>
				<param name="sortby" value="lastplayed"/>
				<param name="sortorder" value="descending"/>
				<param name="content" value="pvr://channels/radio/*?view=lastplayed"/>
			</include>
		</control>
		<!-- header bar -->
		<include content="HeaderBar">
			<param name="id">10</param>
		</include>
		<!-- side panel -->
		<include content="SidePanel"/>
	</controls>
</window>
