<?xml version="1.0" encoding="UTF-8"?>
<window type="dialog">
    <defaultcontrol always="true">3</defaultcontrol>
    <zorder>6</zorder>
    <include>openclose</include>
    <include>openclosebox</include>
    <controls>
        <include>BlackBack</include>
        <control type="group">
            <left>322</left>
            <top>112</top>
            <animation effect="slide" start="0,0" end="0,69" time="0" condition="[Control.IsVisible(3) + !Integer.IsGreater(Container(3).NumItems,4)] | [Control.IsVisible(6) + !Integer.IsGreater(Container(6).NumItems,2)]">Conditional</animation>
            <animation effect="slide" start="0,0" end="0,69" time="0" condition="[Control.IsVisible(3) + !Integer.IsGreater(Container(3).NumItems,6)] | [Control.IsVisible(6) + !Integer.IsGreater(Container(6).NumItems,3)]">Conditional</animation>
            <animation effect="slide" start="0,0" end="0,69" time="0" condition="[Control.IsVisible(3) + !Integer.IsGreater(Container(3).NumItems,8)] | [Control.IsVisible(6) + !Integer.IsGreater(Container(6).NumItems,4)]">Conditional</animation>
            <control type="image">
                <description>background image</description>
                <left>0</left>
                <top>0</top>
                <width>1275</width>
                <height>825</height>
                <texture border="8" colordiffuse="grey2">$VAR[SelectBack]</texture>
                <bordertexture border="2" colordiffuse="$VAR[BackgroundOverlayColor]">WhiteBack.png</bordertexture>
                <bordersize>10</bordersize>
                <visible>[Control.IsVisible(3) + Integer.IsGreater(Container(3).NumItems,8)] | [Control.IsVisible(6) + Integer.IsGreater(Container(6).NumItems,4)]</visible>
            </control>
            <control type="image">
                <description>background image</description>
                <left>0</left>
                <top>0</top>
                <width>1275</width>
                <height>687</height>
                <texture border="8" colordiffuse="grey2">$VAR[SelectBack]</texture>
                <bordertexture border="2" colordiffuse="$VAR[BackgroundOverlayColor]">WhiteBack.png</bordertexture>
                <bordersize>10</bordersize>
                <visible>[Control.IsVisible(3) + Integer.IsGreater(Container(3).NumItems,6) + !Integer.IsGreater(Container(3).NumItems,8)] | [Control.IsVisible(6) + Integer.IsGreater(Container(6).NumItems,3) + !Integer.IsGreater(Container(6).NumItems,4)]</visible>
            </control>
            <control type="image">
                <description>background image</description>
                <left>0</left>
                <top>0</top>
                <width>1275</width>
                <height>549</height>
                <texture border="8" colordiffuse="grey2">$VAR[SelectBack]</texture>
                <bordertexture border="2" colordiffuse="$VAR[BackgroundOverlayColor]">WhiteBack.png</bordertexture>
                <bordersize>10</bordersize>
                <visible>[Control.IsVisible(3) + Integer.IsGreater(Container(3).NumItems,4) + !Integer.IsGreater(Container(3).NumItems,6)] | [Control.IsVisible(6) + Integer.IsGreater(Container(6).NumItems,2) + !Integer.IsGreater(Container(6).NumItems,3)]</visible>
            </control>
            <control type="image">
                <description>background image</description>
                <left>0</left>
                <top>0</top>
                <width>1275</width>
                <height>411</height>
                <texture border="8" colordiffuse="grey2">$VAR[SelectBack]</texture>
                <bordertexture border="2" colordiffuse="$VAR[BackgroundOverlayColor]">WhiteBack.png</bordertexture>
                <bordersize>10</bordersize>
                <visible>[Control.IsVisible(3) + !Integer.IsGreater(Container(3).NumItems,4)] | [Control.IsVisible(6) + !Integer.IsGreater(Container(6).NumItems,2)]</visible>
            </control>
            <control type="group">
                <top>15</top>
                <!-- <control type="image">
                    <description>Dialog Header image</description>
                    <left>30</left>
                    <top>0</top>
                    <width>1215</width>
                    <height>1</height>
                    <texture>Separator2.png</texture>
                </control> -->
                <control type="label" id="1">
                    <description>header label</description>
                    <left>60</left>
                    <top>8</top>
                    <width>1155</width>
                    <height>45</height>
                    <font>impacted26</font>
                    <label></label>
                    <align>center</align>
                    <aligny>center</aligny>
                    <textcolor>white</textcolor>
                </control>
                <control type="image">
                    <description>Dialog Header image</description>
                    <left>30</left>
                    <top>60</top>
                    <width>1215</width>
                    <height>1</height>
					<colordiffuse>fanartdiffuse</colordiffuse>
                    <texture>Separator2.png</texture>
                </control>
            </control>
            <control type="label" id="4">
                <description>No Settings Label</description>
                <left>30</left>
                <top>180</top>
                <width>825</width>
                <align>center</align>
            </control>
            <control type="list" id="3">
                <left>30</left>
                <top>100</top>
                <width>825</width>
                <height>690</height>
                <onup>3</onup>
                <ondown>3</ondown>
                <onleft>noop</onleft>
                <onright condition="!Control.IsVisible(61)">9001</onright>
                <onright condition="Control.IsVisible(61)">61</onright>
                <pagecontrol>61</pagecontrol>
                <scrolltime>200</scrolltime>
                <itemlayout height="69" width="825">
                    <control type="label">
                        <left>30</left>
                        <top>0</top>
                        <width>765</width>
                        <height>60</height>
                        <font>ubuntu-r16b</font>
                        <textcolor>white</textcolor>
                        <selectedcolor>selected</selectedcolor>
                        <align>left</align>
                        <aligny>center</aligny>
                        <label>$INFO[ListItem.Label]</label>
                    </control>
                    <control type="image">
                        <description>AudioLanguage Icon</description>
                        <left>750</left>
                        <top>8</top>
                        <width>60</width>
                        <height>45</height>
                        <aspectratio>keep</aspectratio>
                        <texture>$VAR[SelectFlag]</texture>
                    </control>
                </itemlayout>
                <focusedlayout height="69" width="825">
                    <control type="group">
                        <include>focuseffect</include>
                        <control type="image">
                            <left>0</left>
                            <top>0</top>
                            <width>825</width>
                            <height>60</height>
                            <colordiffuse>menudiffuse</colordiffuse>
                            <texture border="2">buttons/ButtonFO.png</texture>
                            <visible>!Control.HasFocus(3)</visible>
                        </control>
                        <control type="image">
                            <left>0</left>
                            <top>0</top>
                            <width>825</width>
                            <height>60</height>
                            <texture border="2">buttons/ButtonFO.png</texture>
                            <visible>Control.HasFocus(3)</visible>
                        </control>
                        <control type="label">
                            <left>30</left>
                            <top>0</top>
                            <width>765</width>
                            <height>60</height>
                            <font>ubuntu-r16b</font>
                            <textcolor>black</textcolor>
                            <selectedcolor>description</selectedcolor>
                            <align>left</align>
                            <aligny>center</aligny>
                            <label>$INFO[ListItem.Label]</label>
                        </control>
                        <control type="image">
                            <description>AudioLanguage Icon</description>
                            <left>750</left>
                            <top>8</top>
                            <width>60</width>
                            <height>45</height>
                            <aspectratio>keep</aspectratio>
                            <texture>$VAR[SelectFlag]</texture>
                        </control>
                        <control type="image">
                            <left>0</left>
                            <top>0</top>
                            <width>825</width>
                            <height>60</height>
                            <colordiffuse>$VAR[BackgroundOverlayColor]</colordiffuse>
                            <texture border="5">buttons/ButtonNF.png</texture>
                            <visible>Control.HasFocus(3)</visible>
                        </control>
                    </control>
                </focusedlayout>
            </control>
            <control type="list" id="6">
                <left>30</left>
                <top>100</top>
                <width>825</width>
                <height>690</height>
                <onup>6</onup>
                <ondown>6</ondown>
                <onleft>noop</onleft>
                <onright condition="!Control.IsVisible(61)">9001</onright>
                <onright condition="Control.IsVisible(61)">61</onright>
                <pagecontrol>61</pagecontrol>
                <scrolltime>200</scrolltime>
                <itemlayout height="138" width="825">
                    <control type="image">
                        <left>3</left>
                        <top>4</top>
                        <width>120</width>
                        <height>120</height>
                        <texture>$INFO[Listitem.Icon]</texture>
                        <aspectratio>keep</aspectratio>
                        <bordertexture border="3">BlackBack.png</bordertexture>
                        <bordersize>2</bordersize>
                    </control>
                    <control type="label">
                        <left>135</left>
                        <top>3</top>
                        <width>675</width>
                        <height>45</height>
                        <font>font13</font>
                        <textcolor>white</textcolor>
                        <selectedcolor>description</selectedcolor>
                        <align>left</align>
                        <aligny>center</aligny>
                        <label>[B]$INFO[ListItem.Label][/B]$INFO[ListItem.AddonVersion, (,)]</label>
                    </control>
                    <control type="textbox">
                        <left>135</left>
                        <top>51</top>
                        <width>675</width>
                        <height>72</height>
                        <align>left</align>
                        <font>font12</font>
                        <textcolor>grey1</textcolor>
                        <selectedcolor>white</selectedcolor>
                        <label>$INFO[ListItem.AddonSummary]</label>
                    </control>
                </itemlayout>
                <focusedlayout height="138" width="825">
                    <control type="group">
                        <include>focuseffect</include>
                        <control type="image">
                            <left>0</left>
                            <top>0</top>
                            <width>825</width>
                            <height>129</height>
                            <colordiffuse>menudiffuse</colordiffuse>
                            <texture border="2">buttons/ButtonFO.png</texture>
                            <visible>!Control.HasFocus(6)</visible>
                        </control>
                        <control type="image">
                            <left>0</left>
                            <top>0</top>
                            <width>825</width>
                            <height>129</height>
                            <texture border="2">buttons/ButtonFO.png</texture>
                            <visible>Control.HasFocus(6)</visible>
                        </control>
                        <control type="image">
                            <left>0</left>
                            <top>0</top>
                            <width>129</width>
                            <height>129</height>
                            <texture>$INFO[Listitem.Icon]</texture>
                            <aspectratio>keep</aspectratio>
                            <bordertexture border="3">BlackBack.png</bordertexture>
                            <bordersize>2</bordersize>
                        </control>
                        <control type="image">
                            <left>0</left>
                            <top>0</top>
                            <width>825</width>
                            <height>129</height>
                            <colordiffuse>orange</colordiffuse>
                            <texture border="5">buttons/ButtonNF.png</texture>
                            <visible>Control.HasFocus(6)</visible>
                        </control>
                        <control type="image">
                            <left>0</left>
                            <top>0</top>
                            <width>825</width>
                            <height>129</height>
                            <colordiffuse>grey</colordiffuse>
                            <texture border="5">buttons/ButtonNF.png</texture>
                            <visible>!Control.HasFocus(6)</visible>
                        </control>
                        <control type="label">
                            <left>135</left>
                            <top>3</top>
                            <width>675</width>
                            <height>45</height>
                            <font>font13</font>
                            <textcolor>black</textcolor>
                            <selectedcolor>description</selectedcolor>
                            <align>left</align>
                            <aligny>center</aligny>
                            <label>[B]$INFO[ListItem.Label][/B]$INFO[ListItem.AddonVersion, (,)]</label>
                        </control>
                        <control type="textbox">
                            <left>135</left>
                            <top>51</top>
                            <width>675</width>
                            <height>72</height>
                            <align>left</align>
                            <font>font12</font>
                            <textcolor>white</textcolor>
                            <selectedcolor>white</selectedcolor>
                            <label>$INFO[ListItem.AddonSummary]</label>
                        </control>
                    </control>
                </focusedlayout>
            </control>
            <control type="scrollbar" id="61">
                <left>862</left>
                <top>98</top>
                <width>18</width>
                <height>696</height>
				<onleft condition="Control.IsVisible(3)">3</onleft>
				<onleft condition="Control.IsVisible(6)">6</onleft>
				<onright>9001</onright>
                <showonepage>false</showonepage>
                <orientation>vertical</orientation>
            </control>
            <control type="group">
                <control type="label">
                    <description>number of files/pages in list text label</description>
                    <left>888</left>
                    <top>735</top>
                    <width>360</width>
                    <height>52</height>
                    <font>font12</font>
                    <align>center</align>
                    <aligny>center</aligny>
                    <textcolor>grey</textcolor>
                    <label>$VAR[SelectLabel]</label>
                    <animation effect="slide" start="0,0" end="0,-138" time="0" condition="[Control.IsVisible(3) + !Integer.IsGreater(Container(3).NumItems,4)] | [Control.IsVisible(6) + !Integer.IsGreater(Container(6).NumItems,2)]">Conditional</animation>
                    <animation effect="slide" start="0,0" end="0,-138" time="0" condition="[Control.IsVisible(3) + !Integer.IsGreater(Container(3).NumItems,6)] | [Control.IsVisible(6) + !Integer.IsGreater(Container(6).NumItems,3)]">Conditional</animation>
                    <animation effect="slide" start="0,0" end="0,-138" time="0" condition="[Control.IsVisible(3) + !Integer.IsGreater(Container(3).NumItems,8)] | [Control.IsVisible(6) + !Integer.IsGreater(Container(6).NumItems,4)]">Conditional</animation>
                </control>
                <control type="grouplist" id="9001">
                    <left>918</left>
                    <top>150</top>
					<onleft condition="Control.IsVisible(6)">6</onleft>
					<onleft condition="Control.IsVisible(3)">3</onleft>
                    <control type="button" id="5">
                        <description>Manual button</description>
                        <width>300</width>
                        <height>42</height>
                        <label>-</label>
                        <textcolor>white</textcolor>
                        <focusedcolor>black</focusedcolor>
                        <texturenofocus>-</texturenofocus>
                        <align>center</align>
                    </control>
                    <control type="button" id="7">
                        <description>Cancel button</description>
                        <width>300</width>
                        <height>42</height>
                        <label>$LOCALIZE[222]</label>
                        <textcolor>white</textcolor>
                        <focusedcolor>black</focusedcolor>
                        <texturenofocus>-</texturenofocus>
                        <align>center</align>
                        <!-- <onclick>Dialog.Close(selectdialog)</onclick> -->
                    </control>
                </control>
            </control>
        </control>
    </controls>
</window>
