<?xml version="1.0" encoding="utf-8"?>
<window>
	<defaultcontrol></defaultcontrol>
	<onload>SetProperty(showvideoinfo,1,home)</onload>
	<onload>AlarmClock(PreloadTimeout,ClearProperty(showvideoinfo,home),00:04,silent)</onload>
	<controls>
		<!-- Busy spinner -->
		<control type="group" id="99">
			<visible>Player.Caching</visible>
			<include content="FullscreenBusySpinner">
				<param name="colordiffuse" value="white"/>
			</include>
		</control>
		<!-- OSD -->
		<control type="group" id="99">
			<visible>[Window.IsVisible(videoosd) | Window.IsVisible(seekbar) | Player.Paused | Window.IsVisible(volumebar) | !String.IsEmpty(Window(home).Property(showvideoinfo))] + !Window.IsVisible(pvrosdchannels) + !Window.IsVisible(Teletext)</visible>
			<animation effect="fade" start="0" end="100" time="0">Visible</animation>
			<animation effect="fade" start="100" end="0" time="400m" delay="2000" condition="!Window.IsVisible(pvrosdchannels) + !Window.IsVisible(Teletext)">Hidden</animation>			
			<!--Top-->
			<control type="group" id="99">
				<control type="image" id="99">
					<top>0</top>
					<width>100%</width>
					<height>224</height>
					<texture colordiffuse="black">views/player/mask_top.png</texture>
				</control>
				<control type="image" id="99">
					<top>29</top>
					<left>29</left>
					<height>60</height>
					<width>400</width>
					<texture>$VAR[PlayerClearlogo]</texture>
					<aspectratio align="left" aligny="top">keep</aspectratio>
				</control>
				<control type="grouplist" id="99">
					<top>21</top>
					<left>960</left>
					<right>29</right>
					<height>50</height>
					<align>right</align>
					<orientation>horizontal</orientation>
					<itemgap>10</itemgap>
					<control type="label" id="99">
						<width>auto</width>
						<align>right</align>
						<font>Material40</font>
						<label>$VAR[PlayerSeekStepIcon]</label>
						<visible>!String.IsEmpty(Player.SeekStepSize) | !String.IsEmpty(Player.SeekOffset)</visible>
					</control>
					<control type="label" id="99">
						<width>auto</width>
						<align>right</align>
						<aligny>top</aligny>
						<font>Med34</font>
						<label>$VAR[PlayerSeekStepLabel]     </label>
						<visible>!String.IsEmpty(Player.SeekStepSize) | !String.IsEmpty(Player.SeekOffset)</visible>
					</control>
					<control type="label" id="99">
						<width>auto</width>
						<align>right</align>
						<font>Material40</font>
						<label></label>
						<visible>Player.Rewinding</visible>
					</control>
					<control type="label" id="99">
						<width>auto</width>
						<align>right</align>
						<aligny>top</aligny>
						<font>Med34</font>
						<label>$LOCALIZE[31121]$VAR[PlayerForwardRewind, ]     </label>
						<visible>Player.Rewinding</visible>
					</control>
					<control type="label" id="99">
						<width>auto</width>
						<align>right</align>
						<font>Material40</font>
						<label></label>
						<visible>Player.Forwarding</visible>
					</control>
					<control type="label" id="99">
						<width>auto</width>
						<align>right</align>
						<aligny>top</aligny>
						<font>Med34</font>
						<label>$LOCALIZE[31122]$VAR[PlayerForwardRewind, ]     </label>
						<visible>Player.Forwarding</visible>
					</control>
					<control type="label" id="99">
						<width>auto</width>
						<align>right</align>
						<font>Material40</font>
						<label></label>
						<visible>Player.Paused</visible>
					</control>
					<control type="label" id="99">
						<width>auto</width>
						<align>right</align>
						<aligny>top</aligny>
						<font>Med34</font>
						<label>$LOCALIZE[112]     </label>
						<visible>Player.Paused</visible>
					</control>
					<control type="label" id="99">
						<align>right</align>
						<width>auto</width>
						<aligny>top</aligny>
						<font>Med34</font>
						<label>$INFO[System.Time]</label>
					</control>
				</control>
			</control>
			<!--Bottom-->
			<control type="group" id="99">
				<!-- mask -->
				<control type="image" id="99">
					<bottom>0</bottom>
					<width>100%</width>
					<height>180</height>
					<texture colordiffuse="black">views/player/mask_bottom.png</texture>
					<visible>!VideoPlayer.Content(livetv) + !String.StartsWith(Player.Filenameandpath,pvr://)</visible>
				</control>
				<control type="image" id="99">
					<bottom>0</bottom>
					<width>100%</width>
					<height>216</height>
					<texture colordiffuse="black">views/player/mask_bottom.png</texture>
					<visible>VideoPlayer.Content(livetv) | String.StartsWith(Player.Filenameandpath,pvr://)</visible>
				</control>
				<!-- Poster -->
				<control type="group" id="99">
					<visible>[!String.IsEmpty(Player.Art(poster)) | !String.IsEmpty(Player.Art(tvshow.poster))] + ![VideoPlayer.Content(livetv) | String.StartsWith(Player.Filenameandpath,pvr://)]</visible>
					<control type="image" id="99">
						<bottom>20</bottom>
						<left>20</left>
						<width>268</width>
						<height>393</height>
						<texture>views/player/shadow_poster.png</texture>
					</control>
					<control type="image" id="99">
						<bottom>29</bottom>
						<left>29</left>
						<width>250</width>
						<height>375</height>
						<texture colordiffuse="thumb_background" diffuse="views/player/mask_poster.png">common/white.jpg</texture>
						<aspectratio scalediffuse="false">stretch</aspectratio>
					</control>
					<control type="image" id="99">
						<bottom>29</bottom>
						<left>29</left>
						<width>250</width>
						<height>375</height>
						<texture diffuse="views/player/mask_poster.png">$VAR[PlayerIcon]</texture>
						<aspectratio scalediffuse="false">stretch</aspectratio>
					</control>
				</control>				
				<!-- Square -->
				<control type="group" id="99">
					<visible>VideoPlayer.Content(livetv) | String.StartsWith(Player.Filenameandpath,pvr://)</visible>
					<control type="image" id="99">
						<bottom>20</bottom>
						<left>20</left>
						<width>268</width>
						<height>268</height>
						<texture>views/player/shadow_square.png</texture>
					</control>
					<control type="image" id="99">
						<bottom>29</bottom>
						<left>29</left>
						<width>250</width>
						<height>250</height>
						<texture colordiffuse="green" diffuse="views/player/mask_square.png">common/white.jpg</texture>
						<aspectratio scalediffuse="false">stretch</aspectratio>
						<visible>String.IsEmpty(VideoPlayer.Cover) | String.StartsWith(VideoPlayer.Cover,Default)</visible>
					</control>
					<control type="textbox" id="99">
						<bottom>39</bottom>
						<left>39</left>
						<width>230</width>
						<height>230</height>
						<font>Light24</font>
						<textcolor>white</textcolor>
						<align>center</align>
						<aligny>center</aligny>
						<label>$INFO[VideoPlayer.Channelname]</label>
						<visible>String.IsEmpty(VideoPlayer.Cover) | String.StartsWith(VideoPlayer.Cover,Default)</visible>
					</control>
					<control type="image" id="99">
						<bottom>29</bottom>
						<left>29</left>
						<width>250</width>
						<height>250</height>
						<texture colordiffuse="thumb_background" diffuse="views/player/mask_square.png">common/white.jpg</texture>
						<aspectratio scalediffuse="false">stretch</aspectratio>
						<visible>!String.IsEmpty(VideoPlayer.Cover) + !String.StartsWith(VideoPlayer.Cover,Default)</visible>
					</control>
					<control type="image" id="99">
						<bottom>29</bottom>
						<left>29</left>
						<width>250</width>
						<height>250</height>
						<texture diffuse="views/player/mask_square.png">$VAR[PlayerIcon]</texture>
						<bordersize>20</bordersize>
						<aspectratio scalediffuse="false">keep</aspectratio>
						<visible>!String.StartsWith(VideoPlayer.Cover,Default)</visible>
					</control>
				</control>				
				<!-- Wide -->
				<control type="group" id="99">
					<visible>String.IsEmpty(Player.Art(poster)) + String.IsEmpty(Player.Art(tvshow.poster)) + !VideoPlayer.Content(livetv) + !String.StartsWith(Player.Filenameandpath,pvr://)</visible>
					<control type="image" id="99">
						<bottom>20</bottom>
						<left>20</left>
						<width>268</width>
						<height>159</height>
						<texture>views/player/shadow_wide.png</texture>
					</control>
					<control type="image" id="99">
						<bottom>29</bottom>
						<left>29</left>
						<width>250</width>
						<height>141</height>
						<texture colordiffuse="green" diffuse="views/player/mask_wide.png">common/white.jpg</texture>
						<aspectratio scalediffuse="false">stretch</aspectratio>
						<visible>String.IsEmpty(VideoPlayer.Cover) | String.StartsWith(VideoPlayer.Cover,Default)</visible>
					</control>
					<control type="textbox" id="99">
						<bottom>39</bottom>
						<left>39</left>
						<width>230</width>
						<height>121</height>
						<font>Light24</font>
						<textcolor>white</textcolor>
						<align>center</align>
						<aligny>center</aligny>
						<label>$INFO[Player.Title]</label>
						<visible>String.IsEmpty(VideoPlayer.Cover) | String.StartsWith(VideoPlayer.Cover,Default)</visible>
					</control>
					<control type="image" id="99">
						<bottom>29</bottom>
						<left>29</left>
						<width>250</width>
						<height>141</height>
						<texture colordiffuse="thumb_background" diffuse="views/player/mask_wide.png">common/white.jpg</texture>
						<aspectratio scalediffuse="false">stretch</aspectratio>
						<visible>!String.IsEmpty(VideoPlayer.Cover) + !String.StartsWith(VideoPlayer.Cover,Default)</visible>
					</control>
					<control type="image" id="99">
						<bottom>29</bottom>
						<left>29</left>
						<width>250</width>
						<height>141</height>
						<texture diffuse="views/player/mask_square.png">$VAR[PlayerIcon]</texture>
						<aspectratio scalediffuse="false">scale</aspectratio>
						<visible>!String.IsEmpty(VideoPlayer.Cover) + !String.StartsWith(VideoPlayer.Cover,Default)</visible>
					</control>
				</control>
				<!-- Progress bars -->
				<control type="group" id="99">
					<!--  Cache bar -->
					<control type="progress" id="99">
						<bottom>95</bottom>
						<left>309</left>
						<right>31</right>
						<height>5</height>
						<reveal>true</reveal>
						<info>Player.ProgressCache</info>
						<texturebg colordiffuse="grey">common/ProgressBack.png</texturebg>
						<lefttexture>-</lefttexture>
						<midtexture colordiffuse="white">common/ProgressBar.png</midtexture>
						<righttexture>-</righttexture>
						<overlaytexture>-</overlaytexture>
					</control>
					<!-- Video progress bar -->
					<control type="progress" id="99">
						<bottom>95</bottom>
						<left>309</left>
						<right>31</right>
						<height>5</height>
						<reveal>true</reveal>
						<info>Player.Progress</info>
						<texturebg colordiffuse="00ffffff">common/ProgressBack.png</texturebg>
						<lefttexture>-</lefttexture>
						<midtexture colordiffuse="emby_secondary">common/ProgressBar.png</midtexture>
						<righttexture>-</righttexture>
						<overlaytexture>-</overlaytexture>
						<visible>!VideoPlayer.Content(livetv)</visible>
					</control>
					<!-- LiveTV + timeshift progress bar -->
					<control type="progress" id="99">
						<bottom>95</bottom>
						<left>309</left>
						<right>31</right>
						<height>5</height>
						<reveal>true</reveal>
						<info>Player.Progress</info>
						<texturebg colordiffuse="00ffffff">common/ProgressBack.png</texturebg>
						<lefttexture>-</lefttexture>
						<midtexture colordiffuse="blue">common/ProgressBar.png</midtexture>
						<righttexture>-</righttexture>
						<overlaytexture>-</overlaytexture>
						<visible>VideoPlayer.Content(livetv)</visible>
					</control>
					<control type="progress" id="99">
						<bottom>95</bottom>
						<left>309</left>
						<right>31</right>
						<height>5</height>
						<reveal>true</reveal>
						<info>PVR.Progress</info>
						<texturebg colordiffuse="00ffffff">common/ProgressBack.png</texturebg>
						<lefttexture>-</lefttexture>
						<midtexture colordiffuse="emby_secondary">common/ProgressBar.png</midtexture>
						<righttexture>-</righttexture>
						<overlaytexture>-</overlaytexture>
						<visible>VideoPlayer.Content(livetv)</visible>
					</control>
				</control>
				<!-- Label section -->
				<control type="grouplist" id="99">
					<animation effect="slide" time="0" start="0,0" end="0,-36" condition="VideoPlayer.Content(livetv) | String.StartsWith(Player.Filenameandpath,pvr://)">Conditional</animation>
					<orientation>horizontal</orientation>
					<height>31</height>
					<bottom>125</bottom>
					<left>309</left>
					<right>30</right>
					<itemgap>0</itemgap>
					<control type="label" id="99">
						<width>auto</width>
						<height>30</height>
						<aligny>center</aligny>
						<font>med24</font>
						<shadowcolor>text_shadow</shadowcolor>
						<label>$VAR[PlayerFullLabel]   </label>
					</control>
					<control type="label" id="99">
						<width>auto</width>
						<height>30</height>
						<aligny>center</aligny>
						<label>$INFO[VideoPlayer.Year]   </label>
						<font>reg24</font>
						<shadowcolor>text_shadow</shadowcolor>
						<visible>!String.IsEmpty(VideoPlayer.Year)</visible>
					</control>
					<control type="button" id="99">
						<animation effect="slide" end="0,3" time="0" condition="true">Conditional</animation>
						<width min="24">auto</width>
						<height>28</height>
						<font>med16</font>
						<label>$INFO[VideoPlayer.Mpaa]</label>
						<textoffsetx>10</textoffsetx>
						<align>center</align>
						<textcolor>white</textcolor>
						<texturefocus border="10" colordiffuse="text_white">icons/rating/mpaa.png</texturefocus>
						<texturenofocus border="10" colordiffuse="text_white">icons/rating/mpaa.png</texturenofocus>
						<enabled>false</enabled>
						<visible>!String.IsEmpty(VideoPlayer.Mpaa)</visible>
					</control>
					<control type="label" id="99">
						<width>19</width>
						<height>24</height>
						<label/>
						<visible>!String.IsEmpty(VideoPlayer.Mpaa)</visible>
					</control>
					<control type="label" id="99">
						<animation effect="slide" end="-2,2" time="0" condition="true">Conditional</animation>
						<width>auto</width>
						<height>30</height>
						<aligny>center</aligny>
						<label></label>
						<font>Material26</font>
						<textcolor>red</textcolor>
						<shadowcolor>text_shadow</shadowcolor>
						<visible>!String.IsEmpty(VideoPlayer.Rating)</visible>
					</control>
					<control type="label" id="99">
						<width>auto</width>
						<height>30</height>
						<aligny>center</aligny>
						<label>$INFO[VideoPlayer.Rating]   </label>
						<font>reg24</font>
						<shadowcolor>text_shadow</shadowcolor>
						<shadowcolor>text_shadow</shadowcolor>
						<visible>!String.IsEmpty(VideoPlayer.Rating)</visible>
					</control>			
					<control type="image" id="99">								
						<animation effect="slide" end="-2,6" time="0" condition="true">Conditional</animation>
						<width>30</width>
						<height>20</height>
						<texture>icons/rating/metacritics_logo.png</texture>
						<aspectratio>keep</aspectratio>
						<visible>!String.IsEmpty(Window(Home).Property(SkinHelper.Player.MetaCritic.Rating))</visible>
					</control>
					<control type="label" id="99">
						<width>auto</width>
						<height>30</height>
						<label>$INFO[Window(Home).Property(SkinHelper.Player.MetaCritic.Rating),,%]   </label>
						<font>reg24</font>
						<aligny>center</aligny>
						<shadowcolor>text_shadow</shadowcolor>
						<visible>!String.IsEmpty(Window(Home).Property(SkinHelper.Player.MetaCritic.Rating))</visible>
					</control>
					<control type="image" id="99">
						<animation effect="slide" end="-2,6" time="0" condition="true">Conditional</animation>
						<width>24</width>
						<height>20</height>
						<texture>icons/rating/rotten_fresh.png</texture>
						<aspectratio>keep</aspectratio>
						<visible>!String.IsEmpty(Window(Home).Property(SkinHelper.Player.RottenTomatoes.Rating)) + Integer.IsGreater(Window(Home).Property(SkinHelper.Player.RottenTomatoes.Rating),59)</visible>
					</control>
					<control type="image" id="99">
						<animation effect="slide" end="-2,6" time="0" condition="true">Conditional</animation>
						<width>24</width>
						<height>20</height>
						<texture>icons/rating/rotten_rotten.png</texture>
						<aspectratio>keep</aspectratio>
						<visible>!String.IsEmpty(Window(Home).Property(SkinHelper.Player.RottenTomatoes.Rating)) + !Integer.IsGreater(Window(Home).Property(SkinHelper.Player.RottenTomatoes.Rating),59)</visible>
					</control>
					<control type="label" id="99">
						<width>auto</width>
						<height>30</height>
						<label>$INFO[Window(Home).Property(SkinHelper.Player.RottenTomatoes.Rating),,%]   </label>
						<font>reg24</font>
						<aligny>center</aligny>
						<shadowcolor>text_shadow</shadowcolor>
						<visible>!String.IsEmpty(Window(Home).Property(SkinHelper.Player.RottenTomatoes.Rating))</visible>
					</control>
				</control>
				<!-- PVR EpisodeNamei -->
				<control type="grouplist" id="99">
					<visible>VideoPlayer.Content(livetv) | String.StartsWith(Player.Filenameandpath,pvr://)</visible>
					<orientation>horizontal</orientation>
					<height>31</height>
					<bottom>125</bottom>
					<left>309</left>
					<right>30</right>
					<itemgap>0</itemgap>
					<control type="label" id="99">
						<width>790</width>
						<height>30</height>
						<aligny>center</aligny>
						<font>reg24</font>
						<textcolor>softgrey</textcolor>
						<shadowcolor>text_shadow</shadowcolor>
						<label>$VAR[PVREpisodeName]</label>
					</control>
					<control type="label" id="99">
						<width>790</width>
						<height>30</height>
						<align>right</align>
						<aligny>center</aligny>
						<font>reg24</font>
						<textcolor>softgrey</textcolor>
						<shadowcolor>text_shadow</shadowcolor>
						<label>$INFO[VideoPlayer.NextTitle,$LOCALIZE[19031]: ]</label>
					</control>
				</control>
				<!-- Bottom label section -->
				<control type="grouplist" id="99">
					<visible>!Window.IsVisible(VideoOSD)</visible>
					<orientation>horizontal</orientation>
					<height>50</height>
					<bottom>30</bottom>
					<left>309</left>
					<right>20</right>
					<itemgap>0</itemgap>
					<include>PlayerBottomLabels</include>
				</control>
				<!-- Volume -->
				<!-- Icon -->
				<control type="label" id="99">
					<bottom>23</bottom>
					<right>231</right>
					<height>50</height>
					<width>auto</width>
					<align>center</align>
					<font>Material34</font>
					<textcolor>text_white</textcolor>
					<label>$VAR[VolumeIcon]</label>
				</control>
				<control type="progress" id="99">
					<bottom>53</bottom>
					<right>31</right>
					<width>150</width>
					<height>5</height>
					<info>player.volume</info>
					<texturebg colordiffuse="grey">common/ProgressBack.png</texturebg>
					<lefttexture>-</lefttexture>
					<midtexture colordiffuse="emby">common/ProgressBar.png</midtexture>
					<righttexture>-</righttexture>
					<overlaytexture>-</overlaytexture>
					<visible>Integer.IsGreater(player.volume,1)</visible>
				</control>
				<control type="progress" id="99">
					<bottom>53</bottom>
					<right>31</right>
					<width>150</width>
					<height>5</height>
					<texturebg colordiffuse="grey">common/ProgressBack.png</texturebg>
					<lefttexture>-</lefttexture>
					<midtexture colordiffuse="ff00000">common/ProgressBar.png</midtexture>
					<righttexture>-</righttexture>
					<overlaytexture>-</overlaytexture>
					<visible>!Integer.IsGreater(player.volume,1)</visible>
				</control>
			</control>
		</control>
	</controls>
</window>
