<?xml version="1.0" encoding="UTF-8" standalone="yes"?>
<addon id="plugin.video.magine" name="Magine" version="0.0.2" provider-name="L0RE">
    <extension point="xbmc.python.pluginsource" library="default.py">
        <provides>video</provides>
    </extension>
  <requires>
    <import addon="inputstream.mpd" version="1.2.10"/>
  </requires>
  <extension point="xbmc.addon.metadata">
    <summary lang="en">Magine TV</summary>
    <summary lang="de">Magine TV</summary>
    <description lang="en">Magine TV</description>
    <description lang="de">Magine TV</description>
    <website></website>
    <email>andreas at vogler dot name</email>
    <platform>all</platform>
  </extension>
</addon>
