<?xml version="1.0" encoding="UTF-8"?>
<includes>
	<include name="WidgetContentPath">
		<content target="$PARAM[widget_target]" sortby="$PARAM[sortby]" sortorder="$PARAM[sortorder]" limit="$PARAM[limit]">$PARAM[content]</content>
	</include>
	<include name="WidgetOnClick">
		<onclick>$PARAM[onclick]</onclick>
		<onclick>$PARAM[onclick2]</onclick>
	</include>
	<!-- ##### OTHER ##### -->
	<!-- Landscape -->
	<include name="WideWidget">
		<param name="visible">true</param>
		<param name="content_visibility">true</param>
		<param name="headline">$LOCALIZE[416]</param>
		<param name="mainlabel">$VAR[MainListLabel]</param>
		<param name="sublabel">$VAR[SubListLabel]</param>
		<param name="use_custom_content">true</param>
		<param name="use_custom_onclick">false</param>
		<param name="height">468</param>
		<definition>
			<control type="group">
				<visible>$PARAM[visible]</visible>
				<visible>Integer.IsGreater(Container($PARAM[id]).NumItems,0) | Container($PARAM[id]).IsUpdating</visible>
				<width>1920</width>
				<height>$PARAM[height]</height>
				<control type="group">
					<include content="widget_headline">
						<param name="headline">$PARAM[headline]</param>
						<param name="left">65</param>
					</include>
					<control type="group">
						<visible>Container($PARAM[id]).IsUpdating + !Integer.IsGreater(Container($PARAM[id]).NumItems,0)</visible>
						<left>70</left>
						<top>94</top>
						<width>430</width>
						<height>242</height>
						<control type="image">
							<top>-2</top>
							<left>-2</left>
							<width>436</width>
							<height>248</height>
							<texture>items/shadow_wide_db.png</texture>
						</control>
						<control type="image">
							<width>430</width>
							<height>242</height>
							<texture colordiffuse="blue" diffuse="items/mask_wide_db.png">common/white.jpg</texture>
							<aspectratio scalediffuse="false">stretch</aspectratio>
						</control>
						<include content="WidgetLoadingSpinner"/>
					</control>
					<control type="fixedlist" id="$PARAM[id]">
						<visible>$PARAM[content_visibility]</visible>
						<movement>3</movement>
						<top>30</top>
						<width>1920</width>
						<scrolltime>300</scrolltime>
						<orientation>horizontal</orientation>
						<preloaditems>4</preloaditems>
						<ondown>$PARAM[ondown]</ondown>
						<onup>$PARAM[onup]</onup>
						<onback>$PARAM[onback]</onback>
						<include content="Bounce_Right">
							<param name="id">$PARAM[id]</param>
						</include>
						<onright>SetProperty(BounceRight,1,home)</onright>
						<onright>noop</onright>
						<onleft>9999</onleft>
						<include condition="$PARAM[use_custom_onclick]" content="WidgetOnClick">
							<param name="onclick" value="$PARAM[onclick]"/>
						</include>
						<pagecontrol>$PARAM[id]1</pagecontrol>
						<viewtype label="$PARAM[list_name]">list</viewtype>
						<itemlayout width="450">
							<control type="group">							
								<left>70</left>
								<top>64</top>
								<include content="LandscapeLayout_Size2">
									<param name="mainlabel" value="$PARAM[mainlabel]" />
									<param name="sublabel" value="$PARAM[sublabel]" />
									<param name="focused" value="false" />
									<param name="id" value="$PARAM[id]" />
								</include>
							</control>
						</itemlayout>
						<focusedlayout width="450">
							<include>SetPropertyOnFocus</include>
							<control type="group">							
								<left>70</left>
								<top>64</top>
								<include content="LandscapeLayout_Size2">
									<param name="mainlabel" value="$PARAM[mainlabel]" />
									<param name="sublabel" value="$PARAM[sublabel]" />
									<param name="focused" value="true" />
									<param name="id" value="$PARAM[id]" />
								</include>
							</control>
						</focusedlayout>
						<include condition="$PARAM[use_custom_content]" content="WidgetContentPath">
							<param name="widget_target">$PARAM[widget_target]</param>
							<param name="sortby">$PARAM[sortby]</param>
							<param name="sortorder">$PARAM[sortorder]</param>
							<param name="limit">$PARAM[limit]</param>
							<param name="content">$PARAM[content]</param>
						</include>
					</control>
					<include content="list_mask">
						<param name="height" value="242"/>
						<param name="width" value="75"/>
						<param name="id" value="$PARAM[id]"/>
					</include>
					<include content="ScrollbarHorizontal">
						<param name="id" value="$PARAM[id]1"/>
						<param name="bottom" value="43"/>
						<param name="visible" value="Control.HasFocus($PARAM[id])"/>
					</include>
				</control>
			</control>
		</definition>
	</include>
	<!-- Poster -->	
	<include name="PosterWidget">
		<param name="visible">true</param>
		<param name="content_visibility">true</param>
		<param name="headline">$LOCALIZE[416]</param>
		<param name="mainlabel">$VAR[MainListLabel]</param>
		<param name="sublabel">$VAR[SubListLabel]</param>
		<param name="use_custom_content">true</param>
		<param name="use_custom_onclick">false</param>
		<param name="height">581</param>
		<definition>
			<control type="group">
				<visible>$PARAM[visible]</visible>
				<visible>Integer.IsGreater(Container($PARAM[id]).NumItems,0) | Container($PARAM[id]).IsUpdating</visible>
				<width>1920</width>
				<height>$PARAM[height]</height>
				<control type="group">
					<include content="widget_headline">
						<param name="headline">$PARAM[headline]</param>
						<param name="left">65</param>
					</include>
					<control type="group">
						<visible>Container($PARAM[id]).IsUpdating + !Integer.IsGreater(Container($PARAM[id]).NumItems,0)</visible>
						<left>70</left>
						<top>94</top>
						<width>237</width>
						<height>355</height>
						<control type="image">
							<top>-2</top>
							<left>-2</left>
							<width>243</width>
							<height>361</height>
							<texture>items/shadow_poster_db.png</texture>
						</control>
						<control type="image">
							<width>237</width>
							<height>355</height>
							<texture colordiffuse="blue" diffuse="items/mask_poster_db.png">common/white.jpg</texture>
							<aspectratio scalediffuse="false">stretch</aspectratio>
						</control>
						<include content="WidgetLoadingSpinner"/>
					</control>
					<control type="fixedlist" id="$PARAM[id]">
						<visible>$PARAM[content_visibility]</visible>
						<movement>6</movement>
						<top>30</top>
						<width>1920</width>
						<scrolltime>300</scrolltime>
						<orientation>horizontal</orientation>
						<preloaditems>4</preloaditems>
						<ondown>$PARAM[ondown]</ondown>
						<onup>$PARAM[onup]</onup>
						<include content="Bounce_Right">
							<param name="id">$PARAM[id]</param>
						</include>
						<onright>SetProperty(BounceRight,1,home)</onright>
						<onright>noop</onright>
						<onleft>9999</onleft>
						<include condition="$PARAM[use_custom_onclick]" content="WidgetOnClick">
							<param name="onclick" value="$PARAM[onclick]"/>
						</include>
						<pagecontrol>$PARAM[id]1</pagecontrol>
						<viewtype label="$PARAM[list_name]">list</viewtype>
						<itemlayout width="257">
							<control type="group">							
								<left>70</left>
								<top>64</top>
								<include content="PosterLayout_Size2">
									<param name="mainlabel" value="$PARAM[mainlabel]" />
									<param name="sublabel" value="$PARAM[sublabel]" />
									<param name="thumblabel" value="$PARAM[thumblabel]" />
									<param name="focused" value="false" />
									<param name="id" value="$PARAM[id]" />
								</include>
							</control>
						</itemlayout>
						<focusedlayout width="257">
							<include>SetPropertyOnFocus</include>
							<control type="group">							
								<left>70</left>
								<top>64</top>
								<include content="PosterLayout_Size2">
									<param name="mainlabel" value="$PARAM[mainlabel]" />
									<param name="sublabel" value="$PARAM[sublabel]" />
									<param name="thumblabel" value="$PARAM[thumblabel]" />
									<param name="focused" value="true" />
									<param name="id" value="$PARAM[id]" />
								</include>
							</control>
						</focusedlayout>
						<include condition="$PARAM[use_custom_content]" content="WidgetContentPath">
							<param name="widget_target">$PARAM[widget_target]</param>
							<param name="sortby">$PARAM[sortby]</param>
							<param name="sortorder">$PARAM[sortorder]</param>
							<param name="limit">$PARAM[limit]</param>
							<param name="content">$PARAM[content]</param>
						</include>
					</control>
					<include content="list_mask">
						<param name="height" value="355"/>
						<param name="width" value="75"/>
						<param name="id" value="$PARAM[id]"/>
					</include>
					<include content="ScrollbarHorizontal">
						<param name="id" value="$PARAM[id]1"/>
						<param name="bottom" value="43"/>
						<param name="visible" value="Control.HasFocus($PARAM[id])"/>
					</include>
				</control>
			</control>
		</definition>
	</include>
	<!-- Cast -->	
	<include name="CastWidget">
		<param name="visible">true</param>
		<param name="content_visibility">true</param>
		<param name="visible_scrollbar">false</param>
		<param name="headline">$LOCALIZE[416]</param>
		<param name="mainlabel">$VAR[MainListLabel]</param>
		<param name="sublabel">$VAR[SubListLabel]</param>
		<param name="use_custom_content">true</param>
		<param name="use_custom_onclick">false</param>
		<param name="onback">noop</param>
		<definition>
			<control type="group">
				<visible>$PARAM[visible]</visible>
				<width>1920</width>
				<height>601</height>
				<control type="group">
					<include content="widget_headline">
						<param name="headline">$PARAM[headline]</param>
						<param name="left">65</param>
					</include>
					<control type="group">
						<visible>Container($PARAM[id]).IsUpdating | !Integer.IsGreater(Container($PARAM[id]).NumItems,0)</visible>
						<left>70</left>
						<top>94</top>
						<width>237</width>
						<height>355</height>
						<control type="image">
							<top>-2</top>
							<left>-2</left>
							<width>243</width>
							<height>361</height>
							<texture>items/shadow_poster_db.png</texture>
						</control>
						<control type="image">
							<width>237</width>
							<height>355</height>
							<texture colordiffuse="blue" diffuse="items/mask_poster_db.png">common/white.jpg</texture>
							<aspectratio scalediffuse="false">stretch</aspectratio>
						</control>
						<control type="textbox">
							<top>10</top>
							<left>10</left>
							<width>217</width>
							<height>335</height>
							<font>Material50</font>
							<align>center</align>
							<aligny>center</aligny>
							<label></label>
							<visible>!Container($PARAM[id]).IsUpdating + !Integer.IsGreater(Container($PARAM[id]).NumItems,0)</visible>
						</control>
						<control type="group">
							<visible>Container($PARAM[id]).IsUpdating</visible>
							<include content="WidgetLoadingSpinner"/>
						</control>
					</control>
					<control type="fixedlist" id="$PARAM[id]">
						<visible>$PARAM[content_visibility]</visible>
						<movement>6</movement>
						<top>30</top>						
						<width>1920</width>
						<onback>$PARAM[onback]</onback>
						<scrolltime>300</scrolltime>
						<orientation>horizontal</orientation>
						<preloaditems>4</preloaditems>
						<ondown>$PARAM[ondown]</ondown>
						<onup>$PARAM[onup]</onup>
						<include content="Bounce_Right">
							<param name="id">$PARAM[id]</param>
						</include>
						<onright>SetProperty(BounceRight,1,home)</onright>
						<onright>noop</onright>
						<onleft>9999</onleft>
						<include condition="$PARAM[use_custom_onclick]" content="WidgetOnClick">
							<param name="onclick" value="$PARAM[onclick]"/>
						</include>
						<pagecontrol>$PARAM[id]1</pagecontrol>
						<viewtype label="$LOCALIZE[31006]">list</viewtype>
						<itemlayout width="257">
							<control type="group">							
								<left>70</left>
								<top>64</top>
								<include content="CastLayout">
									<param name="mainlabel" value="$PARAM[mainlabel]" />
									<param name="sublabel" value="$PARAM[sublabel]" />
									<param name="focused" value="false" />
									<param name="id" value="$PARAM[id]" />
								</include>
							</control>
						</itemlayout>
						<focusedlayout width="257">
							<control type="group">							
								<left>70</left>
								<top>64</top>
								<include content="CastLayout">
									<param name="mainlabel" value="$PARAM[mainlabel]" />
									<param name="sublabel" value="$PARAM[sublabel]" />
									<param name="focused" value="true" />
									<param name="id" value="$PARAM[id]" />
								</include>
							</control>
						</focusedlayout>
						<include condition="$PARAM[use_custom_content]" content="WidgetContentPath">
							<param name="widget_target">$PARAM[widget_target]</param>
							<param name="sortby">$PARAM[sortby]</param>
							<param name="sortorder">$PARAM[sortorder]</param>
							<param name="limit">$PARAM[limit]</param>
							<param name="content">$PARAM[content]</param>
						</include>
					</control>
					<include content="list_mask">
						<param name="height" value="355"/>
						<param name="width" value="75"/>
						<param name="id" value="$PARAM[id]"/>
					</include>
					<include content="ScrollbarHorizontal">
						<param name="id" value="$PARAM[id]1"/>
						<param name="bottom" value="43"/>
						<param name="visible" value="Control.HasFocus($PARAM[id])"/>
					</include>
				</control>
			</control>
		</definition>
	</include>
	<!-- Profiles -->
	<include name="ProfileWidget">
		<param name="visible">true</param>
		<param name="headline">$LOCALIZE[416]</param>
		<param name="mainlabel">$VAR[MainListLabel]</param>
		<param name="sublabel">$VAR[SubListLabel]</param>
		<param name="use_custom_content">true</param>
		<param name="use_custom_onclick">false</param>
		<definition>
			<control type="group" id="$PARAM[id]1">
				<visible>$PARAM[visible]</visible>
				<visible>Integer.IsGreater(Container($PARAM[id]).NumItems,0) | Container($PARAM[id]).IsUpdating</visible>
				<width>1920</width>
				<height>390</height>
				<control type="list" id="$PARAM[id]">
					<width>1920</width>
					<movement>5</movement>
					<orientation>horizontal</orientation>
					<preloaditems>4</preloaditems>
					<ondown>$PARAM[ondown]</ondown>
					<include content="Bounce_Right">
						<param name="id">$PARAM[id]</param>
					</include>
					<onright>SetProperty(BounceRight,1,home)</onright>
					<onright>noop</onright>
					<onleft>9999</onleft>
					<onup>$PARAM[onup]</onup>
					<include condition="$PARAM[use_custom_onclick]" content="WidgetOnClick">
						<param name="onclick" value="$PARAM[onclick]"/>
					</include>
					<itemlayout width="296">
						<control type="group">
							<left>70</left>
							<top>64</top>
							<include content="ProfileLayout">
								<param name="mainlabel" value="$PARAM[mainlabel]" />
								<param name="sublabel" value="$PARAM[sublabel]" />
								<param name="focused" value="false" />
								<param name="id" value="$PARAM[id]" />
							</include>
						</control>
					</itemlayout>
					<focusedlayout width="296">
						<include>SetPropertyOnFocus</include>
						<control type="group">							
							<left>70</left>
							<top>64</top>
							<include content="ProfileLayout">
								<param name="mainlabel" value="$PARAM[mainlabel]" />
								<param name="sublabel" value="$PARAM[sublabel]" />
								<param name="focused" value="true" />
								<param name="id" value="$PARAM[id]" />
							</include>
						</control>
					</focusedlayout>
				</control>
				<include content="list_mask">
					<param name="height" value="277"/>
					<param name="id" value="$PARAM[id]"/>
				</include>
			</control>
		</definition>
	</include>
	<!-- Square -->
	<include name="SquareWidget">
		<param name="visible">true</param>
		<param name="content_visibility">true</param>
		<param name="headline">$LOCALIZE[416]</param>
		<param name="mainlabel">$VAR[MainListLabel]</param>
		<param name="sublabel">$VAR[SubListLabel]</param>
		<param name="use_custom_content">true</param>
		<param name="use_custom_onclick">false</param>
		<param name="height">502</param>
		<definition>
			<control type="group">
				<visible>$PARAM[visible]</visible>
				<visible>Integer.IsGreater(Container($PARAM[id]).NumItems,0) | Container($PARAM[id]).IsUpdating</visible>
				<width>1920</width>
				<height>$PARAM[height]</height>
				<control type="group">
					<include content="widget_headline">
						<param name="headline">$PARAM[headline]</param>
						<param name="left">65</param>
					</include>
					<control type="group">
						<visible>Container($PARAM[id]).IsUpdating + !Integer.IsGreater(Container($PARAM[id]).NumItems,0)</visible>
						<left>70</left>
						<top>94</top>
						<width>276</width>
						<height>276</height>		
						<control type="image">
							<top>-2</top>
							<left>-2</left>
							<width>282</width>
							<height>282</height>
							<texture>items/shadow_square.png</texture>
						</control>
						<control type="image">
							<width>276</width>
							<height>276</height>
							<texture colordiffuse="blue" diffuse="items/mask_square.png">common/white.jpg</texture>
							<aspectratio>stretch</aspectratio>
						</control>
						<include content="WidgetLoadingSpinner"/>
					</control>
					<control type="fixedlist" id="$PARAM[id]">
						<visible>$PARAM[content_visibility]</visible>
						<movement>5</movement>
						<top>30</top>
						<width>1920</width>
						<scrolltime>300</scrolltime>
						<orientation>horizontal</orientation>
						<preloaditems>4</preloaditems>
						<ondown>$PARAM[ondown]</ondown>
						<onup>$PARAM[onup]</onup>
						<include content="Bounce_Right">
							<param name="id">$PARAM[id]</param>
						</include>
						<onright>SetProperty(BounceRight,1,home)</onright>
						<onright>noop</onright>
						<onleft>9999</onleft>
						<include condition="$PARAM[use_custom_onclick]" content="WidgetOnClick">
							<param name="onclick" value="$PARAM[onclick]"/>
						</include>
						<pagecontrol>$PARAM[id]1</pagecontrol>
						<viewtype label="$PARAM[list_name]">list</viewtype>
						<itemlayout width="296">
							<control type="group">							
								<left>70</left>
								<top>64</top>
								<include content="SquareLayout">
									<param name="mainlabel" value="$PARAM[mainlabel]" />
									<param name="sublabel" value="$PARAM[sublabel]" />
									<param name="focused" value="false" />
									<param name="id" value="$PARAM[id]" />
								</include>
							</control>
						</itemlayout>
						<focusedlayout width="296">
							<include>SetPropertyOnFocus</include>
							<control type="group">							
								<left>70</left>
								<top>64</top>
								<include content="SquareLayout">
									<param name="mainlabel" value="$PARAM[mainlabel]" />
									<param name="sublabel" value="$PARAM[sublabel]" />
									<param name="focused" value="true" />
									<param name="id" value="$PARAM[id]" />
								</include>
							</control>
						</focusedlayout>
						<include condition="$PARAM[use_custom_content]" content="WidgetContentPath">
							<param name="widget_target">$PARAM[widget_target]</param>
							<param name="sortby">$PARAM[sortby]</param>
							<param name="sortorder">$PARAM[sortorder]</param>
							<param name="limit">$PARAM[limit]</param>
							<param name="content">$PARAM[content]</param>
						</include>
					</control>
					<include content="list_mask">
						<param name="height" value="277"/>
						<param name="width" value="75"/>
						<param name="id" value="$PARAM[id]"/>
					</include>
					<include content="ScrollbarHorizontal">
						<param name="id" value="$PARAM[id]1"/>
						<param name="bottom" value="43"/>
						<param name="visible" value="Control.HasFocus($PARAM[id])"/>
					</include>
				</control>
			</control>
		</definition>
	</include>
	<!-- ##### HOME ##### -->
	<!-- Menu Buttons -->
	<include name="HomeWidgetMenu">
		<param name="visible">true</param>
		<param name="headline">$LOCALIZE[416]</param>
		<param name="onup">100</param>
		<definition>
			<control type="group" id="$PARAM[id]1">
				<visible>$PARAM[visible]</visible>
				<visible>Integer.IsGreater(Container($PARAM[id]).NumItems,0) | Container($PARAM[id]).IsUpdating</visible>
				<width>1920</width>
				<height>465</height>
				<include content="widget_headline">
					<param name="headline">$PARAM[headline]</param>
				</include>
				<control type="fixedlist" id="$PARAM[id]">
					<movement>5</movement>
					<top>30</top>
					<width>1920</width>
					<movement>5</movement>
					<orientation>horizontal</orientation>
					<preloaditems>4</preloaditems>
					<ondown>$PARAM[ondown]</ondown>
					<onright>SetProperty(BounceRight,1,home)</onright>
					<onright>noop</onright>
					<onleft>9999</onleft>
					<onup>$PARAM[onup]</onup>
					<itemlayout width="298">
						<control type="group">							
							<left>72</left>
							<top>64</top>
							<include content="ButtonLayout">
								<param name="mainlabel" value="$PARAM[mainlabel]" />
								<param name="focused" value="false" />
								<param name="id" value="$PARAM[id]" />
							</include>
						</control>
					</itemlayout>
					<focusedlayout width="298">
						<include content="WidgetSetPropertyOnFocus">
							<param name="id" value="$PARAM[id]"/>
						</include>
						<control type="group">							
							<left>72</left>
							<top>64</top>
							<include content="ButtonLayout">
								<param name="mainlabel" value="$PARAM[mainlabel]" />
								<param name="focused" value="true" />
								<param name="id" value="$PARAM[id]" />
							</include>
						</control>
					</focusedlayout>					
					<content>
						<item>
							<label>$LOCALIZE[3]</label>
							<onclick>ActivateWindow(videos,root)</onclick>
							<visible>!Library.HasContent(movies) + !Library.HasContent(tvshows) + !System.HasAddon(plugin.video.embycon)</visible>
						</item>
						<item>
							<label>$LOCALIZE[342]</label>
							<onclick>ActivateWindow(1120,return)</onclick>
							<property name="art1">$INFO[Container(51).ListItem(0).Art(poster)]</property>
							<property name="art2">$INFO[Container(51).ListItem(1).Art(poster)]</property>
							<property name="art3">$INFO[Container(51).ListItem(2).Art(poster)]</property>
							<property name="art4">$INFO[Container(51).ListItem(3).Art(poster)]</property>
							<visible>Library.HasContent(movies) | System.HasAddon(plugin.video.embycon)</visible>
						</item>
						<item>
							<label>$LOCALIZE[20343]</label>
							<onclick>ActivateWindow(1121,return)</onclick>
							<property name="art1">$INFO[Container(52).ListItem(0).Art(poster)]</property>
							<property name="art2">$INFO[Container(52).ListItem(1).Art(poster)]</property>
							<property name="art3">$INFO[Container(52).ListItem(2).Art(poster)]</property>
							<property name="art4">$INFO[Container(52).ListItem(3).Art(poster)]</property>
							<visible>Library.HasContent(tvshows) | System.HasAddon(plugin.video.embycon)</visible>
						</item>
						<item>
							<label>$VAR[PVRLabel]</label>
							<onclick>ActivateWindow(1124,return)</onclick>
							<property name="art1">$INFO[Container(53).ListItem(0).Art(thumb)]</property>
							<property name="art2">$INFO[Container(53).ListItem(1).Art(thumb)]</property>
							<property name="art3">$INFO[Container(53).ListItem(2).Art(thumb)]</property>
							<property name="art4">$INFO[Container(53).ListItem(3).Art(thumb)]</property>
							<visible>Pvr.HasTVChannels</visible>
						</item>
						<item>
							<label>$LOCALIZE[2]</label>
							<onclick>ActivateWindow(1122,return)</onclick>
							<property name="art1">$INFO[Container(54).ListItem(0).Art(thumb)]</property>
							<property name="art2">$INFO[Container(54).ListItem(1).Art(thumb)]</property>
							<property name="art3">$INFO[Container(54).ListItem(2).Art(thumb)]</property>
							<property name="art4">$INFO[Container(54).ListItem(3).Art(thumb)]</property>
							<visible>Library.HasContent(music)</visible>
						</item>
						<item>
							<label>$LOCALIZE[24001]</label>
							<onclick>ActivateWindow(1123,return)</onclick>
							<property name="art1">$INFO[Container(55).ListItem(0).Art(thumb)]</property>
							<property name="art2">$INFO[Container(55).ListItem(1).Art(thumb)]</property>
							<property name="art3">$INFO[Container(55).ListItem(2).Art(thumb)]</property>
							<property name="art4">$INFO[Container(55).ListItem(3).Art(thumb)]</property>
						</item>
						<item>
							<label>$LOCALIZE[341]</label>
							<onclick>PlayDisc</onclick>
							<visible>System.HasMediaDVD</visible>
						</item>
					</content>
				</control>
			</control>
		</definition>
	</include>
	<!-- Wide -->
	<include name="HomeWideWidget">
		<param name="visible">true</param>
		<param name="headline">$LOCALIZE[416]</param>
		<param name="mainlabel">$VAR[MainListLabel]</param>
		<param name="sublabel">$VAR[SubListLabel]</param>
		<param name="layout">LandscapeLayout</param>
		<param name="use_custom_content">true</param>
		<param name="use_custom_onclick">false</param>
		<definition>
			<control type="group" id="$PARAM[id]1">
				<visible>$PARAM[visible]</visible>
				<visible>Integer.IsGreater(Container($PARAM[id]).NumItems,0) | Container($PARAM[id]).IsUpdating</visible>
				<width>1920</width>
				<height>556</height>
				<include content="widget_headline">
					<param name="headline">$PARAM[headline]</param>
				</include>
				<control type="group">
					<visible>Container($PARAM[id]).IsUpdating + !Integer.IsGreater(Container($PARAM[id]).NumItems,0)</visible>
					<left>72</left>
					<top>94</top>
					<width>424</width>
					<height>239</height>					
					<control type="image">
						<top>-2</top>
						<left>-2</left>
						<width>430</width>
						<height>245</height>
						<texture>items/shadow_wide.png</texture>
					</control>
					<control type="image">
						<width>424</width>
						<height>239</height>
						<texture colordiffuse="blue" diffuse="items/mask_wide.png">common/white.jpg</texture>
						<aspectratio scalediffuse="false">stretch</aspectratio>
					</control>
					<include content="WidgetLoadingSpinner"/>
				</control>
				<control type="fixedlist" id="$PARAM[id]">
					<movement>3</movement>
					<top>30</top>
					<width>2120</width>
					<movement>3</movement>
					<orientation>horizontal</orientation>
					<preloaditems>4</preloaditems>
					<movement>3</movement>
					<ondown>$PARAM[ondown]</ondown>
					<include content="Bounce_Right">
						<param name="id">$PARAM[id]</param>
					</include>
					<onright>SetProperty(BounceRight,1,home)</onright>
					<onright>noop</onright>
					<onleft>9999</onleft>
					<onup>$PARAM[onup]</onup>
					<include condition="$PARAM[use_custom_onclick]" content="WidgetOnClick">
						<param name="onclick" value="$PARAM[onclick]"/>
						<param name="onclick2" value="$PARAM[onclick2]"/>
					</include>
					<itemlayout width="444">
						<control type="group">
							<left>72</left>
							<top>64</top>
							<include content="$PARAM[layout]">
								<param name="mainlabel" value="$PARAM[mainlabel]" />
								<param name="sublabel" value="$PARAM[sublabel]" />
								<param name="focused" value="false" />
								<param name="id" value="$PARAM[id]" />
							</include>
						</control>
					</itemlayout>
					<focusedlayout width="444">
						<include content="WidgetSetPropertyOnFocus">
							<param name="id" value="$PARAM[id]"/>
						</include>
						<control type="group">
							<left>72</left>
							<top>64</top>
							<include content="$PARAM[layout]">
								<param name="mainlabel" value="$PARAM[mainlabel]" />
								<param name="sublabel" value="$PARAM[sublabel]" />
								<param name="focused" value="true" />
								<param name="id" value="$PARAM[id]" />
							</include>
						</control>
					</focusedlayout>
					<include condition="$PARAM[use_custom_content]" content="WidgetContentPath">
						<param name="widget_target">$PARAM[widget_target]</param>
						<param name="sortby">$PARAM[sortby]</param>
						<param name="sortorder">$PARAM[sortorder]</param>
						<param name="limit">$PARAM[limit]</param>
						<param name="content">$PARAM[content]</param>
					</include>
				</control>
				<include content="list_mask">
					<param name="height" value="248"/>
					<param name="id" value="$PARAM[id]"/>
				</include>
			</control>
		</definition>
	</include>
	<!-- Poster -->
	<include name="HomePosterWidget">
		<param name="visible">true</param>
		<param name="headline">$LOCALIZE[416]</param>
		<param name="mainlabel">$VAR[MainListLabel]</param>
		<param name="sublabel">$VAR[SubListLabel]</param>
		<param name="use_custom_content">true</param>
		<param name="use_custom_onclick">false</param>
		<definition>
			<control type="group" id="$PARAM[id]1">
				<visible>$PARAM[visible]</visible>
				<visible>Integer.IsGreater(Container($PARAM[id]).NumItems,0) | Container($PARAM[id]).IsUpdating</visible>
				<width>1920</width>
				<height>723</height>
				<include content="widget_headline">
					<param name="headline">$PARAM[headline]</param>
				</include>
				<control type="group">
					<visible>Container($PARAM[id]).IsUpdating + !Integer.IsGreater(Container($PARAM[id]).NumItems,0)</visible>
					<left>72</left>
					<top>94</top>
					<width>276</width>
					<height>414</height>			
					<control type="image">
						<top>-2</top>
						<left>-2</left>
						<width>282</width>
						<height>420</height>
						<texture>items/shadow_poster.png</texture>
					</control>
					<control type="image">
						<width>276</width>
						<height>414</height>
						<texture colordiffuse="blue" diffuse="items/mask_poster.png">common/white.jpg</texture>
						<aspectratio scalediffuse="false">stretch</aspectratio>
					</control>
					<include content="WidgetLoadingSpinner"/>
				</control>
				<control type="fixedlist" id="$PARAM[id]">
					<movement>5</movement>
					<top>30</top>
					<width>1920</width>
					<movement>5</movement>
					<orientation>horizontal</orientation>
					<preloaditems>4</preloaditems>
					<ondown>$PARAM[ondown]</ondown>
					<include content="Bounce_Right">
						<param name="id">$PARAM[id]</param>
					</include>
					<onright>SetProperty(BounceRight,1,home)</onright>
					<onright>noop</onright>
					<onleft>9999</onleft>
					<onup>$PARAM[onup]</onup>
					<include condition="$PARAM[use_custom_onclick]" content="WidgetOnClick">
						<param name="onclick" value="$PARAM[onclick]"/>
						<param name="onclick2" value="$PARAM[onclick2]"/>
					</include>
					<itemlayout width="296">
						<control type="group">							
							<left>72</left>
							<top>64</top>
							<include content="PosterLayout">
								<param name="mainlabel" value="$PARAM[mainlabel]" />
								<param name="sublabel" value="$PARAM[sublabel]" />
								<param name="focused" value="false" />
								<param name="id" value="$PARAM[id]" />
							</include>
						</control>
					</itemlayout>
					<focusedlayout width="296">
						<include content="WidgetSetPropertyOnFocus">
							<param name="id" value="$PARAM[id]"/>
						</include>
						<control type="group">							
							<left>72</left>
							<top>64</top>
							<include content="PosterLayout">
								<param name="mainlabel" value="$PARAM[mainlabel]" />
								<param name="sublabel" value="$PARAM[sublabel]" />
								<param name="focused" value="true" />
								<param name="id" value="$PARAM[id]" />
							</include>
						</control>
					</focusedlayout>
					<include condition="$PARAM[use_custom_content]" content="WidgetContentPath">
						<param name="widget_target">$PARAM[widget_target]</param>
						<param name="sortby">$PARAM[sortby]</param>
						<param name="sortorder">$PARAM[sortorder]</param>
						<param name="limit">$PARAM[limit]</param>
						<param name="content">$PARAM[content]</param>
					</include>
				</control>
				<include content="list_mask">
					<param name="height" value="414"/>
					<param name="id" value="$PARAM[id]"/>
				</include>
			</control>
		</definition>
	</include>
	<!-- Square -->
	<include name="HomeSquareWidget">
		<param name="visible">true</param>
		<param name="headline">$LOCALIZE[416]</param>
		<param name="mainlabel">$VAR[MainListLabel]</param>
		<param name="sublabel">$VAR[SubListLabel]</param>
		<param name="use_custom_content">true</param>
		<param name="use_custom_onclick">false</param>
		<param name="height">594</param>
		<param name="layout">SquareLayout</param>
		<definition>
			<control type="group" id="$PARAM[id]1">
				<visible>$PARAM[visible]</visible>
				<visible>Integer.IsGreater(Container($PARAM[id]).NumItems,0) | Container($PARAM[id]).IsUpdating</visible>
				<width>1920</width>
				<height>$PARAM[height]</height>
				<include content="widget_headline">
					<param name="headline">$PARAM[headline]</param>
				</include>
				<control type="group">
					<visible>Container($PARAM[id]).IsUpdating + !Integer.IsGreater(Container($PARAM[id]).NumItems,0)</visible>
					<left>72</left>
					<top>94</top>
					<width>276</width>
					<height>276</height>		
					<control type="image">
						<top>-2</top>
						<left>-2</left>
						<width>282</width>
						<height>282</height>
						<texture>items/shadow_square.png</texture>
					</control>
					<control type="image">
						<width>276</width>
						<height>276</height>
						<texture colordiffuse="blue" diffuse="items/mask_square.png">common/white.jpg</texture>
						<aspectratio>stretch</aspectratio>
					</control>
					<include content="WidgetLoadingSpinner"/>
				</control>
				<control type="fixedlist" id="$PARAM[id]">
					<movement>5</movement>
					<top>30</top>
					<width>1920</width>
					<movement>5</movement>
					<orientation>horizontal</orientation>
					<preloaditems>4</preloaditems>
					<ondown>$PARAM[ondown]</ondown>
					<include content="Bounce_Right">
						<param name="id">$PARAM[id]</param>
					</include>
					<onright>SetProperty(BounceRight,1,home)</onright>
					<onright>noop</onright>
					<onleft>9999</onleft>
					<onup>$PARAM[onup]</onup>
					<include condition="$PARAM[use_custom_onclick]" content="WidgetOnClick">
						<param name="onclick" value="$PARAM[onclick]"/>
						<param name="onclick2" value="$PARAM[onclick2]"/>
					</include>
					<itemlayout width="296">
						<control type="group">							
							<left>72</left>
							<top>64</top>
							<include content="$PARAM[layout]">
								<param name="mainlabel" value="$PARAM[mainlabel]" />
								<param name="sublabel" value="$PARAM[sublabel]" />
								<param name="focused" value="false" />
								<param name="id" value="$PARAM[id]" />
							</include>
						</control>
					</itemlayout>
					<focusedlayout width="296">
						<include content="WidgetSetPropertyOnFocus">
							<param name="id" value="$PARAM[id]"/>
						</include>
						<control type="group">							
							<left>72</left>
							<top>64</top>
							<include content="$PARAM[layout]">
								<param name="mainlabel" value="$PARAM[mainlabel]" />
								<param name="sublabel" value="$PARAM[sublabel]" />
								<param name="focused" value="true" />
								<param name="id" value="$PARAM[id]" />
							</include>
						</control>
					</focusedlayout>
					<include condition="$PARAM[use_custom_content]" content="WidgetContentPath">
						<param name="widget_target">$PARAM[widget_target]</param>
						<param name="sortby">$PARAM[sortby]</param>
						<param name="sortorder">$PARAM[sortorder]</param>
						<param name="limit">$PARAM[limit]</param>
						<param name="content">$PARAM[content]</param>
					</include>
				</control>
				<include content="list_mask">
					<param name="height" value="277"/>
					<param name="id" value="$PARAM[id]"/>
				</include>
			</control>
		</definition>
	</include>
	<!-- PVR -->
	<include name="PVRHomeSquareWidget">
		<param name="visible">true</param>
		<param name="headline">$LOCALIZE[416]</param>
		<param name="mainlabel">$VAR[MainListLabel]</param>
		<param name="sublabel">$VAR[SubListLabel]</param>
		<param name="use_custom_content">true</param>
		<param name="use_custom_onclick">false</param>
		<definition>
			<control type="group" id="$PARAM[id]1">
				<visible>$PARAM[visible]</visible>
				<visible>Integer.IsGreater(Container($PARAM[id]).NumItems,0) | Container($PARAM[id]).IsUpdating</visible>
				<width>1920</width>
				<height>705</height>
				<include content="widget_headline">
					<param name="headline">$VAR[PVRLabel]</param>
				</include>
				<control type="grouplist" id="$PARAM[id]01">
					<enable>Integer.IsGreater(Container($PARAM[id]).NumItems,0) | Container($PARAM[id]).IsUpdating</enable>
					<top>90</top>
					<left>69</left>
					<height>50</height>
					<orientation>horizontal</orientation>
					<itemgap>5</itemgap>
					<include content="Bounce_Right">
						<param name="id">$PARAM[id]</param>
					</include>
					<onright>SetProperty(BounceRight,1,home)</onright>
					<onright>noop</onright>
					<onleft>9999</onleft>
					<onup>$PARAM[onup]</onup>
					<ondown>$PARAM[ondown]</ondown>
					<control type="button" id="$PARAM[id]02">
						<label>$LOCALIZE[19023]</label>
						<onup>$PARAM[onup]</onup>
						<ondown>$PARAM[id]</ondown>
						<onclick>ActivateWindow(tvchannels)</onclick>
					</control>
					<control type="button" id="$PARAM[id]03">
						<label>$LOCALIZE[19069]</label>
						<onup>$PARAM[onup]</onup>
						<ondown>$PARAM[id]</ondown>
						<onclick>ActivateWindow(tvguide)</onclick>
					</control>
					<control type="button" id="$PARAM[id]04">
						<label>$LOCALIZE[19017]</label>
						<onup>$PARAM[onup]</onup>
						<ondown>$PARAM[id]</ondown>
						<onclick>ActivateWindow(tvrecordings)</onclick>
					</control>
					<control type="button" id="$PARAM[id]05">
						<label>$LOCALIZE[19040]</label>
						<onup>$PARAM[onup]</onup>
						<ondown>$PARAM[id]</ondown>
						<onclick>ActivateWindow(tvtimers)</onclick>
					</control>
					<control type="button" id="$PARAM[id]06">
						<label>$LOCALIZE[19024]</label>
						<onup>$PARAM[onup]</onup>
						<ondown>$PARAM[id]</ondown>
						<onclick>ActivateWindow(radiochannels)</onclick>
					</control>
				</control>
				<include content="widget_headline">
					<param name="top">145</param>
					<param name="headline">$PARAM[headline]</param>
				</include>
				<control type="group">
					<visible>Container($PARAM[id]).IsUpdating + !Integer.IsGreater(Container($PARAM[id]).NumItems,0)</visible>
					<left>72</left>
					<top>214</top>
					<width>276</width>
					<height>276</height>		
					<control type="image">
						<top>-2</top>
						<left>-2</left>
						<width>282</width>
						<height>282</height>
						<texture>items/shadow_square.png</texture>
					</control>
					<control type="image">
						<width>276</width>
						<height>276</height>
						<texture colordiffuse="blue" diffuse="items/mask_square.png">common/white.jpg</texture>
						<aspectratio>stretch</aspectratio>
					</control>
					<include content="WidgetLoadingSpinner"/>
				</control>
				<control type="fixedlist" id="$PARAM[id]">
					<movement>5</movement>
					<top>150</top>
					<width>1920</width>
					<movement>5</movement>
					<orientation>horizontal</orientation>
					<preloaditems>4</preloaditems>
					<ondown>$PARAM[ondown]</ondown>
					<onright>noop</onright>
					<onleft>9999</onleft>
					<onup>$PARAM[id]01</onup>
					<include condition="$PARAM[use_custom_onclick]" content="WidgetOnClick">
						<param name="onclick" value="$PARAM[onclick]"/>
					</include>
					<itemlayout width="296">
						<control type="group">							
							<left>72</left>
							<top>64</top>
							<include content="SquareLayout">
								<param name="mainlabel" value="$PARAM[mainlabel]" />
								<param name="sublabel" value="$PARAM[sublabel]" />
								<param name="focused" value="false" />
								<param name="id" value="$PARAM[id]" />
							</include>
						</control>
					</itemlayout>
					<focusedlayout width="296">
						<control type="group">							
							<left>72</left>
							<top>64</top>
							<include content="SquareLayout">
								<param name="mainlabel" value="$PARAM[mainlabel]" />
								<param name="sublabel" value="$PARAM[sublabel]" />
								<param name="focused" value="true" />
								<param name="id" value="$PARAM[id]" />
							</include>
						</control>
					</focusedlayout>
					<include condition="$PARAM[use_custom_content]" content="WidgetContentPath">
						<param name="widget_target">$PARAM[widget_target]</param>
						<param name="sortby">$PARAM[sortby]</param>
						<param name="sortorder">$PARAM[sortorder]</param>
						<param name="limit">$PARAM[limit]</param>
						<param name="content">$PARAM[content]</param>
					</include>
				</control>
				<include content="list_mask">
					<param name="top" value="214"/>
					<param name="height" value="277"/>
					<param name="id" value="$PARAM[id]"/>
				</include>
			</control>
		</definition>
	</include>
</includes>
