<?xml version="1.0" encoding="UTF-8"?>
<includes>
	<!-- video playlist -->
	<include name="VideoPlaylistLayout">
		<!-- Background -->
		<include>Background</include>
		<!-- Dialog -->
		<control type="grouplist" id="500">
			<include>Window_OpenClose</include>
			<width>100%</width>
			<height>100%</height>
			<orientation>vertical</orientation>
			<usecontrolcoords>true</usecontrolcoords>
			<scrolltime tween="sine" easing="out">400</scrolltime>
			<itemgap>-80</itemgap>
			<include>Bounce_Up_Down</include>
			<!-- Meta -->
			<control type="group">
				<width>1920</width>
				<height>604</height>
				<control type="group">
					<top>128</top>
					<height>435</height>
					<width>1920</width>
					<!-- poster -->
					<control type="group">
						<left>70</left>
						<control type="image">
							<top>-2</top>
							<left>-2</left>
							<width>282</width>
							<height>420</height>
							<texture>items/shadow_poster.png</texture>
						</control>
						<control type="image">
							<width>276</width>
							<height>414</height>
							<texture colordiffuse="green" diffuse="items/mask_poster.png">common/white.jpg</texture>
							<aspectratio scalediffuse="false">stretch</aspectratio>
							<visible>String.IsEmpty(ListItem.Art(poster)) + String.IsEmpty(ListItem.Art(tvshow.poster))</visible>
						</control>
						<control type="image">
							<width>276</width>
							<height>414</height>
							<texture colordiffuse="thumb_background" diffuse="items/mask_poster.png">common/white.jpg</texture>
							<aspectratio scalediffuse="false">stretch</aspectratio>
							<visible>!String.IsEmpty(ListItem.Art(poster)) | !String.IsEmpty(ListItem.Art(tvshow.poster))</visible>
						</control>
						<control type="textbox">
							<top>10</top>
							<left>10</left>
							<width>256</width>
							<height>394</height>
							<font>Light24</font>
							<align>center</align>
							<aligny>center</aligny>
							<label>$INFO[ListItem.Label]</label>
							<visible>String.IsEmpty(ListItem.Art(poster)) + String.IsEmpty(ListItem.Art(tvshow.poster))</visible>
						</control>
						<control type="image">
							<width>276</width>
							<height>414</height>
							<texture diffuse="items/mask_poster.png" background="true">$VAR[IconPoster]</texture>
							<aspectratio scalediffuse="false">scale</aspectratio>
							<visible>!String.IsEmpty(ListItem.Art(poster)) | !String.IsEmpty(ListItem.Art(tvshow.poster))</visible>
						</control>
					</control>
					<!-- Meta -->
					<control type="group">
						<width>1920</width>
						<height>604</height>
						<control type="grouplist">
							<left>370</left>
							<orientation>vertical</orientation>
							<height>500</height>
							<align>top</align>
							<itemgap>0</itemgap>
							<width>1480</width>
							<control type="label">
								<width>1000</width>
								<height>60</height>
								<label>$INFO[ListItem.Title]</label>
								<font>Reg37</font>
								<shadowcolor>text_shadow</shadowcolor>
							</control>
							<control type="grouplist">
								<height>40</height>
								<width>1000</width>
								<itemgap>5</itemgap>
								<orientation>horizontal</orientation>
								<control type="label">
									<width>auto</width>
									<height>24</height>
									<label>$INFO[ListItem.Year]   </label>
									<font>reg22</font>
									<shadowcolor>text_shadow</shadowcolor>
									<visible>!String.IsEmpty(ListItem.Year) + String.IsEqual(ListItem.DBType,movie)</visible>
								</control>
								<control type="label">
									<width>auto</width>
									<height>24</height>
									<label>$INFO[ListItem.Season,S,:]$INFO[ListItem.Episode,E]   </label>
									<font>reg22</font>
									<shadowcolor>text_shadow</shadowcolor>
									<visible>!String.IsEmpty(ListItem.Episode)</visible>
								</control>
								<control type="label">
									<width>auto</width>
									<height>24</height>
									<label>$INFO[ListItem.Mpaa]   </label>
									<font>reg20</font>
									<shadowcolor>text_shadow</shadowcolor>
									<visible>!String.IsEmpty(ListItem.Mpaa)</visible>
								</control>
								<control type="label">
									<width>auto</width>
									<height>24</height>
									<label>$VAR[DurationMinutes]   </label>
									<font>reg22</font>
									<shadowcolor>text_shadow</shadowcolor>
									<visible>!String.IsEmpty(ListItem.Duration)</visible>
								</control>
								<control type="label">
									<width>auto</width>
									<height>24</height>
									<label></label>
									<font>Material24</font>
									<textcolor>red</textcolor>
									<shadowcolor>text_shadow</shadowcolor>
									<visible>!String.IsEmpty(ListItem.Rating)</visible>
								</control>
								<control type="label">
									<width>auto</width>
									<height>24</height>
									<label>$INFO[ListItem.Rating]   </label>
									<font>reg22</font>
									<shadowcolor>text_shadow</shadowcolor>
									<visible>!String.IsEmpty(ListItem.Rating)</visible>
								</control>
							</control>
							<control type="grouplist" id="100">
								<height>75</height>
								<orientation>horizontal</orientation>
								<itemgap>5</itemgap>
								<onright>noop</onright>
								<onleft>9999</onleft>
								<control type="button" id="8">
									<label>$LOCALIZE[15067]</label>
									<onclick>close</onclick>
									<onup>SetFocus(6666)</onup>
									<ondown>SetFocus(50)</ondown>
								</control>
								<control type="button" id="97">
									<visible>Control.IsVisible(96)</visible>
									<label>$LOCALIZE[31013]</label>
									<onclick>RunScript(script.skin.helper.service,action=textviewer,header='$ESCVAR[TinyInfoDialogHeadline]',message='$ESCVAR[TinyInfoDialogPlot]')</onclick>
									<onup>SetFocus(6666)</onup>
									<ondown>SetFocus(50)</ondown>
								</control>
								<control type="button" id="21">
									<label>$LOCALIZE[190]</label>
									<onup>SetFocus(6666)</onup>
									<ondown>SetFocus(50)</ondown>
								</control>
								<control type="button" id="22">
									<label>$LOCALIZE[192]</label>
									<onclick>close</onclick>
									<onup>SetFocus(6666)</onup>
									<ondown>SetFocus(50)</ondown>
								</control>
							</control>
							<control type="label">
								<width>auto</width>
								<height>40</height>
								<label>$INFO[ListItem.Genre]</label>
								<font>reg22</font>
								<textcolor>emby</textcolor>
								<shadowcolor>text_shadow</shadowcolor>
							</control>
							<control type="textbox">
								<width>100%</width>
								<height>130</height>
								<align>justify</align>
								<aligny>top</aligny>
								<label>$INFO[ListItem.Tagline,[B],[/B][CR]]$INFO[ListItem.Plot]</label>
								<font>Light24Spaced</font>
								<shadowcolor>text_shadow</shadowcolor>
								<autoscroll>false</autoscroll>
								<pagecontrol>96</pagecontrol>
							</control>
							<control type="label">
								<height>20</height>
							</control>
							<control type="grouplist">
								<orientation>horizontal</orientation>
								<height>65</height>
								<itemgap>5</itemgap>
								<width>1040</width>
								<include>MediaFlags</include>
							</control>
						</control>
						<!-- logo -->
						<control type="image">
							<right>70</right>
							<width>400</width>
							<height>155</height>
							<texture>$VAR[ListItemClearlogo]</texture>
							<aspectratio>keep</aspectratio>
						</control>
					</control>
				</control>
			</control>
			<!-- Items -->
			<include content="WideWidget">
				<param name="id" value="50"/>
				<param name="headline" value="$LOCALIZE[10028]"/>
				<param name="onup" value="100"/>
				<param name="ondown" value="SetProperty(BounceDown,1,home)"/>
				<param name="use_custom_content" value="false"/>
			</include>
		</control>
		<!-- side panel -->
		<include content="SidePanel">
			<param name="onright">500</param>
		</include>
		<!-- header bar -->
		<include content="HeaderBar">		
			<param name="id">500</param>
			<param name="enabled">false</param>
			<param name="sidebar_id">9999</param>
			<param name="custom_animation">Container(500).HasPrevious</param>
		</include>
	</include>
	<!-- music playlist -->
	<include name="MusicPlaylistLayout">
		<!-- Background -->
		<include>Background</include>
		<!-- Dialog -->
		<control type="grouplist" id="500">
			<include>Window_OpenClose</include>
			<width>100%</width>
			<height>100%</height>
			<orientation>vertical</orientation>
			<usecontrolcoords>true</usecontrolcoords>
			<scrolltime tween="sine" easing="out">400</scrolltime>
			<itemgap>-80</itemgap>
			<include>Bounce_Up_Down</include>
			<!-- Meta -->
			<control type="group">
				<width>1920</width>
				<height>604</height>
				<control type="group">
					<top>128</top>
					<height>435</height>
					<width>1920</width>
					<!-- Thumb image -->
					<control type="group">
						<left>70</left>
						<width>590</width>
						<control type="image">
							<top>-2</top>
							<left>-2</left>
							<width>346</width>
							<height>346</height>
							<texture>items/shadow_square_db.png</texture>
						</control>
						<control type="image">
							<width>340</width>
							<height>340</height>
							<texture colordiffuse="green" diffuse="items/mask_square_db.png">common/white.jpg</texture>
							<aspectratio scalediffuse="false">stretch</aspectratio>
							<visible>String.IsEmpty(ListItem.Icon) | String.StartsWith(ListItem.Icon,Default)</visible>
						</control>
						<control type="image">
							<width>340</width>
							<height>340</height>
							<texture colordiffuse="thumb_background" diffuse="items/mask_square_db.png">common/white.jpg</texture>
							<aspectratio scalediffuse="false">stretch</aspectratio>
							<visible>!String.IsEmpty(ListItem.Icon) + !String.StartsWith(ListItem.Icon,Default)</visible>
						</control>
						<control type="textbox">
							<top>10</top>
							<left>10</left>
							<width>320</width>
							<height>320</height>
							<font>Light24</font>
							<align>center</align>
							<aligny>center</aligny>
							<label>$INFO[ListItem.Label]</label>
							<visible>String.IsEmpty(ListItem.Icon) | String.StartsWith(ListItem.Icon,Default)</visible>
						</control>
						<control type="image">
							<width>340</width>
							<height>340</height>
							<texture diffuse="items/mask_square_db.png" background="true">$INFO[ListItem.Icon]</texture>
							<aspectratio scalediffuse="false">stretch</aspectratio>
							<visible>!String.StartsWith(ListItem.Icon,Default)</visible>
						</control>
					</control>
					<!-- Meta -->
					<control type="group">
						<width>1920</width>
						<height>604</height>
						<control type="grouplist">
							<left>434</left>
							<orientation>vertical</orientation>
							<height>500</height>
							<align>top</align>
							<itemgap>0</itemgap>
							<width>1480</width>
							<control type="label">
								<width>1000</width>
								<height>60</height>
								<label>$INFO[ListItem.Title]</label>
								<font>Reg37</font>
								<shadowcolor>text_shadow</shadowcolor>
							</control>
							<control type="label">
								<width>1000</width>
								<height>60</height>
								<label>$INFO[ListItem.Artist]$INFO[ListItem.Album, - ]</label>
								<font>Reg37</font>
								<shadowcolor>text_shadow</shadowcolor>
							</control>
							<control type="grouplist">
								<height>40</height>
								<width>1000</width>
								<itemgap>5</itemgap>
								<orientation>horizontal</orientation>
								<control type="label">
									<width>auto</width>
									<height>24</height>
									<label></label>
									<font>Material24</font>
									<textcolor>red</textcolor>
									<shadowcolor>text_shadow</shadowcolor>
									<visible>!String.IsEmpty(ListItem.Rating)</visible>
								</control>
								<control type="label">
									<width>auto</width>
									<height>24</height>
									<label>$INFO[ListItem.Rating]   </label>
									<font>reg22</font>
									<shadowcolor>text_shadow</shadowcolor>
									<visible>!String.IsEmpty(ListItem.Rating)</visible>
								</control>
								<control type="label">
									<width>auto</width>
									<height>24</height>
									<label>$LOCALIZE[554]: $INFO[ListItem.Tracknumber]   </label>
									<font>reg22</font>
									<shadowcolor>text_shadow</shadowcolor>
									<visible>!String.IsEmpty(ListItem.Tracknumber)</visible>
								</control>
								<control type="label">
									<width>auto</width>
									<height>24</height>
									<label>$LOCALIZE[180]: $VAR[ListItemDuration]   </label>
									<font>reg22</font>
									<shadowcolor>text_shadow</shadowcolor>
									<visible>!String.IsEmpty(ListItem.Duration)</visible>
								</control>
								<control type="label">
									<width>auto</width>
									<height>24</height>
									<label>$INFO[ListItem.Mpaa]   </label>
									<font>reg20</font>
									<shadowcolor>text_shadow</shadowcolor>
									<visible>!String.IsEmpty(ListItem.Mpaa)</visible>
								</control>
								<control type="label">
									<width>auto</width>
									<height>24</height>
									<label>$INFO[ListItem.Property(Artist_Formed),$LOCALIZE[21894]: ]   </label>
									<font>reg22</font>
									<shadowcolor>text_shadow</shadowcolor>
									<visible>!String.IsEmpty(ListItem.Property(Artist_Formed))</visible>
								</control>
								<control type="label">
									<width>auto</width>
									<height>24</height>
									<label>$INFO[ListItem.Property(Artist_Disbanded),$LOCALIZE[21896]: ]   </label>
									<font>reg22</font>
									<shadowcolor>text_shadow</shadowcolor>
									<visible>!String.IsEmpty(ListItem.Property(Artist_Disbanded))</visible>
								</control>
								<control type="label">
									<width>auto</width>
									<height>24</height>
									<label>$INFO[ListItem.Property(Artist_Mood),$LOCALIZE[175]: ]   </label>
									<font>reg22</font>
									<shadowcolor>text_shadow</shadowcolor>
									<visible>!String.IsEmpty(ListItem.Property(Artist_Mood))</visible>
								</control>
							</control>
							<control type="grouplist" id="100">
								<height>75</height>
								<orientation>horizontal</orientation>
								<itemgap>5</itemgap>
								<onright>noop</onright>
								<onleft>9999</onleft>
								<control type="button" id="8">
									<label>$LOCALIZE[15067]</label>
									<onclick>close</onclick>
									<onup>SetFocus(6666)</onup>
									<ondown>SetFocus(50)</ondown>
								</control>
								<control type="button" id="21">
									<label>$LOCALIZE[190]</label>
									<onup>SetFocus(6666)</onup>
									<ondown>SetFocus(50)</ondown>
								</control>
								<control type="button" id="22">
									<label>$LOCALIZE[192]</label>
									<onclick>close</onclick>
									<onup>SetFocus(6666)</onup>
									<ondown>SetFocus(50)</ondown>
								</control>
							</control>
							<control type="label">
								<width>auto</width>
								<height>40</height>
								<label>$INFO[ListItem.Genre]</label>
								<font>reg22</font>
								<textcolor>emby</textcolor>
								<shadowcolor>text_shadow</shadowcolor>
							</control>
							<control type="grouplist">
								<orientation>horizontal</orientation>
								<height>65</height>
								<itemgap>5</itemgap>
								<width>1040</width>
								<include>MediaFlags</include>
							</control>
						</control>
						<!-- logo -->
						<control type="image">
							<right>70</right>
							<width>400</width>
							<height>155</height>
							<texture>$VAR[ListItemClearlogo]</texture>
							<aspectratio>keep</aspectratio>
						</control>
					</control>
				</control>
			</control>
			<!-- Items -->
			<include content="SquareWidget">
				<param name="id" value="50"/>
				<param name="headline" value="$LOCALIZE[10500]"/>
				<param name="onup" value="100"/>
				<param name="ondown" value="SetProperty(BounceDown,1,home)"/>
				<param name="use_custom_content" value="false"/>
			</include>
		</control>
		<!-- side panel -->
		<include content="SidePanel">
			<param name="onright">500</param>
		</include>
		<!-- header bar -->
		<include content="HeaderBar">		
			<param name="id">500</param>
			<param name="enabled">false</param>
			<param name="sidebar_id">9999</param>
			<param name="custom_animation">Container(500).HasPrevious</param>
		</include>
	</include>
</includes>
