<?xml version="1.0" encoding="UTF-8"?>
<includes>
	<include name="Favourites_View_450">
		<param name="mainlabel">$VAR[MainListLabel]</param>
		<param name="sublabel">$VAR[SubListLabel]</param>
		<param name="thumblabel">$VAR[MainListLabel]</param>
		<definition>
			<control type="group">
				<include>Visible_OpenClose</include>
				<animation condition="Integer.IsGreaterOrEqual(Container(450).NumItems,7) + Integer.IsLessOrEqual(Container(450).NumItems,8)" effect="slide" start="0,0" end="180,0">Conditional</animation>
				<animation condition="Integer.IsGreaterOrEqual(Container(450).NumItems,5) + Integer.IsLessOrEqual(Container(450).NumItems,6)" effect="slide" start="0,0" end="360,0">Conditional</animation>
				<animation condition="Integer.IsGreaterOrEqual(Container(450).NumItems,3) + Integer.IsLessOrEqual(Container(450).NumItems,4)" effect="slide" start="0,0" end="540,0">Conditional</animation>
				<animation condition="Integer.IsLessOrEqual(Container(450).NumItems,2)" effect="slide" start="0,0" end="720,0">Conditional</animation>
				<!-- square -->
				<control id="450" type="panel">
					<top>115</top>
					<width>1920</width>
					<height>1080</height>
					<onup condition="Control.IsVisible(7000)">SetFocus(7000)</onup>
					<onup condition="!Control.IsVisible(7000)">SetFocus(6666)</onup>
					<ondown>noop</ondown>
					<onleft>900</onleft>
					<include content="Bounce_Right">
						<param name="id">450</param>
					</include>
					<onright>SetProperty(BounceRight,1,home)</onright>
					<movement>2</movement>
					<orientation>horizontal</orientation>
					<preloaditems>4</preloaditems>
					<defaultcontrol always="true">0</defaultcontrol>
					<viewtype label="$LOCALIZE[31005]">panel</viewtype>
					<pagecontrol>17</pagecontrol>
					<itemlayout width="360" height="440">
						<control type="group">
							<left>70</left>
							<top>64</top>
							<include content="SquareFavourits">
								<param name="mainlabel" value="$INFO[ListItem.Label]" />
								<param name="focused" value="false" />
								<param name="id" value="450" />
							</include>
						</control>
					</itemlayout>
					<focusedlayout width="360" height="440">
						<include>SetPropertyOnFocus</include>
						<control type="group">							
							<left>70</left>
							<top>64</top>
							<include content="SquareFavourits">
								<param name="mainlabel" value="$INFO[ListItem.Label]" />
								<param name="focused" value="true" />
								<param name="id" value="450" />
							</include>
						</control>
					</focusedlayout>
				</control>
				<include content="list_mask">
					<param name="height" value="1022"/>
					<param name="width" value="75"/>
					<param name="top" value="58"/>
					<param name="id" value="52"/>
					<param name="visible_forced" value="true"/>
				</include>
				<include content="ScrollbarHorizontal"/>
			</control>
		</definition>
	</include>
</includes>