<?xml version="1.0" encoding="UTF-8" standalone="yes"?>
<addon id="service.twitterfeed" name="Twitter Feed" version="0.8.25" provider-name="L0RE">
    <requires>
        <import addon="xbmc.python" version="2.19.0"/>
	<import addon="script.module.requests" version="2.9.1"/>	
	<import addon="service.popwindow" version="0.2.7"/>	
	<import addon="repository.lost-and-found" version="1.1.7"/>
    </requires>
    <extension point="xbmc.service" library="service.py" start="login" />
	<extension point="xbmc.python.pluginsource" library="service.py" >
	    <provides>executable</provides>
    </extension>
    <extension point="xbmc.addon.metadata">
    <summary lang="en">Shows Twitter Messages in Kodi</summary>
    <summary lang="de">Zeigt Twitter Nachrichten in Kodi an</summary>
    <description lang="en">Shows Hastags from "TV Shows and Sender" or "Timline" or a "defined search word"</description>
    <description lang="de">Zeigt Hashtags aus dem Fernsehen an oder die Timeline oder ein Suchbegriff an</description>
    <website></website>
    <source>https://github.com/kodinerds/repo/tree/master/addons/service.livetv.twitter</source>
    <forum>http://www.kodinerds.net/index.php/Thread/49221-Release-Twitterfeeds/</forum>
    <email>andreas at vogler dot name</email>
    <platform>all</platform>
  </extension>
</addon>
