<?xml version="1.0" encoding="utf-8"?>
<window>
	<onload condition="Control.IsVisible(450)">SetFocus(450)</onload>
	<onload condition="Control.IsVisible(451)">SetFocus(451)</onload>
	<controls>
		<control type="image">
			<include>Visible_Fade</include>
			<include>FullscreenDimensions</include>
			<texture colordiffuse="background">common/white.jpg</texture>
		</control>
		<control type="grouplist">
			<include>Dialog_PopupOpenClose</include>
			<centerleft>50%</centerleft>
			<centertop>50%</centertop>
			<width>1100</width>
			<height max="940">auto</height>
			<orientation>vertical</orientation>
			<itemgap>20</itemgap>
			<align>center</align>
			<!-- headline -->
			<control type="group">
				<visible>Control.IsVisible(450)</visible>
				<animation effect="slide" start="0,0" end="150,0" condition="true">Conditional</animation>
				<width>800</width>
				<height>50</height>
				<control type="label">
					<width>100%</width>
					<height>48</height>
					<font>Reg24</font>
					<aligny>center</aligny>
					<textoffsetx>5</textoffsetx>
					<label>$LOCALIZE[10126]</label>
				</control>
				<control type="image">
					<width>100%</width>
					<top>45</top>
					<height>2</height>
					<texture colordiffuse="lightgrey">common/white.jpg</texture>
					<aspectratio>stretch</aspectratio>
				</control>
				<control type="image">
					<width>100%</width>
					<top>45</top>
					<height>2</height>
					<texture colordiffuse="emby">common/white.jpg</texture>
					<aspectratio>stretch</aspectratio>
					<include>WindowOpen_GreenBar</include>
				</control>
			</control>
			<control type="group">
				<visible>Control.IsVisible(451)</visible>
				<width>1100</width>
				<height>50</height>
				<control type="label">
					<width>100%</width>
					<height>48</height>
					<font>Reg24</font>
					<aligny>center</aligny>
					<textoffsetx>5</textoffsetx>
					<label>$LOCALIZE[13511]</label>
				</control>
				<control type="image">
					<width>100%</width>
					<top>45</top>
					<height>2</height>
					<texture colordiffuse="lightgrey">common/white.jpg</texture>
					<aspectratio>stretch</aspectratio>
				</control>
				<control type="image">
					<width>100%</width>
					<top>45</top>
					<height>2</height>
					<texture colordiffuse="emby">common/white.jpg</texture>
					<aspectratio>stretch</aspectratio>
					<include>WindowOpen_GreenBar</include>
				</control>
			</control>
			<!-- list -->
			<control type="group">
				<animation effect="slide" start="0,0" end="150,0" condition="true">Conditional</animation>
				<width>800</width>
				<visible>Control.IsVisible(450)</visible>
				<height>470</height>
				<control type="image">
					<height>470</height>
					<texture colordiffuse="thumb_background">common/white.jpg</texture>
					<aspectratio>stretch</aspectratio>
				</control>
				<control type="list" id="450">
					<top>10</top>
					<height>450</height>
					<onup>12</onup>
					<onleft>100</onleft>
					<onright>100</onright>
					<ondown>100</ondown>
					<pagecontrol>60</pagecontrol>
					<itemlayout height="50" width="800">
						<control type="image">
							<height>50</height>
							<width>50</width>
							<left>5</left>
							<bordersize>5</bordersize>
							<texture background="true">$INFO[ListItem.Icon]</texture>
							<aspectratio>keep</aspectratio>
						</control>
						<control type="label">
							<right>20</right>
							<left>60</left>
							<height>50</height>
							<aligny>center</aligny>
							<font>Reg24</font>
							<label>$INFO[ListItem.Label]</label>
						</control>
					</itemlayout>
					<focusedlayout height="50" width="800">
						<control type="image">
							<width>100%</width>
							<height>50</height>
							<texture colordiffuse="list_hover2">common/white.jpg</texture>
							<visible>Control.HasFocus(450)</visible>
						</control>
						<control type="image">
							<height>50</height>
							<width>50</width>
							<left>5</left>
							<bordersize>5</bordersize>
							<texture background="true">$INFO[ListItem.Icon]</texture>
							<aspectratio>keep</aspectratio>
						</control>
						<control type="label">
							<right>20</right>
							<left>60</left>
							<height>50</height>
							<aligny>center</aligny>
							<font>Reg24</font>
							<label>$INFO[ListItem.Label]</label>
						</control>
					</focusedlayout>
				</control>
				<control type="scrollbar" id="60">
					<right>0</right>
					<top>0</top>
					<bottom>0</bottom>
					<width>4</width>
					<orientation>vertical</orientation>
					<showonepage>false</showonepage>
					<texturesliderbackground colordiffuse="00ffffff">common/ProgressBack.png</texturesliderbackground>
					<texturesliderbar colordiffuse="softgrey">common/ProgressBar.png</texturesliderbar>
				</control>
			</control>
			<!-- list thumbs -->
			<control type="group">
				<visible>Control.IsVisible(451)</visible>
				<height>470</height>
				<control type="image">
					<height>470</height>
					<left>0</left>
					<right>350</right>
					<texture colordiffuse="thumb_background">common/white.jpg</texture>
					<aspectratio>stretch</aspectratio>
				</control>
				<control type="image">
					<height>470</height>
					<right>0</right>
					<left>765</left>
					<texture colordiffuse="thumb_background">common/white.jpg</texture>
					<aspectratio>stretch</aspectratio>
				</control>
				<control type="image">
					<top>20</top>
					<bottom>20</bottom>
					<right>20</right>
					<left>785</left>
					<texture background="true">$INFO[Container(451).ListItem.Icon]</texture>
					<aspectratio>keep</aspectratio>
				</control>
				<control type="list" id="451">
					<left>0</left>
					<right>350</right>
					<top>10</top>
					<height>450</height>
					<onup>12</onup>
					<onleft>100</onleft>
					<onright>100</onright>
					<ondown>100</ondown>
					<pagecontrol>70</pagecontrol>
					<itemlayout height="50" width="800">
						<control type="image">
							<height>50</height>
							<width>50</width>
							<left>5</left>
							<bordersize>5</bordersize>
							<texture background="true">$INFO[ListItem.Icon]</texture>
							<aspectratio>keep</aspectratio>
						</control>
						<control type="label">
							<right>20</right>
							<left>60</left>
							<height>50</height>
							<aligny>center</aligny>
							<font>Reg24</font>
							<label>$INFO[ListItem.Label]</label>
						</control>
					</itemlayout>
					<focusedlayout height="50" width="800">
						<control type="image">
							<width>100%</width>
							<height>50</height>
							<texture colordiffuse="list_hover2">common/white.jpg</texture>
							<visible>Control.HasFocus(451)</visible>
						</control>
						<control type="image">
							<height>50</height>
							<width>50</width>
							<left>5</left>
							<bordersize>5</bordersize>
							<texture background="true">$INFO[ListItem.Icon]</texture>
							<aspectratio>keep</aspectratio>
						</control>
						<control type="label">
							<right>20</right>
							<left>60</left>
							<height>50</height>
							<aligny>center</aligny>
							<font>Reg24</font>
							<label>$INFO[ListItem.Label]</label>
						</control>
					</focusedlayout>
				</control>
				<control type="scrollbar" id="70">
					<right>350</right>
					<top>0</top>
					<bottom>0</bottom>
					<width>4</width>
					<orientation>vertical</orientation>
					<showonepage>false</showonepage>
					<texturesliderbackground colordiffuse="00ffffff">common/ProgressBack.png</texturesliderbackground>
					<texturesliderbar colordiffuse="softgrey">common/ProgressBar.png</texturesliderbar>
				</control>
			</control>
			<!-- Button -->
			<control type="grouplist" id="100">
				<height>50</height>
				<width>100%</width>
				<orientation>horizontal</orientation>
				<itemgap>5</itemgap>
				<align>center</align>
				<onright>noop</onright>
				<onleft>noop</onleft>
				<control type="button" id="413">
					<label>$LOCALIZE[186]</label>
					<onup condition="Control.IsVisible(451)">451</onup>
					<onup condition="Control.IsVisible(450)">450</onup>
					<visible>Control.IsEnabled(413)</visible>
				</control>
				<control type="button" id="414">
					<label>$LOCALIZE[222]</label>
					<onup condition="Control.IsVisible(451)">451</onup>
					<onup condition="Control.IsVisible(450)">450</onup>
				</control>
				<control type="button" id="415">
					<label>$LOCALIZE[119]</label>
					<visible>Control.IsEnabled(415)</visible>
					<onup condition="Control.IsVisible(451)">451</onup>
					<onup condition="Control.IsVisible(450)">450</onup>
				</control>
				<control type="button" id="416">
					<label>$LOCALIZE[749]</label>
					<visible>Control.IsEnabled(416)</visible>
					<onup condition="Control.IsVisible(451)">451</onup>
					<onup condition="Control.IsVisible(450)">450</onup>
				</control>
			</control>
		</control>
	</controls>
</window>
