<?xml version="1.0" encoding="UTF-8" standalone="yes"?>
<addon id="service.L0RE.showme" name="Top10 der Libraries (dev)" version="0.3.3" provider-name="L0RE">
    <requires>
        <import addon="xbmc.python" version="2.20.0" />
        <import addon="script.module.beautifulsoup4" version="4.3.2"/>
        <import addon="script.module.requests" version="2.12.4"/>
        <import addon="script.module.pyxbmct" version="1.1.7"/>        
    </requires>
    <extension point="xbmc.service" library="service.py" start="login" />
    <extension point="xbmc.python.pluginsource" library="addon.py" >
            <provides>executable</provides>
    </extension>
    <extension point="xbmc.addon.metadata">
        <summary lang="en">Emfielt eine Serie für https://www.kodinerds.net/index.php/Thread/58034-L0RE-s-Test-thread/</summary>
        <description lang="en">Emfielt eine Serie für https://www.kodinerds.net/index.php/Thread/58034-L0RE-s-Test-thread</description>
        <platform>all</platform>
        <language>en</language>
        <license>GNU General Public License, v2</license>
        <email></email>
    </extension>
</addon>
