<?xml version="1.0" encoding="UTF-8"?>
<includes>
    <include name="HomeSubMenuCommonValues">
        <left>105</left>
        <top>-113</top>
        <width>1755</width>
        <height>52</height>
        <align>center</align>
        <aligny>center</aligny>
        <onleft>9010</onleft>
        <onright>9010</onright>
        <onup>290</onup>
        <ondown>Control.SetFocus(9000)</ondown>
        <itemgap>8</itemgap>
        <orientation>Horizontal</orientation>
        <animation type="Conditional" condition="ControlGroup(9001).HasFocus()">
            <effect type="fade" start="0" end="100" time="100" />
        </animation>
        <animation type="Conditional" condition="!ControlGroup(9001).HasFocus()">
            <effect type="slide" start="0,-30" end="0,0" time="200" tween="quadratic" easing="out" />
            <effect type="fade" start="100" end="0" time="100" />
        </animation>
    </include>
    <include name="ButtonHomeSubCommonValues">
        <height>39</height>
        <width max="405" min="225">auto</width>
        <textwidth>auto</textwidth>
        <align>center</align>
        <aligny>center</aligny>
        <textcolor>grey3</textcolor>
        <focusedcolor>white</focusedcolor>
        <texturefocus>BlackBack.png</texturefocus>
        <texturenofocus>-</texturenofocus>
        <pulseonselect>false</pulseonselect>
    </include>
    <include name="HomeSubMenuVideos">
        <control type="grouplist" id="9010">
            <include>HomeSubMenuCommonValues</include>
            <onleft>9010</onleft>
            <onright>9010</onright>
            <visible>Container(9000).HasFocus(19)</visible>
            <control type="button" id="90110">
                <description>Refresh Button</description>
                <height>39</height>
                <width>39</width>
                <align>center</align>
                <aligny>center</aligny>
                <texturefocus>buttons/RefreshFO.png</texturefocus>
                <texturenofocus>buttons/RefreshNF.png</texturenofocus>
                <pulseonselect>false</pulseonselect>
                <label>-</label>
                <onclick>Control.SetFocus(9000)</onclick>
                <onclick>ActivateWindow(1141)</onclick>
            </control>
            <control type="button" id="90112">
                <include>ButtonHomeSubCommonValues</include>
                <label>342</label>
                <onclick>ActivateWindow(Videos,MovieTitles,return)</onclick>
                <visible>Library.HasContent(Movies)</visible>
                <visible>!Skin.HasSetting(SubMenu_Video_NoMovieButton)</visible>
            </control>
            <control type="button" id="90114">
                <include>ButtonHomeSubCommonValues</include>
                <label>20343</label>
                <onclick>ActivateWindow(Videos,TvShowTitles,return)</onclick>
                <visible>Library.HasContent(TVShows)</visible>
                <visible>!Skin.HasSetting(SubMenu_Video_NoTVShowButton)</visible>
            </control>
            <control type="button" id="90116">
                <include>ButtonHomeSubCommonValues</include>
                <label>20389</label>
                <onclick>ActivateWindow(Videos,MusicVideoTitles,return)</onclick>
                <visible>Library.HasContent(MusicVideos)</visible>
                <visible>!Skin.HasSetting(SubMenu_Video_NoMusicvideoButton)</visible>
            </control>
            <control type="button" id="90118">
                <include>ButtonHomeSubCommonValues</include>
                <label>744</label>
                <onclick>ActivateWindow(Videos,Files,return)</onclick>
            </control>
            <control type="button" id="90120">
                <include>ButtonHomeSubCommonValues</include>
                <label>14022</label>
                <onclick>ActivateWindow(Videos,Root)</onclick>
                <visible>Library.HasContent(Video)</visible>
                <visible>!Skin.HasSetting(SubMenu_Video_NoLibraryButton)</visible>
            </control>
            <control type="button" id="90122">
                <include>ButtonHomeSubCommonValues</include>
                <label>24001</label>
                <onclick>ActivateWindow(Videos,Addons,return)</onclick>
                <visible>!Skin.HasSetting(SubMenu_Video_NoVideoAddonButton)</visible>
            </control>
            <control type="button" id="90123">
                <include>ButtonHomeSubCommonValues</include>
                <label>Widget</label>
                <onclick>SetProperty(HomeButton,videos)</onclick>
                <onclick>ActivateWindow(1500)</onclick>
            </control>
        </control>
    </include>
    <include name="HomeSubMenuMovies">
        <control type="grouplist" id="9010">
            <include>HomeSubMenuCommonValues</include>
            <onleft>9010</onleft>
            <onright>9010</onright>
            <visible>String.IsEqual(Container(9000).ListItem.Property(homemenu_id),movies)+Library.HasContent(Movies)</visible>
            <control type="button" id="90132">
                <description>Refresh Button</description>
                <height>39</height>
                <width>39</width>
                <align>center</align>
                <aligny>center</aligny>
                <texturefocus>buttons/RefreshFO.png</texturefocus>
                <texturenofocus>buttons/RefreshNF.png</texturenofocus>
                <pulseonselect>false</pulseonselect>
                <label>-</label>
                <onclick>Control.SetFocus(9000)</onclick>
                <onclick>ActivateWindow(1141)</onclick>
            </control>
            <control type="button" id="90134">
                <include>ButtonHomeSubCommonValues</include>
                <label>20434</label>
                <onclick>ActivateWindow(Videos,MovieSets,return)</onclick>
                <visible>Library.HasContent(MovieSets)</visible>
                <visible>!Skin.HasSetting(SubMenu_Movie_NoSetButton)</visible>
            </control>
            <control type="button" id="90136">
                <include>ButtonHomeSubCommonValues</include>
                <label>369</label>
                <onclick>ActivateWindow(Videos,MovieTitles,return)</onclick>
                <visible>!Skin.HasSetting(SubMenu_Movie_NoTitleButton)</visible>
            </control>
            <control type="button" id="90138">
                <include>ButtonHomeSubCommonValues</include>
                <label>135</label>
                <onclick>ActivateWindow(Videos,MovieGenres,return)</onclick>
                <visible>!Skin.HasSetting(SubMenu_Movie_NoGenreButton)</visible>
            </control>
            <control type="button" id="90140">
                <include>ButtonHomeSubCommonValues</include>
                <label>652</label>
                <onclick>ActivateWindow(Videos,MovieYears,return)</onclick>
                <visible>!Skin.HasSetting(SubMenu_Movie_NoGenreButton)</visible>
            </control>
            <control type="button" id="90142">
                <include>ButtonHomeSubCommonValues</include>
                <label>344</label>
                <onclick>ActivateWindow(Videos,MovieActors,return)</onclick>
                <visible>!Skin.HasSetting(SubMenu_Movie_NoActorButton)</visible>
            </control>
            <control type="button" id="90144">
                <include>ButtonHomeSubCommonValues</include>
                <label>24001</label>
                <onclick>ActivateWindow(Videos,Addons,return)</onclick>
                <visible>!Skin.HasSetting(SubMenu_Movie_NoAddonButton)</visible>
            </control>
            <control type="button" id="90146">
                <include>ButtonHomeSubCommonValues</include>
                <label>744</label>
                <onclick>ActivateWindow(Videos,Files,return)</onclick>
            </control>
            <control type="button" id="90150">
                <include>ButtonHomeSubCommonValues</include>
                <label>Widget</label>
                <onclick>SetProperty(HomeButton,movies)</onclick>
                <onclick>ActivateWindow(1500)</onclick>
            </control>
        </control>
    </include>
    <include name="HomeSubMenuMusicVideos">
        <control type="grouplist" id="9010">
            <include>HomeSubMenuCommonValues</include>
            <onleft>9010</onleft>
            <onright>9010</onright>
            <visible>String.IsEqual(Container(9000).ListItem.Property(homemenu_id),musicvideo)</visible>
            <control type="button" id="90160">
                <description>Refresh Button</description>
                <height>39</height>
                <width>39</width>
                <align>center</align>
                <aligny>center</aligny>
                <texturefocus>buttons/RefreshFO.png</texturefocus>
                <texturenofocus>buttons/RefreshNF.png</texturenofocus>
                <pulseonselect>false</pulseonselect>
                <label>-</label>
                <onclick>Control.SetFocus(9000)</onclick>
                <onclick>ActivateWindow(1141)</onclick>
            </control>
            <control type="button" id="90162">
                <include>ButtonHomeSubCommonValues</include>
                <label>369</label>
                <onclick>ActivateWindow(Videos,MusicVideosTitles,return)</onclick>
                <visible>!Skin.HasSetting(SubMenu_MusicVideo_NoTitleButton)</visible>
            </control>
            <control type="button" id="90164">
                <include>ButtonHomeSubCommonValues</include>
                <label>135</label>
                <onclick>ActivateWindow(Videos,MusicVideosGenres,return)</onclick>
                <visible>!Skin.HasSetting(SubMenu_MusicVideo_NoGenreButton)</visible>
            </control>
            <control type="button" id="90179">
                <include>ButtonHomeSubCommonValues</include>
                <label>Widget</label>
                <onclick>SetProperty(HomeButton,musicvideos)</onclick>
                <onclick>ActivateWindow(1500)</onclick>
            </control>
        </control>
    </include>
    <include name="HomeSubMenuTVShows">
        <control type="grouplist" id="9010">
            <include>HomeSubMenuCommonValues</include>
            <onleft>9010</onleft>
            <onright>9010</onright>
            <visible>String.IsEqual(Container(9000).ListItem.Property(homemenu_id),tvshow)</visible>
            <control type="button" id="90170">
                <description>Refresh Button</description>
                <height>39</height>
                <width>39</width>
                <align>center</align>
                <aligny>center</aligny>
                <texturefocus>buttons/RefreshFO.png</texturefocus>
                <texturenofocus>buttons/RefreshNF.png</texturenofocus>
                <pulseonselect>false</pulseonselect>
                <label>-</label>
                <onclick>Control.SetFocus(9000)</onclick>
                <onclick>ActivateWindow(1141)</onclick>
            </control>
            <control type="button" id="90172">
                <include>ButtonHomeSubCommonValues</include>
                <label>369</label>
                <onclick>ActivateWindow(Videos,TVShowTitles,return)</onclick>
                <visible>!Skin.HasSetting(SubMenu_TVShow_NoTitleButton)</visible>
            </control>
            <control type="button" id="90174">
                <include>ButtonHomeSubCommonValues</include>
                <label>135</label>
                <onclick>ActivateWindow(Videos,TVShowGenres,return)</onclick>
                <visible>!Skin.HasSetting(SubMenu_TVShow_NoGenreButton)</visible>
            </control>
            <control type="button" id="90176">
                <include>ButtonHomeSubCommonValues</include>
                <label>652</label>
                <onclick>ActivateWindow(Videos,TVShowYears,return)</onclick>
                <visible>!Skin.HasSetting(SubMenu_TVShow_NoYearButton)</visible>
            </control>
            <control type="button" id="90178">
                <include>ButtonHomeSubCommonValues</include>
                <label>344</label>
                <onclick>ActivateWindow(Videos,TVShowActors,return)</onclick>
                <visible>!Skin.HasSetting(SubMenu_TVShow_NoActorButton)</visible>
            </control>
            <control type="button" id="90179">
                <include>ButtonHomeSubCommonValues</include>
                <label>Widget</label>
                <onclick>SetProperty(HomeButton,series)</onclick>
                <onclick>ActivateWindow(1500)</onclick>
            </control>
        </control>
    </include>
    <include name="HomeSubMenuMusic">
        <control type="grouplist" id="9010">
            <include>HomeSubMenuCommonValues</include>
            <onleft>9010</onleft>
            <onright>9010</onright>
            <onup>8002</onup>
            <visible>String.IsEqual(Container(9000).ListItem.Property(homemenu_id),music)</visible>
            <control type="button" id="90190">
                <description>Refresh Button</description>
                <height>39</height>
                <width>39</width>
                <align>center</align>
                <aligny>center</aligny>
                <texturefocus>buttons/RefreshFO.png</texturefocus>
                <texturenofocus>buttons/RefreshNF.png</texturenofocus>
                <pulseonselect>false</pulseonselect>
                <label>-</label>
                <onclick>Control.SetFocus(9000)</onclick>
                <onclick>ActivateWindow(1142)</onclick>
            </control>
            <control type="button" id="90192">
                <include>ButtonHomeSubCommonValues</include>
                <label>589</label>
                <onclick>PlayerControl(partymode(music))</onclick>
                <onclick>fullscreen</onclick>
                <visible>Library.HasContent(Music)</visible>
                <visible>!Skin.HasSetting(SubMenu_Music_NoPartymodeButton)</visible>
            </control>
            <control type="button" id="90194">
                <include>ButtonHomeSubCommonValues</include>
                <label>133</label>
                <onclick>ActivateWindow(Music,Artists,return)</onclick>
                <visible>Library.HasContent(Music)</visible>
                <visible>!Skin.HasSetting(SubMenu_Music_NoArtistButton)</visible>
            </control>
            <control type="button" id="90196">
                <include>ButtonHomeSubCommonValues</include>
                <label>132</label>
                <onclick>ActivateWindow(music,Albums,return)</onclick>
                <visible>Library.HasContent(Music)</visible>
                <visible>!Skin.HasSetting(SubMenu_Music_NoAlbumButton)</visible>
            </control>
            <control type="button" id="90198">
                <include>ButtonHomeSubCommonValues</include>
                <label>134</label>
                <onclick>ActivateWindow(music,Songs,return)</onclick>
                <visible>Library.HasContent(Music)</visible>
                <visible>!Skin.HasSetting(SubMenu_Music_NoSongsButton)</visible>
            </control>
            <control type="button" id="90200">
                <include>ButtonHomeSubCommonValues</include>
                <label>744</label>
                <onclick>ActivateWindow(Music,Files,return)</onclick>
            </control>
            <control type="button" id="90202">
                <include>ButtonHomeSubCommonValues</include>
                <label>14022</label>
                <onclick>ActivateWindow(music,root)</onclick>
                <visible>Library.HasContent(Music)</visible>
                <visible>!Skin.HasSetting(SubMenu_Music_NoLibraryButton)</visible>
            </control>
            <control type="button" id="90204">
                <include>ButtonHomeSubCommonValues</include>
                <label>24001</label>
                <onclick>ActivateWindow(music,Addons,return)</onclick>
                <visible>Library.HasContent(Music)</visible>
                <visible>!Skin.HasSetting(SubMenu_Music_NoAddonButton)</visible>
            </control>
            <control type="button" id="90206">
                <include>ButtonHomeSubCommonValues</include>
                <label>24001</label>
                <onclick>ActivateWindow(Music,Addons,return)</onclick>
                <visible>!Library.HasContent(Music)</visible>
                <visible>!Skin.HasSetting(SubMenu_Music_NoAddonButton)</visible>
            </control>
            <control type="button" id="90207">
                <include>ButtonHomeSubCommonValues</include>
                <label>Widget</label>
                <onclick>SetProperty(HomeButton,music)</onclick>
                <onclick>ActivateWindow(1500)</onclick>
            </control>
        </control>
    </include>
    <include name="HomeSubMenuSystem">
		<control type="grouplist" id="9010">
			<include>HomeSubMenuCommonValues</include>
			<onleft>9010</onleft>
			<onright>9010</onright>
			<visible>StringCompare(Container(9000).ListItem.Property(homemenu_id),setting)</visible>
			<control type="button" id="90131">
				<include>ButtonHomeSubCommonValues</include>
				<label>20077</label>
				<onclick>ActivateWindow(skinsettings)</onclick>
				<visible>!Skin.HasSetting(SubMenu_Music_NoSkinSettingButton)</visible>
			</control>
			<control type="button" id="90130">
				<include>ButtonHomeSubCommonValues</include>
				<label>LibreELEC</label>
				<onclick>RunAddon(service.libreelec.settings)</onclick>
				<visible>System.HasAddon(service.libreelec.settings)</visible>
				<visible>!Skin.HasSetting(SubMenu_Music_NoLibreelecButton)</visible>
			</control>
			<control type="button" id="90129">
			<include>ButtonHomeSubCommonValues</include>
				<label>OpenELEC</label>
				<onclick>RunAddon(service.openelec.settings)</onclick>
				<visible>System.HasAddon(service.openelec.settings)</visible>
				<visible>!Skin.HasSetting(SubMenu_Music_NoLibreelecButton)</visible>
			</control>
			<control type="button" id="90124">
				<include>ButtonHomeSubCommonValues</include>
				<label>7</label>
				<onclick>ActivateWindow(FileManager)</onclick>
				<visible>!Skin.HasSetting(SubMenu_Music_NoFilemanagerButton)</visible>
			</control>
			<control type="button" id="90125">
				<include>ButtonHomeSubCommonValues</include>
				<label>13200</label>
				<onclick>ActivateWindow(Profiles)</onclick>
				<visible>!Skin.HasSetting(SubMenu_Music_NoProfileButton)</visible>
			</control>
			<control type="button" id="90126">
				<include>ButtonHomeSubCommonValues</include>
				<label>130</label>
				<onclick>ActivateWindow(SystemInfo)</onclick>
				<visible>!Skin.HasSetting(SubMenu_Music_NoSystemInfoButton)</visible>
			</control>
			<control type="button" id="90127">
				<include>ButtonHomeSubCommonValues</include>
				<label>14114</label>
				<onclick>ActivateWindow(EventLog,events://,return)</onclick>
				<visible>system.getbool(eventlog.enabled)</visible>
			</control>
			<control type="button" id="90128">
				<description>Toggle Systeminfo Widget</description>
				<include>ButtonHomeSubCommonValues</include>
				<label>$LOCALIZE[13000] Widget</label>
				<onclick condition="!Skin.HasSetting(Widget_Systeminfo)">Skin.SetBool(Widget_Systeminfo)</onclick>
				<onclick condition="Skin.HasSetting(Widget_Systeminfo)">Skin.Reset(Widget_Systeminfo)</onclick>
			</control>
		</control>
    </include>
    <include name="HomeSubMenuPlayDisc">
        <control type="grouplist" id="9010">
            <include>HomeSubMenuCommonValues</include>
            <onleft>9010</onleft>
            <onright>9010</onright>
            <visible>String.IsEqual(Container(9000).ListItem.Property(homemenu_id),playdisc)</visible>
            <control type="button" id="90131">
                <description>Toggle DVD Widget Homemenu</description>
                <include>ButtonHomeSubCommonValues</include>
                <label>DVD Widget</label>
                <onclick condition="!Skin.HasSetting(Widget_DVDLabel)">Skin.SetBool(Widget_DVDLabel)</onclick>
                <onclick condition="Skin.HasSetting(Widget_DVDLabel)">Skin.Reset(Widget_DVDLabel)</onclick>
            </control>
            <control type="button" id="90132">
                <include>ButtonHomeSubCommonValues</include>
                <label>Rip</label>
                <onclick>RipCD</onclick>
            </control>
            <control type="button" id="90133">
                <include>ButtonHomeSubCommonValues</include>
                <label>13391</label>
                <onclick>EjectTray()</onclick>
                <onclick>SetFocus(9000)</onclick>
            </control>
        </control>
    </include>
    <include name="HomeSubMenuPictures">
        <control type="grouplist" id="9010">
            <include>HomeSubMenuCommonValues</include>
            <onleft>9010</onleft>
            <onright>9010</onright>
            <visible>String.IsEqual(Container(9000).ListItem.Property(homemenu_id),picture)</visible>
            <control type="button" id="90147">
                <include>ButtonHomeSubCommonValues</include>
                <label>24001</label>
                <onclick>ActivateWindow(Pictures,Addons,return)</onclick>
            </control>
            <control type="button" id="90148">
                <include>ButtonHomeSubCommonValues</include>
                <label>Widget</label>
                <onclick>SetProperty(HomeButton,picture)</onclick>
                <onclick>ActivateWindow(1500)</onclick>
            </control>
        </control>
    </include>
    <include name="HomeSubMenuLiveTV">
        <control type="grouplist" id="9010">
            <include>HomeSubMenuCommonValues</include>
            <onleft>9010</onleft>
            <onright>9010</onright>
            <visible>String.IsEqual(Container(9000).ListItem.Property(homemenu_id),pvr)</visible>
            <control type="button" id="90142">
                <include>ButtonHomeSubCommonValues</include>
                <label>19023</label>
                <onclick>ActivateWindow(TVChannels)</onclick>
            </control>
            <control type="button" id="90144">
                <include>ButtonHomeSubCommonValues</include>
                <label>19069</label>
                <onclick>ActivateWindow(TVGuide)</onclick>
            </control>
            <control type="button" id="90145">
                <include>ButtonHomeSubCommonValues</include>
                <label>19163</label>
                <onclick>ActivateWindow(TVRecordings)</onclick>
            </control>
            <control type="button" id="90146">
                <include>ButtonHomeSubCommonValues</include>
                <label>19040</label>
                <onclick>ActivateWindow(TVTimers)</onclick>
            </control>
            <control type="button" id="90147">
                <include>ButtonHomeSubCommonValues</include>
                <label>137</label>
                <onclick>ActivateWindow(TVSearch)</onclick>
            </control>
            <control type="button" id="90148">
                <include>ButtonHomeSubCommonValues</include>
                <label>Widget</label>
                <onclick>SetProperty(HomeButton,livetv)</onclick>
                <onclick>ActivateWindow(1500)</onclick>
            </control>
        </control>
    </include>
    <include name="HomeSubMenuRadio">
        <control type="grouplist" id="9010">
            <include>HomeSubMenuCommonValues</include>
            <onleft>9010</onleft>
            <onright>9010</onright>
            <visible>String.IsEqual(Container(9000).ListItem.Property(homemenu_id),radio)</visible>
            <control type="button" id="90243">
                <include>ButtonHomeSubCommonValues</include>
                <label>19019</label>
                <onclick>ActivateWindow(RadioChannels)</onclick>
            </control>
            <control type="button" id="90244">
                <include>ButtonHomeSubCommonValues</include>
                <label>22020</label>
                <onclick>ActivateWindow(RadioGuide)</onclick>
            </control>
            <control type="button" id="90245">
                <include>ButtonHomeSubCommonValues</include>
                <label>19163</label>
                <onclick>ActivateWindow(RadioRecordings)</onclick>
            </control>
            <control type="button" id="90246">
                <include>ButtonHomeSubCommonValues</include>
                <label>19040</label>
                <onclick>ActivateWindow(RadioTimers)</onclick>
            </control>
            <control type="button" id="90247">
                <include>ButtonHomeSubCommonValues</include>
                <label>137</label>
                <onclick>ActivateWindow(RadioSearch)</onclick>
            </control>
            <control type="button" id="90148">
                <include>ButtonHomeSubCommonValues</include>
                <label>Widget</label>
                <onclick>SetProperty(HomeButton,radio)</onclick>
                <onclick>ActivateWindow(1500)</onclick>
            </control>
        </control>
    </include>
    <include name="HomeSubMenuWeather">
        <control type="grouplist" id="9010">
            <itemgap>75</itemgap>
            <include>HomeSubMenuCommonValues</include>
            <onleft>9010</onleft>
            <onright>9010</onright>
            <onup>3005</onup>
            <visible>String.IsEqual(Container(9000).ListItem.Property(homemenu_id),weather)</visible>
            <control type="button" id="90146">
                <description>Toggle Weather Fanart Homemenu</description>
                <include>ButtonHomeSubCommonValues</include>
                <label>$VAR[WidgetsWeatherFanart]</label>
                <onclick>Skin.ToggleSetting(WeatherFanartHome)</onclick>
                <enable>!String.IsEmpty(Weather.Plugin)+!String.IsEmpty(Skin.String(weatherfanart.path))</enable>
            </control>
            <control type="button" id="90147">
                <description>Toggle Weather Fanart Homemenu</description>
                <include>ButtonHomeSubCommonValues</include>
                <label>51469</label>
                <onclick>RunScript(script.image.resource.select,property=weatherfanart&amp;type=resource.images.weatherfanart)</onclick>
                <visible>System.HasAddon(script.image.resource.select)</visible>
            </control>
            <control type="button" id="90149">
                <include>ButtonHomeSubCommonValues</include>
                <label>Warnungen</label>
                <onclick>ActivateWindow(1700)</onclick>
            </control>
            <control type="button" id="90150">
                <include>ButtonHomeSubCommonValues</include>
                <label>Widget</label>
                <onclick>SetProperty(HomeButton,weather)</onclick>
                <onclick>ActivateWindow(1500)</onclick>
            </control>
        </control>
    </include>
    <include name="HomeSubMenuPrograms">
        <!-- Dashboard -->
        <control type="grouplist" id="9010">
			<onup>8009</onup>
            <include>HomeSubMenuCommonValues</include>
            <onleft>9010</onleft>
            <onright>9010</onright>
            <visible>String.IsEqual(Container(9000).ListItem.Property(homemenu_id),dashboard)</visible>
            <control type="button" id="90123">
                <include>ButtonHomeSubCommonValues</include>
                <label>Widget</label>
                <onclick>SetProperty(HomeButton,dashboard)</onclick>
                <onclick>ActivateWindow(1500)</onclick>
            </control>
        </control>
    </include>
    <include name="HomeSubMenu3D">
        <control type="grouplist" id="9010">
            <include>HomeSubMenuCommonValues</include>
            <visible>String.IsEqual(Container(9000).ListItem.Property(homemenu_id),3d)</visible>
            <visible>Library.HasContent(Movies)</visible>
            <control type="button" id="80100">
                <description>Refresh Button</description>
                <height>39</height>
                <width>39</width>
                <align>center</align>
                <aligny>center</aligny>
                <texturefocus>buttons/RefreshFO.png</texturefocus>
                <texturenofocus>buttons/RefreshNF.png</texturenofocus>
                <pulseonselect>false</pulseonselect>
                <label>-</label>
                <onclick>Control.SetFocus(9000)</onclick>
                <onclick>ActivateWindow(1141)</onclick>
            </control>
            <control type="button" id="90148">
                <include>ButtonHomeSubCommonValues</include>
                <label>Widget</label>
                <onclick>SetProperty(HomeButton,3d)</onclick>
                <onclick>ActivateWindow(1500)</onclick>
            </control>
        </control>
    </include>
    <include name="HomeSubMenuHD">
        <control type="grouplist" id="9010">
            <include>HomeSubMenuCommonValues</include>
            <visible>String.IsEqual(Container(9000).ListItem.Property(homemenu_id),hd)</visible>
            <visible>Library.HasContent(Movies)</visible>
            <control type="button" id="80100">
                <description>Refresh Button</description>
                <height>39</height>
                <width>39</width>
                <align>center</align>
                <aligny>center</aligny>
                <texturefocus>buttons/RefreshFO.png</texturefocus>
                <texturenofocus>buttons/RefreshNF.png</texturenofocus>
                <pulseonselect>false</pulseonselect>
                <label>-</label>
                <onclick>Control.SetFocus(9000)</onclick>
                <onclick>ActivateWindow(1141)</onclick>
            </control>
            <control type="button" id="90148">
                <include>ButtonHomeSubCommonValues</include>
                <label>Widget</label>
                <onclick>SetProperty(HomeButton,hd)</onclick>
                <onclick>ActivateWindow(1500)</onclick>
            </control>
        </control>
    </include>
    <include name="HomeSubMenuFullHD">
        <control type="grouplist" id="9010">
            <include>HomeSubMenuCommonValues</include>
            <visible>String.IsEqual(Container(9000).ListItem.Property(homemenu_id),fullhd)</visible>
            <visible>Library.HasContent(Movies)</visible>
            <control type="button" id="80100">
                <description>Refresh Button</description>
                <height>39</height>
                <width>39</width>
                <align>center</align>
                <aligny>center</aligny>
                <texturefocus>buttons/RefreshFO.png</texturefocus>
                <texturenofocus>buttons/RefreshNF.png</texturenofocus>
                <pulseonselect>false</pulseonselect>
                <label>-</label>
                <onclick>Control.SetFocus(9000)</onclick>
                <onclick>ActivateWindow(1141)</onclick>
            </control>
            <control type="button" id="90148">
                <include>ButtonHomeSubCommonValues</include>
                <label>Widget</label>
                <onclick>SetProperty(HomeButton,fullhd)</onclick>
                <onclick>ActivateWindow(1500)</onclick>
            </control>
        </control>
    </include>
    <include name="HomeSubMenuDoku">
        <control type="grouplist" id="9010">
            <include>HomeSubMenuCommonValues</include>
            <visible>String.IsEqual(Container(9000).ListItem.Property(homemenu_id),doku)</visible>
            <visible>Library.HasContent(Movies)</visible>
            <control type="button" id="80100">
                <description>Refresh Button</description>
                <height>39</height>
                <width>39</width>
                <align>center</align>
                <aligny>center</aligny>
                <texturefocus>buttons/RefreshFO.png</texturefocus>
                <texturenofocus>buttons/RefreshNF.png</texturenofocus>
                <pulseonselect>false</pulseonselect>
                <label>-</label>
                <onclick>Control.SetFocus(9000)</onclick>
                <onclick>ActivateWindow(1141)</onclick>
            </control>
            <control type="button" id="90148">
                <include>ButtonHomeSubCommonValues</include>
                <label>Widget</label>
                <onclick>SetProperty(HomeButton,doku)</onclick>
                <onclick>ActivateWindow(1500)</onclick>
            </control>
        </control>
    </include>
    <include name="HomeSubMenuFav1">
        <control type="grouplist" id="9010">
            <include>HomeSubMenuCommonValues</include>
            <visible>String.IsEqual(Container(9000).ListItem.Property(homemenu_id),fav1)</visible>
            <visible>Library.HasContent(Movies)</visible>
            <control type="button" id="80100">
                <description>Refresh Button</description>
                <height>39</height>
                <width>39</width>
                <align>center</align>
                <aligny>center</aligny>
                <texturefocus>buttons/RefreshFO.png</texturefocus>
                <texturenofocus>buttons/RefreshNF.png</texturenofocus>
                <pulseonselect>false</pulseonselect>
                <label>-</label>
                <onclick>Control.SetFocus(9000)</onclick>
                <onclick>ActivateWindow(1141)</onclick>
            </control>
            <control type="button" id="90148">
                <include>ButtonHomeSubCommonValues</include>
                <label>Widget</label>
                <onclick>SetProperty(HomeButton,fav1)</onclick>
                <onclick>ActivateWindow(1500)</onclick>
            </control>
        </control>
    </include>
    <include name="HomeSubMenuFav2">
        <control type="grouplist" id="9010">
            <include>HomeSubMenuCommonValues</include>
            <visible>String.IsEqual(Container(9000).ListItem.Property(homemenu_id),fav2)</visible>
            <visible>Library.HasContent(Movies)</visible>
            <control type="button" id="80110">
                <description>Refresh Button</description>
                <height>39</height>
                <width>39</width>
                <align>center</align>
                <aligny>center</aligny>
                <texturefocus>buttons/RefreshFO.png</texturefocus>
                <texturenofocus>buttons/RefreshNF.png</texturenofocus>
                <pulseonselect>false</pulseonselect>
                <label>-</label>
                <onclick>Control.SetFocus(9000)</onclick>
                <onclick>ActivateWindow(1141)</onclick>
            </control>
            <control type="button" id="90148">
                <include>ButtonHomeSubCommonValues</include>
                <label>Widget</label>
                <onclick>SetProperty(HomeButton,fav2)</onclick>
                <onclick>ActivateWindow(1500)</onclick>
            </control>
        </control>
    </include>
    <include name="HomeSubMenuFav3">
        <control type="grouplist" id="9010">
            <include>HomeSubMenuCommonValues</include>
            <onup condition="Skin.HasSetting(Widget_UserPlaylist)|Skin.HasSetting(Widget_UserPlaylist_Radio)">300</onup>
            <onup condition="![Skin.HasSetting(Widget_UserPlaylist)|Skin.HasSetting(Widget_UserPlaylist_Radio)]">noop</onup>
            <visible>String.IsEqual(Container(9000).ListItem.Property(homemenu_id),fav3)</visible>
            <control type="button" id="90148">
                <include>ButtonHomeSubCommonValues</include>
                <label>Widget</label>
                <onclick>SetProperty(HomeButton,fav3)</onclick>
                <onclick>ActivateWindow(1500)</onclick>
            </control>
        </control>
    </include>
    <include name="HomeSubMenuFav4">
        <control type="grouplist" id="9010">
            <include>HomeSubMenuCommonValues</include>
            <visible>String.IsEqual(Container(9000).ListItem.Property(homemenu_id),fav4)</visible>
            <control type="button" id="90148">
                <include>ButtonHomeSubCommonValues</include>
                <label>Widget</label>
                <onclick>SetProperty(HomeButton,fav4)</onclick>
                <onclick>ActivateWindow(1500)</onclick>
            </control>
        </control>
    </include>
    <include name="HomeSubMenuKids">
        <control type="grouplist" id="9010">
            <include>HomeSubMenuCommonValues</include>
            <visible>String.IsEqual(Container(9000).ListItem.Property(homemenu_id),kids)</visible>
            <visible>Library.HasContent(Movies)</visible>
            <control type="button" id="80120">
                <description>Refresh Button</description>
                <height>39</height>
                <width>39</width>
                <align>center</align>
                <aligny>center</aligny>
                <texturefocus>buttons/RefreshFO.png</texturefocus>
                <texturenofocus>buttons/RefreshNF.png</texturenofocus>
                <pulseonselect>false</pulseonselect>
                <label>-</label>
                <onclick>Control.SetFocus(9000)</onclick>
                <onclick>ActivateWindow(1141)</onclick>
            </control>
            <control type="button" id="90148">
                <include>ButtonHomeSubCommonValues</include>
                <label>Widget</label>
                <onclick>SetProperty(HomeButton,kids)</onclick>
                <onclick>ActivateWindow(1500)</onclick>
            </control>
        </control>
    </include>
    <include name="HomeSubMenuNews">
        <control type="grouplist" id="9010">
            <include>HomeSubMenuCommonValues</include>
            <visible>String.IsEqual(Container(9000).ListItem.Property(homemenu_id),news)</visible>
            <control type="button" id="90145">
                <include>ButtonHomeSubCommonValues</include>
                <label>Tagesschau</label>
                <onclick>RunScript(plugin.program.newscenter,&quot;?methode=play_tagesschau&quot;)</onclick>
                <visible>String.Contains(Window(Home).Property(NewsCenter.Visible.Tagesschau),true)</visible>
            </control>
            <control type="button" id="90144">
                <include>ButtonHomeSubCommonValues</include>
                <label>Tagesschau 100s</label>
                <onclick>RunScript(plugin.program.newscenter,&quot;?methode=play_tagesschau_100&quot;)</onclick>
                <visible>String.Contains(Window(Home).Property(NewsCenter.Visible.Tagesschau100),true)</visible>
            </control>
            <control type="button" id="90143">
                <include>ButtonHomeSubCommonValues</include>
                <label>Wetteronline</label>
                <onclick>RunScript(plugin.program.newscenter,&quot;?methode=play_wetteronline&quot;)</onclick>
                <visible>String.Contains(Window(Home).Property(NewsCenter.Visible.Wetter60),true)</visible>
            </control>
            <control type="button" id="90142">
                <include>ButtonHomeSubCommonValues</include>
                <label>Wetterinfo</label>
                <onclick>RunScript(plugin.program.newscenter,&quot;?methode=play_wetterinfo&quot;)</onclick>
                <visible>String.Contains(Window(Home).Property(NewsCenter.Visible.WetterInfo),true)</visible>
            </control>
            <control type="button" id="90141">
                <include>ButtonHomeSubCommonValues</include>
                <label>Logo Nachrichten</label>
                <onclick>RunScript(plugin.program.newscenter,&quot;?methode=play_kinder_nachrichten&quot;)</onclick>
                <visible>String.Contains(Window(Home).Property(NewsCenter.Visible.KinderNachrichten),true)</visible>
            </control>
            <control type="button" id="90140">
                <include>ButtonHomeSubCommonValues</include>
                <label>Widget</label>
                <onclick>SetProperty(HomeButton,news)</onclick>
                <onclick>ActivateWindow(1500)</onclick>
            </control>
        </control>
    </include>
    <include name="submenu">
        <control type="group">
            <include>openclose</include>
            <include>opencloseslideup</include>
            <left>0</left>
            <top>897</top>
			<height>200</height>
            <ondown>9000</ondown>
            <control type="group">
                <left>-15</left>
                <top>-129</top>
                <animation type="Conditional" condition="ControlGroup(9001).HasFocus()">
                    <effect type="fade" start="0" end="100" time="200" />
                </animation>
                <animation type="Conditional" condition="!ControlGroup(9001).HasFocus()">
                    <effect type="slide" start="0,-30" end="0,0" time="200" tween="quadratic" easing="out" />
                    <effect type="fade" start="100" end="0" time="200" />
                </animation>
                <control type="image">
                    <left>-15</left>
                    <top>16</top>
                    <width>1950</width>
                    <height>52</height>
                    <texture background="true">BackSilver.png</texture>
                </control>
                <control type="image">
                    <left>-15</left>
                    <top>16</top>
                    <width>1950</width>
                    <height>1</height>
                    <texture background="true">Separator2.png</texture>
                </control>
                <control type="image">
                    <left>0</left>
                    <top>16</top>
                    <width>300</width>
                    <height>63</height>
                    <texture background="true">SideFade.png</texture>
                </control>
                <control type="image">
                    <left>1642</left>
                    <top>16</top>
                    <width>300</width>
                    <height>63</height>
                    <texture flipx="true">SideFade.png</texture>
                </control>
            </control>
            <!-- <control type="group">
                <left>0</left>
                <top>3</top>
				<height>200</height>
                <include>HomeSubMenuVideos</include>
                <include>HomeSubMenuMovies</include>
                <include>HomeSubMenuTVShows</include>
                <include>HomeSubMenuMusicVideos</include>
                <include>HomeSubMenuMusic</include>
                <include>HomeSubMenuSystem</include>
                <include>HomeSubMenuPlayDisc</include>
                <include>HomeSubMenuPictures</include>
                <include>HomeSubMenuLiveTV</include>
                <include>HomeSubMenuRadio</include>
                <include>HomeSubMenuWeather</include>
                <include>HomeSubMenuPrograms</include>
                <include>HomeSubMenu3D</include>
                <include>HomeSubMenuHD</include>
                <include>HomeSubMenuFullHD</include>
                <include>HomeSubMenuDoku</include>
                <include>HomeSubMenuFav1</include>
                <include>HomeSubMenuFav2</include>
                <include>HomeSubMenuFav3</include>
                <include>HomeSubMenuKids</include>
                <include>HomeSubMenuNews</include>
            </control> -->
        </control>
    </include>
    <include name="submenucontent">
        <control type="group" id="9001">
            <include>openclose</include>
            <include>opencloseslideup</include>
            <left>0</left>
            <top>897</top>
			<height>200</height>
            <ondown>9000</ondown>
            <!-- <control type="group">
                <left>-15</left>
                <top>-129</top>
                <animation type="Conditional" condition="ControlGroup(9001).HasFocus()">
                    <effect type="fade" start="0" end="100" time="200" />
                </animation>
                <animation type="Conditional" condition="!ControlGroup(9001).HasFocus()">
                    <effect type="slide" start="0,-30" end="0,0" time="200" tween="quadratic" easing="out" />
                    <effect type="fade" start="100" end="0" time="200" />
                </animation>
                <control type="image">
                    <left>-15</left>
                    <top>16</top>
                    <width>1950</width>
                    <height>52</height>
                    <texture background="true">BackSilver.png</texture>
                </control>
                <control type="image">
                    <left>-15</left>
                    <top>16</top>
                    <width>1950</width>
                    <height>1</height>
                    <texture background="true">Separator2.png</texture>
                </control>
                <control type="image">
                    <left>0</left>
                    <top>16</top>
                    <width>300</width>
                    <height>63</height>
                    <texture background="true">SideFade.png</texture>
                </control>
                <control type="image">
                    <left>1642</left>
                    <top>16</top>
                    <width>300</width>
                    <height>63</height>
                    <texture flipx="true">SideFade.png</texture>
                </control>
            </control> -->
            <control type="group">
                <left>0</left>
                <top>3</top>
				<height>200</height>
                <include>HomeSubMenuVideos</include>
                <include>HomeSubMenuMovies</include>
                <include>HomeSubMenuTVShows</include>
                <include>HomeSubMenuMusicVideos</include>
                <include>HomeSubMenuMusic</include>
                <include>HomeSubMenuSystem</include>
                <include>HomeSubMenuPlayDisc</include>
                <include>HomeSubMenuPictures</include>
                <include>HomeSubMenuLiveTV</include>
                <include>HomeSubMenuRadio</include>
                <include>HomeSubMenuWeather</include>
                <include>HomeSubMenuPrograms</include>
                <include>HomeSubMenu3D</include>
                <include>HomeSubMenuHD</include>
                <include>HomeSubMenuFullHD</include>
                <include>HomeSubMenuDoku</include>
                <include>HomeSubMenuFav1</include>
                <include>HomeSubMenuFav2</include>
                <include>HomeSubMenuFav3</include>
                <include>HomeSubMenuFav4</include>
                <include>HomeSubMenuKids</include>
                <include>HomeSubMenuNews</include>
            </control>
        </control>
    </include>
</includes>
