<?xml version="1.0" encoding="UTF-8"?>
<window id="1121">
	<defaultcontrol always="true">101</defaultcontrol>
	<backgroundcolor>background</backgroundcolor>
	<controls>
		<!-- background -->
		<include content="Background">
			<param name="content" value="special://skin/playlists/video/RandomTVShows.xsp"/>
		</include>

		<!-- hub -->
		<control type="grouplist" id="10">			
			<include>Window_OpenClose</include>
			<defaultcontrol>10000</defaultcontrol>
			<width>2130</width>
			<height>100%</height>
			<itemgap>-160</itemgap>
			<orientation>vertical</orientation>
			<usecontrolcoords>true</usecontrolcoords>
			<scrolltime tween="sine" easing="out">400</scrolltime>

			<include>Bounce_Up_Down</include>

			<include content="WidgetSpacer">
				<param name="id" value="101"/>
			</include>

			<control type="group">
				<width>1920</width>
				<height>300</height>
				<control type="group">
					<include content="widget_headline">
						<param name="headline">$LOCALIZE[20343]</param>
						<param name="left">65</param>
					</include>
					<control type="grouplist" id="100">
						<top>90</top>
						<left>69</left>
						<height>50</height>
						<orientation>horizontal</orientation>
						<itemgap>5</itemgap>
						<onright>noop</onright>
						<onleft>9999</onleft>
						<onup>6666</onup>
						<ondown>200</ondown>
						<control type="button" id="101">
							<visible>Library.HasContent(tvshows)</visible>
							<label>$LOCALIZE[31016]</label>
							<onclick>ActivateWindow(videos,videodb://tvshows/titles,return)</onclick>
							<onup>6666</onup>
							<ondown>200</ondown>
						</control>
						<control type="button" id="102">
							<visible>System.HasAddon(plugin.video.embycon)</visible>
							<label>$LOCALIZE[31118]</label>
							<onclick>ActivateWindow(videos,plugin://plugin.video.embycon/?item_type=Series&amp;media_type=TVShows&amp;mode=SHOW_CONTENT,return)</onclick>
							<onup>6666</onup>
							<ondown>200</ondown>
						</control>
						<control type="button" id="103">
							<visible>Library.HasContent(tvshows)</visible>
							<label>$LOCALIZE[137]</label>
							<include>search_action</include>
							<onup>6666</onup>
							<ondown>200</ondown>
						</control>
					</control>
				</control>
			</control>
			<!-- In progress -->
			<include content="HomeWideWidget">
				<param name="id" value="200"/>
				<param name="onup" value="100"/>
				<param name="ondown" value="201"/>
				<param name="headline" value="$LOCALIZE[31080]"/>
				<param name="widget_target" value="videos"/>
				<param name="content" value="special://skin/playlists/video/InProgressEpisodes.xsp"/>
			</include>
			<include content="HomeWideWidget">
				<param name="visible" value="Skin.HasSetting(EnableEmbyConWidgets)"/>
				<param name="id" value="201"/>
				<param name="onup" value="200"/>
				<param name="ondown" value="202"/>
				<param name="headline" value="EmbyCon $LOCALIZE[31080]"/>
				<param name="widget_target" value="videos"/>
				<param name="content" value="$VAR[EmbyCon_InProgressShows]"/>
			</include>
			<!-- next up -->
			<include content="HomeWideWidget">
				<param name="id" value="202"/>
				<param name="onup" value="201"/>
				<param name="ondown" value="203"/>
				<param name="headline" value="$LOCALIZE[31012]"/>
				<param name="mainlabel" value="$INFO[ListItem.TvShowTitle]"/>
				<param name="sublabel" value="$INFO[ListItem.Year]"/>
				<param name="widget_target" value="videos"/>
				<param name="content" value="special://skin/playlists/video/InProgressTVShows.xsp"/>
			</include>
			<include content="HomeWideWidget">
				<param name="visible" value="Skin.HasSetting(EnableEmbyConWidgets)"/>
				<param name="id" value="203"/>
				<param name="onup" value="202"/>
				<param name="ondown" value="204"/>
				<param name="headline" value="EmbyCon $LOCALIZE[31012]"/>
				<param name="mainlabel" value="$INFO[ListItem.TvShowTitle]"/>
				<param name="sublabel" value="$INFO[ListItem.Season,S,:]$INFO[ListItem.Episode,E, - ]$INFO[ListItem.Title]"/>
				<param name="widget_target" value="videos"/>
				<param name="content" value="$VAR[EmbyCon_NextUpEpisodes]"/>
			</include>
			<!-- Recently added -->
			<include content="HomeWideWidget">
				<param name="id" value="204"/>
				<param name="onup" value="203"/>
				<param name="ondown" value="205"/>
				<param name="headline" value="$LOCALIZE[31081]"/>
				<param name="mainlabel" value="$INFO[ListItem.TvShowTitle]"/>
				<param name="sublabel" value="$INFO[ListItem.Season,S,:]$INFO[ListItem.Episode,E, - ]$INFO[ListItem.Title]"/>
				<param name="widget_target" value="videos"/>
				<param name="content" value="special://skin/playlists/video/RecentlyUpdatedTVShows.xsp"/>
			</include>
			<include content="HomeWideWidget">
				<param name="visible" value="Skin.HasSetting(EnableEmbyConWidgets)"/>
				<param name="id" value="205"/>
				<param name="onup" value="204"/>
				<param name="ondown" value="206"/>
				<param name="headline" value="EmbyCon $LOCALIZE[31081]"/>
				<param name="mainlabel" value="$INFO[ListItem.TvShowTitle]"/>
				<param name="sublabel" value="$INFO[ListItem.Season,S,:]$INFO[ListItem.Episode,E, - ]$INFO[ListItem.Title]"/>
				<param name="widget_target" value="videos"/>
				<param name="content" value="$VAR[EmbyCon_RecentEpisodes]"/>
			</include>
			<!-- Gernres -->
			<include content="HomeWideWidget">
				<param name="id" value="206"/>
				<param name="onup" value="205"/>
				<param name="ondown" value="207"/>
				<param name="headline" value="$LOCALIZE[135]"/>
				<param name="layout" value="GenreLayout"/>
				<param name="sortby" value="sorttitle"/>
				<param name="widget_target" value="videos"/>
				<param name="content" value="plugin://script.skin.helper.widgets/?action=browsegenres&amp;mediatype=tvshows&amp;limit=1000"/>
			</include>
			<include content="HomeWideWidget">
				<param name="visible" value="Skin.HasSetting(EnableEmbyConWidgets)"/>
				<param name="id" value="207"/>
				<param name="onup" value="206"/>
				<param name="ondown" value="208"/>
				<param name="headline" value="EmbyCon $LOCALIZE[135]"/>
				<param name="layout" value="GenreLayout"/>
				<param name="sortby" value="sorttitle"/>
				<param name="widget_target" value="videos"/>
				<param name="content" value="$VAR[EmbyCon_TVShowGenres]"/>
			</include>
			<!-- Recommended -->
			<include content="HomeWideWidget">
				<param name="id" value="208"/>
				<param name="onup" value="207"/>
				<param name="ondown" value="209"/>
				<param name="headline" value="$LOCALIZE[31017]"/>
				<param name="sublabel" value="$INFO[ListItem.Year]"/>
				<param name="widget_target" value="videos"/>
				<param name="content" value="plugin://script.skin.helper.widgets/?action=recommended&amp;mediatype=tvshows&amp;reload=$INFO[Window(Home).Property(widgetreload-movies)]"/>
			</include>
			<include content="HomeWideWidget">
				<param name="visible" value="Skin.HasSetting(EnableEmbyConWidgets)"/>
				<param name="id" value="209"/>
				<param name="onup" value="208"/>
				<param name="ondown" value="210"/>
				<param name="headline" value="EmbyCon $LOCALIZE[31017]"/>
				<param name="sublabel" value="$INFO[ListItem.Year]"/>
				<param name="widget_target" value="videos"/>
				<param name="content" value="$VAR[EmbyCon_TVShows]"/>
			</include>
			<!-- Similar -->
			<include content="HomeWideWidget">
				<param name="id" value="210"/>
				<param name="onup" value="209"/>
				<param name="ondown" value="211"/>
				<param name="headline" value="$LOCALIZE[31018] $INFO[Container(210).ListItem.Property(similartitle)]"/>
				<param name="sublabel" value="$INFO[ListItem.Year]"/>
				<param name="widget_target" value="videos"/>
				<param name="content" value="plugin://script.skin.helper.widgets/?action=similar&amp;mediatype=tvshows&amp;reload=$INFO[Window(Home).Property(widgetreload2)]"/>
			</include>
			<include content="HomeWideWidget">
				<param name="visible" value="Skin.HasSetting(EnableEmbyConWidgets)"/>
				<param name="id" value="211"/>
				<param name="onup" value="210"/>
				<param name="ondown" value="212"/>
				<param name="headline" value="EmbyCon $LOCALIZE[31018] $INFO[Container(211).ListItem.Property(suggested_from_watching)]"/>
				<param name="sublabel" value="$INFO[ListItem.Year]"/>
				<param name="widget_target" value="videos"/>
				<param name="content" value="$VAR[EmbyCon_SimilarTVShows]"/>
			</include>
			<!-- top 250 -->
			<include content="HomeWideWidget">
				<param name="id" value="212"/>
				<param name="onup" value="211"/>
				<param name="ondown" value="213"/>
				<param name="headline" value="$LOCALIZE[31098]"/>
				<param name="mainlabel" value="$INFO[ListItem.Label]"/>
				<param name="sublabel" value="$INFO[ListItem.Year]"/>
				<param name="widget_target" value="videos"/>
				<param name="content" value="plugin://script.skin.helper.widgets/?action=top250&amp;mediatype=tvshows&amp;reload=$INFO[Window(Home).Property(widgetreload2)]"/>
			</include>
			<!-- Fav shows -->
			<include content="HomeWideWidget">
				<param name="id" value="213"/>
				<param name="onup" value="212"/>
				<param name="ondown" value="SetProperty(BounceDown,1,home)"/>
				<param name="headline" value="$LOCALIZE[31064]"/>
				<param name="sublabel" value="$INFO[ListItem.Year]"/>
				<param name="widget_target" value="videos"/>
				<param name="content" value="$VAR[FavShows_Content]"/>
			</include>

		</control>
		<!-- header bar -->
		<include content="HeaderBar">
			<param name="id">10</param>
			<param name="sidebar_id">9999</param>
		</include>
		<!-- side panel -->
		<include content="SidePanel"/>
	</controls>
</window>
