<?xml version="1.0" encoding="UTF-8"?>
<colors>
	<!-- widgets and views-->
	<color name="focus_widget">ff673ab7</color>
	<color name="thumb_background_fallback">ff572ea0</color>

	<!-- player -->
	<color name="player_osd_color">ff673ab7</color>
	<color name="player_osd_buttons">ff673ab7</color>

	<!-- buttons -->
	<color name="button_focus">ff673ab7</color>

	<!-- main focused colors -->
	<color name="accent">ff673ab7</color>
	<color name="accent_diffuse">55673ab7</color>

	<!-- scrollbar -->
	<color name="scrollbar_focus">ff673ab7</color>

	<!-- settings elements -->
	<color name="headline_line">ff673ab7</color>

</colors>
