<?xml version="1.0" encoding="utf-8"?>
<window>
	<defaultcontrol always="true">20</defaultcontrol>
	<controls>
		<include>Background</include>
		<control type="group">
			<include>Window_OpenClose</include>
			<top>58</top>
			<!-- left col -->
			<control type="grouplist">
				<left>135</left>
				<centertop>50%</centertop>
				<width>800</width>
				<height max="940">auto</height>
				<orientation>vertical</orientation>
				<itemgap>20</itemgap>
				<align>center</align>
				<!-- heading -->
				<control type="group">
					<height>50</height>
					<control type="label">
						<width>800</width>
						<height>48</height>
						<font>Reg24</font>
						<aligny>center</aligny>
						<textoffsetx>5</textoffsetx>
						<label>$VAR[PVRChannelMgrHeader]</label>
					</control>
					<control type="image">
						<width>100%</width>
						<top>45</top>
						<height>2</height>
						<texture colordiffuse="lightgrey">common/white.jpg</texture>
						<aspectratio>stretch</aspectratio>
					</control>
					<control type="image">
						<width>800</width>
						<top>45</top>
						<height>2</height>
						<texture colordiffuse="emby">common/white.jpg</texture>
						<aspectratio>stretch</aspectratio>
						<include>WindowOpen_GreenBar</include>
					</control>
				</control>
				<!-- list -->
				<control type="group">
					<height>720</height>
					<control type="image">
						<height>720</height>
						<texture colordiffuse="thumb_background">common/white.jpg</texture>
						<aspectratio>stretch</aspectratio>
					</control>
					<control type="list" id="20">
						<centerleft>50%</centerleft>
						<top>10</top>
						<height>700</height>
						<onup>6666</onup>
						<onleft>900</onleft>
						<onright>100</onright>
						<ondown>300</ondown>
						<pagecontrol>60</pagecontrol>
						<scrolltime>200</scrolltime>
						<itemlayout height="50" width="800">
							<control type="image">
								<height>50</height>
								<width>50</width>
								<left>15</left>
								<bordersize>5</bordersize>
								<aspectratio>keep</aspectratio>
								<texture background="true">$INFO[ListItem.Icon]</texture>
							</control>
							<control type="label">
								<right>20</right>
								<left>80</left>
								<height>50</height>
								<aligny>center</aligny>
								<font>Reg24</font>
								<label>$INFO[ListItem.Channelnumber,,. ]$INFO[ListItem.Label]</label>
							</control>
						</itemlayout>
						<focusedlayout height="50" width="800">
							<control type="image">
								<width>100%</width>
								<height>50</height>
								<texture colordiffuse="list_hover">common/white.jpg</texture>
								<visible>Control.HasFocus(20)</visible>
							</control>
							<control type="image">
								<height>50</height>
								<width>50</width>
								<left>15</left>
								<bordersize>5</bordersize>
								<aspectratio>keep</aspectratio>
								<texture background="true">$INFO[ListItem.Icon]</texture>
							</control>
							<control type="label">
								<right>20</right>
								<left>80</left>
								<height>50</height>
								<aligny>center</aligny>
								<font>Reg24</font>
								<label>$INFO[ListItem.Channelnumber,,. ]$INFO[ListItem.Label]</label>
								<visible>Control.HasFocus(20)</visible>
							</control>
							<control type="label">
								<right>20</right>
								<left>80</left>
								<height>50</height>
								<aligny>center</aligny>
								<font>Reg24</font>
								<textcolor>blue</textcolor>
								<label>$INFO[ListItem.Channelnumber,,. ]$INFO[ListItem.Label]</label>
								<visible>!Control.HasFocus(20)</visible>
							</control>
						</focusedlayout>
					</control>
					<control type="scrollbar" id="60">
						<right>0</right>
						<top>0</top>
						<bottom>0</bottom>
						<width>4</width>
						<orientation>vertical</orientation>
						<showonepage>false</showonepage>
						<texturesliderbackground colordiffuse="00ffffff">common/white.jpg</texturesliderbackground>
						<texturesliderbar colordiffuse="softgrey">common/white.jpg</texturesliderbar>
					</control>
				</control>
				<!-- Button -->
				<control type="grouplist" id="300">
					<height>50</height>
					<width>100%</width>
					<orientation>horizontal</orientation>
					<itemgap>5</itemgap>
					<align>center</align>
					<onright>200</onright>
					<onleft>900</onleft>
					<control type="button" id="31">
						<include>DarkGreyButton</include>
						<label>$LOCALIZE[19204]</label>
						<onup>SetFocus(20)</onup>
					</control>
					<control type="button" id="30">
						<include>DarkGreyButton</include>
						<label>$LOCALIZE[19205]</label>
						<onup>SetFocus(20)</onup>
					</control>
					<control type="button" id="34">
						<include>DarkGreyButton</include>
						<label>$LOCALIZE[31059]</label>
						<onup>SetFocus(20)</onup>
					</control>
				</control>
			</control>
			<!-- right col -->
			<control type="grouplist">
				<right>135</right>
				<centertop>50%</centertop>
				<width>800</width>
				<height max="940">auto</height>
				<orientation>vertical</orientation>
				<itemgap>20</itemgap>
				<align>center</align>
				<!-- heading -->
				<control type="group">
					<height>50</height>
					<control type="label">
						<width>800</width>
						<height>48</height>
						<font>Reg24</font>
						<aligny>center</aligny>
						<textoffsetx>5</textoffsetx>
						<textcolor>text_white</textcolor>
						<label>$LOCALIZE[33063]</label>
					</control>
					<control type="image">
						<width>100%</width>
						<top>45</top>
						<height>2</height>
						<texture colordiffuse="lightgrey">common/white.jpg</texture>
						<aspectratio>stretch</aspectratio>
					</control>
					<control type="image">
						<width>100%</width>
						<top>45</top>
						<height>2</height>
						<texture colordiffuse="emby">common/white.jpg</texture>
						<aspectratio>stretch</aspectratio>
						<include>WindowOpen_GreenBar</include>
					</control>
				</control>
				<!-- list -->
				<control type="group">
					<height>720</height>
					<control type="image">
						<height>720</height>
						<texture colordiffuse="thumb_background">common/white.jpg</texture>
						<aspectratio>stretch</aspectratio>
					</control>
					<control type="grouplist" id="100">
						<centerleft>50%</centerleft>
						<top>10</top>
						<height>450</height>
						<onup>6666</onup>
						<onleft>20</onleft>
						<onright>noop</onright>
						<ondown>200</ondown>
						<pagecontrol>70</pagecontrol>
						<scrolltime>200</scrolltime>
						<control type="radiobutton" id="7">
							<include>DialogSettingsButton</include>
							<label>$LOCALIZE[19074]</label>
						</control>
						<control type="edit" id="8">
							<include>DialogSettingsButton</include>
							<label>$LOCALIZE[19201]</label>
						</control>
						<control type="group" id="101">
							<height>50</height>
							<control type="button" id="9">
								<include>DialogSettingsButton</include>
								<onup>8</onup>
								<ondown>12</ondown>
								<onleft>20</onleft>
								<label>$LOCALIZE[19202]</label>
							</control>
							<control type="image">
								<height>50</height>
								<width>50</width>
								<right>20</right>
								<aspectratio>keep</aspectratio>
								<texture background="true">$INFO[ListItem.Icon]</texture>
							</control>
						</control>
						<control type="radiobutton" id="12">
							<include>DialogSettingsButton</include>
							<label>$LOCALIZE[19206]</label>
						</control>
						<control type="spincontrolex" id="13">
							<include>DialogSettingsButton</include>
							<label>$LOCALIZE[19200]</label>
						</control>
						<control type="radiobutton" id="14">
							<include>DialogSettingsButton</include>
							<label>$LOCALIZE[19267]</label>
						</control>
					</control>
					<control type="scrollbar" id="70">
						<right>0</right>
						<top>0</top>
						<bottom>0</bottom>
						<width>4</width>
						<orientation>vertical</orientation>
						<showonepage>false</showonepage>
						<texturesliderbackground colordiffuse="00ffffff">common/white.jpg</texturesliderbackground>
						<texturesliderbar colordiffuse="softgrey">common/white.jpg</texturesliderbar>
					</control>
				</control>
				<!-- Button -->
				<control type="grouplist" id="200">
					<height>50</height>
					<width>100%</width>
					<orientation>horizontal</orientation>
					<itemgap>5</itemgap>
					<align>center</align>
					<onright>noop</onright>
					<onleft>300</onleft>
					<control type="button" id="4">
						<include>DarkGreyButton</include>
						<label>$LOCALIZE[186]</label>
						<onup>SetFocus(100)</onup>
					</control>
					<control type="button" id="5">
						<include>DarkGreyButton</include>
						<label>$LOCALIZE[14070]</label>
						<onup>SetFocus(100)</onup>
					</control>
					<control type="button" id="6">
						<include>DarkGreyButton</include>
						<label>$LOCALIZE[222]</label>
						<onup>SetFocus(100)</onup>
					</control>
				</control>
			</control>
		</control>
		<!-- header bar -->
		<include content="HeaderBar">
			<param name="id">20</param>
			<param name="auto_hide">false</param>
		</include>
		<!-- side panel -->
		<include content="SidePanel">
			<param name="onright">20</param>
		</include>
	</controls>
</window>
