<?xml version="1.0" encoding="UTF-8" standalone="yes"?>
<addon id="plugin.video.zattooboxExt.beta" version="1.5.4" name="Zattoo Box Extended Beta" provider-name="Daniel Griner, Pascal Nançoz">
  <requires>
    <import addon="xbmc.python" version="2.14.0"/>
    <import addon="xbmc.addon" version="13.0.0" />
  </requires>
  <extension point="xbmc.python.pluginsource" library="plugin.py">
    <provides>video</provides>
  </extension>


  <extension point="xbmc.addon.metadata">
    <summary lang="en">Play Live TV and recorded shows from Zattoo.</summary>
    <description lang="en">Zattoo Live TV, recorded shows and EPG.
- switch between favourites/all channels
- channels preview
- EPG: live/setup recording/recall (for paying Zattoo customers)
- search shows
- teletext
- settings: stream quality, default language</description>
   <platform>all</platform>
    <language></language>
    <license>BSD 2-Clause</license>
    <website></website>
    <email>greenair.ch@gmail.com</email>
    <disclaimer lang="en">Check http://www.zattoo.com for availability in your country.</disclaimer>
  </extension>
</addon>
