<?xml version="1.0" encoding="UTF-8" standalone="yes"?>
<addon id="plugin.video.kicker_tv" name="Kicker.tv" version="1.0.0" provider-name="PUR3">
	<requires>
		<import addon="xbmc.python" version="2.1.0"/>
	</requires>
	<extension point="xbmc.python.pluginsource" library="default.py">
		<provides>video</provides>
	</extension>
	<extension point="xbmc.addon.metadata">
		<summary lang="de">Kicker.tv</summary>
		<description lang="de">Videos mit Bezug zum Fussball und anderen Sportarten</description>
		<language>de</language>
		<platform>all</platform>
		<license>GNU GENERAL PUBLIC LICENSE. Version 2, June 1991</license>
		<website>www.kicker.tv</website>
	</extension>
</addon>
