<?xml version="1.0" encoding="UTF-8"?>
<includes>
	<!-- movie -->
	<include name="MovieInfoLayout">
		<!-- Background -->
		<include>Background</include>
		<!-- Dialog -->
		<control type="grouplist" id="500">
			<include>Window_OpenClose</include>
			<width>2130</width>
			<height>100%</height>
			<orientation>vertical</orientation>
			<usecontrolcoords>true</usecontrolcoords>
			<scrolltime tween="sine" easing="out">400</scrolltime>
			<itemgap>-80</itemgap>
			<include>Bounce_Up_Down</include>
			<pagecontrol>17</pagecontrol>
			<!-- Meta -->
			<control type="group">
				<width>1920</width>
				<height>604</height>
				<control type="group">
					<top>128</top>
					<height>435</height>
					<width>1920</width>
					<!-- poster -->
					<include>MetaPoster</include>
					<!-- meta -->
					<control type="grouplist">
						<left>370</left>
						<orientation>vertical</orientation>
						<height>500</height>
						<align>top</align>
						<itemgap>0</itemgap>
						<width>1480</width>
						<control type="label">
							<width>1040</width>
							<height>60</height>
							<label>$INFO[ListItem.Title]</label>
							<font>Reg37</font>
							<shadowcolor>text_shadow</shadowcolor>
						</control>
						<!-- small meta -->
						<include>MetaMovieInfos</include>
						<!-- buttons -->
						<control type="grouplist" id="100">
							<height>75</height>
							<orientation>horizontal</orientation>
							<itemgap>5</itemgap>
							<onright>noop</onright>
							<onleft>900</onleft>
							<control type="button" id="101">
								<include>LightGreyButton</include>
								<label>$LOCALIZE[15067]</label>
								<onup>SetFocus(6666)</onup>
								<ondown>SetFocus(200)</ondown>
								<onclick>close</onclick>
							</control>
							<control type="button" id="8">
								<include>LightGreyButton</include>
								<label>$VAR[VideoInfoButton8]</label>
								<onup>SetFocus(6666)</onup>
								<ondown>SetFocus(200)</ondown>
							</control>
							<control type="button" id="11">
								<visible>!String.IsEmpty(ListItem.Trailer)</visible>
								<include>LightGreyButton</include>
								<label>$LOCALIZE[20410]</label>
								<onup>SetFocus(6666)</onup>
								<ondown>SetFocus(200)</ondown>
							</control>
							<control type="button" id="97">
								<visible>!String.IsEmpty(ListItem.Plot)</visible>
								<include>LightGreyButton</include>
								<width>70</width>
								<height>50</height>
								<font>material24</font>
								<label></label>
								<onclick>RunScript(script.skin.helper.service,action=textviewer,header='$ESCINFO[ListItem.Title]',message='$ESCINFO[ListItem.Plot]')</onclick>
								<onup>SetFocus(6666)</onup>
								<ondown>SetFocus(200)</ondown>
							</control>
							<control type="button" id="103">
								<include>LightGreyButton</include>
								<width>70</width>
								<height>50</height>
								<font>material24</font>
								<label></label>
								<onup>SetFocus(6666)</onup>
								<ondown>SetFocus(200)</ondown>
								<onclick>SetFocus(4000)</onclick>
								<visible>!Skin.HasSetting(HideLibraryEditButtons) + !Skin.HasSetting(KioskMode) + !String.StartsWith(ListItem.Path,plugin://)</visible>
							</control>
						</control>
						<!-- genre -->
						<include>MetaGenre</include>
						<!-- plot -->
						<control type="textbox">
							<width>100%</width>
							<height max="130">auto</height>
							<align>justify</align>
							<aligny>top</aligny>
							<label>$INFO[ListItem.Tagline,[B],[/B][CR]]$INFO[ListItem.Plot]</label>
							<font>Light24</font>
							<shadowcolor>text_shadow</shadowcolor>
							<autoscroll>false</autoscroll>
						</control>
						<control type="label">
							<height>20</height>
						</control>
						<!-- media flags -->
						<include>MetaFlags</include>
					</control>
					<!-- logo -->
					<include>MetaClearlogo</include>
				</control>
			</control>
			<!-- Cast -->
			<include content="CastWidget">
				<param name="id" value="200"/>
				<param name="mainlabel" value="$INFO[ListItem.Label]"/>
				<param name="sublabel" value="$INFO[ListItem.Label2]"/>
				<param name="headline" value="$LOCALIZE[206]"/>
				<param name="onup" value="100"/>
				<param name="ondown" value="300"/>
				<param name="content" value="$VAR[View_Cast_Content]"/>
				<param name="use_custom_onclick" value="true"/>
				<param name="onclick">RunScript(script.extendedinfo,info=extendedactorinfo,name=$INFO[ListItem.Label])</param>
			</include>
			<!-- More like this -->
			<include content="PosterWidget">
				<param name="id" value="300"/>
				<param name="onup" value="200"/>
				<param name="ondown" value="400"/>
				<param name="headline" value="$LOCALIZE[31002]"/>
				<param name="content" value="$VAR[InfoDialog_MoreLikeThis_Content]"/>
			</include>
			<!-- Media Info -->
			<include content="InfoDialogMediaInfo">
				<param name="id" value="400"/>
				<param name="onup" value="300"/>
				<param name="ondown" value="SetProperty(BounceDown,1,home)"/>
			</include>
		</control>
		<!-- scrollbar -->
		<include content="ScrollbarVertical">
			<param name="visible" value="!Skin.HasSetting(HideScrollbars)"/>
		</include>
		<!-- header bar -->
		<include content="HeaderBar">		
			<param name="id">500</param>
			<param name="enabled">false</param>
			<param name="custom_animation">Container(500).HasPrevious</param>
		</include>
		<!-- side panel -->
		<include content="SidePanel">
			<param name="onright">500</param>
		</include>
	</include>
	<!-- tvshow -->
	<include name="TVShowInfoLayout">
		<!-- Background -->
		<include>Background</include>
		<!-- Dialog -->
		<control type="grouplist" id="500">
			<include>Window_OpenClose</include>
			<width>2130</width>
			<height>100%</height>
			<orientation>vertical</orientation>
			<usecontrolcoords>true</usecontrolcoords>
			<scrolltime tween="sine" easing="out">400</scrolltime>
			<itemgap>-80</itemgap>
			<include>Bounce_Up_Down</include>
			<pagecontrol>17</pagecontrol>
			<!-- Meta -->
			<control type="group">
				<width>1920</width>
				<height>604</height>
				<control type="group">
					<top>128</top>
					<height>435</height>
					<width>1920</width>
					<!-- poster -->
					<include>MetaPoster</include>
					<!-- meta -->
					<control type="grouplist">
						<left>370</left>
						<orientation>vertical</orientation>
						<height>500</height>
						<align>top</align>
						<itemgap>0</itemgap>
						<width>1480</width>
						<control type="label">
							<width>1040</width>
							<height>60</height>
							<label>$INFO[ListItem.Title]</label>
							<font>Reg37</font>
							<shadowcolor>text_shadow</shadowcolor>
						</control>
						<!-- meta -->
						<include>MetaShowInfos</include>
						<!-- buttons -->
						<control type="grouplist" id="100">
							<height>75</height>
							<orientation>horizontal</orientation>
							<itemgap>5</itemgap>
							<onright>noop</onright>
							<onleft>900</onleft>
							<control type="button" id="101">
								<include>LightGreyButton</include>
								<label>$LOCALIZE[15067]</label>
								<onup>SetFocus(6666)</onup>
								<ondown>SetFocus(200)</ondown>
								<onclick>close</onclick>
							</control>
							<control type="button" id="11">
								<visible>!String.IsEmpty(ListItem.Trailer)</visible>
								<include>LightGreyButton</include>
								<label>$LOCALIZE[20410]</label>
								<onup>SetFocus(6666)</onup>
								<ondown>SetFocus(200)</ondown>
							</control>
							<control type="button" id="97">
								<visible>!String.IsEmpty(ListItem.Plot)</visible>
								<include>LightGreyButton</include>
								<width>70</width>
								<height>50</height>
								<font>material24</font>
								<label></label>
								<onclick>RunScript(script.skin.helper.service,action=textviewer,header='$ESCINFO[ListItem.TVShowTitle]',message='$ESCVAR[TinyInfoDialogPlot]')</onclick>
								<onup>SetFocus(6666)</onup>
								<ondown>SetFocus(200)</ondown>
							</control>
							<control type="button" id="103">
								<include>LightGreyButton</include>
								<width>70</width>
								<height>50</height>
								<font>material24</font>
								<label></label>
								<onup>SetFocus(6666)</onup>
								<ondown>SetFocus(50)</ondown>
								<onclick>SetFocus(4000)</onclick>
								<visible>!Skin.HasSetting(HideLibraryEditButtons) + !Skin.HasSetting(KioskMode) + !String.StartsWith(ListItem.Path,plugin://)</visible>
							</control>
						</control>
						<!-- genre -->
						<include>MetaGenre</include>
						<!-- plot -->
						<control type="textbox">
							<width>100%</width>
							<height max="130">auto</height>
							<align>justify</align>
							<aligny>top</aligny>
							<label>$INFO[ListItem.Plot]</label>
							<font>Light24</font>
							<shadowcolor>text_shadow</shadowcolor>
							<autoscroll>false</autoscroll>
						</control>
						<control type="label">
							<height>20</height>
						</control>
						<!-- flags -->
						<include>MetaFlags</include>
					</control>
					<!-- logo -->
					<include>MetaClearlogo</include>
				</control>
			</control>
			<!-- Next Up -->
			<include content="WideWidget">
				<param name="id" value="200"/>
				<param name="onup" value="100"/>
				<param name="ondown" value="300"/>
				<param name="sublabel" value="$VAR[DurationMinutes]"/>
				<param name="sortby" value="playcount"/>
				<param name="sortorder" value="ascending"/>
				<param name="limit" value="1"/>
				<param name="content" value="$VAR[InfoDialog_NextUp_Content]"/>
				<param name="headline" value="$LOCALIZE[31012]"/>
			</include>
			<!-- Cast -->
			<include content="CastWidget">
				<param name="id" value="300"/>
				<param name="onup" value="200"/>
				<param name="ondown" value="SetProperty(BounceDown,1,home)"/>
				<param name="mainlabel" value="$INFO[ListItem.Label]"/>
				<param name="sublabel" value="$INFO[ListItem.Label2]"/>
				<param name="headline" value="$LOCALIZE[206]"/>
				<param name="content" value="$VAR[View_Cast_Content]"/>
				<param name="use_custom_onclick" value="true"/>
				<param name="onclick">RunScript(script.extendedinfo,info=extendedactorinfo,name=$INFO[ListItem.Label])</param>
			</include>
		</control>
		<!-- scrollbar -->
		<include content="ScrollbarVertical">
			<param name="visible" value="!Skin.HasSetting(HideScrollbars)"/>
		</include>
		<!-- header bar -->
		<include content="HeaderBar">		
			<param name="id">500</param>
			<param name="enabled">false</param>
			<param name="custom_animation">Container(500).HasPrevious</param>
		</include>
		<!-- side panel -->
		<include content="SidePanel">
			<param name="onright">500</param>
		</include>
	</include>
	<!-- episode -->
	<include name="EpisodeInfoLayout">
		<!-- Background -->
		<include>Background</include>
		<!-- Dialog -->
		<control type="grouplist" id="500">
			<include>Window_OpenClose</include>
			<width>2130</width>
			<height>100%</height>
			<orientation>vertical</orientation>
			<usecontrolcoords>true</usecontrolcoords>
			<scrolltime tween="sine" easing="out">400</scrolltime>
			<itemgap>-80</itemgap>
			<include>Bounce_Up_Down</include>
			<pagecontrol>17</pagecontrol>
			<!-- Meta -->
			<control type="group">
				<width>1920</width>
				<height>614</height>
				<control type="group">
					<top>128</top>
					<height>435</height>
					<width>1920</width>
					<!-- thumb -->
					<include>MetaThumbnail</include>
					<!-- meta -->
					<control type="grouplist">
						<left>524</left>
						<orientation>vertical</orientation>
						<height>500</height>
						<align>top</align>
						<itemgap>0</itemgap>
						<right>70</right>
						<control type="label">
							<width>886</width>
							<height>60</height>
							<label>$INFO[ListItem.TvShowTitle]</label>
							<font>Reg37</font>
							<shadowcolor>text_shadow</shadowcolor>
						</control>
						<control type="label">
							<width>886</width>
							<height>60</height>
							<label>$INFO[ListItem.Season,S,:]$INFO[ListItem.Episode,E, - ]$INFO[ListItem.Title]</label>
							<font>Reg37</font>
							<shadowcolor>text_shadow</shadowcolor>
						</control>
						<!-- meta -->
						<include content="MetaEpisodeInfos">
							<param name="width" value="886"/>
						</include>
						<!-- buttons -->
						<control type="grouplist" id="100">
							<height>75</height>
							<orientation>horizontal</orientation>
							<itemgap>5</itemgap>
							<onright>noop</onright>
							<onleft>900</onleft>
							<control type="button" id="101">
								<include>LightGreyButton</include>
								<label>$LOCALIZE[15067]</label>
								<onup>SetFocus(6666)</onup>
								<ondown>200</ondown>
								<onclick>close</onclick>
							</control>
							<control type="button" id="8">
								<include>LightGreyButton</include>
								<label>$VAR[VideoInfoButton8]</label>
								<onup>SetFocus(6666)</onup>
								<ondown>200</ondown>
							</control>
							<control type="button" id="11">
								<visible>!String.IsEmpty(ListItem.Trailer)</visible>
								<include>LightGreyButton</include>
								<label>$LOCALIZE[20410]</label>
								<onup>SetFocus(6666)</onup>
								<ondown>200</ondown>
							</control>
							<control type="button" id="97">
								<visible>!String.IsEmpty(ListItem.Plot)</visible>
								<include>LightGreyButton</include>
								<width>70</width>
								<height>50</height>
								<font>material24</font>
								<label></label>
								<onclick>RunScript(script.skin.helper.service,action=textviewer,header='$ESCINFO[ListItem.TVShowTitle]',message='$ESCVAR[TinyInfoDialogPlot]')</onclick>
								<onup>SetFocus(6666)</onup>
								<ondown>200</ondown>
							</control>
							<control type="button" id="103">
								<include>LightGreyButton</include>
								<width>70</width>
								<height>50</height>
								<font>material24</font>
								<label></label>
								<onup>SetFocus(6666)</onup>
								<ondown>200</ondown>
								<onclick>SetFocus(4000)</onclick>
								<visible>!Skin.HasSetting(HideLibraryEditButtons) + !Skin.HasSetting(KioskMode) + !String.StartsWith(ListItem.Path,plugin://)</visible>
							</control>
						</control>
						<control type="textbox">
							<width>100%</width>
							<height max="130">auto</height>
							<align>justify</align>
							<aligny>top</aligny>
							<label>$INFO[ListItem.Plot]</label>
							<font>Light24</font>
							<shadowcolor>text_shadow</shadowcolor>
							<autoscroll>false</autoscroll>
						</control>
						<control type="label">
							<height>15</height>
						</control>
						<!-- flags -->
						<include>MetaFlags</include>
					</control>
					<!-- logo -->
					<include>MetaClearlogo</include>
				</control>
			</control>
			<!-- Cast -->
			<include content="CastWidget">
				<param name="id" value="200"/>
				<param name="onup" value="100"/>
				<param name="ondown" value="300"/>
				<param name="mainlabel" value="$INFO[ListItem.Label]"/>
				<param name="sublabel" value="$INFO[ListItem.Label2]"/>
				<param name="headline" value="$LOCALIZE[206]"/>
				<param name="content" value="$VAR[View_Cast_Content]"/>
				<param name="use_custom_onclick" value="true"/>
				<param name="onclick">RunScript(script.extendedinfo,info=extendedactorinfo,name=$INFO[ListItem.Label])</param>
			</include>
			<!-- Media Info -->
			<include content="InfoDialogMediaInfo">
				<param name="id" value="300"/>
				<param name="onup" value="200"/>
				<param name="ondown" value="SetProperty(BounceDown,1,home)"/>
			</include>
		</control>
		<!-- scrollbar -->
		<include content="ScrollbarVertical">
			<param name="visible" value="!Skin.HasSetting(HideScrollbars)"/>
		</include>
		<!-- header bar -->
		<include content="HeaderBar">		
			<param name="id">500</param>
			<param name="enabled">false</param>
			<param name="custom_animation">Container(500).HasPrevious</param>
		</include>
		<!-- side panel -->
		<include content="SidePanel">
			<param name="onright">500</param>
		</include>
	</include>
	<!-- tiny -->
	<include name="TinyInfoLayout">
		<control type="group">
			<control type="image">
				<include>Visible_Fade</include>
				<include>FullscreenDimensions</include>
				<texture colordiffuse="background_diffuse">common/white.jpg</texture>
			</control>
			<control type="scrollbar" id="3000">
				<include>HiddenObject</include>
			</control>
			<control type="grouplist">
				<include>Dialog_PopupOpenClose</include>
				<centerleft>50%</centerleft>
				<centertop>50%</centertop>
				<width>800</width>
				<height max="940">auto</height>
				<orientation>vertical</orientation>
				<itemgap>20</itemgap>
				<align>center</align>
				<!-- headline -->	
				<control type="label">
					<centerleft>50%</centerleft>
					<width>100%</width>
					<height>26</height>
					<font>Med28</font>
					<autoscroll>false</autoscroll>
					<align>center</align>
					<aligny>top</aligny>
					<label>$VAR[TinyInfoDialogHeadline]</label>
				</control>
				<!-- message -->	
				<control id="1010" type="textbox">
					<centerleft>50%</centerleft>
					<width>100%</width>
					<height max="745">auto</height>
					<font>PopUpText</font>
					<autoscroll>false</autoscroll>
					<align>center</align>
					<aligny>top</aligny>
					<pagecontrol>3000</pagecontrol>
					<label>$VAR[TinyInfoDialogPlot]</label>					
				</control>
				<!-- Button -->
				<control type="grouplist" id="100">
					<height>50</height>
					<width>100%</width>
					<orientation>horizontal</orientation>
					<itemgap>5</itemgap>
					<align>center</align>
					<onright>noop</onright>
					<onleft>noop</onleft>
					<control type="button" id="101">
						<label>$LOCALIZE[15067]</label>
						<onclick>close</onclick>
						<onup>PageUp(3000)</onup>
						<ondown>PageDown(3000)</ondown>
					</control>
				</control>
			</control>
		</control>
	</include>
	<!-- MediaInfo -->
	<include name="InfoDialogMediaInfo">
		<control type="group">
			<height>350</height>
			<control type="button" id="$PARAM[id]">
				<include>NoTextures</include>
				<top>25</top>
				<left>45</left>
				<right>70</right>
				<width>1000</width>
				<height>87</height>
				<font>Med23</font>
				<align>left</align>
				<aligny>center</aligny>
				<focusedcolor>emby</focusedcolor>
				<label>$LOCALIZE[544]</label>
				<onclick>noop</onclick>
				<onup>$PARAM[onup]</onup>
				<ondown>$PARAM[ondown]</ondown>
				<onback>$PARAM[onback]</onback>
				<onleft>900</onleft>
			</control>
			<control type="grouplist">
				<left>70</left>
				<top>94</top>
				<itemgap>5</itemgap>
				<orientation>vertical</orientation>
				<usecontrolcoords>true</usecontrolcoords>
				<control type="label">
					<height>30</height>
					<wrapmultiline>false</wrapmultiline>
					<font>Reg20</font>
					<aligny>bottom</aligny>
					<shadowcolor>text_shadow</shadowcolor>
					<label>[COLOR softgrey]$LOCALIZE[21800]:[/COLOR]  $INFO[ListItem.FileName]</label>
					<visible>!String.IsEmpty(ListItem.FileName)</visible>
				</control>
				<control type="label">
					<height>30</height>
					<wrapmultiline>false</wrapmultiline>
					<font>Reg20</font>
					<aligny>bottom</aligny>
					<shadowcolor>text_shadow</shadowcolor>
					<label>[COLOR softgrey]$LOCALIZE[573]:[/COLOR]  $INFO[ListItem.Path]</label>
					<visible>!String.IsEmpty(ListItem.Path)</visible>
				</control>
				<control type="label">
					<height>30</height>
					<wrapmultiline>false</wrapmultiline>
					<font>Reg20</font>
					<aligny>bottom</aligny>
					<shadowcolor>text_shadow</shadowcolor>
					<label>[COLOR softgrey]$LOCALIZE[291]:[/COLOR]  $INFO[ListItem.VideoResolution]$INFO[ListItem.VideoCodec, ,]$INFO[ListItem.VideoAspect, ,AR]$INFO[ListItem.StereoscopicMode, ]</label>
					<visible>!String.IsEmpty(ListItem.VideoResolution)</visible>
				</control>
				<control type="label">
					<height>30</height>
					<wrapmultiline>false</wrapmultiline>
					<font>Reg20</font>
					<aligny>bottom</aligny>
					<shadowcolor>text_shadow</shadowcolor>
					<label>[COLOR softgrey]$LOCALIZE[292]:[/COLOR]  $INFO[ListItem.Property(AudioLanguage.1),, ]$INFO[ListItem.Property(AudioChannels.1),,ch ]$INFO[ListItem.Property(AudioCodec.1),, ]$INFO[ListItem.Property(AudioLanguage.2),| , ]$INFO[ListItem.Property(AudioChannels.2),,ch ]$INFO[ListItem.Property(AudioCodec.2),, ]$INFO[ListItem.Property(AudioLanguage.3),| , ]$INFO[ListItem.Property(AudioChannels.3),,ch ]$INFO[ListItem.Property(AudioCodec.3),, ]$INFO[ListItem.Property(AudioLanguage.4),| , ]$INFO[ListItem.Property(AudioChannels.4),,ch ]$INFO[ListItem.Property(AudioCodec.4),, ]$INFO[ListItem.Property(AudioLanguage.5),| , ]$INFO[ListItem.Property(AudioChannels.5),,ch ]$INFO[ListItem.Property(AudioCodec.5),, ]</label>
					<visible>!String.IsEmpty(ListItem.Property(AudioLanguage.1))</visible>
				</control>
				<control type="label">
					<height>30</height>
					<wrapmultiline>false</wrapmultiline>
					<font>Reg20</font>
					<aligny>bottom</aligny>
					<shadowcolor>text_shadow</shadowcolor>
					<label>[COLOR softgrey]$LOCALIZE[459]:[/COLOR]  $INFO[ListItem.Property(SubtitleLanguage.1),, ]$INFO[ListItem.Property(SubtitleLanguage.2),| , ]$INFO[ListItem.Property(SubtitleLanguage.3),| , ]$INFO[ListItem.Property(SubtitleLanguage.4),| , ]$INFO[ListItem.Property(SubtitleLanguage.5),| , ]</label>
					<visible>!String.IsEmpty(ListItem.Property(SubtitleLanguage.1))</visible>
				</control>
			</control>
		</control>
	</include>
	<!-- Artist -->
	<include name="ArtistInfoLayout">
		<control type="grouplist" id="500">
			<include>Window_OpenClose</include>
			<width>2130</width>
			<height>100%</height>
			<orientation>vertical</orientation>
			<usecontrolcoords>true</usecontrolcoords>
			<scrolltime tween="sine" easing="out">400</scrolltime>
			<itemgap>-80</itemgap>
			<include>Bounce_Up_Down</include>
			<pagecontrol>17</pagecontrol>
			<!-- Meta -->
			<control type="group">
				<top>128</top>
				<width>1920</width>
				<height>420</height>
				<control type="group">
					<width>1920</width>
					<!-- Thumb image -->
					<include>MetaSquareThumb</include>
					<!-- meta -->
					<control type="grouplist">
						<left>434</left>
						<orientation>vertical</orientation>
						<height>1020</height>
						<width>1416</width>
						<align>top</align>
						<itemgap>0</itemgap>
						<control type="label">
							<width>100%</width>
							<height>60</height>
							<label>$INFO[ListItem.Label]</label>
							<font>Reg37</font>
							<shadowcolor>text_shadow</shadowcolor>
						</control>
						<!-- meta -->
						<include>MetaArtistInfos</include>
						<!-- buttons -->
						<control type="grouplist" id="100">
							<height>75</height>
							<orientation>horizontal</orientation>
							<itemgap>5</itemgap>
							<onleft>900</onleft>
							<onright>noop</onright>
							<control type="button" id="101">
								<include>LightGreyButton</include>
								<label>$LOCALIZE[15067]</label>
								<onup>SetFocus(6666)</onup>
								<ondown>SetFocus(200)</ondown>
								<onclick>close</onclick>
							</control>
							<control type="button" id="102">
								<include>LightGreyButton</include>
								<label>$LOCALIZE[22083]</label>
								<ondown>SetFocus(200)</ondown>
								<onup>SetFocus(6666)</onup>
								<onclick>PlayMedia(musicdb://songs/?artistid=$INFO[ListItem.DBID],isdir)</onclick>
							</control>
							<control type="button" id="103">
								<include>LightGreyButton</include>
								<ondown>SetFocus(200)</ondown>
								<onup>SetFocus(6666)</onup>
								<width>70</width>
								<height>50</height>
								<font>material24</font>
								<label></label>
								<onclick>RunScript(script.skin.helper.service,action=textviewer,header='$ESCINFO[ListItem.Label]',message='$ESCINFO[ListItem.Property(Artist_Description)]')</onclick>
								<visible>!String.IsEmpty(ListItem.Property(Artist_Description))</visible>
							</control>
							<control type="button" id="104">
								<include>LightGreyButton</include>
								<width>70</width>
								<height>50</height>
								<font>material24</font>
								<label></label>
								<onup>SetFocus(6666)</onup>
								<ondown>SetFocus(50)</ondown>
								<onclick>SetFocus(4000)</onclick>
								<visible>!Skin.HasSetting(HideLibraryEditButtons) + !Skin.HasSetting(KioskMode) + !String.StartsWith(ListItem.Path,plugin://)</visible>
							</control>
						</control>
						<!-- genre -->
						<include>MetaGenre</include>
						<control type="textbox">
							<width>100%</width>
							<height max="130">auto</height>
							<align>justify</align>
							<aligny>top</aligny>
							<label>$INFO[ListItem.Property(Artist_Description)]</label>
							<font>Light24</font>
							<shadowcolor>text_shadow</shadowcolor>
							<autoscroll>false</autoscroll>
						</control>
					</control>
				</control>
				<!-- logo -->
				<include>MetaClearlogo</include>
			</control>
			<!-- Albums -->
			<include content="SquareWidget">
				<param name="id" value="200"/>
				<param name="onup" value="100"/>
				<param name="ondown" value="300"/>
				<param name="mainlabel" value="$INFO[ListItem.Album]"/>
				<param name="sublabel" value="$INFO[ListItem.Artist]"/>
				<param name="headline" value="$LOCALIZE[132]"/>
				<param name="use_custom_onclick" value="true"/>
				<param name="onclick" value="PlayMedia($INFO[ListItem.FolderPath],isdir)"/>
				<param name="widget_target" value="music"/>
				<param name="sortby" value="sorttitle"/>
				<param name="sortorder" value="descending"/>
				<param name="content" value="musicdb://artists/$INFO[ListItem.DBID]/"/>
			</include>
			<!-- All songs -->
			<include content="SquareWidget">
				<param name="id" value="300"/>
				<param name="onup" value="200"/>
				<param name="ondown" value="SetProperty(BounceDown,1,home)"/>
				<param name="mainlabel" value="$INFO[ListItem.Tracknumber,,. ]$INFO[ListItem.Title]"/>
				<param name="sublabel" value="$INFO[ListItem.Album]"/>
				<param name="headline" value="$LOCALIZE[182]"/>
				<param name="sortby" value="track"/>
				<param name="content" value="musicdb://songs/?artistid=$INFO[ListItem.DBID]"/>
			</include>
		</control>
		<!-- scrollbar -->
		<include content="ScrollbarVertical">
			<param name="visible" value="!Skin.HasSetting(HideScrollbars)"/>
		</include>
		<!-- header bar -->
		<include content="HeaderBar">		
			<param name="id">500</param>
			<param name="enabled">false</param>
			<param name="custom_animation">Container(500).HasPrevious</param>
		</include>
		<!-- side panel -->
		<include content="SidePanel">
			<param name="onright">500</param>
		</include>
	</include>
	<!-- Album -->
	<include name="AlbumInfoLayout">
		<control type="grouplist" id="500">
			<include>Window_OpenClose</include>
			<width>2130</width>
			<height>100%</height>
			<orientation>vertical</orientation>
			<usecontrolcoords>true</usecontrolcoords>
			<scrolltime tween="sine" easing="out">400</scrolltime>
			<itemgap>-80</itemgap>
			<include>Bounce_Up_Down</include>
			<pagecontrol>17</pagecontrol>
			<!-- Meta -->
			<control type="group">
				<top>128</top>
				<width>1920</width>
				<height>420</height>
				<control type="group">
					<width>1920</width>
					<!-- Thumb image -->
					<include>MetaSquareThumb</include>
					<!-- meta -->
					<control type="grouplist">
						<left>434</left>
						<orientation>vertical</orientation>
						<height>1020</height>
						<width>1416</width>
						<align>top</align>
						<itemgap>0</itemgap>
						<control type="label">
							<width>100%</width>
							<height>60</height>
							<label>$INFO[ListItem.Album]</label>
							<font>Reg37</font>
							<shadowcolor>text_shadow</shadowcolor>
						</control>
						<!-- meta -->
						<include>MetaAlbumInfos</include>
						<!-- buttons -->
						<control type="grouplist" id="100">
							<height>75</height>
							<orientation>horizontal</orientation>
							<itemgap>5</itemgap>
							<onleft>900</onleft>
							<onright>noop</onright>
							<control type="button" id="101">
								<include>LightGreyButton</include>
								<label>$LOCALIZE[15067]</label>
								<onup>SetFocus(6666)</onup>
								<ondown>SetFocus(200)</ondown>
								<onclick>close</onclick>
							</control>
							<control type="button" id="102">
								<include>LightGreyButton</include>
								<label>$LOCALIZE[22083]</label>
								<ondown>SetFocus(200)</ondown>
								<onup>SetFocus(6666)</onup>
								<onclick>PlayMedia(musicdb://albums/$INFO[ListItem.DBID],isdir)</onclick>
							</control>
							<control type="button" id="103">
								<include>LightGreyButton</include>
								<ondown>SetFocus(200)</ondown>
								<onup>SetFocus(6666)</onup>
								<width>70</width>
								<height>50</height>
								<font>material24</font>
								<label></label>
								<onclick>RunScript(script.skin.helper.service,action=textviewer,header='$ESCINFO[ListItem.Album]',message='$ESCINFO[ListItem.Property(Album_Description)]')</onclick>
								<visible>!String.IsEmpty(ListItem.Property(Album_Description))</visible>
							</control>
							<control type="button" id="104">
								<include>LightGreyButton</include>
								<width>70</width>
								<height>50</height>
								<font>material24</font>
								<label></label>
								<onup>SetFocus(6666)</onup>
								<ondown>SetFocus(50)</ondown>
								<onclick>SetFocus(4000)</onclick>
								<visible>!Skin.HasSetting(HideLibraryEditButtons) + !Skin.HasSetting(KioskMode) + !String.StartsWith(ListItem.Path,plugin://)</visible>
							</control>
						</control>
						<!-- genre -->
						<include>MetaGenre</include>
						<control type="textbox">
							<width>100%</width>
							<height max="130">auto</height>
							<align>justify</align>
							<aligny>top</aligny>
							<label>$INFO[ListItem.Property(Album_Description)]</label>
							<font>Light24</font>
							<shadowcolor>text_shadow</shadowcolor>
							<autoscroll>false</autoscroll>
						</control>
					</control>
				</control>
				<!-- logo -->
				<include>MetaClearlogo</include>
			</control>
			<include content="SquareWidget">
				<param name="visible" value="String.IsEqual(ListItem.DBtype,album)"/>
				<param name="id" value="200"/>
				<param name="onup" value="100"/>
				<param name="ondown" value="300"/>
				<param name="mainlabel" value="$INFO[ListItem.Tracknumber,,. ]$INFO[ListItem.Label]"/>
				<param name="sublabel" value="$VAR[DurationMinutes]"/>
				<param name="headline" value="$LOCALIZE[182]"/>
				<param name="widget_target" value="music"/>
				<param name="sortby" value="track"/>
				<param name="content" value="musicdb://albums/$INFO[ListItem.DBID]/"/>
			</include>
			<!-- Albums -->
			<include content="SquareWidget">
				<param name="id" value="300"/>
				<param name="onup" value="200"/>
				<param name="ondown" value="400"/>
				<param name="mainlabel" value="$INFO[ListItem.Label]"/>
				<param name="sublabel" value="$INFO[ListItem.Label2]"/>
				<param name="headline" value="$LOCALIZE[132]"/>
				<param name="use_custom_onclick" value="true"/>
				<param name="onclick" value="PlayMedia($INFO[ListItem.FolderPath],isdir)"/>
				<param name="widget_target" value="music"/>
				<param name="content" value="$VAR[InfoDialog_ArtistAlbums]"/>
			</include>
			<!-- All tracks -->
			<include content="SquareWidget">
				<param name="id" value="400"/>
				<param name="onup" value="300"/>
				<param name="ondown" value="SetProperty(BounceDown,1,home)"/>
				<param name="mainlabel" value="$INFO[ListItem.Tracknumber,,. ]$INFO[ListItem.Title]"/>
				<param name="sublabel" value="$INFO[ListItem.Album]"/>
				<param name="headline" value="$LOCALIZE[182]"/>
				<param name="sortby" value="track"/>
				<param name="content" value="$VAR[InfoDialog_ArtistTracks]"/>
			</include>
		</control>
		<!-- scrollbar -->
		<include content="ScrollbarVertical">
			<param name="visible" value="!Skin.HasSetting(HideScrollbars)"/>
		</include>
		<!-- header bar -->
		<include content="HeaderBar">		
			<param name="id">500</param>
			<param name="enabled">false</param>
			<param name="custom_animation">Container(500).HasPrevious</param>
		</include>
		<!-- side panel -->
		<include content="SidePanel">
			<param name="onright">500</param>
		</include>
	</include>
</includes>
