<?xml version="1.0" encoding="UTF-8"?>
<window id="1120">
	<defaultcontrol always="true">100</defaultcontrol>
	<menucontrol>6666</menucontrol>
	<backgroundcolor>background</backgroundcolor>
	<controls>
		<!-- background -->
		<include>Background</include>
		<!-- hub -->
		<control type="grouplist" id="10">
			<include>Window_OpenClose</include>
			<defaultcontrol>10000</defaultcontrol>
			<width>2130</width>
			<height>100%</height>
			<itemgap>-160</itemgap>
			<orientation>vertical</orientation>
			<usecontrolcoords>true</usecontrolcoords>
			<scrolltime tween="sine" easing="out">400</scrolltime>
			<pagecontrol>17</pagecontrol>
			<include>Bounce_Up_Down</include>
			<include content="WidgetSpacer">
				<param name="id" value="101"/>
			</include>
			<control type="group">
				<width>1920</width>
				<height>300</height>
				<control type="group">
					<include content="widget_headline">
						<param name="headline">$LOCALIZE[342]</param>
						<param name="left">65</param>
					</include>
					<control type="grouplist" id="100">
						<top>90</top>
						<left>69</left>
						<height>50</height>
						<orientation>horizontal</orientation>
						<itemgap>5</itemgap>
						<onright>noop</onright>
						<onleft>900</onleft>
						<onup>6666</onup>
						<ondown>200</ondown>
						<control type="button" id="101">
							<visible>Library.HasContent(movies) + !Skin.HasSetting(HideMovieHubMovieButton)</visible>
							<label>$LOCALIZE[342]</label>
							<onclick>ActivateWindow(videos,library://video/movies/titles.xml/,return)</onclick>
							<onup>6666</onup>
							<ondown>200</ondown>
						</control>
						<control type="button" id="102">
							<visible>Library.HasContent(MovieSets) + !Skin.HasSetting(HideMovieHubBoxsetsButton)</visible>
							<label>$LOCALIZE[31169]</label>
							<onclick>ActivateWindow(videos,videodb://movies/sets,return)</onclick>
							<onup>6666</onup>
							<ondown>200</ondown>
						</control>
						<control type="button" id="103">
							<visible>Library.HasContent(movies) + !Skin.HasSetting(HideMovieHubGenreButton)</visible>
							<label>$LOCALIZE[135]</label>
							<onclick>ActivateWindow(1125)</onclick>
							<onup>6666</onup>
							<ondown>200</ondown>
						</control>
						<control type="button" id="104">
							<visible>Library.HasContent(movies) + !Skin.HasSetting(HideMovieHubLibraryButton)</visible>
							<label>$LOCALIZE[14022]</label>
							<onclick>ActivateWindow(videos,library://video/movies/,return)</onclick>
							<onup>6666</onup>
							<ondown>200</ondown>
						</control>
						<control type="button" id="105">
							<visible>System.HasAddon(plugin.video.embycon) + !Skin.HasSetting(HideEmbyConHubButtons) + !Skin.HasSetting(HideMovieHubEmbyConButton)</visible>
							<label>$LOCALIZE[342] [COLOR FF505050](EmbyCon)[/COLOR]</label>
							<onclick>ActivateWindow(videos,plugin://plugin.video.embycon/?item_type=Movie&amp;media_type=Movies&amp;mode=SHOW_CONTENT,return)</onclick>
							<onup>6666</onup>
							<ondown>200</ondown>
						</control>
						<include content="CustomHubShortcutTemplate">
							<param name="id" value="110"/>
							<param name="type" value="Movie"/>
							<param name="nr" value="1"/>
						</include>
						<include content="CustomHubShortcutTemplate">
							<param name="id" value="111"/>
							<param name="type" value="Movie"/>
							<param name="nr" value="2"/>
						</include>
						<include content="CustomHubShortcutTemplate">
							<param name="id" value="112"/>
							<param name="type" value="Movie"/>
							<param name="nr" value="3"/>
						</include>
						<include content="CustomHubShortcutTemplate">
							<param name="id" value="113"/>
							<param name="type" value="Movie"/>
							<param name="nr" value="4"/>
						</include>
						<include content="CustomHubShortcutTemplate">
							<param name="id" value="114"/>
							<param name="type" value="Movie"/>
							<param name="nr" value="5"/>
						</include>
						<include content="CustomHubShortcutTemplate">
							<param name="id" value="115"/>
							<param name="type" value="Movie"/>
							<param name="nr" value="6"/>
						</include>
						<control type="button" id="198">
							<visible>Library.HasContent(movies) + !Skin.HasSetting(HideMovieHubSearchButton)</visible>
							<label>$LOCALIZE[137]</label>
							<include>search_action</include>
							<onup>6666</onup>
							<ondown>200</ondown>
						</control>
						<control type="button" id="199">
							<visible>![Library.HasContent(movies) + !Skin.HasSetting(HideMovieHubMovieButton)] + ![Library.HasContent(MovieSets) + !Skin.HasSetting(HideMovieHubBoxsetsButton)] + ![Library.HasContent(movies) + !Skin.HasSetting(HideMovieHubGenreButton)] + ![Library.HasContent(movies) + !Skin.HasSetting(HideMovieHubLibraryButton)] + ![System.HasAddon(plugin.video.embycon) + !Skin.HasSetting(HideEmbyConHubButtons) + !Skin.HasSetting(HideMovieHubEmbyConButton)] + ![Library.HasContent(movies) + !Skin.HasSetting(HideMovieHubSearchButton)] + !Skin.HasSetting(UserMovieHub1) + !Skin.HasSetting(UserMovieHub2) + !Skin.HasSetting(UserMovieHub3) + !Skin.HasSetting(UserMovieHub4) + !Skin.HasSetting(UserMovieHub5) + !Skin.HasSetting(UserMovieHub6)</visible>
							<label>$LOCALIZE[31028]</label>
							<onclick>ActivateWindow(skinsettings)</onclick>
							<onup>6666</onup>
							<ondown>200</ondown>
						</control>
					</control>
				</control>
			</control>
			<!-- In progress -->
			<include content="HomeWideWidget">
				<param name="visible" value="!Skin.HasSetting(HideLibraryWidgets) + !Skin.HasSetting(HideMovieWidgetContinue)"/>
				<param name="id" value="200"/>
				<param name="onup" value="100"/>
				<param name="ondown" value="201"/>
				<param name="headline" value="$LOCALIZE[31080]"/>
				<param name="mainlabel" value="$INFO[ListItem.Title]"/>
				<param name="sublabel" value="$INFO[ListItem.Year]"/>
				<param name="widget_target" value="videos"/>
				<param name="limit" value="30"/>
				<param name="content" value="special://skin/playlists/video/InProgressMovies.xsp"/>
			</include>
			<include content="HomeWideWidget">
				<param name="visible" value="Skin.HasSetting(EnableEmbyConWidgets) + !Skin.HasSetting(HideMovieWidgetContinue)"/>
				<param name="id" value="201"/>
				<param name="onup" value="200"/>
				<param name="ondown" value="202"/>
				<param name="headline" value="$LOCALIZE[31080]$VAR[EmbyConLabel]"/>
				<param name="mainlabel" value="$INFO[ListItem.Title]"/>
				<param name="sublabel" value="$INFO[ListItem.Year]"/>
				<param name="widget_target" value="videos"/>
				<param name="content" value="$VAR[EmbyCon_InProgressMovies]"/>
			</include>
			<!-- Recently added -->
			<include content="HomePosterWidget">
				<param name="visible" value="!Skin.HasSetting(HideLibraryWidgets) + !Skin.HasSetting(HideMovieWidgetNewMovies)"/>
				<param name="id" value="202"/>
				<param name="onup" value="201"/>
				<param name="ondown" value="203"/>
				<param name="headline" value="$LOCALIZE[20386]"/>
				<param name="mainlabel" value="$INFO[ListItem.Title]"/>
				<param name="sublabel" value="$INFO[ListItem.Year]"/>
				<param name="widget_target" value="videos"/>
				<param name="limit" value="30"/>
				<param name="content" value="special://skin/playlists/video/RecentlyAddedMovies.xsp"/>
			</include>
			<include content="HomePosterWidget">
				<param name="visible" value="Skin.HasSetting(EnableEmbyConWidgets) + !Skin.HasSetting(HideMovieWidgetNewMovies)"/>
				<param name="id" value="203"/>
				<param name="onup" value="202"/>
				<param name="ondown" value="204"/>
				<param name="headline" value="$LOCALIZE[20386]$VAR[EmbyConLabel]"/>
				<param name="mainlabel" value="$INFO[ListItem.Title]"/>
				<param name="sublabel" value="$INFO[ListItem.Year]"/>
				<param name="widget_target" value="videos"/>
				<param name="content" value="$VAR[EmbyCon_RecentMovies]"/>
			</include>
			<!-- Genres -->
			<include content="HomeWideWidget">
				<param name="visible" value="!Skin.HasSetting(HideLibraryWidgets) + !Skin.HasSetting(HideMovieWidgetGenres)"/>
				<param name="id" value="204"/>
				<param name="onup" value="203"/>
				<param name="ondown" value="205"/>
				<param name="headline" value="$LOCALIZE[135]"/>
				<param name="widget_target" value="videos"/>
				<param name="sortby" value="sorttitle"/>
				<param name="layout" value="GenreLayout"/>
				<param name="content" value="plugin://script.skin.helper.widgets/?action=browsegenres&amp;mediatype=movies&amp;limit=1000&amp;reload=$INFO[Window(Home).Property(widgetreload)]"/>
			</include>
			<include content="HomeWideWidget">
				<param name="visible" value="Skin.HasSetting(EnableEmbyConWidgets) + !Skin.HasSetting(HideMovieWidgetGenres)"/>
				<param name="id" value="205"/>
				<param name="onup" value="204"/>
				<param name="ondown" value="206"/>
				<param name="headline" value="$LOCALIZE[135]$VAR[EmbyConLabel]"/>
				<param name="widget_target" value="videos"/>
				<param name="sortby" value="sorttitle"/>
				<param name="layout" value="GenreLayout"/>
				<param name="content" value="$VAR[EmbyCon_MovieGenres]"/>
			</include>
			<!-- Recommended -->
			<include content="HomePosterWidget">
				<param name="visible" value="!Skin.HasSetting(HideLibraryWidgets) + !Skin.HasSetting(HideMovieWidgetRecommended)"/>
				<param name="id" value="206"/>
				<param name="onup" value="205"/>
				<param name="ondown" value="207"/>
				<param name="headline" value="$LOCALIZE[31017]"/>
				<param name="mainlabel" value="$INFO[ListItem.Title]"/>
				<param name="sublabel" value="$INFO[ListItem.Year]"/>
				<param name="widget_target" value="videos"/>
				<param name="sortby" value="rating"/>
				<param name="sortorder" value="descending"/>
				<param name="limit" value="30"/>
				<param name="content" value="videodb://movies/titles/"/>
			</include>
			<include content="HomePosterWidget">
				<param name="visible" value="Skin.HasSetting(EnableEmbyConWidgets) + !Skin.HasSetting(HideMovieWidgetRecommended)"/>
				<param name="id" value="207"/>
				<param name="onup" value="206"/>
				<param name="ondown" value="208"/>
				<param name="headline" value="$LOCALIZE[31017]$VAR[EmbyConLabel]"/>
				<param name="mainlabel" value="$INFO[ListItem.Title]"/>
				<param name="sublabel" value="$INFO[ListItem.Year]"/>
				<param name="widget_target" value="videos"/>
				<param name="sortby" value="rating"/>
				<param name="sortorder" value="descending"/>
				<param name="content" value="$VAR[EmbyCon_Movies]"/>
			</include>
			<!-- similar -->
			<include content="HomePosterWidget">
				<param name="visible" value="!Skin.HasSetting(HideLibraryWidgets) + !Skin.HasSetting(HideMovieWidgetSimilar)"/>
				<param name="id" value="208"/>
				<param name="onup" value="207"/>
				<param name="ondown" value="209"/>
				<param name="headline" value="$LOCALIZE[31018] $INFO[Container(208).ListItem.Property(similartitle)]"/>
				<param name="mainlabel" value="$INFO[ListItem.Title]"/>
				<param name="sublabel" value="$INFO[ListItem.Year]"/>
				<param name="widget_target" value="videos"/>
				<param name="limit" value="30"/>
				<param name="content" value="plugin://script.skin.helper.widgets/?action=similar&amp;mediatype=movies&amp;reload=$INFO[Window(Home).Property(widgetreload2)]"/>
			</include>
			<include content="HomePosterWidget">
				<param name="visible" value="Skin.HasSetting(EnableEmbyConWidgets) + !Skin.HasSetting(HideMovieWidgetSimilar)"/>
				<param name="id" value="209"/>
				<param name="onup" value="208"/>
				<param name="ondown" value="210"/>
				<param name="headline" value="$LOCALIZE[31018] $INFO[Container(209).ListItem.Property(suggested_from_watching)]$VAR[EmbyConLabel]"/>
				<param name="mainlabel" value="$INFO[ListItem.Title]"/>
				<param name="sublabel" value="$INFO[ListItem.Year]"/>
				<param name="widget_target" value="videos"/>
				<param name="content" value="$VAR[EmbyCon_SimilarMovies]"/>
			</include>
			<!-- top 250 -->
			<include content="HomePosterWidget">
				<param name="visible" value="!Skin.HasSetting(HideLibraryWidgets) + !Skin.HasSetting(HideMovieWidgetTop250)"/>
				<param name="id" value="210"/>
				<param name="onup" value="209"/>
				<param name="ondown" value="211"/>
				<param name="headline" value="$LOCALIZE[31097]"/>
				<param name="mainlabel" value="$INFO[ListItem.Label]"/>
				<param name="sublabel" value="$INFO[ListItem.Year]"/>
				<param name="widget_target" value="videos"/>
				<param name="content" value="plugin://script.skin.helper.widgets/?action=top250&amp;mediatype=movies&amp;reload=$INFO[Window(Home).Property(widgetreload2)]"/>
			</include>
			<!-- Fav movies -->
			<include content="HomePosterWidget">
				<param name="visible" value="!Skin.HasSetting(HideMovieWidgetFav)"/>
				<param name="id" value="211"/>
				<param name="onup" value="210"/>
				<param name="ondown" value="212"/>
				<param name="headline" value="$LOCALIZE[31062]"/>
				<param name="sublabel" value="$INFO[ListItem.Year]"/>
				<param name="widget_target" value="videos"/>
				<param name="content" value="$VAR[FavMovies_Content]"/>
			</include>

			<!-- User Widget 1 -->
			<include condition="String.IsEqual(Skin.String(UserMovieWidget1_layout),HomePosterWidget) | String.IsEmpty(Skin.String(UserMovieWidget1_layout))" content="HomePosterWidget">
				<param name="visible" value="Skin.HasSetting(UserMovieWidget1)"/>
				<param name="id" value="212"/>
				<param name="onup" value="211"/>
				<param name="ondown" value="213"/>
				<param name="headline" value="$INFO[Skin.String(UserMovieWidget1_name)]"/>
				<param name="widget_target" value="$INFO[Skin.String(UserMovieWidget1_target)]"/>
				<param name="content" value="$VAR[UserMovieWidget1_content]"/>
			</include>
			<include condition="String.IsEqual(Skin.String(UserMovieWidget1_layout),HomeWideWidget)" content="HomeWideWidget">
				<param name="visible" value="Skin.HasSetting(UserMovieWidget1)"/>
				<param name="id" value="212"/>
				<param name="onup" value="211"/>
				<param name="ondown" value="213"/>
				<param name="headline" value="$INFO[Skin.String(UserMovieWidget1_name)]"/>
				<param name="widget_target" value="$INFO[Skin.String(UserMovieWidget1_target)]"/>
				<param name="content" value="$VAR[UserMovieWidget1_content]"/>
			</include>
			<include condition="String.IsEqual(Skin.String(UserMovieWidget1_layout),HomeSquareWidget)" content="HomeSquareWidget">
				<param name="visible" value="Skin.HasSetting(UserMovieWidget1)"/>
				<param name="id" value="212"/>
				<param name="onup" value="211"/>
				<param name="ondown" value="213"/>
				<param name="headline" value="$INFO[Skin.String(UserMovieWidget1_name)]"/>
				<param name="widget_target" value="$INFO[Skin.String(UserMovieWidget1_target)]"/>
				<param name="content" value="$VAR[UserMovieWidget1_content]"/>
			</include>
			<!-- User Widget 2 -->
			<include condition="String.IsEqual(Skin.String(UserMovieWidget2_layout),HomePosterWidget) | String.IsEmpty(Skin.String(UserMovieWidget2_layout))" content="HomePosterWidget">
				<param name="visible" value="Skin.HasSetting(UserMovieWidget2)"/>
				<param name="id" value="213"/>
				<param name="onup" value="212"/>
				<param name="ondown" value="214"/>
				<param name="headline" value="$INFO[Skin.String(UserMovieWidget2_name)]"/>
				<param name="widget_target" value="$INFO[Skin.String(UserMovieWidget2_target)]"/>
				<param name="content" value="$VAR[UserMovieWidget2_content]"/>
			</include>
			<include condition="String.IsEqual(Skin.String(UserMovieWidget2_layout),HomeWideWidget)" content="HomeWideWidget">
				<param name="visible" value="Skin.HasSetting(UserMovieWidget2)"/>
				<param name="id" value="213"/>
				<param name="onup" value="212"/>
				<param name="ondown" value="214"/>
				<param name="headline" value="$INFO[Skin.String(UserMovieWidget2_name)]"/>
				<param name="widget_target" value="$INFO[Skin.String(UserMovieWidget2_target)]"/>
				<param name="content" value="$VAR[UserMovieWidget2_content]"/>
			</include>
			<include condition="String.IsEqual(Skin.String(UserMovieWidget2_layout),HomeSquareWidget)" content="HomeSquareWidget">
				<param name="visible" value="Skin.HasSetting(UserMovieWidget2)"/>
				<param name="id" value="213"/>
				<param name="onup" value="212"/>
				<param name="ondown" value="214"/>
				<param name="headline" value="$INFO[Skin.String(UserMovieWidget2_name)]"/>
				<param name="widget_target" value="$INFO[Skin.String(UserMovieWidget2_target)]"/>
				<param name="content" value="$VAR[UserMovieWidget2_content]"/>
			</include>
			<!-- User Widget 3 -->
			<include condition="String.IsEqual(Skin.String(UserMovieWidget3_layout),HomePosterWidget) | String.IsEmpty(Skin.String(UserMovieWidget3_layout))" content="HomePosterWidget">
				<param name="visible" value="Skin.HasSetting(UserMovieWidget3)"/>
				<param name="id" value="214"/>
				<param name="onup" value="213"/>
				<param name="ondown" value="215"/>
				<param name="headline" value="$INFO[Skin.String(UserMovieWidget3_name)]"/>
				<param name="widget_target" value="$INFO[Skin.String(UserMovieWidget3_target)]"/>
				<param name="content" value="$VAR[UserMovieWidget3_content]"/>
			</include>
			<include condition="String.IsEqual(Skin.String(UserMovieWidget3_layout),HomeWideWidget)" content="HomeWideWidget">
				<param name="visible" value="Skin.HasSetting(UserMovieWidget3)"/>
				<param name="id" value="214"/>
				<param name="onup" value="213"/>
				<param name="ondown" value="215"/>
				<param name="headline" value="$INFO[Skin.String(UserMovieWidget3_name)]"/>
				<param name="widget_target" value="$INFO[Skin.String(UserMovieWidget3_target)]"/>
				<param name="content" value="$VAR[UserMovieWidget3_content]"/>
			</include>
			<include condition="String.IsEqual(Skin.String(UserMovieWidget3_layout),HomeSquareWidget)" content="HomeSquareWidget">
				<param name="visible" value="Skin.HasSetting(UserMovieWidget3)"/>
				<param name="id" value="214"/>
				<param name="onup" value="213"/>
				<param name="ondown" value="215"/>
				<param name="headline" value="$INFO[Skin.String(UserMovieWidget3_name)]"/>
				<param name="widget_target" value="$INFO[Skin.String(UserMovieWidget3_target)]"/>
				<param name="content" value="$VAR[UserMovieWidget3_content]"/>
			</include>
			<!-- User Widget 4 -->
			<include condition="String.IsEqual(Skin.String(UserMovieWidget4_layout),HomePosterWidget) | String.IsEmpty(Skin.String(UserMovieWidget4_layout))" content="HomePosterWidget">
				<param name="visible" value="Skin.HasSetting(UserMovieWidget4)"/>
				<param name="id" value="215"/>
				<param name="onup" value="214"/>
				<param name="ondown" value="216"/>
				<param name="headline" value="$INFO[Skin.String(UserMovieWidget4_name)]"/>
				<param name="widget_target" value="$INFO[Skin.String(UserMovieWidget4_target)]"/>
				<param name="content" value="$VAR[UserMovieWidget4_content]"/>
			</include>
			<include condition="String.IsEqual(Skin.String(UserMovieWidget4_layout),HomeWideWidget)" content="HomeWideWidget">
				<param name="visible" value="Skin.HasSetting(UserMovieWidget4)"/>
				<param name="id" value="215"/>
				<param name="onup" value="214"/>
				<param name="ondown" value="216"/>
				<param name="headline" value="$INFO[Skin.String(UserMovieWidget4_name)]"/>
				<param name="widget_target" value="$INFO[Skin.String(UserMovieWidget4_target)]"/>
				<param name="content" value="$VAR[UserMovieWidget4_content]"/>
			</include>
			<include condition="String.IsEqual(Skin.String(UserMovieWidget4_layout),HomeSquareWidget)" content="HomeSquareWidget">
				<param name="visible" value="Skin.HasSetting(UserMovieWidget4)"/>
				<param name="id" value="215"/>
				<param name="onup" value="214"/>
				<param name="ondown" value="216"/>
				<param name="headline" value="$INFO[Skin.String(UserMovieWidget4_name)]"/>
				<param name="widget_target" value="$INFO[Skin.String(UserMovieWidget4_target)]"/>
				<param name="content" value="$VAR[UserMovieWidget4_content]"/>
			</include>
			<!-- User Widget 5 -->
			<include condition="String.IsEqual(Skin.String(UserMovieWidget5_layout),HomePosterWidget) | String.IsEmpty(Skin.String(UserMovieWidget5_layout))" content="HomePosterWidget">
				<param name="visible" value="Skin.HasSetting(UserMovieWidget5)"/>
				<param name="id" value="216"/>
				<param name="onup" value="215"/>
				<param name="ondown" value="217"/>
				<param name="headline" value="$INFO[Skin.String(UserMovieWidget5_name)]"/>
				<param name="widget_target" value="$INFO[Skin.String(UserMovieWidget5_target)]"/>
				<param name="content" value="$VAR[UserMovieWidget5_content]"/>
			</include>
			<include condition="String.IsEqual(Skin.String(UserMovieWidget5_layout),HomeWideWidget)" content="HomeWideWidget">
				<param name="visible" value="Skin.HasSetting(UserMovieWidget5)"/>
				<param name="id" value="216"/>
				<param name="onup" value="215"/>
				<param name="ondown" value="217"/>
				<param name="headline" value="$INFO[Skin.String(UserMovieWidget5_name)]"/>
				<param name="widget_target" value="$INFO[Skin.String(UserMovieWidget5_target)]"/>
				<param name="content" value="$VAR[UserMovieWidget5_content]"/>
			</include>
			<include condition="String.IsEqual(Skin.String(UserMovieWidget5_layout),HomeSquareWidget)" content="HomeSquareWidget">
				<param name="visible" value="Skin.HasSetting(UserMovieWidget5)"/>
				<param name="id" value="216"/>
				<param name="onup" value="215"/>
				<param name="ondown" value="217"/>
				<param name="headline" value="$INFO[Skin.String(UserMovieWidget5_name)]"/>
				<param name="widget_target" value="$INFO[Skin.String(UserMovieWidget5_target)]"/>
				<param name="content" value="$VAR[UserMovieWidget5_content]"/>
			</include>
			<!-- User Widget 6 -->
			<include condition="String.IsEqual(Skin.String(UserMovieWidget6_layout),HomePosterWidget) | String.IsEmpty(Skin.String(UserMovieWidget6_layout))" content="HomePosterWidget">
				<param name="visible" value="Skin.HasSetting(UserMovieWidget6)"/>
				<param name="id" value="217"/>
				<param name="onup" value="216"/>
				<param name="ondown" value="SetProperty(BounceDown,1,home)"/>
				<param name="headline" value="$INFO[Skin.String(UserMovieWidget6_name)]"/>
				<param name="widget_target" value="$INFO[Skin.String(UserMovieWidget6_target)]"/>
				<param name="content" value="$VAR[UserMovieWidget6_content]"/>
			</include>
			<include condition="String.IsEqual(Skin.String(UserMovieWidget6_layout),HomeWideWidget)" content="HomeWideWidget">
				<param name="visible" value="Skin.HasSetting(UserMovieWidget6)"/>
				<param name="id" value="217"/>
				<param name="onup" value="216"/>
				<param name="ondown" value="SetProperty(BounceDown,1,home)"/>
				<param name="headline" value="$INFO[Skin.String(UserMovieWidget6_name)]"/>
				<param name="widget_target" value="$INFO[Skin.String(UserMovieWidget6_target)]"/>
				<param name="content" value="$VAR[UserMovieWidget6_content]"/>
			</include>
			<include condition="String.IsEqual(Skin.String(UserMovieWidget6_layout),HomeSquareWidget)" content="HomeSquareWidget">
				<param name="visible" value="Skin.HasSetting(UserMovieWidget6)"/>
				<param name="id" value="217"/>
				<param name="onup" value="216"/>
				<param name="ondown" value="SetProperty(BounceDown,1,home)"/>
				<param name="headline" value="$INFO[Skin.String(UserMovieWidget6_name)]"/>
				<param name="widget_target" value="$INFO[Skin.String(UserMovieWidget6_target)]"/>
				<param name="content" value="$VAR[UserMovieWidget6_content]"/>
			</include>

		</control>
		<!-- scrollbar -->
		<include content="ScrollbarVertical">
			<param name="visible" value="!Skin.HasSetting(HideScrollbars)"/>
		</include>
		<!-- header bar -->
		<include content="HeaderBar">
			<param name="id">10</param>
		</include>
		<!-- side panel -->
		<include content="SidePanel"/>
	</controls>
</window>
